datetime,value
2024-05-15 19:45:00,156.0
2024-05-15 20:00:00,156.0
2024-05-15 20:15:00,157.0
2024-05-15 20:30:00,154.0
2024-05-15 20:45:00,151.0
2024-05-15 21:00:00,157.0
2024-05-15 21:15:00,155.0
2024-05-15 21:30:00,149.0
2024-05-15 21:45:00,153.0
2024-05-15 22:00:00,144.0
2024-05-15 22:15:00,137.0
2024-05-15 22:30:00,146.0
2024-05-15 22:45:00,143.0
2024-05-15 23:00:00,144.0
2024-05-15 23:15:00,141.0
2024-05-15 23:30:00,141.0
2024-05-15 23:45:00,137.0
2024-05-16 00:00:00,137.0
2024-05-16 00:15:00,130.0
2024-05-16 00:30:00,174.4036769734278
2024-05-16 00:45:00,167.4036769734278
2024-05-16 01:00:00,171.4036769734278
2024-05-16 01:15:00,132.0
2024-05-16 01:30:00,128.0
2024-05-16 01:45:00,133.0
2024-05-16 02:00:00,125.0
2024-05-16 02:15:00,129.0
2024-05-16 02:30:00,128.0
2024-05-16 02:45:00,126.0
2024-05-16 03:00:00,134.0
2024-05-16 03:15:00,125.0
2024-05-16 03:30:00,123.0
2024-05-16 03:45:00,125.0
2024-05-16 04:00:00,125.0
2024-05-16 04:15:00,122.0
2024-05-16 04:30:00,123.0
2024-05-16 04:45:00,120.0
2024-05-16 05:00:00,123.0
2024-05-16 05:15:00,120.0
2024-05-16 05:30:00,121.0
2024-05-16 05:45:00,120.0
2024-05-16 06:00:00,
2024-05-16 06:15:00,
2024-05-16 06:30:00,
2024-05-16 06:45:00,
2024-05-16 07:00:00,
2024-05-16 07:15:00,
2024-05-16 07:30:00,
2024-05-16 07:45:00,
2024-05-16 08:00:00,
2024-05-16 08:15:00,
2024-05-16 08:30:00,
2024-05-16 08:45:00,
2024-05-16 09:00:00,
2024-05-16 09:15:00,
2024-05-16 09:30:00,
2024-05-16 09:45:00,
2024-05-16 10:00:00,105.0
2024-05-16 10:15:00,113.0
2024-05-16 10:30:00,108.0
2024-05-16 10:45:00,106.0
2024-05-16 11:00:00,107.0
2024-05-16 11:15:00,110.0
2024-05-16 11:30:00,109.0
2024-05-16 11:45:00,107.0
2024-05-16 12:00:00,
2024-05-16 12:15:00,
2024-05-16 12:30:00,
2024-05-16 12:45:00,
2024-05-16 13:00:00,
2024-05-16 13:15:00,104.0
2024-05-16 13:30:00,102.0
2024-05-16 13:45:00,101.0
2024-05-16 14:00:00,100.0
2024-05-16 14:15:00,105.0
2024-05-16 14:30:00,99.4
2024-05-16 14:45:00,97.3
2024-05-16 15:00:00,96.3
2024-05-16 15:15:00,99.8
2024-05-16 15:30:00,99.3
2024-05-16 15:45:00,106.0
2024-05-16 16:00:00,98.5
2024-05-16 16:15:00,99.2
2024-05-16 16:30:00,102.0
2024-05-16 16:45:00,
2024-05-16 17:00:00,
2024-05-16 17:15:00,
2024-05-16 17:30:00,
2024-05-16 17:45:00,
2024-05-16 18:00:00,
2024-05-16 18:15:00,
2024-05-16 18:30:00,
2024-05-16 18:45:00,
2024-05-16 19:00:00,
2024-05-16 19:15:00,
2024-05-16 19:30:00,
2024-05-16 19:45:00,
2024-05-16 20:00:00,
2024-05-16 20:15:00,
2024-05-16 20:30:00,92.4
2024-05-16 20:45:00,89.1
2024-05-16 21:00:00,88.4
2024-05-16 21:15:00,88.4
2024-05-16 21:30:00,88.7
2024-05-16 21:45:00,86.6
2024-05-16 22:00:00,86.6
2024-05-16 22:15:00,90.6
2024-05-16 22:30:00,89.6
2024-05-16 22:45:00,88.5
2024-05-16 23:00:00,84.5
2024-05-16 23:15:00,87.3
2024-05-16 23:30:00,86.5
2024-05-16 23:45:00,85.2
2024-05-17 00:00:00,
2024-05-17 00:15:00,
2024-05-17 00:30:00,
2024-05-17 00:45:00,
2024-05-17 01:00:00,
2024-05-17 01:15:00,
2024-05-17 01:30:00,
2024-05-17 01:45:00,
2024-05-17 02:00:00,
2024-05-17 02:15:00,
2024-05-17 02:30:00,
2024-05-17 02:45:00,
2024-05-17 03:00:00,
2024-05-17 03:15:00,
2024-05-17 03:30:00,
2024-05-17 03:45:00,84.2
2024-05-17 04:00:00,
2024-05-17 04:15:00,83.3
2024-05-17 04:30:00,
2024-05-17 04:45:00,87.4
2024-05-17 05:00:00,79.6
2024-05-17 05:15:00,79.7
2024-05-17 05:30:00,84.4
2024-05-17 05:45:00,87.0
2024-05-17 06:00:00,82.0
2024-05-17 06:15:00,87.3
2024-05-17 06:30:00,73.9
2024-05-17 06:45:00,81.6
2024-05-17 07:00:00,87.7
2024-05-17 07:15:00,80.1
2024-05-17 07:30:00,80.6
2024-05-17 07:45:00,79.7
2024-05-17 08:00:00,84.5
2024-05-17 08:15:00,78.4
2024-05-17 08:30:00,77.2
2024-05-17 08:45:00,72.6
2024-05-17 09:00:00,58.97212853050568
2024-05-17 09:15:00,55.772128530505675
2024-05-17 09:30:00,72.4
2024-05-17 09:45:00,68.9
2024-05-17 10:00:00,75.6
2024-05-17 10:15:00,80.5
2024-05-17 10:30:00,76.0
2024-05-17 10:45:00,72.3
2024-05-17 11:00:00,72.1
2024-05-17 11:15:00,71.0
2024-05-17 11:30:00,72.1
2024-05-17 11:45:00,71.8
2024-05-17 12:00:00,72.6
2024-05-17 12:15:00,72.4
2024-05-17 12:30:00,71.7
2024-05-17 12:45:00,72.8
2024-05-17 13:00:00,75.1
2024-05-17 13:15:00,73.2
2024-05-17 13:30:00,72.3
2024-05-17 13:45:00,68.5
2024-05-17 14:00:00,74.8
2024-05-17 14:15:00,71.1
2024-05-17 14:30:00,71.9
2024-05-17 14:45:00,70.2
2024-05-17 15:00:00,67.1
2024-05-17 15:15:00,71.0
2024-05-17 15:30:00,71.2
2024-05-17 15:45:00,67.9
2024-05-17 16:00:00,66.2
2024-05-17 16:15:00,69.9
2024-05-17 16:30:00,74.8
2024-05-17 16:45:00,68.6
2024-05-17 17:00:00,72.9
2024-05-17 17:15:00,65.8
2024-05-17 17:30:00,69.2
2024-05-17 17:45:00,69.4
2024-05-17 18:00:00,62.6
2024-05-17 18:15:00,76.8
2024-05-17 18:30:00,70.2
2024-05-17 18:45:00,
2024-05-17 19:00:00,67.4
2024-05-17 19:15:00,66.8
2024-05-17 19:30:00,72.0
2024-05-17 19:45:00,67.7
2024-05-17 20:00:00,68.3
2024-05-17 20:15:00,65.8
2024-05-17 20:30:00,65.8
2024-05-17 20:45:00,66.2
2024-05-17 21:00:00,
2024-05-17 21:15:00,67.8
2024-05-17 21:30:00,67.0
2024-05-17 21:45:00,68.6
2024-05-17 22:00:00,69.6
2024-05-17 22:15:00,67.7
2024-05-17 22:30:00,65.8
2024-05-17 22:45:00,67.1
2024-05-17 23:00:00,68.7
2024-05-17 23:15:00,69.8
2024-05-17 23:30:00,70.3
2024-05-17 23:45:00,70.8
2024-05-18 00:00:00,89.49145883143143
2024-05-18 00:15:00,92.99145883143143
2024-05-18 00:30:00,87.39145883143142
2024-05-18 00:45:00,74.0
2024-05-18 01:00:00,76.6
2024-05-18 01:15:00,77.9
2024-05-18 01:30:00,75.5
2024-05-18 01:45:00,82.6
2024-05-18 02:00:00,75.7
2024-05-18 02:15:00,77.7
2024-05-18 02:30:00,87.7
2024-05-18 02:45:00,81.2
2024-05-18 03:00:00,77.6
2024-05-18 03:15:00,87.2
2024-05-18 03:30:00,80.8
2024-05-18 03:45:00,84.7
2024-05-18 04:00:00,82.2
2024-05-18 04:15:00,84.6
2024-05-18 04:30:00,84.9
2024-05-18 04:45:00,82.6
2024-05-18 05:00:00,85.6
2024-05-18 05:15:00,83.2
2024-05-18 05:30:00,83.9
2024-05-18 05:45:00,82.2
2024-05-18 06:00:00,140.68778670955334
2024-05-18 06:15:00,135.98778670955335
2024-05-18 06:30:00,137.48778670955335
2024-05-18 06:45:00,85.5
2024-05-18 07:00:00,83.4
2024-05-18 07:15:00,83.2
2024-05-18 07:30:00,83.5
2024-05-18 07:45:00,80.1
2024-05-18 08:00:00,82.4
2024-05-18 08:15:00,81.1
2024-05-18 08:30:00,82.4
2024-05-18 08:45:00,79.4
2024-05-18 09:00:00,73.8
2024-05-18 09:15:00,84.3
2024-05-18 09:30:00,81.6
2024-05-18 09:45:00,74.3
2024-05-18 10:00:00,74.9
2024-05-18 10:15:00,75.2
2024-05-18 10:30:00,75.5
2024-05-18 10:45:00,73.5
2024-05-18 11:00:00,70.9
2024-05-18 11:15:00,73.3
2024-05-18 11:30:00,75.3
2024-05-18 11:45:00,71.2
2024-05-18 12:00:00,70.7
2024-05-18 12:15:00,67.2
2024-05-18 12:30:00,69.8
2024-05-18 12:45:00,75.0
2024-05-18 13:00:00,68.6
2024-05-18 13:15:00,69.0
2024-05-18 13:30:00,65.3
2024-05-18 13:45:00,69.4
2024-05-18 14:00:00,70.1
2024-05-18 14:15:00,69.8
2024-05-18 14:30:00,
2024-05-18 14:45:00,
2024-05-18 15:00:00,
2024-05-18 15:15:00,
2024-05-18 15:30:00,
2024-05-18 15:45:00,67.9
2024-05-18 16:00:00,68.5
2024-05-18 16:15:00,62.1
2024-05-18 16:30:00,
2024-05-18 16:45:00,
2024-05-18 17:00:00,48.343024613628955
2024-05-18 17:15:00,60.7
2024-05-18 17:30:00,63.4
2024-05-18 17:45:00,64.1
2024-05-18 18:00:00,64.4
2024-05-18 18:15:00,61.6
2024-05-18 18:30:00,61.3
2024-05-18 18:45:00,59.0
2024-05-18 19:00:00,64.0
2024-05-18 19:15:00,62.4
2024-05-18 19:30:00,61.1
2024-05-18 19:45:00,59.9
2024-05-18 20:00:00,76.1588248399052
2024-05-18 20:15:00,78.05882483990518
2024-05-18 20:30:00,60.5
2024-05-18 20:45:00,58.3
2024-05-18 21:00:00,60.0
2024-05-18 21:15:00,61.7
2024-05-18 21:30:00,58.6
2024-05-18 21:45:00,59.3
2024-05-18 22:00:00,59.3
2024-05-18 22:15:00,61.2
2024-05-18 22:30:00,60.6
2024-05-18 22:45:00,61.5
2024-05-18 23:00:00,54.5
2024-05-18 23:15:00,60.2
2024-05-18 23:30:00,58.1
2024-05-18 23:45:00,59.1
2024-05-19 00:00:00,60.2
2024-05-19 00:15:00,53.9
2024-05-19 00:30:00,78.59142900784315
2024-05-19 00:45:00,78.59142900784315
2024-05-19 01:00:00,77.29142900784315
2024-05-19 01:15:00,57.4
2024-05-19 01:30:00,62.5
2024-05-19 01:45:00,54.5
2024-05-19 02:00:00,56.8
2024-05-19 02:15:00,64.2
2024-05-19 02:30:00,59.8
2024-05-19 02:45:00,56.5
2024-05-19 03:00:00,59.5
2024-05-19 03:15:00,59.5
2024-05-19 03:30:00,55.7
2024-05-19 03:45:00,60.1
2024-05-19 04:00:00,55.4
2024-05-19 04:15:00,56.0
2024-05-19 04:30:00,50.7
2024-05-19 04:45:00,55.7
2024-05-19 05:00:00,53.8
2024-05-19 05:15:00,59.713437718094845
2024-05-19 05:30:00,56.6
2024-05-19 05:45:00,55.6
2024-05-19 06:00:00,54.3
2024-05-19 06:15:00,56.2
2024-05-19 06:30:00,75.46621466933236
2024-05-19 06:45:00,55.3
2024-05-19 07:00:00,60.8
2024-05-19 07:15:00,52.6
2024-05-19 07:30:00,56.7
2024-05-19 07:45:00,53.2
2024-05-19 08:00:00,55.2
2024-05-19 08:15:00,54.1
2024-05-19 08:30:00,54.2
2024-05-19 08:45:00,53.7
2024-05-19 09:00:00,53.2
2024-05-19 09:15:00,52.9
2024-05-19 09:30:00,53.7
2024-05-19 09:45:00,61.9
2024-05-19 10:00:00,53.7
2024-05-19 10:15:00,53.4
2024-05-19 10:30:00,53.7
2024-05-19 10:45:00,54.2
2024-05-19 11:00:00,53.5
2024-05-19 11:15:00,48.6
2024-05-19 11:30:00,56.9
2024-05-19 11:45:00,54.0
2024-05-19 12:00:00,54.6
2024-05-19 12:15:00,52.5
2024-05-19 12:30:00,52.6
2024-05-19 12:45:00,51.2
2024-05-19 13:00:00,50.6
2024-05-19 13:15:00,53.3
2024-05-19 13:30:00,
2024-05-19 13:45:00,
2024-05-19 14:00:00,
2024-05-19 14:15:00,
2024-05-19 14:30:00,
2024-05-19 14:45:00,
2024-05-19 15:00:00,
2024-05-19 15:15:00,
2024-05-19 15:30:00,
2024-05-19 15:45:00,
2024-05-19 16:00:00,
2024-05-19 16:15:00,
2024-05-19 16:30:00,
2024-05-19 16:45:00,
2024-05-19 17:00:00,
2024-05-19 17:15:00,54.4
2024-05-19 17:30:00,50.7
2024-05-19 17:45:00,57.3
2024-05-19 18:00:00,52.9
2024-05-19 18:15:00,51.2
2024-05-19 18:30:00,48.9
2024-05-19 18:45:00,52.1
2024-05-19 19:00:00,52.3
2024-05-19 19:15:00,51.7
2024-05-19 19:30:00,48.4
2024-05-19 19:45:00,50.8
2024-05-19 20:00:00,55.2
2024-05-19 20:15:00,50.8
2024-05-19 20:30:00,53.0
2024-05-19 20:45:00,54.5
2024-05-19 21:00:00,51.6
2024-05-19 21:15:00,52.2
2024-05-19 21:30:00,51.7
2024-05-19 21:45:00,51.7
2024-05-19 22:00:00,51.8
2024-05-19 22:15:00,55.3
2024-05-19 22:30:00,50.8
2024-05-19 22:45:00,46.1
2024-05-19 23:00:00,50.4
2024-05-19 23:15:00,50.9
2024-05-19 23:30:00,50.9
2024-05-19 23:45:00,52.6
2024-05-20 00:00:00,49.2
2024-05-20 00:15:00,50.3
2024-05-20 00:30:00,49.8
2024-05-20 00:45:00,49.7
2024-05-20 01:00:00,52.2
2024-05-20 01:15:00,52.8
2024-05-20 01:30:00,50.9
2024-05-20 01:45:00,52.0
2024-05-20 02:00:00,51.2
2024-05-20 02:15:00,49.4
2024-05-20 02:30:00,81.14367135635936
2024-05-20 02:45:00,48.6
2024-05-20 03:00:00,49.6
2024-05-20 03:15:00,48.8
2024-05-20 03:30:00,49.5
2024-05-20 03:45:00,50.4
2024-05-20 04:00:00,49.6
2024-05-20 04:15:00,35.832705809650946
2024-05-20 04:30:00,48.6
2024-05-20 04:45:00,
2024-05-20 05:00:00,
2024-05-20 05:15:00,56.9
2024-05-20 05:30:00,53.4
2024-05-20 05:45:00,51.1
2024-05-20 06:00:00,46.5
2024-05-20 06:15:00,50.2
2024-05-20 06:30:00,49.5
2024-05-20 06:45:00,48.8
2024-05-20 07:00:00,46.9
2024-05-20 07:15:00,47.7
2024-05-20 07:30:00,49.0
2024-05-20 07:45:00,48.0
2024-05-20 08:00:00,
2024-05-20 08:15:00,
2024-05-20 08:30:00,
2024-05-20 08:45:00,
2024-05-20 09:00:00,
2024-05-20 09:15:00,
2024-05-20 09:30:00,
2024-05-20 09:45:00,
2024-05-20 10:00:00,
2024-05-20 10:15:00,
2024-05-20 10:30:00,
2024-05-20 10:45:00,
2024-05-20 11:00:00,
2024-05-20 11:15:00,
2024-05-20 11:30:00,
2024-05-20 11:45:00,
2024-05-20 12:00:00,
2024-05-20 12:15:00,
2024-05-20 12:30:00,
2024-05-20 12:45:00,45.7
2024-05-20 13:00:00,45.9
2024-05-20 13:15:00,49.6
2024-05-20 13:30:00,53.8
2024-05-20 13:45:00,55.02830321551896
2024-05-20 14:00:00,56.62830321551896
2024-05-20 14:15:00,48.3
2024-05-20 14:30:00,47.7
2024-05-20 14:45:00,45.7
2024-05-20 15:00:00,48.0
2024-05-20 15:15:00,45.4
2024-05-20 15:30:00,45.1
2024-05-20 15:45:00,41.9
2024-05-20 16:00:00,48.0
2024-05-20 16:15:00,42.7
2024-05-20 16:30:00,45.6
2024-05-20 16:45:00,47.9
2024-05-20 17:00:00,45.5
2024-05-20 17:15:00,45.3
2024-05-20 17:30:00,45.5
2024-05-20 17:45:00,48.0
2024-05-20 18:00:00,46.2
2024-05-20 18:15:00,45.3
2024-05-20 18:30:00,49.0
2024-05-20 18:45:00,45.8
2024-05-20 19:00:00,41.9
2024-05-20 19:15:00,44.6
2024-05-20 19:30:00,47.3
2024-05-20 19:45:00,42.6
2024-05-20 20:00:00,46.2
2024-05-20 20:15:00,44.6
2024-05-20 20:30:00,45.3
2024-05-20 20:45:00,81.16654574642897
2024-05-20 21:00:00,80.66654574642897
2024-05-20 21:15:00,81.66654574642897
2024-05-20 21:30:00,46.9
2024-05-20 21:45:00,46.4
2024-05-20 22:00:00,44.3
2024-05-20 22:15:00,45.2
2024-05-20 22:30:00,45.4
2024-05-20 22:45:00,46.3
2024-05-20 23:00:00,47.4
2024-05-20 23:15:00,45.6
2024-05-20 23:30:00,45.5
2024-05-20 23:45:00,
2024-05-21 00:00:00,
2024-05-21 00:15:00,
2024-05-21 00:30:00,
2024-05-21 00:45:00,
2024-05-21 01:00:00,
2024-05-21 01:15:00,
2024-05-21 01:30:00,
2024-05-21 01:45:00,
2024-05-21 02:00:00,
2024-05-21 02:15:00,
2024-05-21 02:30:00,46.2
2024-05-21 02:45:00,46.3
2024-05-21 03:00:00,46.4
2024-05-21 03:15:00,48.1
2024-05-21 03:30:00,46.1
2024-05-21 03:45:00,47.0
2024-05-21 04:00:00,53.1
2024-05-21 04:15:00,56.6
2024-05-21 04:30:00,49.2
2024-05-21 04:45:00,49.6
2024-05-21 05:00:00,53.7
2024-05-21 05:15:00,47.3
2024-05-21 05:30:00,48.3
2024-05-21 05:45:00,47.6
2024-05-21 06:00:00,50.5
2024-05-21 06:15:00,48.1
2024-05-21 06:30:00,49.0
2024-05-21 06:45:00,48.4
2024-05-21 07:00:00,
2024-05-21 07:15:00,
2024-05-21 07:30:00,
2024-05-21 07:45:00,
2024-05-21 08:00:00,
2024-05-21 08:15:00,
2024-05-21 08:30:00,48.6
2024-05-21 08:45:00,49.1
2024-05-21 09:00:00,49.8
2024-05-21 09:15:00,50.5
2024-05-21 09:30:00,48.4
2024-05-21 09:45:00,51.7
2024-05-21 10:00:00,49.2
2024-05-21 10:15:00,51.8
2024-05-21 10:30:00,51.9
2024-05-21 10:45:00,53.7
2024-05-21 11:00:00,53.8
2024-05-21 11:15:00,53.3
2024-05-21 11:30:00,57.0
2024-05-21 11:45:00,56.8
2024-05-21 12:00:00,57.6
2024-05-21 12:15:00,58.9
2024-05-21 12:30:00,61.2
2024-05-21 12:45:00,61.2
2024-05-21 13:00:00,61.2
2024-05-21 13:15:00,61.2
2024-05-21 13:30:00,61.2
2024-05-21 13:45:00,61.2
2024-05-21 14:00:00,61.2
2024-05-21 14:15:00,61.2
2024-05-21 14:30:00,61.2
2024-05-21 14:45:00,61.2
2024-05-21 15:00:00,61.2
2024-05-21 15:15:00,61.2
2024-05-21 15:30:00,61.2
2024-05-21 15:45:00,61.2
2024-05-21 16:00:00,61.2
2024-05-21 16:15:00,61.2
2024-05-21 16:30:00,61.2
2024-05-21 16:45:00,61.2
2024-05-21 17:00:00,61.2
2024-05-21 17:15:00,61.2
2024-05-21 17:30:00,61.2
2024-05-21 17:45:00,61.2
2024-05-21 18:00:00,61.2
2024-05-21 18:15:00,61.2
2024-05-21 18:30:00,61.2
2024-05-21 18:45:00,61.2
2024-05-21 19:00:00,61.2
2024-05-21 19:15:00,61.2
2024-05-21 19:30:00,61.2
2024-05-21 19:45:00,70.7
2024-05-21 20:00:00,75.7
2024-05-21 20:15:00,76.0
2024-05-21 20:30:00,76.0
2024-05-21 20:45:00,79.7
2024-05-21 21:00:00,77.7
2024-05-21 21:15:00,79.6
2024-05-21 21:30:00,84.4
2024-05-21 21:45:00,81.5
2024-05-21 22:00:00,89.0
2024-05-21 22:15:00,85.4
2024-05-21 22:30:00,86.8
2024-05-21 22:45:00,38.94384862548202
2024-05-21 23:00:00,41.843848625482025
2024-05-21 23:15:00,45.14384862548202
2024-05-21 23:30:00,45.243848625482016
2024-05-21 23:45:00,49.44384862548202
2024-05-22 00:00:00,47.04384862548201
2024-05-22 00:15:00,47.243848625482016
2024-05-22 00:30:00,47.743848625482016
2024-05-22 00:45:00,43.54384862548201
2024-05-22 01:00:00,42.44384862548202
2024-05-22 01:15:00,45.743848625482016
2024-05-22 01:30:00,45.14384862548202
2024-05-22 01:45:00,47.343848625482025
2024-05-22 02:00:00,45.94384862548202
2024-05-22 02:15:00,44.04384862548201
2024-05-22 02:30:00,44.64384862548202
2024-05-22 02:45:00,44.14384862548202
2024-05-22 03:00:00,44.743848625482016
2024-05-22 03:15:00,
2024-05-22 03:30:00,41.44384862548202
2024-05-22 03:45:00,
2024-05-22 04:00:00,39.64384862548202
2024-05-22 04:15:00,43.04384862548201
2024-05-22 04:30:00,40.94384862548202
2024-05-22 04:45:00,42.54384862548201
2024-05-22 05:00:00,47.04384862548201
2024-05-22 05:15:00,42.94384862548202
2024-05-22 05:30:00,43.743848625482016
2024-05-22 05:45:00,45.04384862548201
2024-05-22 06:00:00,44.54384862548201
2024-05-22 06:15:00,43.94384862548202
2024-05-22 06:30:00,45.843848625482025
2024-05-22 06:45:00,42.94384862548202
2024-05-22 07:00:00,43.243848625482016
2024-05-22 07:15:00,42.843848625482025
2024-05-22 07:30:00,38.64384862548202
2024-05-22 07:45:00,42.94384862548202
2024-05-22 08:00:00,45.44384862548202
2024-05-22 08:15:00,44.743848625482016
2024-05-22 08:30:00,
2024-05-22 08:45:00,42.94384862548202
2024-05-22 09:00:00,40.14384862548202
2024-05-22 09:15:00,45.243848625482016
2024-05-22 09:30:00,45.04384862548201
2024-05-22 09:45:00,42.243848625482016
2024-05-22 10:00:00,43.743848625482016
2024-05-22 10:15:00,44.54384862548201
2024-05-22 10:30:00,43.64384862548202
2024-05-22 10:45:00,41.343848625482025
2024-05-22 11:00:00,35.743848625482016
2024-05-22 11:15:00,39.44384862548202
2024-05-22 11:30:00,
2024-05-22 11:45:00,39.843848625482025
2024-05-22 12:00:00,
2024-05-22 12:15:00,41.64384862548202
2024-05-22 12:30:00,35.14384862548202
2024-05-22 12:45:00,38.64384862548202
2024-05-22 13:00:00,37.843848625482025
2024-05-22 13:15:00,31.143848625482022
2024-05-22 13:30:00,35.343848625482025
2024-05-22 13:45:00,35.64384862548202
2024-05-22 14:00:00,37.54384862548201
2024-05-22 14:15:00,32.743848625482016
2024-05-22 14:30:00,27.643848625482022
2024-05-22 14:45:00,34.44384862548202
2024-05-22 15:00:00,32.64384862548202
2024-05-22 15:15:00,30.543848625482013
2024-05-22 15:30:00,30.143848625482022
2024-05-22 15:45:00,36.54384862548201
2024-05-22 16:00:00,32.54384862548201
2024-05-22 16:15:00,36.243848625482016
2024-05-22 16:30:00,32.04384862548201
2024-05-22 16:45:00,31.343848625482025
2024-05-22 17:00:00,34.44384862548202
2024-05-22 17:15:00,30.94384862548202
2024-05-22 17:30:00,31.043848625482013
2024-05-22 17:45:00,37.14384862548202
2024-05-22 18:00:00,30.94384862548202
2024-05-22 18:15:00,37.94384862548202
2024-05-22 18:30:00,35.743848625482016
2024-05-22 18:45:00,36.14384862548202
2024-05-22 19:00:00,36.04384862548201
2024-05-22 19:15:00,37.94384862548202
2024-05-22 19:30:00,39.04384862548201
2024-05-22 19:45:00,34.44384862548202
2024-05-22 20:00:00,37.343848625482025
2024-05-22 20:15:00,35.14384862548202
2024-05-22 20:30:00,40.14384862548202
2024-05-22 20:45:00,41.64384862548202
2024-05-22 21:00:00,41.54384862548201
2024-05-22 21:15:00,39.64384862548202
2024-05-22 21:30:00,38.243848625482016
2024-05-22 21:45:00,39.243848625482016
2024-05-22 22:00:00,31.643848625482022
2024-05-22 22:15:00,
2024-05-22 22:30:00,35.14384862548202
2024-05-22 22:45:00,
2024-05-22 23:00:00,41.54384862548201
2024-05-22 23:15:00,32.54384862548201
2024-05-22 23:30:00,38.743848625482016
2024-05-22 23:45:00,40.14384862548202
2024-05-23 00:00:00,39.14384862548202
2024-05-23 00:15:00,36.64384862548202
2024-05-23 00:30:00,41.44384862548202
2024-05-23 00:45:00,
2024-05-23 01:00:00,39.743848625482016
2024-05-23 01:15:00,45.14384862548202
2024-05-23 01:30:00,40.743848625482016
2024-05-23 01:45:00,49.54384862548201
2024-05-23 02:00:00,46.04384862548201
2024-05-23 02:15:00,
2024-05-23 02:30:00,56.94384862548202
2024-05-23 02:45:00,56.94384862548202
2024-05-23 03:00:00,65.94384862548202
2024-05-23 03:15:00,71.94384862548202
2024-05-23 03:30:00,70.94384862548202
2024-05-23 03:45:00,87.94384862548202
2024-05-23 04:00:00,
2024-05-23 04:15:00,97.94384862548202
2024-05-23 04:30:00,109.94384862548202
2024-05-23 04:45:00,131.94384862548202
2024-05-23 05:00:00,128.94384862548202
2024-05-23 05:15:00,135.94384862548202
2024-05-23 05:30:00,141.94384862548202
2024-05-23 05:45:00,164.94384862548202
2024-05-23 06:00:00,171.94384862548202
2024-05-23 06:15:00,191.94384862548202
2024-05-23 06:30:00,192.94384862548202
2024-05-23 06:45:00,210.94384862548202
2024-05-23 07:00:00,225.94384862548202
2024-05-23 07:15:00,241.94384862548202
2024-05-23 07:30:00,270.943848625482
2024-05-23 07:45:00,261.943848625482
2024-05-23 08:00:00,275.943848625482
2024-05-23 08:15:00,310.943848625482
2024-05-23 08:30:00,308.943848625482
2024-05-23 08:45:00,326.943848625482
2024-05-23 09:00:00,333.943848625482
2024-05-23 09:15:00,337.943848625482
2024-05-23 09:30:00,367.943848625482
2024-05-23 09:45:00,380.943848625482
2024-05-23 10:00:00,401.943848625482
2024-05-23 10:15:00,410.943848625482
2024-05-23 10:30:00,424.943848625482
2024-05-23 10:45:00,437.943848625482
2024-05-23 11:00:00,448.943848625482
2024-05-23 11:15:00,470.943848625482
2024-05-23 11:30:00,482.943848625482
2024-05-23 11:45:00,490.943848625482
2024-05-23 12:00:00,492.943848625482
2024-05-23 12:15:00,501.943848625482
2024-05-23 12:30:00,514.943848625482
2024-05-23 12:45:00,523.943848625482
2024-05-23 13:00:00,543.943848625482
2024-05-23 13:15:00,548.943848625482
2024-05-23 13:30:00,547.943848625482
2024-05-23 13:45:00,556.943848625482
2024-05-23 14:00:00,566.943848625482
2024-05-23 14:15:00,555.943848625482
2024-05-23 14:30:00,579.943848625482
2024-05-23 14:45:00,613.943848625482
2024-05-23 15:00:00,601.943848625482
2024-05-23 15:15:00,629.943848625482
2024-05-23 15:30:00,607.943848625482
2024-05-23 15:45:00,615.943848625482
2024-05-23 16:00:00,622.943848625482
2024-05-23 16:15:00,627.943848625482
2024-05-23 16:30:00,622.943848625482
2024-05-23 16:45:00,630.943848625482
2024-05-23 17:00:00,642.943848625482
2024-05-23 17:15:00,654.943848625482
2024-05-23 17:30:00,640.943848625482
2024-05-23 17:45:00,661.943848625482
2024-05-23 18:00:00,660.943848625482
2024-05-23 18:15:00,662.943848625482
2024-05-23 18:30:00,663.943848625482
2024-05-23 18:45:00,668.943848625482
2024-05-23 19:00:00,673.943848625482
2024-05-23 19:15:00,680.943848625482
2024-05-23 19:30:00,685.943848625482
2024-05-23 19:45:00,697.943848625482
2024-05-23 20:00:00,697.943848625482
2024-05-23 20:15:00,704.943848625482
2024-05-23 20:30:00,704.943848625482
2024-05-23 20:45:00,716.943848625482
2024-05-23 21:00:00,745.943848625482
2024-05-23 21:15:00,753.943848625482
2024-05-23 21:30:00,754.943848625482
2024-05-23 21:45:00,735.943848625482
2024-05-23 22:00:00,770.943848625482
2024-05-23 22:15:00,768.943848625482
2024-05-23 22:30:00,766.943848625482
2024-05-23 22:45:00,778.943848625482
2024-05-23 23:00:00,777.943848625482
2024-05-23 23:15:00,788.943848625482
2024-05-23 23:30:00,791.943848625482
2024-05-23 23:45:00,789.943848625482
2024-05-24 00:00:00,808.943848625482
2024-05-24 00:15:00,806.943848625482
2024-05-24 00:30:00,792.943848625482
2024-05-24 00:45:00,802.943848625482
2024-05-24 01:00:00,805.943848625482
2024-05-24 01:15:00,804.943848625482
2024-05-24 01:30:00,815.943848625482
2024-05-24 01:45:00,814.943848625482
2024-05-24 02:00:00,810.943848625482
2024-05-24 02:15:00,812.943848625482
2024-05-24 02:30:00,802.943848625482
2024-05-24 02:45:00,794.943848625482
2024-05-24 03:00:00,816.943848625482
2024-05-24 03:15:00,802.943848625482
2024-05-24 03:30:00,800.943848625482
2024-05-24 03:45:00,807.943848625482
2024-05-24 04:00:00,795.943848625482
2024-05-24 04:15:00,796.943848625482
2024-05-24 04:30:00,785.943848625482
2024-05-24 04:45:00,779.943848625482
2024-05-24 05:00:00,784.943848625482
2024-05-24 05:15:00,771.943848625482
2024-05-24 05:30:00,786.943848625482
2024-05-24 05:45:00,767.943848625482
2024-05-24 06:00:00,753.943848625482
2024-05-24 06:15:00,761.943848625482
2024-05-24 06:30:00,766.943848625482
2024-05-24 06:45:00,754.943848625482
2024-05-24 07:00:00,741.943848625482
2024-05-24 07:15:00,731.943848625482
2024-05-24 07:30:00,741.943848625482
2024-05-24 07:45:00,736.943848625482
2024-05-24 08:00:00,718.943848625482
2024-05-24 08:15:00,731.943848625482
2024-05-24 08:30:00,716.943848625482
2024-05-24 08:45:00,719.943848625482
2024-05-24 09:00:00,703.943848625482
2024-05-24 09:15:00,697.943848625482
2024-05-24 09:30:00,710.943848625482
2024-05-24 09:45:00,690.943848625482
2024-05-24 10:00:00,686.943848625482
2024-05-24 10:15:00,682.943848625482
2024-05-24 10:30:00,672.943848625482
2024-05-24 10:45:00,647.943848625482
2024-05-24 11:00:00,678.943848625482
2024-05-24 11:15:00,649.943848625482
2024-05-24 11:30:00,626.943848625482
2024-05-24 11:45:00,624.943848625482
2024-05-24 12:00:00,629.943848625482
2024-05-24 12:15:00,626.943848625482
2024-05-24 12:30:00,633.943848625482
2024-05-24 12:45:00,619.943848625482
2024-05-24 13:00:00,621.943848625482
2024-05-24 13:15:00,611.943848625482
2024-05-24 13:30:00,616.943848625482
2024-05-24 13:45:00,607.943848625482
2024-05-24 14:00:00,610.943848625482
2024-05-24 14:15:00,600.943848625482
2024-05-24 14:30:00,605.943848625482
2024-05-24 14:45:00,591.943848625482
2024-05-24 15:00:00,584.943848625482
2024-05-24 15:15:00,597.943848625482
2024-05-24 15:30:00,595.943848625482
2024-05-24 15:45:00,571.943848625482
2024-05-24 16:00:00,
2024-05-24 16:15:00,567.943848625482
2024-05-24 16:30:00,549.943848625482
2024-05-24 16:45:00,555.943848625482
2024-05-24 17:00:00,542.943848625482
2024-05-24 17:15:00,538.943848625482
2024-05-24 17:30:00,542.943848625482
2024-05-24 17:45:00,526.943848625482
2024-05-24 18:00:00,
2024-05-24 18:15:00,531.943848625482
2024-05-24 18:30:00,524.943848625482
2024-05-24 18:45:00,523.943848625482
2024-05-24 19:00:00,516.943848625482
2024-05-24 19:15:00,509.943848625482
2024-05-24 19:30:00,508.943848625482
2024-05-24 19:45:00,501.943848625482
2024-05-24 20:00:00,504.943848625482
2024-05-24 20:15:00,496.943848625482
2024-05-24 20:30:00,495.943848625482
2024-05-24 20:45:00,554.0
2024-05-24 21:00:00,552.0
2024-05-24 21:15:00,534.0
2024-05-24 21:30:00,529.0
2024-05-24 21:45:00,
2024-05-24 22:00:00,
2024-05-24 22:15:00,
2024-05-24 22:30:00,
2024-05-24 22:45:00,
2024-05-24 23:00:00,
2024-05-24 23:15:00,
2024-05-24 23:30:00,
2024-05-24 23:45:00,
2024-05-25 00:00:00,
2024-05-25 00:15:00,
2024-05-25 00:30:00,
2024-05-25 00:45:00,
2024-05-25 01:00:00,
2024-05-25 01:15:00,487.0
2024-05-25 01:30:00,486.0
2024-05-25 01:45:00,481.0
2024-05-25 02:00:00,470.0
2024-05-25 02:15:00,475.0
2024-05-25 02:30:00,469.0
2024-05-25 02:45:00,478.0
2024-05-25 03:00:00,468.0
2024-05-25 03:15:00,464.0
2024-05-25 03:30:00,461.0
2024-05-25 03:45:00,458.0
2024-05-25 04:00:00,448.0
2024-05-25 04:15:00,463.0
2024-05-25 04:30:00,454.0
2024-05-25 04:45:00,444.0
2024-05-25 05:00:00,453.0
2024-05-25 05:15:00,436.0
2024-05-25 05:30:00,448.0
2024-05-25 05:45:00,446.0
2024-05-25 06:00:00,435.0
2024-05-25 06:15:00,434.0
2024-05-25 06:30:00,435.0
2024-05-25 06:45:00,432.0
2024-05-25 07:00:00,430.0
2024-05-25 07:15:00,421.0
2024-05-25 07:30:00,425.0
2024-05-25 07:45:00,412.0
2024-05-25 08:00:00,413.0
2024-05-25 08:15:00,409.0
2024-05-25 08:30:00,417.0
2024-05-25 08:45:00,411.0
2024-05-25 09:00:00,398.0
2024-05-25 09:15:00,404.0
2024-05-25 09:30:00,408.0
2024-05-25 09:45:00,394.0
2024-05-25 10:00:00,395.0
2024-05-25 10:15:00,414.0
2024-05-25 10:30:00,401.0
2024-05-25 10:45:00,390.0
2024-05-25 11:00:00,386.0
2024-05-25 11:15:00,383.0
2024-05-25 11:30:00,386.0
2024-05-25 11:45:00,386.0
2024-05-25 12:00:00,385.0
2024-05-25 12:15:00,380.0
2024-05-25 12:30:00,372.0
2024-05-25 12:45:00,373.0
2024-05-25 13:00:00,373.0
2024-05-25 13:15:00,371.0
2024-05-25 13:30:00,367.0
2024-05-25 13:45:00,366.0
2024-05-25 14:00:00,371.0
2024-05-25 14:15:00,371.0
2024-05-25 14:30:00,365.0
2024-05-25 14:45:00,366.0
2024-05-25 15:00:00,
2024-05-25 15:15:00,357.0
2024-05-25 15:30:00,
2024-05-25 15:45:00,
2024-05-25 16:00:00,
2024-05-25 16:15:00,
2024-05-25 16:30:00,
2024-05-25 16:45:00,
2024-05-25 17:00:00,
2024-05-25 17:15:00,
2024-05-25 17:30:00,
2024-05-25 17:45:00,
2024-05-25 18:00:00,
2024-05-25 18:15:00,
2024-05-25 18:30:00,
2024-05-25 18:45:00,
2024-05-25 19:00:00,
2024-05-25 19:15:00,
2024-05-25 19:30:00,
2024-05-25 19:45:00,
2024-05-25 20:00:00,
2024-05-25 20:15:00,347.0
2024-05-25 20:30:00,354.0
2024-05-25 20:45:00,366.0
2024-05-25 21:00:00,354.0
2024-05-25 21:15:00,346.0
2024-05-25 21:30:00,354.0
2024-05-25 21:45:00,340.0
2024-05-25 22:00:00,354.8561320133416
2024-05-25 22:15:00,354.8561320133416
2024-05-25 22:30:00,339.0
2024-05-25 22:45:00,337.0
2024-05-25 23:00:00,335.0
2024-05-25 23:15:00,345.0
2024-05-25 23:30:00,336.0
2024-05-25 23:45:00,336.0
2024-05-26 00:00:00,324.0
2024-05-26 00:15:00,329.0
2024-05-26 00:30:00,
2024-05-26 00:45:00,323.0
2024-05-26 01:00:00,324.0
2024-05-26 01:15:00,335.0
2024-05-26 01:30:00,327.0
2024-05-26 01:45:00,313.0
2024-05-26 02:00:00,329.0
2024-05-26 02:15:00,313.0
2024-05-26 02:30:00,318.0
2024-05-26 02:45:00,317.0
2024-05-26 03:00:00,315.0
2024-05-26 03:15:00,310.0
2024-05-26 03:30:00,301.0
2024-05-26 03:45:00,302.0
2024-05-26 04:00:00,291.0
2024-05-26 04:15:00,305.0
2024-05-26 04:30:00,301.0
2024-05-26 04:45:00,301.0
2024-05-26 05:00:00,293.0
2024-05-26 05:15:00,289.0
2024-05-26 05:30:00,292.0
2024-05-26 05:45:00,282.0
2024-05-26 06:00:00,285.0
2024-05-26 06:15:00,281.0
2024-05-26 06:30:00,277.0
2024-05-26 06:45:00,278.0
2024-05-26 07:00:00,280.0
2024-05-26 07:15:00,279.0
2024-05-26 07:30:00,282.0
2024-05-26 07:45:00,271.0
2024-05-26 08:00:00,277.0
2024-05-26 08:15:00,281.0
2024-05-26 08:30:00,258.0
2024-05-26 08:45:00,263.0
2024-05-26 09:00:00,267.0
2024-05-26 09:15:00,256.0
2024-05-26 09:30:00,263.0
2024-05-26 09:45:00,254.0
2024-05-26 10:00:00,261.0
2024-05-26 10:15:00,257.0
2024-05-26 10:30:00,251.0
2024-05-26 10:45:00,254.0
2024-05-26 11:00:00,
2024-05-26 11:15:00,
2024-05-26 11:30:00,
2024-05-26 11:45:00,
2024-05-26 12:00:00,
2024-05-26 12:15:00,245.0
2024-05-26 12:30:00,245.0
2024-05-26 12:45:00,248.0
2024-05-26 13:00:00,252.0
2024-05-26 13:15:00,235.0
2024-05-26 13:30:00,233.0
2024-05-26 13:45:00,237.0
2024-05-26 14:00:00,586.7234385972588
2024-05-26 14:15:00,583.7234385972588
2024-05-26 14:30:00,237.0
2024-05-26 14:45:00,236.0
2024-05-26 15:00:00,235.0
2024-05-26 15:15:00,241.0
2024-05-26 15:30:00,233.0
2024-05-26 15:45:00,236.0
2024-05-26 16:00:00,233.0
2024-05-26 16:15:00,246.0
2024-05-26 16:30:00,237.0
2024-05-26 16:45:00,231.0
2024-05-26 17:00:00,229.0
2024-05-26 17:15:00,228.0
2024-05-26 17:30:00,230.0
2024-05-26 17:45:00,239.0
2024-05-26 18:00:00,234.0
2024-05-26 18:15:00,231.0
2024-05-26 18:30:00,234.0
2024-05-26 18:45:00,450.5409656756087
2024-05-26 19:00:00,436.5409656756087
2024-05-26 19:15:00,244.0
2024-05-26 19:30:00,225.0
2024-05-26 19:45:00,225.0
2024-05-26 20:00:00,232.0
2024-05-26 20:15:00,228.0
2024-05-26 20:30:00,231.0
2024-05-26 20:45:00,225.0
2024-05-26 21:00:00,235.0
2024-05-26 21:15:00,228.0
2024-05-26 21:30:00,237.0
2024-05-26 21:45:00,230.0
2024-05-26 22:00:00,226.0
2024-05-26 22:15:00,225.0
2024-05-26 22:30:00,230.0
2024-05-26 22:45:00,222.0
2024-05-26 23:00:00,229.0
2024-05-26 23:15:00,227.0
2024-05-26 23:30:00,217.0
2024-05-26 23:45:00,227.0
2024-05-27 00:00:00,238.0
2024-05-27 00:15:00,225.0
2024-05-27 00:30:00,230.0
2024-05-27 00:45:00,229.0
2024-05-27 01:00:00,231.0
2024-05-27 01:15:00,228.0
2024-05-27 01:30:00,232.0
2024-05-27 01:45:00,225.0
2024-05-27 02:00:00,226.0
2024-05-27 02:15:00,225.0
2024-05-27 02:30:00,226.0
2024-05-27 02:45:00,226.0
2024-05-27 03:00:00,228.0
2024-05-27 03:15:00,222.0
2024-05-27 03:30:00,224.0
2024-05-27 03:45:00,229.0
2024-05-27 04:00:00,231.0
2024-05-27 04:15:00,226.0
2024-05-27 04:30:00,230.0
2024-05-27 04:45:00,225.0
2024-05-27 05:00:00,
2024-05-27 05:15:00,237.0
2024-05-27 05:30:00,234.0
2024-05-27 05:45:00,234.0
2024-05-27 06:00:00,238.0
2024-05-27 06:15:00,237.0
2024-05-27 06:30:00,244.0
2024-05-27 06:45:00,251.0
2024-05-27 07:00:00,262.0
2024-05-27 07:15:00,249.0
2024-05-27 07:30:00,262.0
2024-05-27 07:45:00,268.0
2024-05-27 08:00:00,271.0
2024-05-27 08:15:00,277.0
2024-05-27 08:30:00,281.0
2024-05-27 08:45:00,290.0
2024-05-27 09:00:00,299.0
2024-05-27 09:15:00,304.0
2024-05-27 09:30:00,331.0
2024-05-27 09:45:00,320.0
2024-05-27 10:00:00,
2024-05-27 10:15:00,314.0
2024-05-27 10:30:00,338.0
2024-05-27 10:45:00,330.0
2024-05-27 11:00:00,327.0
2024-05-27 11:15:00,
2024-05-27 11:30:00,
2024-05-27 11:45:00,
2024-05-27 12:00:00,
2024-05-27 12:15:00,
2024-05-27 12:30:00,
2024-05-27 12:45:00,
2024-05-27 13:00:00,
2024-05-27 13:15:00,
2024-05-27 13:30:00,
2024-05-27 13:45:00,
2024-05-27 14:00:00,
2024-05-27 14:15:00,
2024-05-27 14:30:00,
2024-05-27 14:45:00,
2024-05-27 15:00:00,
2024-05-27 15:15:00,
2024-05-27 15:30:00,
2024-05-27 15:45:00,
2024-05-27 16:00:00,295.0
2024-05-27 16:15:00,292.0
2024-05-27 16:30:00,295.0
2024-05-27 16:45:00,293.0
2024-05-27 17:00:00,289.0
2024-05-27 17:15:00,295.0
2024-05-27 17:30:00,286.0
2024-05-27 17:45:00,275.0
2024-05-27 18:00:00,287.0
2024-05-27 18:15:00,289.0
2024-05-27 18:30:00,287.0
2024-05-27 18:45:00,286.0
2024-05-27 19:00:00,288.0
2024-05-27 19:15:00,278.0
2024-05-27 19:30:00,282.0
2024-05-27 19:45:00,292.0
2024-05-27 20:00:00,283.0
2024-05-27 20:15:00,279.0
2024-05-27 20:30:00,281.0
2024-05-27 20:45:00,278.0
2024-05-27 21:00:00,280.0
2024-05-27 21:15:00,283.0
2024-05-27 21:30:00,276.0
2024-05-27 21:45:00,278.0
2024-05-27 22:00:00,263.0
2024-05-27 22:15:00,261.0
2024-05-27 22:30:00,
2024-05-27 22:45:00,261.0
2024-05-27 23:00:00,262.0
2024-05-27 23:15:00,259.0
2024-05-27 23:30:00,271.0
2024-05-27 23:45:00,249.0
2024-05-28 00:00:00,254.0
2024-05-28 00:15:00,254.0
2024-05-28 00:30:00,255.0
2024-05-28 00:45:00,256.0
2024-05-28 01:00:00,
2024-05-28 01:15:00,
2024-05-28 01:30:00,
2024-05-28 01:45:00,
2024-05-28 02:00:00,
2024-05-28 02:15:00,
2024-05-28 02:30:00,
2024-05-28 02:45:00,
2024-05-28 03:00:00,
2024-05-28 03:15:00,
2024-05-28 03:30:00,
2024-05-28 03:45:00,
2024-05-28 04:00:00,
2024-05-28 04:15:00,
2024-05-28 04:30:00,
2024-05-28 04:45:00,
2024-05-28 05:00:00,
2024-05-28 05:15:00,
2024-05-28 05:30:00,
2024-05-28 05:45:00,
2024-05-28 06:00:00,212.0
2024-05-28 06:15:00,214.0
2024-05-28 06:30:00,205.0
2024-05-28 06:45:00,208.0
2024-05-28 07:00:00,200.0
2024-05-28 07:15:00,200.0
2024-05-28 07:30:00,199.0
2024-05-28 07:45:00,201.0
2024-05-28 08:00:00,195.0
2024-05-28 08:15:00,191.0
2024-05-28 08:30:00,184.0
2024-05-28 08:45:00,183.0
2024-05-28 09:00:00,185.0
2024-05-28 09:15:00,186.0
2024-05-28 09:30:00,185.0
2024-05-28 09:45:00,179.0
2024-05-28 10:00:00,175.0
2024-05-28 10:15:00,175.0
2024-05-28 10:30:00,173.0
2024-05-28 10:45:00,170.0
2024-05-28 11:00:00,171.0
2024-05-28 11:15:00,172.0
2024-05-28 11:30:00,173.0
2024-05-28 11:45:00,173.0
2024-05-28 12:00:00,173.0
2024-05-28 12:15:00,173.0
2024-05-28 12:30:00,173.0
2024-05-28 12:45:00,173.0
2024-05-28 13:00:00,173.0
2024-05-28 13:15:00,173.0
2024-05-28 13:30:00,173.0
2024-05-28 13:45:00,173.0
2024-05-28 14:00:00,173.0
2024-05-28 14:15:00,173.0
2024-05-28 14:30:00,
2024-05-28 14:45:00,173.0
2024-05-28 15:00:00,173.0
2024-05-28 15:15:00,173.0
2024-05-28 15:30:00,173.0
2024-05-28 15:45:00,173.0
2024-05-28 16:00:00,173.0
2024-05-28 16:15:00,173.0
2024-05-28 16:30:00,173.0
2024-05-28 16:45:00,173.0
2024-05-28 17:00:00,173.0
2024-05-28 17:15:00,173.0
2024-05-28 17:30:00,152.0
2024-05-28 17:45:00,148.0
2024-05-28 18:00:00,153.0
2024-05-28 18:15:00,152.0
2024-05-28 18:30:00,147.0
2024-05-28 18:45:00,150.0
2024-05-28 19:00:00,148.0
2024-05-28 19:15:00,
2024-05-28 19:30:00,144.0
2024-05-28 19:45:00,138.0
2024-05-28 20:00:00,145.0
2024-05-28 20:15:00,144.0
2024-05-28 20:30:00,142.0
2024-05-28 20:45:00,137.0
2024-05-28 21:00:00,149.0
2024-05-28 21:15:00,143.0
2024-05-28 21:30:00,140.0
2024-05-28 21:45:00,143.0
2024-05-28 22:00:00,146.0
2024-05-28 22:15:00,140.0
2024-05-28 22:30:00,140.0
2024-05-28 22:45:00,140.0
2024-05-28 23:00:00,133.0
2024-05-28 23:15:00,139.0
2024-05-28 23:30:00,144.0
2024-05-28 23:45:00,140.0
2024-05-29 00:00:00,142.0
2024-05-29 00:15:00,
2024-05-29 00:30:00,138.0
2024-05-29 00:45:00,144.0
2024-05-29 01:00:00,143.0
2024-05-29 01:15:00,139.0
2024-05-29 01:30:00,137.0
2024-05-29 01:45:00,142.0
2024-05-29 02:00:00,136.0
2024-05-29 02:15:00,144.0
2024-05-29 02:30:00,144.0
2024-05-29 02:45:00,148.0
2024-05-29 03:00:00,146.0
2024-05-29 03:15:00,144.0
2024-05-29 03:30:00,145.0
2024-05-29 03:45:00,149.0
2024-05-29 04:00:00,142.0
2024-05-29 04:15:00,145.0
2024-05-29 04:30:00,
2024-05-29 04:45:00,146.0
2024-05-29 05:00:00,145.0
2024-05-29 05:15:00,150.0
2024-05-29 05:30:00,153.0
2024-05-29 05:45:00,146.0
2024-05-29 06:00:00,149.0
2024-05-29 06:15:00,150.0
2024-05-29 06:30:00,146.0
2024-05-29 06:45:00,151.0
2024-05-29 07:00:00,147.0
2024-05-29 07:15:00,156.0
2024-05-29 07:30:00,148.0
2024-05-29 07:45:00,157.0
2024-05-29 08:00:00,149.0
2024-05-29 08:15:00,151.0
2024-05-29 08:30:00,149.0
2024-05-29 08:45:00,154.0
2024-05-29 09:00:00,157.0
2024-05-29 09:15:00,156.0
2024-05-29 09:30:00,159.0
2024-05-29 09:45:00,157.0
2024-05-29 10:00:00,157.0
2024-05-29 10:15:00,157.0
2024-05-29 10:30:00,157.0
2024-05-29 10:45:00,157.0
2024-05-29 11:00:00,162.0
2024-05-29 11:15:00,158.0
2024-05-29 11:30:00,163.0
2024-05-29 11:45:00,164.0
2024-05-29 12:00:00,165.0
2024-05-29 12:15:00,168.0
2024-05-29 12:30:00,169.0
2024-05-29 12:45:00,172.0
2024-05-29 13:00:00,172.0
2024-05-29 13:15:00,178.0
2024-05-29 13:30:00,174.0
2024-05-29 13:45:00,174.0
2024-05-29 14:00:00,173.0
2024-05-29 14:15:00,173.0
2024-05-29 14:30:00,179.0
2024-05-29 14:45:00,
2024-05-29 15:00:00,184.0
2024-05-29 15:15:00,185.0
2024-05-29 15:30:00,
2024-05-29 15:45:00,190.0
2024-05-29 16:00:00,188.0
2024-05-29 16:15:00,191.0
2024-05-29 16:30:00,192.0
2024-05-29 16:45:00,191.0
2024-05-29 17:00:00,201.0
2024-05-29 17:15:00,191.0
2024-05-29 17:30:00,
2024-05-29 17:45:00,193.0
2024-05-29 18:00:00,197.0
2024-05-29 18:15:00,198.0
2024-05-29 18:30:00,201.0
2024-05-29 18:45:00,196.0
2024-05-29 19:00:00,201.0
2024-05-29 19:15:00,197.0
2024-05-29 19:30:00,200.0
2024-05-29 19:45:00,201.0
2024-05-29 20:00:00,200.0
2024-05-29 20:15:00,211.0
2024-05-29 20:30:00,205.0
2024-05-29 20:45:00,206.0
2024-05-29 21:00:00,
2024-05-29 21:15:00,
2024-05-29 21:30:00,
2024-05-29 21:45:00,
2024-05-29 22:00:00,212.0
2024-05-29 22:15:00,204.0
2024-05-29 22:30:00,203.0
2024-05-29 22:45:00,199.0
2024-05-29 23:00:00,204.0
2024-05-29 23:15:00,202.0
2024-05-29 23:30:00,202.0
2024-05-29 23:45:00,203.0
2024-05-30 00:00:00,206.0
2024-05-30 00:15:00,199.0
2024-05-30 00:30:00,204.0
2024-05-30 00:45:00,204.0
2024-05-30 01:00:00,
2024-05-30 01:15:00,200.0
2024-05-30 01:30:00,
2024-05-30 01:45:00,197.0
2024-05-30 02:00:00,202.0
2024-05-30 02:15:00,205.0
2024-05-30 02:30:00,250.96623736927108
2024-05-30 02:45:00,
2024-05-30 03:00:00,199.0
2024-05-30 03:15:00,200.0
2024-05-30 03:30:00,200.0
2024-05-30 03:45:00,204.0
2024-05-30 04:00:00,202.0
2024-05-30 04:15:00,203.0
2024-05-30 04:30:00,205.0
2024-05-30 04:45:00,195.0
2024-05-30 05:00:00,
2024-05-30 05:15:00,197.0
2024-05-30 05:30:00,196.0
2024-05-30 05:45:00,198.0
2024-05-30 06:00:00,197.0
2024-05-30 06:15:00,201.0
2024-05-30 06:30:00,195.0
2024-05-30 06:45:00,199.0
2024-05-30 07:00:00,
2024-05-30 07:15:00,196.0
2024-05-30 07:30:00,195.0
2024-05-30 07:45:00,
2024-05-30 08:00:00,197.0
2024-05-30 08:15:00,197.0
2024-05-30 08:30:00,196.0
2024-05-30 08:45:00,195.0
2024-05-30 09:00:00,196.0
2024-05-30 09:15:00,195.0
2024-05-30 09:30:00,195.0
2024-05-30 09:45:00,192.0
2024-05-30 10:00:00,193.0
2024-05-30 10:15:00,191.0
2024-05-30 10:30:00,198.0
2024-05-30 10:45:00,196.0
2024-05-30 11:00:00,188.0
2024-05-30 11:15:00,188.0
2024-05-30 11:30:00,190.0
2024-05-30 11:45:00,187.0
2024-05-30 12:00:00,190.0
2024-05-30 12:15:00,191.0
2024-05-30 12:30:00,188.0
2024-05-30 12:45:00,188.0
2024-05-30 13:00:00,188.0
2024-05-30 13:15:00,188.0
2024-05-30 13:30:00,188.0
2024-05-30 13:45:00,183.0
2024-05-30 14:00:00,184.0
2024-05-30 14:15:00,185.0
2024-05-30 14:30:00,181.0
2024-05-30 14:45:00,183.0
2024-05-30 15:00:00,185.0
2024-05-30 15:15:00,180.0
2024-05-30 15:30:00,
2024-05-30 15:45:00,
2024-05-30 16:00:00,
2024-05-30 16:15:00,
2024-05-30 16:30:00,178.0
2024-05-30 16:45:00,
2024-05-30 17:00:00,178.0
2024-05-30 17:15:00,177.0
2024-05-30 17:30:00,179.0
2024-05-30 17:45:00,174.0
2024-05-30 18:00:00,172.0
2024-05-30 18:15:00,176.0
2024-05-30 18:30:00,174.0
2024-05-30 18:45:00,173.0
2024-05-30 19:00:00,171.0
2024-05-30 19:15:00,167.0
2024-05-30 19:30:00,172.0
2024-05-30 19:45:00,168.0
2024-05-30 20:00:00,176.0
2024-05-30 20:15:00,173.0
2024-05-30 20:30:00,169.0
2024-05-30 20:45:00,171.0
2024-05-30 21:00:00,167.0
2024-05-30 21:15:00,166.0
2024-05-30 21:30:00,167.0
2024-05-30 21:45:00,162.0
2024-05-30 22:00:00,161.0
2024-05-30 22:15:00,162.0
2024-05-30 22:30:00,161.0
2024-05-30 22:45:00,154.0
2024-05-30 23:00:00,164.0
2024-05-30 23:15:00,163.0
2024-05-30 23:30:00,163.0
2024-05-30 23:45:00,162.0
2024-05-31 00:00:00,160.0
2024-05-31 00:15:00,150.0
2024-05-31 00:30:00,158.0
2024-05-31 00:45:00,155.0
2024-05-31 01:00:00,154.0
2024-05-31 01:15:00,149.0
2024-05-31 01:30:00,152.0
2024-05-31 01:45:00,150.0
2024-05-31 02:00:00,149.0
2024-05-31 02:15:00,149.0
2024-05-31 02:30:00,
2024-05-31 02:45:00,154.0
2024-05-31 03:00:00,146.0
2024-05-31 03:15:00,140.0
2024-05-31 03:30:00,147.0
2024-05-31 03:45:00,144.0
2024-05-31 04:00:00,143.0
2024-05-31 04:15:00,143.0
2024-05-31 04:30:00,143.0
2024-05-31 04:45:00,143.0
2024-05-31 05:00:00,143.0
2024-05-31 05:15:00,143.0
2024-05-31 05:30:00,143.0
2024-05-31 05:45:00,
2024-05-31 06:00:00,143.0
2024-05-31 06:15:00,143.0
2024-05-31 06:30:00,143.0
2024-05-31 06:45:00,143.0
2024-05-31 07:00:00,143.0
2024-05-31 07:15:00,143.0
2024-05-31 07:30:00,143.0
2024-05-31 07:45:00,143.0
2024-05-31 08:00:00,143.0
2024-05-31 08:15:00,143.0
2024-05-31 08:30:00,
2024-05-31 08:45:00,126.0
2024-05-31 09:00:00,131.0
2024-05-31 09:15:00,128.0
2024-05-31 09:30:00,130.0
2024-05-31 09:45:00,128.0
2024-05-31 10:00:00,126.0
2024-05-31 10:15:00,126.0
2024-05-31 10:30:00,126.0
2024-05-31 10:45:00,125.0
2024-05-31 11:00:00,
2024-05-31 11:15:00,124.0
2024-05-31 11:30:00,123.0
2024-05-31 11:45:00,121.0
2024-05-31 12:00:00,120.0
2024-05-31 12:15:00,125.0
2024-05-31 12:30:00,124.0
2024-05-31 12:45:00,129.0
2024-05-31 13:00:00,123.0
2024-05-31 13:15:00,130.0
2024-05-31 13:30:00,124.0
2024-05-31 13:45:00,127.0
2024-05-31 14:00:00,127.0
2024-05-31 14:15:00,130.0
2024-05-31 14:30:00,132.0
2024-05-31 14:45:00,131.0
2024-05-31 15:00:00,131.0
2024-05-31 15:15:00,137.0
2024-05-31 15:30:00,136.0
2024-05-31 15:45:00,137.0
2024-05-31 16:00:00,138.0
2024-05-31 16:15:00,138.0
2024-05-31 16:30:00,139.0
2024-05-31 16:45:00,134.0
2024-05-31 17:00:00,139.0
2024-05-31 17:15:00,142.0
2024-05-31 17:30:00,140.0
2024-05-31 17:45:00,144.0
2024-05-31 18:00:00,160.0
2024-05-31 18:15:00,171.0
2024-05-31 18:30:00,188.0
2024-05-31 18:45:00,207.0
2024-05-31 19:00:00,215.0
2024-05-31 19:15:00,175.98265890353005
2024-05-31 19:30:00,261.0
2024-05-31 19:45:00,282.0
2024-05-31 20:00:00,298.0
2024-05-31 20:15:00,305.0
2024-05-31 20:30:00,321.0
2024-05-31 20:45:00,335.0
2024-05-31 21:00:00,344.0
2024-05-31 21:15:00,358.0
2024-05-31 21:30:00,361.0
2024-05-31 21:45:00,369.0
2024-05-31 22:00:00,361.0
2024-05-31 22:15:00,371.0
2024-05-31 22:30:00,375.0
2024-05-31 22:45:00,356.0
2024-05-31 23:00:00,362.0
2024-05-31 23:15:00,360.0
2024-05-31 23:30:00,360.0
2024-05-31 23:45:00,
2024-06-01 00:00:00,349.0
2024-06-01 00:15:00,353.0
2024-06-01 00:30:00,351.0
2024-06-01 00:45:00,334.0
2024-06-01 01:00:00,318.0
2024-06-01 01:15:00,309.0
2024-06-01 01:30:00,
2024-06-01 01:45:00,298.0
2024-06-01 02:00:00,295.0
2024-06-01 02:15:00,284.0
2024-06-01 02:30:00,279.0
2024-06-01 02:45:00,271.0
2024-06-01 03:00:00,266.0
2024-06-01 03:15:00,265.0
2024-06-01 03:30:00,246.0
2024-06-01 03:45:00,249.0
2024-06-01 04:00:00,243.0
2024-06-01 04:15:00,248.0
2024-06-01 04:30:00,237.0
2024-06-01 04:45:00,236.0
2024-06-01 05:00:00,236.0
2024-06-01 05:15:00,234.0
2024-06-01 05:30:00,223.0
2024-06-01 05:45:00,217.0
2024-06-01 06:00:00,214.0
2024-06-01 06:15:00,219.0
2024-06-01 06:30:00,209.0
2024-06-01 06:45:00,205.0
2024-06-01 07:00:00,
2024-06-01 07:15:00,210.0
2024-06-01 07:30:00,204.0
2024-06-01 07:45:00,204.0
2024-06-01 08:00:00,206.0
2024-06-01 08:15:00,195.0
2024-06-01 08:30:00,196.0
2024-06-01 08:45:00,193.0
2024-06-01 09:00:00,198.0
2024-06-01 09:15:00,192.0
2024-06-01 09:30:00,194.0
2024-06-01 09:45:00,
2024-06-01 10:00:00,
2024-06-01 10:15:00,
2024-06-01 10:30:00,
2024-06-01 10:45:00,
2024-06-01 11:00:00,
2024-06-01 11:15:00,
2024-06-01 11:30:00,181.0
2024-06-01 11:45:00,188.0
2024-06-01 12:00:00,182.0
2024-06-01 12:15:00,181.0
2024-06-01 12:30:00,452.8144569818336
2024-06-01 12:45:00,454.8144569818336
2024-06-01 13:00:00,451.8144569818336
2024-06-01 13:15:00,168.0
2024-06-01 13:30:00,166.0
2024-06-01 13:45:00,161.0
2024-06-01 14:00:00,160.0
2024-06-01 14:15:00,164.0
2024-06-01 14:30:00,153.0
2024-06-01 14:45:00,150.0
2024-06-01 15:00:00,149.0
2024-06-01 15:15:00,153.0
2024-06-01 15:30:00,151.0
2024-06-01 15:45:00,146.0
2024-06-01 16:00:00,149.0
2024-06-01 16:15:00,149.0
2024-06-01 16:30:00,138.0
2024-06-01 16:45:00,140.0
2024-06-01 17:00:00,140.0
2024-06-01 17:15:00,141.0
2024-06-01 17:30:00,130.0
2024-06-01 17:45:00,128.0
2024-06-01 18:00:00,133.0
2024-06-01 18:15:00,128.0
2024-06-01 18:30:00,127.0
2024-06-01 18:45:00,122.0
2024-06-01 19:00:00,128.0
2024-06-01 19:15:00,122.0
2024-06-01 19:30:00,143.0
2024-06-01 19:45:00,129.0
2024-06-01 20:00:00,121.0
2024-06-01 20:15:00,133.0
2024-06-01 20:30:00,118.0
2024-06-01 20:45:00,118.0
2024-06-01 21:00:00,120.0
2024-06-01 21:15:00,118.0
2024-06-01 21:30:00,118.0
2024-06-01 21:45:00,120.0
2024-06-01 22:00:00,117.0
2024-06-01 22:15:00,114.0
2024-06-01 22:30:00,116.0
2024-06-01 22:45:00,120.0
2024-06-01 23:00:00,122.0
2024-06-01 23:15:00,116.0
2024-06-01 23:30:00,125.0
2024-06-01 23:45:00,
2024-06-02 00:00:00,
2024-06-02 00:15:00,
2024-06-02 00:30:00,
2024-06-02 00:45:00,
2024-06-02 01:00:00,
2024-06-02 01:15:00,
2024-06-02 01:30:00,
2024-06-02 01:45:00,
2024-06-02 02:00:00,
2024-06-02 02:15:00,
2024-06-02 02:30:00,
2024-06-02 02:45:00,
2024-06-02 03:00:00,
2024-06-02 03:15:00,
2024-06-02 03:30:00,
2024-06-02 03:45:00,114.0
2024-06-02 04:00:00,122.0
2024-06-02 04:15:00,123.0
2024-06-02 04:30:00,129.0
2024-06-02 04:45:00,140.0
2024-06-02 05:00:00,133.0
2024-06-02 05:15:00,129.0
2024-06-02 05:30:00,122.0
2024-06-02 05:45:00,117.0
2024-06-02 06:00:00,118.0
2024-06-02 06:15:00,120.0
2024-06-02 06:30:00,115.0
2024-06-02 06:45:00,117.0
2024-06-02 07:00:00,122.0
2024-06-02 07:15:00,116.0
2024-06-02 07:30:00,120.0
2024-06-02 07:45:00,113.0
2024-06-02 08:00:00,110.0
2024-06-02 08:15:00,116.0
2024-06-02 08:30:00,114.0
2024-06-02 08:45:00,126.0
2024-06-02 09:00:00,112.0
2024-06-02 09:15:00,122.0
2024-06-02 09:30:00,109.0
2024-06-02 09:45:00,108.0
2024-06-02 10:00:00,103.0
2024-06-02 10:15:00,106.0
2024-06-02 10:30:00,101.0
2024-06-02 10:45:00,104.0
2024-06-02 11:00:00,103.0
2024-06-02 11:15:00,106.0
2024-06-02 11:30:00,188.64741482773633
2024-06-02 11:45:00,106.0
2024-06-02 12:00:00,102.0
2024-06-02 12:15:00,99.6
2024-06-02 12:30:00,102.0
2024-06-02 12:45:00,98.9
2024-06-02 13:00:00,106.0
2024-06-02 13:15:00,95.5
2024-06-02 13:30:00,98.2
2024-06-02 13:45:00,94.4
2024-06-02 14:00:00,88.1
2024-06-02 14:15:00,96.2
2024-06-02 14:30:00,92.9
2024-06-02 14:45:00,93.9
2024-06-02 15:00:00,92.5
2024-06-02 15:15:00,91.3
2024-06-02 15:30:00,97.2
2024-06-02 15:45:00,94.8
2024-06-02 16:00:00,95.9
2024-06-02 16:15:00,91.5
2024-06-02 16:30:00,90.0
2024-06-02 16:45:00,88.4
2024-06-02 17:00:00,93.2
2024-06-02 17:15:00,92.1
2024-06-02 17:30:00,89.2
2024-06-02 17:45:00,90.9
2024-06-02 18:00:00,93.7
2024-06-02 18:15:00,90.8
2024-06-02 18:30:00,96.2
2024-06-02 18:45:00,87.7
2024-06-02 19:00:00,89.4
2024-06-02 19:15:00,90.6
2024-06-02 19:30:00,101.0
2024-06-02 19:45:00,94.7
2024-06-02 20:00:00,95.4
2024-06-02 20:15:00,93.0
2024-06-02 20:30:00,93.4
2024-06-02 20:45:00,95.2
2024-06-02 21:00:00,93.5
2024-06-02 21:15:00,95.2
2024-06-02 21:30:00,94.7
2024-06-02 21:45:00,92.6
2024-06-02 22:00:00,97.1
2024-06-02 22:15:00,94.2
2024-06-02 22:30:00,92.1
2024-06-02 22:45:00,93.9
2024-06-02 23:00:00,94.9
2024-06-02 23:15:00,97.0
2024-06-02 23:30:00,95.6
2024-06-02 23:45:00,92.7
2024-06-03 00:00:00,107.0
2024-06-03 00:15:00,101.0
2024-06-03 00:30:00,91.1
2024-06-03 00:45:00,105.0
2024-06-03 01:00:00,100.0
2024-06-03 01:15:00,103.0
2024-06-03 01:30:00,98.6
2024-06-03 01:45:00,97.5
2024-06-03 02:00:00,100.0
2024-06-03 02:15:00,94.0
2024-06-03 02:30:00,100.0
2024-06-03 02:45:00,101.0
2024-06-03 03:00:00,96.2
2024-06-03 03:15:00,104.0
2024-06-03 03:30:00,102.0
2024-06-03 03:45:00,102.0
2024-06-03 04:00:00,106.0
2024-06-03 04:15:00,96.9
2024-06-03 04:30:00,97.9
2024-06-03 04:45:00,97.7
2024-06-03 05:00:00,100.0
2024-06-03 05:15:00,104.0
2024-06-03 05:30:00,98.6
2024-06-03 05:45:00,99.7
2024-06-03 06:00:00,91.6
2024-06-03 06:15:00,94.0
2024-06-03 06:30:00,101.0
2024-06-03 06:45:00,102.0
2024-06-03 07:00:00,94.7
2024-06-03 07:15:00,98.4
2024-06-03 07:30:00,97.0
2024-06-03 07:45:00,91.2
2024-06-03 08:00:00,95.2
2024-06-03 08:15:00,90.2
2024-06-03 08:30:00,92.4
2024-06-03 08:45:00,89.2
2024-06-03 09:00:00,92.6
2024-06-03 09:15:00,91.1
2024-06-03 09:30:00,90.8
2024-06-03 09:45:00,85.7
2024-06-03 10:00:00,94.2
2024-06-03 10:15:00,86.9
2024-06-03 10:30:00,87.0
2024-06-03 10:45:00,86.7
2024-06-03 11:00:00,92.1
2024-06-03 11:15:00,87.5
2024-06-03 11:30:00,86.6
2024-06-03 11:45:00,85.3
2024-06-03 12:00:00,83.6
2024-06-03 12:15:00,83.2
2024-06-03 12:30:00,82.4
2024-06-03 12:45:00,204.6844498784012
2024-06-03 13:00:00,202.28444987840123
2024-06-03 13:15:00,201.78444987840123
2024-06-03 13:30:00,79.2
2024-06-03 13:45:00,131.0
2024-06-03 14:00:00,105.0
2024-06-03 14:15:00,91.0
2024-06-03 14:30:00,87.1
2024-06-03 14:45:00,80.9
2024-06-03 15:00:00,78.8
2024-06-03 15:15:00,77.3
2024-06-03 15:30:00,78.9
2024-06-03 15:45:00,80.4
2024-06-03 16:00:00,79.8
2024-06-03 16:15:00,81.0
2024-06-03 16:30:00,76.0
2024-06-03 16:45:00,76.4
2024-06-03 17:00:00,76.4
2024-06-03 17:15:00,78.6
2024-06-03 17:30:00,73.6
2024-06-03 17:45:00,73.6
2024-06-03 18:00:00,73.6
2024-06-03 18:15:00,73.6
2024-06-03 18:30:00,73.6
2024-06-03 18:45:00,73.6
2024-06-03 19:00:00,73.6
2024-06-03 19:15:00,73.6
2024-06-03 19:30:00,73.6
2024-06-03 19:45:00,73.6
2024-06-03 20:00:00,73.6
2024-06-03 20:15:00,73.6
2024-06-03 20:30:00,73.6
2024-06-03 20:45:00,73.6
2024-06-03 21:00:00,73.6
2024-06-03 21:15:00,73.6
2024-06-03 21:30:00,73.6
2024-06-03 21:45:00,73.6
2024-06-03 22:00:00,73.6
2024-06-03 22:15:00,73.6
2024-06-03 22:30:00,73.6
2024-06-03 22:45:00,73.6
2024-06-03 23:00:00,73.6
2024-06-03 23:15:00,73.6
2024-06-03 23:30:00,73.6
2024-06-03 23:45:00,73.6
2024-06-04 00:00:00,73.6
2024-06-04 00:15:00,73.6
2024-06-04 00:30:00,73.6
2024-06-04 00:45:00,73.6
2024-06-04 01:00:00,73.6
2024-06-04 01:15:00,73.6
2024-06-04 01:30:00,73.6
2024-06-04 01:45:00,73.6
2024-06-04 02:00:00,73.6
2024-06-04 02:15:00,73.6
2024-06-04 02:30:00,73.6
2024-06-04 02:45:00,73.6
2024-06-04 03:00:00,73.6
2024-06-04 03:15:00,73.6
2024-06-04 03:30:00,73.6
2024-06-04 03:45:00,73.6
2024-06-04 04:00:00,73.6
2024-06-04 04:15:00,73.6
2024-06-04 04:30:00,73.6
2024-06-04 04:45:00,73.6
2024-06-04 05:00:00,73.6
2024-06-04 05:15:00,73.6
2024-06-04 05:30:00,76.4
2024-06-04 05:45:00,75.5
2024-06-04 06:00:00,77.2
2024-06-04 06:15:00,82.1
2024-06-04 06:30:00,85.0
2024-06-04 06:45:00,76.0
2024-06-04 07:00:00,84.0
2024-06-04 07:15:00,83.6
2024-06-04 07:30:00,76.4
2024-06-04 07:45:00,85.0
2024-06-04 08:00:00,79.2
2024-06-04 08:15:00,79.2
2024-06-04 08:30:00,79.2
2024-06-04 08:45:00,79.2
2024-06-04 09:00:00,79.2
2024-06-04 09:15:00,79.2
2024-06-04 09:30:00,79.2
2024-06-04 09:45:00,79.2
2024-06-04 10:00:00,79.2
2024-06-04 10:15:00,79.2
2024-06-04 10:30:00,79.2
2024-06-04 10:45:00,79.2
2024-06-04 11:00:00,79.2
2024-06-04 11:15:00,79.2
2024-06-04 11:30:00,79.2
2024-06-04 11:45:00,79.2
2024-06-04 12:00:00,79.2
2024-06-04 12:15:00,79.2
2024-06-04 12:30:00,
2024-06-04 12:45:00,79.2
2024-06-04 13:00:00,79.2
2024-06-04 13:15:00,79.2
2024-06-04 13:30:00,79.2
2024-06-04 13:45:00,79.2
2024-06-04 14:00:00,106.0
2024-06-04 14:15:00,106.0
2024-06-04 14:30:00,96.5
2024-06-04 14:45:00,109.0
2024-06-04 15:00:00,110.0
2024-06-04 15:15:00,105.0
2024-06-04 15:30:00,112.0
2024-06-04 15:45:00,117.0
2024-06-04 16:00:00,116.0
2024-06-04 16:15:00,119.0
2024-06-04 16:30:00,114.0
2024-06-04 16:45:00,124.0
2024-06-04 17:00:00,119.0
2024-06-04 17:15:00,114.0
2024-06-04 17:30:00,122.0
2024-06-04 17:45:00,129.0
2024-06-04 18:00:00,128.0
2024-06-04 18:15:00,133.0
2024-06-04 18:30:00,128.0
2024-06-04 18:45:00,128.0
2024-06-04 19:00:00,134.0
2024-06-04 19:15:00,142.0
2024-06-04 19:30:00,
2024-06-04 19:45:00,155.0
2024-06-04 20:00:00,
2024-06-04 20:15:00,144.0
2024-06-04 20:30:00,154.0
2024-06-04 20:45:00,157.0
2024-06-04 21:00:00,174.0
2024-06-04 21:15:00,
2024-06-04 21:30:00,
2024-06-04 21:45:00,173.0
2024-06-04 22:00:00,185.0
2024-06-04 22:15:00,185.0
2024-06-04 22:30:00,
2024-06-04 22:45:00,194.0
2024-06-04 23:00:00,206.0
2024-06-04 23:15:00,215.0
2024-06-04 23:30:00,218.0
2024-06-04 23:45:00,222.0
2024-06-05 00:00:00,235.0
2024-06-05 00:15:00,239.0
2024-06-05 00:30:00,237.0
2024-06-05 00:45:00,250.0
2024-06-05 01:00:00,257.0
2024-06-05 01:15:00,263.0
2024-06-05 01:30:00,273.0
2024-06-05 01:45:00,280.0
2024-06-05 02:00:00,285.0
2024-06-05 02:15:00,289.0
2024-06-05 02:30:00,291.0
2024-06-05 02:45:00,307.0
2024-06-05 03:00:00,316.0
2024-06-05 03:15:00,
2024-06-05 03:30:00,320.0
2024-06-05 03:45:00,314.0
2024-06-05 04:00:00,318.0
2024-06-05 04:15:00,330.0
2024-06-05 04:30:00,337.0
2024-06-05 04:45:00,341.0
2024-06-05 05:00:00,341.0
2024-06-05 05:15:00,347.0
2024-06-05 05:30:00,350.0
2024-06-05 05:45:00,354.0
2024-06-05 06:00:00,349.0
2024-06-05 06:15:00,354.0
2024-06-05 06:30:00,366.0
2024-06-05 06:45:00,360.0
2024-06-05 07:00:00,367.0
2024-06-05 07:15:00,366.0
2024-06-05 07:30:00,362.0
2024-06-05 07:45:00,367.0
2024-06-05 08:00:00,370.0
2024-06-05 08:15:00,363.0
2024-06-05 08:30:00,370.0
2024-06-05 08:45:00,378.0
2024-06-05 09:00:00,376.0
2024-06-05 09:15:00,378.0
2024-06-05 09:30:00,396.0
2024-06-05 09:45:00,385.0
2024-06-05 10:00:00,369.0
2024-06-05 10:15:00,380.0
2024-06-05 10:30:00,375.0
2024-06-05 10:45:00,367.0
2024-06-05 11:00:00,377.0
2024-06-05 11:15:00,380.0
2024-06-05 11:30:00,383.0
2024-06-05 11:45:00,
2024-06-05 12:00:00,
2024-06-05 12:15:00,
2024-06-05 12:30:00,
2024-06-05 12:45:00,
2024-06-05 13:00:00,
2024-06-05 13:15:00,
2024-06-05 13:30:00,
2024-06-05 13:45:00,
2024-06-05 14:00:00,
2024-06-05 14:15:00,362.0
2024-06-05 14:30:00,364.0
2024-06-05 14:45:00,
2024-06-05 15:00:00,364.0
2024-06-05 15:15:00,365.0
2024-06-05 15:30:00,365.0
2024-06-05 15:45:00,362.0
2024-06-05 16:00:00,
2024-06-05 16:15:00,365.0
2024-06-05 16:30:00,363.0
2024-06-05 16:45:00,
2024-06-05 17:00:00,363.0
2024-06-05 17:15:00,361.0
2024-06-05 17:30:00,358.0
2024-06-05 17:45:00,363.0
2024-06-05 18:00:00,357.0
2024-06-05 18:15:00,358.0
2024-06-05 18:30:00,356.0
2024-06-05 18:45:00,352.0
2024-06-05 19:00:00,
2024-06-05 19:15:00,355.0
2024-06-05 19:30:00,349.0
2024-06-05 19:45:00,360.0
2024-06-05 20:00:00,347.0
2024-06-05 20:15:00,345.0
2024-06-05 20:30:00,349.0
2024-06-05 20:45:00,346.0
2024-06-05 21:00:00,342.0
2024-06-05 21:15:00,341.0
2024-06-05 21:30:00,343.0
2024-06-05 21:45:00,344.0
2024-06-05 22:00:00,340.0
2024-06-05 22:15:00,344.0
2024-06-05 22:30:00,347.0
2024-06-05 22:45:00,347.0
2024-06-05 23:00:00,343.0
2024-06-05 23:15:00,341.0
2024-06-05 23:30:00,343.0
2024-06-05 23:45:00,342.0
2024-06-06 00:00:00,
2024-06-06 00:15:00,341.0
2024-06-06 00:30:00,341.0
2024-06-06 00:45:00,
2024-06-06 01:00:00,345.0
2024-06-06 01:15:00,348.0
2024-06-06 01:30:00,350.0
2024-06-06 01:45:00,340.0
2024-06-06 02:00:00,348.0
2024-06-06 02:15:00,343.0
2024-06-06 02:30:00,342.0
2024-06-06 02:45:00,339.0
2024-06-06 03:00:00,
2024-06-06 03:15:00,350.0
2024-06-06 03:30:00,
2024-06-06 03:45:00,336.0
2024-06-06 04:00:00,
2024-06-06 04:15:00,337.0
2024-06-06 04:30:00,333.0
2024-06-06 04:45:00,330.0
2024-06-06 05:00:00,327.0
2024-06-06 05:15:00,332.0
2024-06-06 05:30:00,328.0
2024-06-06 05:45:00,323.0
2024-06-06 06:00:00,329.0
2024-06-06 06:15:00,330.0
2024-06-06 06:30:00,326.0
2024-06-06 06:45:00,321.0
2024-06-06 07:00:00,324.0
2024-06-06 07:15:00,324.0
2024-06-06 07:30:00,322.0
2024-06-06 07:45:00,313.0
2024-06-06 08:00:00,317.0
2024-06-06 08:15:00,312.0
2024-06-06 08:30:00,305.0
2024-06-06 08:45:00,313.0
2024-06-06 09:00:00,313.0
2024-06-06 09:15:00,
2024-06-06 09:30:00,306.0
2024-06-06 09:45:00,301.0
2024-06-06 10:00:00,299.0
2024-06-06 10:15:00,303.0
2024-06-06 10:30:00,300.0
2024-06-06 10:45:00,301.0
2024-06-06 11:00:00,301.0
2024-06-06 11:15:00,299.0
2024-06-06 11:30:00,294.0
2024-06-06 11:45:00,
2024-06-06 12:00:00,
2024-06-06 12:15:00,289.0
2024-06-06 12:30:00,288.0
2024-06-06 12:45:00,284.0
2024-06-06 13:00:00,287.0
2024-06-06 13:15:00,289.0
2024-06-06 13:30:00,281.0
2024-06-06 13:45:00,284.0
2024-06-06 14:00:00,281.0
2024-06-06 14:15:00,281.0
2024-06-06 14:30:00,281.0
2024-06-06 14:45:00,281.0
2024-06-06 15:00:00,281.0
2024-06-06 15:15:00,281.0
2024-06-06 15:30:00,281.0
2024-06-06 15:45:00,281.0
2024-06-06 16:00:00,281.0
2024-06-06 16:15:00,
2024-06-06 16:30:00,281.0
2024-06-06 16:45:00,281.0
2024-06-06 17:00:00,281.0
2024-06-06 17:15:00,281.0
2024-06-06 17:30:00,281.0
2024-06-06 17:45:00,281.0
2024-06-06 18:00:00,281.0
2024-06-06 18:15:00,281.0
2024-06-06 18:30:00,281.0
2024-06-06 18:45:00,281.0
2024-06-06 19:00:00,281.0
2024-06-06 19:15:00,281.0
2024-06-06 19:30:00,281.0
2024-06-06 19:45:00,281.0
2024-06-06 20:00:00,281.0
2024-06-06 20:15:00,281.0
2024-06-06 20:30:00,281.0
2024-06-06 20:45:00,
2024-06-06 21:00:00,281.0
2024-06-06 21:15:00,281.0
2024-06-06 21:30:00,281.0
2024-06-06 21:45:00,281.0
2024-06-06 22:00:00,281.0
2024-06-06 22:15:00,281.0
2024-06-06 22:30:00,281.0
2024-06-06 22:45:00,
2024-06-06 23:00:00,281.0
2024-06-06 23:15:00,281.0
2024-06-06 23:30:00,281.0
2024-06-06 23:45:00,281.0
2024-06-07 00:00:00,281.0
2024-06-07 00:15:00,
2024-06-07 00:30:00,281.0
2024-06-07 00:45:00,281.0
2024-06-07 01:00:00,281.0
2024-06-07 01:15:00,281.0
2024-06-07 01:30:00,
2024-06-07 01:45:00,281.0
2024-06-07 02:00:00,257.0
2024-06-07 02:15:00,255.0
2024-06-07 02:30:00,256.0
2024-06-07 02:45:00,257.0
2024-06-07 03:00:00,254.0
2024-06-07 03:15:00,252.0
2024-06-07 03:30:00,253.0
2024-06-07 03:45:00,254.0
2024-06-07 04:00:00,254.0
2024-06-07 04:15:00,255.0
2024-06-07 04:30:00,253.0
2024-06-07 04:45:00,256.0
2024-06-07 05:00:00,
2024-06-07 05:15:00,247.0
2024-06-07 05:30:00,249.0
2024-06-07 05:45:00,246.0
2024-06-07 06:00:00,248.0
2024-06-07 06:15:00,248.0
2024-06-07 06:30:00,246.0
2024-06-07 06:45:00,244.0
2024-06-07 07:00:00,244.0
2024-06-07 07:15:00,250.0
2024-06-07 07:30:00,247.0
2024-06-07 07:45:00,
2024-06-07 08:00:00,244.0
2024-06-07 08:15:00,247.0
2024-06-07 08:30:00,238.0
2024-06-07 08:45:00,238.0
2024-06-07 09:00:00,243.0
2024-06-07 09:15:00,242.0
2024-06-07 09:30:00,236.0
2024-06-07 09:45:00,235.0
2024-06-07 10:00:00,231.0
2024-06-07 10:15:00,232.0
2024-06-07 10:30:00,234.0
2024-06-07 10:45:00,228.0
2024-06-07 11:00:00,230.0
2024-06-07 11:15:00,229.0
2024-06-07 11:30:00,
2024-06-07 11:45:00,
2024-06-07 12:00:00,225.0
2024-06-07 12:15:00,223.0
2024-06-07 12:30:00,221.0
2024-06-07 12:45:00,221.0
2024-06-07 13:00:00,220.0
2024-06-07 13:15:00,220.0
2024-06-07 13:30:00,213.0
2024-06-07 13:45:00,217.0
2024-06-07 14:00:00,214.0
2024-06-07 14:15:00,208.0
2024-06-07 14:30:00,203.0
2024-06-07 14:45:00,210.0
2024-06-07 15:00:00,203.0
2024-06-07 15:15:00,209.0
2024-06-07 15:30:00,209.0
2024-06-07 15:45:00,201.0
2024-06-07 16:00:00,
2024-06-07 16:15:00,204.0
2024-06-07 16:30:00,203.0
2024-06-07 16:45:00,
2024-06-07 17:00:00,199.0
2024-06-07 17:15:00,
2024-06-07 17:30:00,199.0
2024-06-07 17:45:00,197.0
2024-06-07 18:00:00,196.0
2024-06-07 18:15:00,196.0
2024-06-07 18:30:00,195.0
2024-06-07 18:45:00,195.0
2024-06-07 19:00:00,191.0
2024-06-07 19:15:00,192.0
2024-06-07 19:30:00,193.0
2024-06-07 19:45:00,193.0
2024-06-07 20:00:00,189.0
2024-06-07 20:15:00,192.0
2024-06-07 20:30:00,188.0
2024-06-07 20:45:00,187.0
2024-06-07 21:00:00,189.0
2024-06-07 21:15:00,185.0
2024-06-07 21:30:00,189.0
2024-06-07 21:45:00,181.0
2024-06-07 22:00:00,183.0
2024-06-07 22:15:00,
2024-06-07 22:30:00,
2024-06-07 22:45:00,180.0
2024-06-07 23:00:00,178.0
2024-06-07 23:15:00,184.0
2024-06-07 23:30:00,177.0
2024-06-07 23:45:00,179.0
2024-06-08 00:00:00,177.0
2024-06-08 00:15:00,173.0
2024-06-08 00:30:00,115.67743675351286
2024-06-08 00:45:00,176.0
2024-06-08 01:00:00,173.0
2024-06-08 01:15:00,
2024-06-08 01:30:00,171.0
2024-06-08 01:45:00,173.0
2024-06-08 02:00:00,
2024-06-08 02:15:00,169.0
2024-06-08 02:30:00,171.0
2024-06-08 02:45:00,
2024-06-08 03:00:00,170.0
2024-06-08 03:15:00,
2024-06-08 03:30:00,170.0
2024-06-08 03:45:00,
2024-06-08 04:00:00,168.0
2024-06-08 04:15:00,
2024-06-08 04:30:00,167.0
2024-06-08 04:45:00,
2024-06-08 05:00:00,170.0
2024-06-08 05:15:00,
2024-06-08 05:30:00,165.0
2024-06-08 05:45:00,165.0
2024-06-08 06:00:00,166.0
2024-06-08 06:15:00,166.0
2024-06-08 06:30:00,165.0
2024-06-08 06:45:00,
2024-06-08 07:00:00,
2024-06-08 07:15:00,
2024-06-08 07:30:00,165.0
2024-06-08 07:45:00,162.0
2024-06-08 08:00:00,168.0
2024-06-08 08:15:00,165.0
2024-06-08 08:30:00,162.0
2024-06-08 08:45:00,
2024-06-08 09:00:00,161.0
2024-06-08 09:15:00,164.0
2024-06-08 09:30:00,163.0
2024-06-08 09:45:00,163.0
2024-06-08 10:00:00,161.0
2024-06-08 10:15:00,161.0
2024-06-08 10:30:00,165.0
2024-06-08 10:45:00,162.0
2024-06-08 11:00:00,159.0
2024-06-08 11:15:00,159.0
2024-06-08 11:30:00,159.0
2024-06-08 11:45:00,159.0
2024-06-08 12:00:00,161.0
2024-06-08 12:15:00,164.0
2024-06-08 12:30:00,162.0
2024-06-08 12:45:00,159.0
2024-06-08 13:00:00,157.0
2024-06-08 13:15:00,159.0
2024-06-08 13:30:00,160.0
2024-06-08 13:45:00,158.0
2024-06-08 14:00:00,160.0
2024-06-08 14:15:00,161.0
2024-06-08 14:30:00,160.0
2024-06-08 14:45:00,155.0
2024-06-08 15:00:00,158.0
2024-06-08 15:15:00,157.0
2024-06-08 15:30:00,157.0
2024-06-08 15:45:00,161.0
2024-06-08 16:00:00,
2024-06-08 16:15:00,159.0
2024-06-08 16:30:00,162.0
2024-06-08 16:45:00,159.0
2024-06-08 17:00:00,159.0
2024-06-08 17:15:00,156.0
2024-06-08 17:30:00,
2024-06-08 17:45:00,
2024-06-08 18:00:00,161.0
2024-06-08 18:15:00,157.0
2024-06-08 18:30:00,160.0
2024-06-08 18:45:00,158.0
2024-06-08 19:00:00,154.0
2024-06-08 19:15:00,
2024-06-08 19:30:00,156.0
2024-06-08 19:45:00,158.0
2024-06-08 20:00:00,158.0
2024-06-08 20:15:00,158.0
2024-06-08 20:30:00,158.0
2024-06-08 20:45:00,158.0
2024-06-08 21:00:00,158.0
2024-06-08 21:15:00,158.0
2024-06-08 21:30:00,158.0
2024-06-08 21:45:00,158.0
2024-06-08 22:00:00,158.0
2024-06-08 22:15:00,158.0
2024-06-08 22:30:00,158.0
2024-06-08 22:45:00,158.0
2024-06-08 23:00:00,158.0
2024-06-08 23:15:00,
2024-06-08 23:30:00,158.0
2024-06-08 23:45:00,158.0
2024-06-09 00:00:00,158.0
2024-06-09 00:15:00,158.0
2024-06-09 00:30:00,158.0
2024-06-09 00:45:00,158.0
2024-06-09 01:00:00,158.0
2024-06-09 01:15:00,158.0
2024-06-09 01:30:00,158.0
2024-06-09 01:45:00,158.0
2024-06-09 02:00:00,158.0
2024-06-09 02:15:00,158.0
2024-06-09 02:30:00,158.0
2024-06-09 02:45:00,
2024-06-09 03:00:00,158.0
2024-06-09 03:15:00,158.0
2024-06-09 03:30:00,
2024-06-09 03:45:00,211.0
2024-06-09 04:00:00,210.0
2024-06-09 04:15:00,204.0
2024-06-09 04:30:00,202.0
2024-06-09 04:45:00,197.0
2024-06-09 05:00:00,188.0
2024-06-09 05:15:00,188.0
2024-06-09 05:30:00,182.0
2024-06-09 05:45:00,180.0
2024-06-09 06:00:00,
2024-06-09 06:15:00,173.0
2024-06-09 06:30:00,170.0
2024-06-09 06:45:00,
2024-06-09 07:00:00,160.0
2024-06-09 07:15:00,157.0
2024-06-09 07:30:00,155.0
2024-06-09 07:45:00,155.0
2024-06-09 08:00:00,152.0
2024-06-09 08:15:00,153.0
2024-06-09 08:30:00,147.0
2024-06-09 08:45:00,148.0
2024-06-09 09:00:00,145.0
2024-06-09 09:15:00,144.0
2024-06-09 09:30:00,144.0
2024-06-09 09:45:00,144.0
2024-06-09 10:00:00,168.67515168423586
2024-06-09 10:15:00,164.67515168423586
2024-06-09 10:30:00,
2024-06-09 10:45:00,
2024-06-09 11:00:00,130.0
2024-06-09 11:15:00,132.0
2024-06-09 11:30:00,132.0
2024-06-09 11:45:00,
2024-06-09 12:00:00,134.0
2024-06-09 12:15:00,130.0
2024-06-09 12:30:00,
2024-06-09 12:45:00,129.0
2024-06-09 13:00:00,130.0
2024-06-09 13:15:00,132.0
2024-06-09 13:30:00,130.0
2024-06-09 13:45:00,
2024-06-09 14:00:00,132.0
2024-06-09 14:15:00,135.0
2024-06-09 14:30:00,
2024-06-09 14:45:00,
2024-06-09 15:00:00,
2024-06-09 15:15:00,
2024-06-09 15:30:00,
2024-06-09 15:45:00,
2024-06-09 16:00:00,
2024-06-09 16:15:00,
2024-06-09 16:30:00,
2024-06-09 16:45:00,179.0
2024-06-09 17:00:00,
2024-06-09 17:15:00,190.0
2024-06-09 17:30:00,194.0
2024-06-09 17:45:00,204.0
2024-06-09 18:00:00,
2024-06-09 18:15:00,204.0
2024-06-09 18:30:00,202.0
2024-06-09 18:45:00,205.0
2024-06-09 19:00:00,205.0
2024-06-09 19:15:00,208.0
2024-06-09 19:30:00,202.0
2024-06-09 19:45:00,206.0
2024-06-09 20:00:00,
2024-06-09 20:15:00,211.0
2024-06-09 20:30:00,210.0
2024-06-09 20:45:00,211.0
2024-06-09 21:00:00,213.0
2024-06-09 21:15:00,208.0
2024-06-09 21:30:00,203.0
2024-06-09 21:45:00,200.0
2024-06-09 22:00:00,197.0
2024-06-09 22:15:00,
2024-06-09 22:30:00,195.0
2024-06-09 22:45:00,191.0
2024-06-09 23:00:00,
2024-06-09 23:15:00,181.0
2024-06-09 23:30:00,178.0
2024-06-09 23:45:00,175.0
2024-06-10 00:00:00,178.0
2024-06-10 00:15:00,176.0
2024-06-10 00:30:00,176.0
2024-06-10 00:45:00,
2024-06-10 01:00:00,170.0
2024-06-10 01:15:00,
2024-06-10 01:30:00,163.0
2024-06-10 01:45:00,
2024-06-10 02:00:00,
2024-06-10 02:15:00,
2024-06-10 02:30:00,
2024-06-10 02:45:00,
2024-06-10 03:00:00,
2024-06-10 03:15:00,
2024-06-10 03:30:00,
2024-06-10 03:45:00,
2024-06-10 04:00:00,130.0
2024-06-10 04:15:00,130.0
2024-06-10 04:30:00,126.0
2024-06-10 04:45:00,121.0
2024-06-10 05:00:00,119.0
2024-06-10 05:15:00,
2024-06-10 05:30:00,120.0
2024-06-10 05:45:00,117.0
2024-06-10 06:00:00,115.0
2024-06-10 06:15:00,112.0
2024-06-10 06:30:00,
2024-06-10 06:45:00,105.0
2024-06-10 07:00:00,110.0
2024-06-10 07:15:00,110.0
2024-06-10 07:30:00,112.0
2024-06-10 07:45:00,108.0
2024-06-10 08:00:00,107.0
2024-06-10 08:15:00,102.0
2024-06-10 08:30:00,99.1
2024-06-10 08:45:00,103.0
2024-06-10 09:00:00,97.0
2024-06-10 09:15:00,
2024-06-10 09:30:00,96.4
2024-06-10 09:45:00,96.5
2024-06-10 10:00:00,94.2
2024-06-10 10:15:00,
2024-06-10 10:30:00,98.7
2024-06-10 10:45:00,93.8
2024-06-10 11:00:00,99.4
2024-06-10 11:15:00,93.6
2024-06-10 11:30:00,92.9
2024-06-10 11:45:00,91.5
2024-06-10 12:00:00,
2024-06-10 12:15:00,115.36496893610745
2024-06-10 12:30:00,109.96496893610744
2024-06-10 12:45:00,85.8
2024-06-10 13:00:00,88.4
2024-06-10 13:15:00,89.0
2024-06-10 13:30:00,89.5
2024-06-10 13:45:00,85.9
2024-06-10 14:00:00,83.6
2024-06-10 14:15:00,83.7
2024-06-10 14:30:00,
2024-06-10 14:45:00,
2024-06-10 15:00:00,92.30961701379817
2024-06-10 15:15:00,90.00961701379816
2024-06-10 15:30:00,92.00961701379816
2024-06-10 15:45:00,81.4
2024-06-10 16:00:00,
2024-06-10 16:15:00,82.0
2024-06-10 16:30:00,82.2
2024-06-10 16:45:00,95.81952998959326
2024-06-10 17:00:00,95.51952998959327
2024-06-10 17:15:00,79.6
2024-06-10 17:30:00,84.1
2024-06-10 17:45:00,79.9
2024-06-10 18:00:00,81.2
2024-06-10 18:15:00,79.5
2024-06-10 18:30:00,77.7
2024-06-10 18:45:00,79.4
2024-06-10 19:00:00,79.2
2024-06-10 19:15:00,
2024-06-10 19:30:00,
2024-06-10 19:45:00,
2024-06-10 20:00:00,
2024-06-10 20:15:00,
2024-06-10 20:30:00,
2024-06-10 20:45:00,72.7
2024-06-10 21:00:00,76.3
2024-06-10 21:15:00,72.9
2024-06-10 21:30:00,75.9
2024-06-10 21:45:00,70.2
2024-06-10 22:00:00,69.9
2024-06-10 22:15:00,73.6
2024-06-10 22:30:00,73.2
2024-06-10 22:45:00,68.5
2024-06-10 23:00:00,74.7
2024-06-10 23:15:00,71.6
2024-06-10 23:30:00,70.3
2024-06-10 23:45:00,75.2
2024-06-11 00:00:00,69.1
2024-06-11 00:15:00,69.8
2024-06-11 00:30:00,73.4
2024-06-11 00:45:00,72.1
2024-06-11 01:00:00,73.2
2024-06-11 01:15:00,
2024-06-11 01:30:00,70.5
2024-06-11 01:45:00,69.9
2024-06-11 02:00:00,68.9
2024-06-11 02:15:00,71.9
2024-06-11 02:30:00,68.1
2024-06-11 02:45:00,71.5
2024-06-11 03:00:00,76.1306894218431
2024-06-11 03:15:00,70.7
2024-06-11 03:30:00,70.3
2024-06-11 03:45:00,
2024-06-11 04:00:00,70.7
2024-06-11 04:15:00,71.4
2024-06-11 04:30:00,70.6
2024-06-11 04:45:00,67.6
2024-06-11 05:00:00,70.7
2024-06-11 05:15:00,70.0
2024-06-11 05:30:00,70.7
2024-06-11 05:45:00,
2024-06-11 06:00:00,
2024-06-11 06:15:00,68.7
2024-06-11 06:30:00,
2024-06-11 06:45:00,
2024-06-11 07:00:00,
2024-06-11 07:15:00,
2024-06-11 07:30:00,
2024-06-11 07:45:00,
2024-06-11 08:00:00,
2024-06-11 08:15:00,
2024-06-11 08:30:00,
2024-06-11 08:45:00,
2024-06-11 09:00:00,
2024-06-11 09:15:00,
2024-06-11 09:30:00,71.4
2024-06-11 09:45:00,
2024-06-11 10:00:00,67.7
2024-06-11 10:15:00,67.4
2024-06-11 10:30:00,67.6
2024-06-11 10:45:00,71.3
2024-06-11 11:00:00,66.9
2024-06-11 11:15:00,66.9
2024-06-11 11:30:00,71.0
2024-06-11 11:45:00,67.9
2024-06-11 12:00:00,70.0
2024-06-11 12:15:00,68.9
2024-06-11 12:30:00,65.4
2024-06-11 12:45:00,66.8
2024-06-11 13:00:00,
2024-06-11 13:15:00,65.9
2024-06-11 13:30:00,
2024-06-11 13:45:00,65.9
2024-06-11 14:00:00,65.4
2024-06-11 14:15:00,64.9
2024-06-11 14:30:00,69.3
2024-06-11 14:45:00,66.0
2024-06-11 15:00:00,65.3
2024-06-11 15:15:00,64.4
2024-06-11 15:30:00,63.4
2024-06-11 15:45:00,66.6
2024-06-11 16:00:00,63.7
2024-06-11 16:15:00,64.1
2024-06-11 16:30:00,63.4
2024-06-11 16:45:00,61.4
2024-06-11 17:00:00,61.6
2024-06-11 17:15:00,66.0
2024-06-11 17:30:00,65.0
2024-06-11 17:45:00,67.7
2024-06-11 18:00:00,
2024-06-11 18:15:00,
2024-06-11 18:30:00,
2024-06-11 18:45:00,
2024-06-11 19:00:00,
2024-06-11 19:15:00,
2024-06-11 19:30:00,
2024-06-11 19:45:00,
2024-06-11 20:00:00,
2024-06-11 20:15:00,61.6
2024-06-11 20:30:00,59.2
2024-06-11 20:45:00,62.2
2024-06-11 21:00:00,62.4
2024-06-11 21:15:00,63.7
2024-06-11 21:30:00,
2024-06-11 21:45:00,60.5
2024-06-11 22:00:00,60.5
2024-06-11 22:15:00,59.7
2024-06-11 22:30:00,59.4
2024-06-11 22:45:00,63.5
2024-06-11 23:00:00,
2024-06-11 23:15:00,58.8
2024-06-11 23:30:00,64.5
2024-06-11 23:45:00,
2024-06-12 00:00:00,58.2
2024-06-12 00:15:00,59.9
2024-06-12 00:30:00,59.0
2024-06-12 00:45:00,58.1
2024-06-12 01:00:00,63.7
2024-06-12 01:15:00,57.5
2024-06-12 01:30:00,58.7
2024-06-12 01:45:00,58.5
2024-06-12 02:00:00,
2024-06-12 02:15:00,60.6
2024-06-12 02:30:00,
2024-06-12 02:45:00,
2024-06-12 03:00:00,59.4
2024-06-12 03:15:00,
2024-06-12 03:30:00,
2024-06-12 03:45:00,59.0
2024-06-12 04:00:00,59.3
2024-06-12 04:15:00,56.8
2024-06-12 04:30:00,54.5
2024-06-12 04:45:00,56.5
2024-06-12 05:00:00,59.1
2024-06-12 05:15:00,57.0
2024-06-12 05:30:00,
2024-06-12 05:45:00,54.2
2024-06-12 06:00:00,57.6
2024-06-12 06:15:00,55.3
2024-06-12 06:30:00,55.0
2024-06-12 06:45:00,58.0
2024-06-12 07:00:00,
2024-06-12 07:15:00,58.6
2024-06-12 07:30:00,59.3
2024-06-12 07:45:00,54.7
2024-06-12 08:00:00,55.6
2024-06-12 08:15:00,54.0
2024-06-12 08:30:00,
2024-06-12 08:45:00,55.0
2024-06-12 09:00:00,54.2
2024-06-12 09:15:00,62.58456432588031
2024-06-12 09:30:00,59.68456432588031
2024-06-12 09:45:00,
2024-06-12 10:00:00,54.0
2024-06-12 10:15:00,52.6
2024-06-12 10:30:00,53.2
2024-06-12 10:45:00,54.2
2024-06-12 11:00:00,54.7
2024-06-12 11:15:00,53.3
2024-06-12 11:30:00,54.9
2024-06-12 11:45:00,54.6
2024-06-12 12:00:00,53.6
2024-06-12 12:15:00,53.3
2024-06-12 12:30:00,51.6
2024-06-12 12:45:00,52.8
2024-06-12 13:00:00,53.8
2024-06-12 13:15:00,
2024-06-12 13:30:00,51.0
2024-06-12 13:45:00,53.5
2024-06-12 14:00:00,50.5
2024-06-12 14:15:00,55.5
2024-06-12 14:30:00,51.8
2024-06-12 14:45:00,55.6
2024-06-12 15:00:00,49.8
2024-06-12 15:15:00,51.7
2024-06-12 15:30:00,52.9
2024-06-12 15:45:00,51.6
2024-06-12 16:00:00,51.1
2024-06-12 16:15:00,52.0
2024-06-12 16:30:00,
2024-06-12 16:45:00,53.4
2024-06-12 17:00:00,49.8
2024-06-12 17:15:00,56.2
2024-06-12 17:30:00,51.3
2024-06-12 17:45:00,51.1
2024-06-12 18:00:00,49.6
2024-06-12 18:15:00,83.36809579892808
2024-06-12 18:30:00,56.6
2024-06-12 18:45:00,50.8
2024-06-12 19:00:00,
2024-06-12 19:15:00,53.3
2024-06-12 19:30:00,54.6
2024-06-12 19:45:00,49.0
2024-06-12 20:00:00,57.5
2024-06-12 20:15:00,57.1
2024-06-12 20:30:00,53.9
2024-06-12 20:45:00,55.6
2024-06-12 21:00:00,54.7
2024-06-12 21:15:00,
2024-06-12 21:30:00,53.5
2024-06-12 21:45:00,31.027763614293633
2024-06-12 22:00:00,52.4
2024-06-12 22:15:00,52.0
2024-06-12 22:30:00,51.4
2024-06-12 22:45:00,
2024-06-12 23:00:00,58.2
2024-06-12 23:15:00,54.2
2024-06-12 23:30:00,52.2
2024-06-12 23:45:00,51.5
2024-06-13 00:00:00,52.5
2024-06-13 00:15:00,58.8
2024-06-13 00:30:00,53.7
2024-06-13 00:45:00,55.2
2024-06-13 01:00:00,52.1
2024-06-13 01:15:00,55.0
2024-06-13 01:30:00,
2024-06-13 01:45:00,56.8
2024-06-13 02:00:00,49.3
2024-06-13 02:15:00,57.79543561681205
2024-06-13 02:30:00,50.6
2024-06-13 02:45:00,49.2
2024-06-13 03:00:00,51.9
2024-06-13 03:15:00,48.3
2024-06-13 03:30:00,47.5
2024-06-13 03:45:00,50.2
2024-06-13 04:00:00,47.7
2024-06-13 04:15:00,
2024-06-13 04:30:00,49.8
2024-06-13 04:45:00,50.7
2024-06-13 05:00:00,51.3
2024-06-13 05:15:00,50.6
2024-06-13 05:30:00,52.4
2024-06-13 05:45:00,
2024-06-13 06:00:00,49.0
2024-06-13 06:15:00,52.0
2024-06-13 06:30:00,49.5
2024-06-13 06:45:00,51.0
2024-06-13 07:00:00,49.7
2024-06-13 07:15:00,47.0
2024-06-13 07:30:00,49.8
2024-06-13 07:45:00,48.2
2024-06-13 08:00:00,46.7
2024-06-13 08:15:00,47.7
2024-06-13 08:30:00,49.5
2024-06-13 08:45:00,46.3
2024-06-13 09:00:00,48.4
2024-06-13 09:15:00,
2024-06-13 09:30:00,46.9
2024-06-13 09:45:00,46.1
2024-06-13 10:00:00,46.6
2024-06-13 10:15:00,46.3
2024-06-13 10:30:00,47.4
2024-06-13 10:45:00,48.3
2024-06-13 11:00:00,45.9
2024-06-13 11:15:00,47.6
2024-06-13 11:30:00,44.8
2024-06-13 11:45:00,47.4
2024-06-13 12:00:00,49.4
2024-06-13 12:15:00,47.1
2024-06-13 12:30:00,61.237608861746324
2024-06-13 12:45:00,61.737608861746324
2024-06-13 13:00:00,64.63760886174633
2024-06-13 13:15:00,46.8
2024-06-13 13:30:00,46.1
2024-06-13 13:45:00,48.2
2024-06-13 14:00:00,
2024-06-13 14:15:00,42.8
2024-06-13 14:30:00,47.5
2024-06-13 14:45:00,43.2
2024-06-13 15:00:00,46.1
2024-06-13 15:15:00,
2024-06-13 15:30:00,45.4
2024-06-13 15:45:00,44.0
2024-06-13 16:00:00,47.5
2024-06-13 16:15:00,46.4
2024-06-13 16:30:00,45.6
2024-06-13 16:45:00,45.9
2024-06-13 17:00:00,43.7
2024-06-13 17:15:00,45.2
2024-06-13 17:30:00,48.8
2024-06-13 17:45:00,44.6
2024-06-13 18:00:00,52.14101519067424
2024-06-13 18:15:00,48.441015190674236
2024-06-13 18:30:00,50.341015190674234
2024-06-13 18:45:00,
2024-06-13 19:00:00,45.8
2024-06-13 19:15:00,
2024-06-13 19:30:00,43.9
2024-06-13 19:45:00,47.5
2024-06-13 20:00:00,43.8
2024-06-13 20:15:00,41.0
2024-06-13 20:30:00,42.7
2024-06-13 20:45:00,45.3
2024-06-13 21:00:00,43.2
2024-06-13 21:15:00,45.3
2024-06-13 21:30:00,45.7
2024-06-13 21:45:00,
2024-06-13 22:00:00,47.0
2024-06-13 22:15:00,44.3
2024-06-13 22:30:00,
2024-06-13 22:45:00,44.3
2024-06-13 23:00:00,48.3
2024-06-13 23:15:00,45.0
2024-06-13 23:30:00,41.9
2024-06-13 23:45:00,44.1
2024-06-14 00:00:00,46.0
2024-06-14 00:15:00,45.8
2024-06-14 00:30:00,46.1
2024-06-14 00:45:00,46.4
2024-06-14 01:00:00,43.0
2024-06-14 01:15:00,46.3
2024-06-14 01:30:00,46.7
2024-06-14 01:45:00,44.1
2024-06-14 02:00:00,44.4
2024-06-14 02:15:00,43.4
2024-06-14 02:30:00,44.7
2024-06-14 02:45:00,
2024-06-14 03:00:00,
2024-06-14 03:15:00,
2024-06-14 03:30:00,
2024-06-14 03:45:00,
2024-06-14 04:00:00,
2024-06-14 04:15:00,
2024-06-14 04:30:00,
2024-06-14 04:45:00,
2024-06-14 05:00:00,
2024-06-14 05:15:00,
2024-06-14 05:30:00,
2024-06-14 05:45:00,
2024-06-14 06:00:00,
2024-06-14 06:15:00,54.5
2024-06-14 06:30:00,53.5
2024-06-14 06:45:00,51.4
2024-06-14 07:00:00,50.8
2024-06-14 07:15:00,48.9
2024-06-14 07:30:00,42.2
2024-06-14 07:45:00,45.2
2024-06-14 08:00:00,43.6
2024-06-14 08:15:00,45.6
2024-06-14 08:30:00,42.1
2024-06-14 08:45:00,43.4
2024-06-14 09:00:00,
2024-06-14 09:15:00,
2024-06-14 09:30:00,
2024-06-14 09:45:00,
2024-06-14 10:00:00,
2024-06-14 10:15:00,
2024-06-14 10:30:00,
2024-06-14 10:45:00,
2024-06-14 11:00:00,
2024-06-14 11:15:00,
2024-06-14 11:30:00,
2024-06-14 11:45:00,
2024-06-14 12:00:00,
2024-06-14 12:15:00,
2024-06-14 12:30:00,
2024-06-14 12:45:00,
2024-06-14 13:00:00,
2024-06-14 13:15:00,
2024-06-14 13:30:00,
2024-06-14 13:45:00,
2024-06-14 14:00:00,
2024-06-14 14:15:00,
2024-06-14 14:30:00,
2024-06-14 14:45:00,
2024-06-14 15:00:00,42.6
2024-06-14 15:15:00,43.3
2024-06-14 15:30:00,45.9
2024-06-14 15:45:00,46.0
2024-06-14 16:00:00,43.0
2024-06-14 16:15:00,48.8
2024-06-14 16:30:00,46.2
2024-06-14 16:45:00,44.8
2024-06-14 17:00:00,44.5
2024-06-14 17:15:00,45.2
2024-06-14 17:30:00,43.0
2024-06-14 17:45:00,45.1
2024-06-14 18:00:00,46.4
2024-06-14 18:15:00,44.8
2024-06-14 18:30:00,42.8
2024-06-14 18:45:00,43.7
2024-06-14 19:00:00,43.8
2024-06-14 19:15:00,46.9
2024-06-14 19:30:00,45.5
2024-06-14 19:45:00,
2024-06-14 20:00:00,47.7
2024-06-14 20:15:00,41.8
2024-06-14 20:30:00,45.5
2024-06-14 20:45:00,44.4
2024-06-14 21:00:00,43.9
2024-06-14 21:15:00,46.1
2024-06-14 21:30:00,44.9
2024-06-14 21:45:00,46.2
2024-06-14 22:00:00,43.4
2024-06-14 22:15:00,47.2
2024-06-14 22:30:00,45.2
2024-06-14 22:45:00,43.1
2024-06-14 23:00:00,42.5
2024-06-14 23:15:00,46.2
2024-06-14 23:30:00,42.7
2024-06-14 23:45:00,
2024-06-15 00:00:00,46.8
2024-06-15 00:15:00,47.2
2024-06-15 00:30:00,44.3
2024-06-15 00:45:00,
2024-06-15 01:00:00,46.8
2024-06-15 01:15:00,44.5
2024-06-15 01:30:00,43.4
2024-06-15 01:45:00,44.0
2024-06-15 02:00:00,43.1
2024-06-15 02:15:00,43.4
2024-06-15 02:30:00,
2024-06-15 02:45:00,43.0
2024-06-15 03:00:00,44.8
2024-06-15 03:15:00,44.0
2024-06-15 03:30:00,44.6
2024-06-15 03:45:00,45.3
2024-06-15 04:00:00,44.9
2024-06-15 04:15:00,46.6
2024-06-15 04:30:00,45.3
2024-06-15 04:45:00,45.1
2024-06-15 05:00:00,43.1
2024-06-15 05:15:00,41.3
2024-06-15 05:30:00,
2024-06-15 05:45:00,42.6
2024-06-15 06:00:00,
2024-06-15 06:15:00,
2024-06-15 06:30:00,
2024-06-15 06:45:00,
2024-06-15 07:00:00,
2024-06-15 07:15:00,
2024-06-15 07:30:00,
2024-06-15 07:45:00,
2024-06-15 08:00:00,
2024-06-15 08:15:00,
2024-06-15 08:30:00,
2024-06-15 08:45:00,
2024-06-15 09:00:00,
2024-06-15 09:15:00,
2024-06-15 09:30:00,
2024-06-15 09:45:00,
2024-06-15 10:00:00,
2024-06-15 10:15:00,
2024-06-15 10:30:00,50.7
2024-06-15 10:45:00,44.2
2024-06-15 11:00:00,43.6
2024-06-15 11:15:00,45.5
2024-06-15 11:30:00,46.2
2024-06-15 11:45:00,47.5
2024-06-15 12:00:00,46.2
2024-06-15 12:15:00,
2024-06-15 12:30:00,49.5
2024-06-15 12:45:00,52.0
2024-06-15 13:00:00,47.8
2024-06-15 13:15:00,46.8
2024-06-15 13:30:00,47.9
2024-06-15 13:45:00,42.7
2024-06-15 14:00:00,46.6
2024-06-15 14:15:00,
2024-06-15 14:30:00,42.8
2024-06-15 14:45:00,46.7
2024-06-15 15:00:00,54.0
2024-06-15 15:15:00,46.2
2024-06-15 15:30:00,44.7
2024-06-15 15:45:00,47.5
2024-06-15 16:00:00,46.9
2024-06-15 16:15:00,47.1
2024-06-15 16:30:00,47.9
2024-06-15 16:45:00,52.1
2024-06-15 17:00:00,43.7
2024-06-15 17:15:00,44.6
2024-06-15 17:30:00,49.6
2024-06-15 17:45:00,45.2
2024-06-15 18:00:00,42.1
2024-06-15 18:15:00,41.7
2024-06-15 18:30:00,43.6
2024-06-15 18:45:00,
2024-06-15 19:00:00,
2024-06-15 19:15:00,44.9
2024-06-15 19:30:00,43.4
2024-06-15 19:45:00,47.0
2024-06-15 20:00:00,50.6
2024-06-15 20:15:00,44.5
2024-06-15 20:30:00,50.2
2024-06-15 20:45:00,49.3
2024-06-15 21:00:00,45.4
2024-06-15 21:15:00,43.9
2024-06-15 21:30:00,47.9
2024-06-15 21:45:00,44.3
2024-06-15 22:00:00,58.47056743940197
2024-06-15 22:15:00,57.770567439401965
2024-06-15 22:30:00,55.97056743940197
2024-06-15 22:45:00,58.2
2024-06-15 23:00:00,48.2
2024-06-15 23:15:00,48.4
2024-06-15 23:30:00,50.7
2024-06-15 23:45:00,52.8
2024-06-16 00:00:00,57.6
2024-06-16 00:15:00,52.6
2024-06-16 00:30:00,51.6
2024-06-16 00:45:00,
2024-06-16 01:00:00,
2024-06-16 01:15:00,
2024-06-16 01:30:00,
2024-06-16 01:45:00,
2024-06-16 02:00:00,
2024-06-16 02:15:00,
2024-06-16 02:30:00,
2024-06-16 02:45:00,
2024-06-16 03:00:00,
2024-06-16 03:15:00,
2024-06-16 03:30:00,47.9
2024-06-16 03:45:00,52.2
2024-06-16 04:00:00,51.8
2024-06-16 04:15:00,53.3
2024-06-16 04:30:00,62.9
2024-06-16 04:45:00,57.4
2024-06-16 05:00:00,69.8
2024-06-16 05:15:00,75.1
2024-06-16 05:30:00,87.4
2024-06-16 05:45:00,97.0
2024-06-16 06:00:00,114.0
2024-06-16 06:15:00,117.0
2024-06-16 06:30:00,126.0
2024-06-16 06:45:00,128.0
2024-06-16 07:00:00,137.0
2024-06-16 07:15:00,156.0
2024-06-16 07:30:00,
2024-06-16 07:45:00,154.0
2024-06-16 08:00:00,176.0
2024-06-16 08:15:00,162.0
2024-06-16 08:30:00,147.0
2024-06-16 08:45:00,165.0
2024-06-16 09:00:00,161.0
2024-06-16 09:15:00,151.0
2024-06-16 09:30:00,151.0
2024-06-16 09:45:00,157.0
2024-06-16 10:00:00,152.0
2024-06-16 10:15:00,138.0
2024-06-16 10:30:00,147.0
2024-06-16 10:45:00,127.0
2024-06-16 11:00:00,125.0
2024-06-16 11:15:00,122.0
2024-06-16 11:30:00,
2024-06-16 11:45:00,
2024-06-16 12:00:00,100.0
2024-06-16 12:15:00,109.0
2024-06-16 12:30:00,111.0
2024-06-16 12:45:00,100.0
2024-06-16 13:00:00,102.0
2024-06-16 13:15:00,89.7
2024-06-16 13:30:00,93.1
2024-06-16 13:45:00,86.6
2024-06-16 14:00:00,86.9
2024-06-16 14:15:00,82.9
2024-06-16 14:30:00,78.7
2024-06-16 14:45:00,78.9
2024-06-16 15:00:00,78.5
2024-06-16 15:15:00,24.29362483579731
2024-06-16 15:30:00,21.29362483579731
2024-06-16 15:45:00,73.5
2024-06-16 16:00:00,65.4
2024-06-16 16:15:00,62.6
2024-06-16 16:30:00,85.1
2024-06-16 16:45:00,73.7
2024-06-16 17:00:00,65.8
2024-06-16 17:15:00,69.3
2024-06-16 17:30:00,67.4
2024-06-16 17:45:00,64.7
2024-06-16 18:00:00,64.0
2024-06-16 18:15:00,66.6
2024-06-16 18:30:00,63.8
2024-06-16 18:45:00,71.3
2024-06-16 19:00:00,68.9
2024-06-16 19:15:00,78.2
2024-06-16 19:30:00,77.6
2024-06-16 19:45:00,81.3
2024-06-16 20:00:00,0.0
2024-06-16 20:15:00,0.0
2024-06-16 20:30:00,0.0
2024-06-16 20:45:00,101.0
2024-06-16 21:00:00,106.0
2024-06-16 21:15:00,
2024-06-16 21:30:00,109.0
2024-06-16 21:45:00,114.0
2024-06-16 22:00:00,122.0
2024-06-16 22:15:00,134.0
2024-06-16 22:30:00,126.0
2024-06-16 22:45:00,130.0
2024-06-16 23:00:00,142.0
2024-06-16 23:15:00,137.0
2024-06-16 23:30:00,147.0
2024-06-16 23:45:00,164.0
2024-06-17 00:00:00,160.0
2024-06-17 00:15:00,151.0
2024-06-17 00:30:00,152.0
2024-06-17 00:45:00,149.0
2024-06-17 01:00:00,153.0
2024-06-17 01:15:00,150.0
2024-06-17 01:30:00,152.0
2024-06-17 01:45:00,155.0
2024-06-17 02:00:00,147.0
2024-06-17 02:15:00,
2024-06-17 02:30:00,
2024-06-17 02:45:00,
2024-06-17 03:00:00,
2024-06-17 03:15:00,
2024-06-17 03:30:00,146.0
2024-06-17 03:45:00,145.0
2024-06-17 04:00:00,143.0
2024-06-17 04:15:00,143.0
2024-06-17 04:30:00,353.1538407618431
2024-06-17 04:45:00,353.1538407618431
2024-06-17 05:00:00,137.0
2024-06-17 05:15:00,130.0
2024-06-17 05:30:00,134.0
2024-06-17 05:45:00,131.0
2024-06-17 06:00:00,128.0
2024-06-17 06:15:00,130.0
2024-06-17 06:30:00,124.0
2024-06-17 06:45:00,122.0
2024-06-17 07:00:00,127.0
2024-06-17 07:15:00,126.0
2024-06-17 07:30:00,134.0
2024-06-17 07:45:00,124.0
2024-06-17 08:00:00,129.0
2024-06-17 08:15:00,130.0
2024-06-17 08:30:00,137.0
2024-06-17 08:45:00,133.0
2024-06-17 09:00:00,133.0
2024-06-17 09:15:00,231.2750938509629
2024-06-17 09:30:00,139.0
2024-06-17 09:45:00,131.0
2024-06-17 10:00:00,130.0
2024-06-17 10:15:00,137.0
2024-06-17 10:30:00,137.0
2024-06-17 10:45:00,137.0
2024-06-17 11:00:00,
2024-06-17 11:15:00,
2024-06-17 11:30:00,
2024-06-17 11:45:00,
2024-06-17 12:00:00,
2024-06-17 12:15:00,
2024-06-17 12:30:00,
2024-06-17 12:45:00,
2024-06-17 13:00:00,
2024-06-17 13:15:00,
2024-06-17 13:30:00,
2024-06-17 13:45:00,
2024-06-17 14:00:00,
2024-06-17 14:15:00,
2024-06-17 14:30:00,
2024-06-17 14:45:00,
2024-06-17 15:00:00,
2024-06-17 15:15:00,
2024-06-17 15:30:00,
2024-06-17 15:45:00,
2024-06-17 16:00:00,122.0
2024-06-17 16:15:00,129.0
2024-06-17 16:30:00,114.0
2024-06-17 16:45:00,120.0
2024-06-17 17:00:00,119.0
2024-06-17 17:15:00,122.0
2024-06-17 17:30:00,120.0
2024-06-17 17:45:00,107.0
2024-06-17 18:00:00,102.0
2024-06-17 18:15:00,109.0
2024-06-17 18:30:00,115.0
2024-06-17 18:45:00,119.0
2024-06-17 19:00:00,110.0
2024-06-17 19:15:00,115.0
2024-06-17 19:30:00,
2024-06-17 19:45:00,
2024-06-17 20:00:00,
2024-06-17 20:15:00,
2024-06-17 20:30:00,
2024-06-17 20:45:00,
2024-06-17 21:00:00,
2024-06-17 21:15:00,
2024-06-17 21:30:00,
2024-06-17 21:45:00,
2024-06-17 22:00:00,
2024-06-17 22:15:00,
2024-06-17 22:30:00,
2024-06-17 22:45:00,
2024-06-17 23:00:00,
2024-06-17 23:15:00,
2024-06-17 23:30:00,123.0
2024-06-17 23:45:00,116.0
2024-06-18 00:00:00,118.0
2024-06-18 00:15:00,121.0
2024-06-18 00:30:00,303.15197888467264
2024-06-18 00:45:00,299.15197888467264
2024-06-18 01:00:00,121.0
2024-06-18 01:15:00,123.0
2024-06-18 01:30:00,120.0
2024-06-18 01:45:00,124.0
2024-06-18 02:00:00,123.0
2024-06-18 02:15:00,124.0
2024-06-18 02:30:00,126.0
2024-06-18 02:45:00,123.0
2024-06-18 03:00:00,135.0
2024-06-18 03:15:00,133.0
2024-06-18 03:30:00,132.0
2024-06-18 03:45:00,139.0
2024-06-18 04:00:00,125.0
2024-06-18 04:15:00,129.0
2024-06-18 04:30:00,127.0
2024-06-18 04:45:00,127.0
2024-06-18 05:00:00,
2024-06-18 05:15:00,124.0
2024-06-18 05:30:00,126.0
2024-06-18 05:45:00,123.0
2024-06-18 06:00:00,131.0
2024-06-18 06:15:00,122.0
2024-06-18 06:30:00,132.0
2024-06-18 06:45:00,132.0
2024-06-18 07:00:00,132.0
2024-06-18 07:15:00,132.0
2024-06-18 07:30:00,132.0
2024-06-18 07:45:00,132.0
2024-06-18 08:00:00,132.0
2024-06-18 08:15:00,132.0
2024-06-18 08:30:00,132.0
2024-06-18 08:45:00,132.0
2024-06-18 09:00:00,132.0
2024-06-18 09:15:00,132.0
2024-06-18 09:30:00,132.0
2024-06-18 09:45:00,108.0
2024-06-18 10:00:00,109.0
2024-06-18 10:15:00,109.0
2024-06-18 10:30:00,106.0
2024-06-18 10:45:00,106.0
2024-06-18 11:00:00,101.0
2024-06-18 11:15:00,105.0
2024-06-18 11:30:00,100.0
2024-06-18 11:45:00,98.1
2024-06-18 12:00:00,99.2
2024-06-18 12:15:00,98.2
2024-06-18 12:30:00,95.1
2024-06-18 12:45:00,93.6
2024-06-18 13:00:00,96.3
2024-06-18 13:15:00,88.5
2024-06-18 13:30:00,92.1
2024-06-18 13:45:00,91.1
2024-06-18 14:00:00,98.4
2024-06-18 14:15:00,92.4
2024-06-18 14:30:00,88.6
2024-06-18 14:45:00,83.6
2024-06-18 15:00:00,84.7
2024-06-18 15:15:00,89.2
2024-06-18 15:30:00,84.7
2024-06-18 15:45:00,81.4
2024-06-18 16:00:00,86.9
2024-06-18 16:15:00,85.9
2024-06-18 16:30:00,79.5
2024-06-18 16:45:00,118.58717826879356
2024-06-18 17:00:00,115.58717826879356
2024-06-18 17:15:00,115.38717826879355
2024-06-18 17:30:00,77.7
2024-06-18 17:45:00,74.4
2024-06-18 18:00:00,75.4
2024-06-18 18:15:00,72.5
2024-06-18 18:30:00,78.8
2024-06-18 18:45:00,69.6
2024-06-18 19:00:00,73.4
2024-06-18 19:15:00,71.0
2024-06-18 19:30:00,69.6
2024-06-18 19:45:00,67.3
2024-06-18 20:00:00,68.9
2024-06-18 20:15:00,64.4
2024-06-18 20:30:00,67.2
2024-06-18 20:45:00,71.3
2024-06-18 21:00:00,72.3
2024-06-18 21:15:00,69.9
2024-06-18 21:30:00,65.6
2024-06-18 21:45:00,66.3
2024-06-18 22:00:00,
2024-06-18 22:15:00,65.2
2024-06-18 22:30:00,63.2
2024-06-18 22:45:00,65.8
2024-06-18 23:00:00,62.2
2024-06-18 23:15:00,62.2
2024-06-18 23:30:00,59.3
2024-06-18 23:45:00,63.6
2024-06-19 00:00:00,66.4
2024-06-19 00:15:00,62.4
2024-06-19 00:30:00,55.8
2024-06-19 00:45:00,59.5
2024-06-19 01:00:00,58.7
2024-06-19 01:15:00,56.9
2024-06-19 01:30:00,60.2
2024-06-19 01:45:00,53.5
2024-06-19 02:00:00,55.6
2024-06-19 02:15:00,55.5
2024-06-19 02:30:00,55.4
2024-06-19 02:45:00,56.3
2024-06-19 03:00:00,53.4
2024-06-19 03:15:00,56.1
2024-06-19 03:30:00,54.2
2024-06-19 03:45:00,53.3
2024-06-19 04:00:00,56.8
2024-06-19 04:15:00,60.6
2024-06-19 04:30:00,56.3
2024-06-19 04:45:00,54.9
2024-06-19 05:00:00,53.2
2024-06-19 05:15:00,
2024-06-19 05:30:00,
2024-06-19 05:45:00,
2024-06-19 06:00:00,
2024-06-19 06:15:00,
2024-06-19 06:30:00,
2024-06-19 06:45:00,
2024-06-19 07:00:00,
2024-06-19 07:15:00,
2024-06-19 07:30:00,
2024-06-19 07:45:00,
2024-06-19 08:00:00,
2024-06-19 08:15:00,
2024-06-19 08:30:00,54.5
2024-06-19 08:45:00,52.9
2024-06-19 09:00:00,54.3
2024-06-19 09:15:00,50.4
2024-06-19 09:30:00,52.6
2024-06-19 09:45:00,55.6
2024-06-19 10:00:00,50.4
2024-06-19 10:15:00,53.7
2024-06-19 10:30:00,59.3
2024-06-19 10:45:00,62.5
2024-06-19 11:00:00,53.7
2024-06-19 11:15:00,0.0
2024-06-19 11:30:00,53.2
2024-06-19 11:45:00,48.8
2024-06-19 12:00:00,48.9
2024-06-19 12:15:00,53.8
2024-06-19 12:30:00,51.8
2024-06-19 12:45:00,54.1
2024-06-19 13:00:00,51.8
2024-06-19 13:15:00,54.1
2024-06-19 13:30:00,54.2
2024-06-19 13:45:00,53.2
2024-06-19 14:00:00,58.1
2024-06-19 14:15:00,58.8
2024-06-19 14:30:00,63.9
2024-06-19 14:45:00,71.3
2024-06-19 15:00:00,76.8
2024-06-19 15:15:00,73.1
2024-06-19 15:30:00,72.6
2024-06-19 15:45:00,70.6
2024-06-19 16:00:00,81.9
2024-06-19 16:15:00,87.3
2024-06-19 16:30:00,101.0
2024-06-19 16:45:00,112.0
2024-06-19 17:00:00,118.0
2024-06-19 17:15:00,123.0
2024-06-19 17:30:00,135.0
2024-06-19 17:45:00,134.0
2024-06-19 18:00:00,154.0
2024-06-19 18:15:00,164.0
2024-06-19 18:30:00,496.22964330059784
2024-06-19 18:45:00,203.0
2024-06-19 19:00:00,238.0
2024-06-19 19:15:00,280.0
2024-06-19 19:30:00,293.0
2024-06-19 19:45:00,338.0
2024-06-19 20:00:00,357.0
2024-06-19 20:15:00,406.0
2024-06-19 20:30:00,417.0
2024-06-19 20:45:00,436.0
2024-06-19 21:00:00,461.0
2024-06-19 21:15:00,
2024-06-19 21:30:00,
2024-06-19 21:45:00,
2024-06-19 22:00:00,
2024-06-19 22:15:00,
2024-06-19 22:30:00,
2024-06-19 22:45:00,
2024-06-19 23:00:00,
2024-06-19 23:15:00,
2024-06-19 23:30:00,513.0
2024-06-19 23:45:00,539.0
2024-06-20 00:00:00,534.0
2024-06-20 00:15:00,552.0
2024-06-20 00:30:00,552.0
2024-06-20 00:45:00,551.0
2024-06-20 01:00:00,550.0
2024-06-20 01:15:00,543.0
2024-06-20 01:30:00,542.0
2024-06-20 01:45:00,546.0
2024-06-20 02:00:00,551.0
2024-06-20 02:15:00,
2024-06-20 02:30:00,
2024-06-20 02:45:00,
2024-06-20 03:00:00,
2024-06-20 03:15:00,
2024-06-20 03:30:00,
2024-06-20 03:45:00,
2024-06-20 04:00:00,
2024-06-20 04:15:00,505.0
2024-06-20 04:30:00,463.0
2024-06-20 04:45:00,462.0
2024-06-20 05:00:00,446.0
2024-06-20 05:15:00,444.0
2024-06-20 05:30:00,439.0
2024-06-20 05:45:00,440.0
2024-06-20 06:00:00,618.7827038232824
2024-06-20 06:15:00,620.7827038232824
2024-06-20 06:30:00,452.0
2024-06-20 06:45:00,461.0
2024-06-20 07:00:00,461.0
2024-06-20 07:15:00,454.0
2024-06-20 07:30:00,
2024-06-20 07:45:00,
2024-06-20 08:00:00,
2024-06-20 08:15:00,
2024-06-20 08:30:00,
2024-06-20 08:45:00,472.0
2024-06-20 09:00:00,493.0
2024-06-20 09:15:00,519.0
2024-06-20 09:30:00,519.0
2024-06-20 09:45:00,519.0
2024-06-20 10:00:00,540.0
2024-06-20 10:15:00,502.0
2024-06-20 10:30:00,517.0
2024-06-20 10:45:00,519.0
2024-06-20 11:00:00,506.0
2024-06-20 11:15:00,505.0
2024-06-20 11:30:00,507.0
2024-06-20 11:45:00,481.0
2024-06-20 12:00:00,520.0
2024-06-20 12:15:00,486.0
2024-06-20 12:30:00,473.0
2024-06-20 12:45:00,478.0
2024-06-20 13:00:00,491.0
2024-06-20 13:15:00,481.0
2024-06-20 13:30:00,466.0
2024-06-20 13:45:00,465.0
2024-06-20 14:00:00,466.0
2024-06-20 14:15:00,450.0
2024-06-20 14:30:00,464.0
2024-06-20 14:45:00,452.0
2024-06-20 15:00:00,457.0
2024-06-20 15:15:00,449.0
2024-06-20 15:30:00,441.0
2024-06-20 15:45:00,458.0
2024-06-20 16:00:00,442.0
2024-06-20 16:15:00,444.0
2024-06-20 16:30:00,436.0
2024-06-20 16:45:00,426.0
2024-06-20 17:00:00,433.0
2024-06-20 17:15:00,406.0
2024-06-20 17:30:00,408.0
2024-06-20 17:45:00,415.0
2024-06-20 18:00:00,418.0
2024-06-20 18:15:00,421.0
2024-06-20 18:30:00,402.0
2024-06-20 18:45:00,389.0
2024-06-20 19:00:00,399.0
2024-06-20 19:15:00,
2024-06-20 19:30:00,
2024-06-20 19:45:00,
2024-06-20 20:00:00,
2024-06-20 20:15:00,
2024-06-20 20:30:00,
2024-06-20 20:45:00,
2024-06-20 21:00:00,
2024-06-20 21:15:00,
2024-06-20 21:30:00,
2024-06-20 21:45:00,
2024-06-20 22:00:00,
2024-06-20 22:15:00,
2024-06-20 22:30:00,
2024-06-20 22:45:00,
2024-06-20 23:00:00,
2024-06-20 23:15:00,303.0
2024-06-20 23:30:00,288.0
2024-06-20 23:45:00,289.0
2024-06-21 00:00:00,290.0
2024-06-21 00:15:00,298.0
2024-06-21 00:30:00,620.2196544653185
2024-06-21 00:45:00,628.2196544653185
2024-06-21 01:00:00,612.2196544653185
2024-06-21 01:15:00,279.0
2024-06-21 01:30:00,274.0
2024-06-21 01:45:00,284.0
2024-06-21 02:00:00,278.0
2024-06-21 02:15:00,251.0
2024-06-21 02:30:00,272.0
2024-06-21 02:45:00,255.0
2024-06-21 03:00:00,263.0
2024-06-21 03:15:00,255.0
2024-06-21 03:30:00,252.0
2024-06-21 03:45:00,251.0
2024-06-21 04:00:00,244.0
2024-06-21 04:15:00,249.0
2024-06-21 04:30:00,249.0
2024-06-21 04:45:00,84.09050145135504
2024-06-21 05:00:00,89.09050145135504
2024-06-21 05:15:00,75.09050145135504
2024-06-21 05:30:00,232.0
2024-06-21 05:45:00,235.0
2024-06-21 06:00:00,223.0
2024-06-21 06:15:00,216.0
2024-06-21 06:30:00,
2024-06-21 06:45:00,
2024-06-21 07:00:00,
2024-06-21 07:15:00,
2024-06-21 07:30:00,
2024-06-21 07:45:00,
2024-06-21 08:00:00,
2024-06-21 08:15:00,
2024-06-21 08:30:00,
2024-06-21 08:45:00,
2024-06-21 09:00:00,
2024-06-21 09:15:00,
2024-06-21 09:30:00,
2024-06-21 09:45:00,
2024-06-21 10:00:00,
2024-06-21 10:15:00,
2024-06-21 10:30:00,
2024-06-21 10:45:00,163.0
2024-06-21 11:00:00,
2024-06-21 11:15:00,156.0
2024-06-21 11:30:00,156.0
2024-06-21 11:45:00,156.0
2024-06-21 12:00:00,147.0
2024-06-21 12:15:00,146.0
2024-06-21 12:30:00,152.0
2024-06-21 12:45:00,153.0
2024-06-21 13:00:00,151.0
2024-06-21 13:15:00,
2024-06-21 13:30:00,144.0
2024-06-21 13:45:00,147.0
2024-06-21 14:00:00,145.0
2024-06-21 14:15:00,138.0
2024-06-21 14:30:00,141.0
2024-06-21 14:45:00,146.0
2024-06-21 15:00:00,140.0
2024-06-21 15:15:00,150.0
2024-06-21 15:30:00,139.0
2024-06-21 15:45:00,144.0
2024-06-21 16:00:00,143.0
2024-06-21 16:15:00,142.0
2024-06-21 16:30:00,143.0
2024-06-21 16:45:00,144.0
2024-06-21 17:00:00,144.0
2024-06-21 17:15:00,142.0
2024-06-21 17:30:00,141.0
2024-06-21 17:45:00,
2024-06-21 18:00:00,143.0
2024-06-21 18:15:00,151.0
2024-06-21 18:30:00,141.0
2024-06-21 18:45:00,150.0
2024-06-21 19:00:00,141.0
2024-06-21 19:15:00,150.0
2024-06-21 19:30:00,140.0
2024-06-21 19:45:00,140.0
2024-06-21 20:00:00,140.0
2024-06-21 20:15:00,
2024-06-21 20:30:00,
2024-06-21 20:45:00,151.0
2024-06-21 21:00:00,153.0
2024-06-21 21:15:00,
2024-06-21 21:30:00,150.0
2024-06-21 21:45:00,159.0
2024-06-21 22:00:00,149.0
2024-06-21 22:15:00,152.0
2024-06-21 22:30:00,156.0
2024-06-21 22:45:00,
2024-06-21 23:00:00,151.0
2024-06-21 23:15:00,159.0
2024-06-21 23:30:00,
2024-06-21 23:45:00,160.0
2024-06-22 00:00:00,156.0
2024-06-22 00:15:00,160.0
2024-06-22 00:30:00,160.0
2024-06-22 00:45:00,155.0
2024-06-22 01:00:00,157.0
2024-06-22 01:15:00,160.0
2024-06-22 01:30:00,160.0
2024-06-22 01:45:00,158.0
2024-06-22 02:00:00,163.0
2024-06-22 02:15:00,163.0
2024-06-22 02:30:00,166.0
2024-06-22 02:45:00,159.0
2024-06-22 03:00:00,163.0
2024-06-22 03:15:00,162.0
2024-06-22 03:30:00,162.0
2024-06-22 03:45:00,
2024-06-22 04:00:00,162.0
2024-06-22 04:15:00,162.0
2024-06-22 04:30:00,162.0
2024-06-22 04:45:00,162.0
2024-06-22 05:00:00,162.0
2024-06-22 05:15:00,162.0
2024-06-22 05:30:00,162.0
2024-06-22 05:45:00,162.0
2024-06-22 06:00:00,162.0
2024-06-22 06:15:00,162.0
2024-06-22 06:30:00,
2024-06-22 06:45:00,162.0
2024-06-22 07:00:00,162.0
2024-06-22 07:15:00,162.0
2024-06-22 07:30:00,162.0
2024-06-22 07:45:00,162.0
2024-06-22 08:00:00,162.0
2024-06-22 08:15:00,162.0
2024-06-22 08:30:00,
2024-06-22 08:45:00,
2024-06-22 09:00:00,171.0
2024-06-22 09:15:00,176.0
2024-06-22 09:30:00,172.0
2024-06-22 09:45:00,174.0
2024-06-22 10:00:00,180.0
2024-06-22 10:15:00,173.0
2024-06-22 10:30:00,169.0
2024-06-22 10:45:00,178.0
2024-06-22 11:00:00,170.0
2024-06-22 11:15:00,182.0
2024-06-22 11:30:00,
2024-06-22 11:45:00,177.0
2024-06-22 12:00:00,179.0
2024-06-22 12:15:00,173.0
2024-06-22 12:30:00,
2024-06-22 12:45:00,181.0
2024-06-22 13:00:00,183.0
2024-06-22 13:15:00,179.0
2024-06-22 13:30:00,175.0
2024-06-22 13:45:00,190.0
2024-06-22 14:00:00,190.0
2024-06-22 14:15:00,
2024-06-22 14:30:00,184.0
2024-06-22 14:45:00,179.0
2024-06-22 15:00:00,193.0
2024-06-22 15:15:00,183.0
2024-06-22 15:30:00,189.0
2024-06-22 15:45:00,190.0
2024-06-22 16:00:00,192.0
2024-06-22 16:15:00,190.0
2024-06-22 16:30:00,
2024-06-22 16:45:00,185.0
2024-06-22 17:00:00,193.0
2024-06-22 17:15:00,194.0
2024-06-22 17:30:00,195.0
2024-06-22 17:45:00,
2024-06-22 18:00:00,186.0
2024-06-22 18:15:00,197.0
2024-06-22 18:30:00,196.0
2024-06-22 18:45:00,189.0
2024-06-22 19:00:00,224.0
2024-06-22 19:15:00,212.0
2024-06-22 19:30:00,201.0
2024-06-22 19:45:00,198.0
2024-06-22 20:00:00,193.0
2024-06-22 20:15:00,195.0
2024-06-22 20:30:00,189.0
2024-06-22 20:45:00,200.0
2024-06-22 21:00:00,202.0
2024-06-22 21:15:00,194.0
2024-06-22 21:30:00,384.15716101003363
2024-06-22 21:45:00,385.15716101003363
2024-06-22 22:00:00,382.15716101003363
2024-06-22 22:15:00,206.0
2024-06-22 22:30:00,199.0
2024-06-22 22:45:00,204.0
2024-06-22 23:00:00,197.0
2024-06-22 23:15:00,200.0
2024-06-22 23:30:00,
2024-06-22 23:45:00,196.0
2024-06-23 00:00:00,192.0
2024-06-23 00:15:00,193.0
2024-06-23 00:30:00,188.0
2024-06-23 00:45:00,199.0
2024-06-23 01:00:00,
2024-06-23 01:15:00,193.0
2024-06-23 01:30:00,196.0
2024-06-23 01:45:00,192.0
2024-06-23 02:00:00,193.0
2024-06-23 02:15:00,195.0
2024-06-23 02:30:00,192.0
2024-06-23 02:45:00,194.0
2024-06-23 03:00:00,183.0
2024-06-23 03:15:00,
2024-06-23 03:30:00,
2024-06-23 03:45:00,
2024-06-23 04:00:00,
2024-06-23 04:15:00,
2024-06-23 04:30:00,
2024-06-23 04:45:00,177.0
2024-06-23 05:00:00,184.0
2024-06-23 05:15:00,182.0
2024-06-23 05:30:00,
2024-06-23 05:45:00,
2024-06-23 06:00:00,179.0
2024-06-23 06:15:00,178.0
2024-06-23 06:30:00,
2024-06-23 06:45:00,178.0
2024-06-23 07:00:00,180.0
2024-06-23 07:15:00,177.0
2024-06-23 07:30:00,178.0
2024-06-23 07:45:00,171.0
2024-06-23 08:00:00,
2024-06-23 08:15:00,174.0
2024-06-23 08:30:00,171.0
2024-06-23 08:45:00,
2024-06-23 09:00:00,167.0
2024-06-23 09:15:00,175.0
2024-06-23 09:30:00,168.0
2024-06-23 09:45:00,
2024-06-23 10:00:00,170.0
2024-06-23 10:15:00,165.0
2024-06-23 10:30:00,167.0
2024-06-23 10:45:00,
2024-06-23 11:00:00,169.0
2024-06-23 11:15:00,171.0
2024-06-23 11:30:00,
2024-06-23 11:45:00,163.0
2024-06-23 12:00:00,166.0
2024-06-23 12:15:00,162.0
2024-06-23 12:30:00,163.0
2024-06-23 12:45:00,164.0
2024-06-23 13:00:00,158.0
2024-06-23 13:15:00,161.0
2024-06-23 13:30:00,161.0
2024-06-23 13:45:00,164.0
2024-06-23 14:00:00,162.0
2024-06-23 14:15:00,158.0
2024-06-23 14:30:00,162.0
2024-06-23 14:45:00,160.0
2024-06-23 15:00:00,
2024-06-23 15:15:00,161.0
2024-06-23 15:30:00,160.0
2024-06-23 15:45:00,
2024-06-23 16:00:00,
2024-06-23 16:15:00,
2024-06-23 16:30:00,
2024-06-23 16:45:00,
2024-06-23 17:00:00,
2024-06-23 17:15:00,
2024-06-23 17:30:00,159.0
2024-06-23 17:45:00,158.0
2024-06-23 18:00:00,156.0
2024-06-23 18:15:00,
2024-06-23 18:30:00,159.0
2024-06-23 18:45:00,158.0
2024-06-23 19:00:00,164.0
2024-06-23 19:15:00,156.0
2024-06-23 19:30:00,166.0
2024-06-23 19:45:00,
2024-06-23 20:00:00,164.0
2024-06-23 20:15:00,161.0
2024-06-23 20:30:00,159.0
2024-06-23 20:45:00,163.0
2024-06-23 21:00:00,163.0
2024-06-23 21:15:00,154.0
2024-06-23 21:30:00,157.0
2024-06-23 21:45:00,
2024-06-23 22:00:00,
2024-06-23 22:15:00,161.0
2024-06-23 22:30:00,156.0
2024-06-23 22:45:00,
2024-06-23 23:00:00,150.0
2024-06-23 23:15:00,153.0
2024-06-23 23:30:00,155.0
2024-06-23 23:45:00,
2024-06-24 00:00:00,152.0
2024-06-24 00:15:00,
2024-06-24 00:30:00,
2024-06-24 00:45:00,149.0
2024-06-24 01:00:00,156.0
2024-06-24 01:15:00,153.0
2024-06-24 01:30:00,
2024-06-24 01:45:00,154.0
2024-06-24 02:00:00,148.0
2024-06-24 02:15:00,143.0
2024-06-24 02:30:00,144.0
2024-06-24 02:45:00,145.0
2024-06-24 03:00:00,147.0
2024-06-24 03:15:00,150.0
2024-06-24 03:30:00,
2024-06-24 03:45:00,146.0
2024-06-24 04:00:00,147.0
2024-06-24 04:15:00,145.0
2024-06-24 04:30:00,146.0
2024-06-24 04:45:00,146.0
2024-06-24 05:00:00,
2024-06-24 05:15:00,143.0
2024-06-24 05:30:00,145.0
2024-06-24 05:45:00,141.0
2024-06-24 06:00:00,
2024-06-24 06:15:00,140.0
2024-06-24 06:30:00,134.0
2024-06-24 06:45:00,132.0
2024-06-24 07:00:00,141.0
2024-06-24 07:15:00,135.0
2024-06-24 07:30:00,135.0
2024-06-24 07:45:00,132.0
2024-06-24 08:00:00,133.0
2024-06-24 08:15:00,139.0
2024-06-24 08:30:00,129.0
2024-06-24 08:45:00,
2024-06-24 09:00:00,134.0
2024-06-24 09:15:00,128.0
2024-06-24 09:30:00,125.0
2024-06-24 09:45:00,125.0
2024-06-24 10:00:00,129.0
2024-06-24 10:15:00,125.0
2024-06-24 10:30:00,122.0
2024-06-24 10:45:00,124.0
2024-06-24 11:00:00,127.0
2024-06-24 11:15:00,123.0
2024-06-24 11:30:00,130.0
2024-06-24 11:45:00,129.0
2024-06-24 12:00:00,120.0
2024-06-24 12:15:00,118.0
2024-06-24 12:30:00,121.0
2024-06-24 12:45:00,123.0
2024-06-24 13:00:00,115.0
2024-06-24 13:15:00,149.91688732137266
2024-06-24 13:30:00,125.0
2024-06-24 13:45:00,118.0
2024-06-24 14:00:00,119.0
2024-06-24 14:15:00,116.0
2024-06-24 14:30:00,121.0
2024-06-24 14:45:00,115.0
2024-06-24 15:00:00,117.0
2024-06-24 15:15:00,119.0
2024-06-24 15:30:00,119.0
2024-06-24 15:45:00,120.0
2024-06-24 16:00:00,120.0
2024-06-24 16:15:00,118.0
2024-06-24 16:30:00,117.0
2024-06-24 16:45:00,
2024-06-24 17:00:00,118.0
2024-06-24 17:15:00,119.0
2024-06-24 17:30:00,122.0
2024-06-24 17:45:00,116.0
2024-06-24 18:00:00,121.0
2024-06-24 18:15:00,117.0
2024-06-24 18:30:00,115.0
2024-06-24 18:45:00,
2024-06-24 19:00:00,
2024-06-24 19:15:00,
2024-06-24 19:30:00,
2024-06-24 19:45:00,
2024-06-24 20:00:00,
2024-06-24 20:15:00,116.0
2024-06-24 20:30:00,122.0
2024-06-24 20:45:00,122.0
2024-06-24 21:00:00,124.0
2024-06-24 21:15:00,126.0
2024-06-24 21:30:00,124.0
2024-06-24 21:45:00,123.0
2024-06-24 22:00:00,126.0
2024-06-24 22:15:00,123.0
2024-06-24 22:30:00,0.0
2024-06-24 22:45:00,0.0
2024-06-24 23:00:00,
2024-06-24 23:15:00,123.0
2024-06-24 23:30:00,121.0
2024-06-24 23:45:00,126.0
2024-06-25 00:00:00,124.0
2024-06-25 00:15:00,123.0
2024-06-25 00:30:00,127.0
2024-06-25 00:45:00,130.0
2024-06-25 01:00:00,133.0
2024-06-25 01:15:00,123.0
2024-06-25 01:30:00,129.0
2024-06-25 01:45:00,137.0
2024-06-25 02:00:00,127.0
2024-06-25 02:15:00,123.0
2024-06-25 02:30:00,133.0
2024-06-25 02:45:00,129.0
2024-06-25 03:00:00,133.0
2024-06-25 03:15:00,133.0
2024-06-25 03:30:00,133.0
2024-06-25 03:45:00,138.0
2024-06-25 04:00:00,133.0
2024-06-25 04:15:00,133.0
2024-06-25 04:30:00,140.0
2024-06-25 04:45:00,150.0
2024-06-25 05:00:00,140.0
2024-06-25 05:15:00,137.0
2024-06-25 05:30:00,149.0
2024-06-25 05:45:00,143.0
2024-06-25 06:00:00,139.0
2024-06-25 06:15:00,134.0
2024-06-25 06:30:00,141.0
2024-06-25 06:45:00,142.0
2024-06-25 07:00:00,146.0
2024-06-25 07:15:00,153.0
2024-06-25 07:30:00,165.0
2024-06-25 07:45:00,164.0
2024-06-25 08:00:00,156.0
2024-06-25 08:15:00,152.0
2024-06-25 08:30:00,172.0
2024-06-25 08:45:00,171.0
2024-06-25 09:00:00,167.0
2024-06-25 09:15:00,230.30915707766027
2024-06-25 09:30:00,235.30915707766027
2024-06-25 09:45:00,174.0
2024-06-25 10:00:00,190.0
2024-06-25 10:15:00,192.0
2024-06-25 10:30:00,191.0
2024-06-25 10:45:00,206.0
2024-06-25 11:00:00,222.0
2024-06-25 11:15:00,207.0
2024-06-25 11:30:00,218.0
2024-06-25 11:45:00,217.0
2024-06-25 12:00:00,231.0
2024-06-25 12:15:00,233.0
2024-06-25 12:30:00,231.0
2024-06-25 12:45:00,253.0
2024-06-25 13:00:00,251.0
2024-06-25 13:15:00,253.0
2024-06-25 13:30:00,263.0
2024-06-25 13:45:00,259.0
2024-06-25 14:00:00,269.0
2024-06-25 14:15:00,277.0
2024-06-25 14:30:00,279.0
2024-06-25 14:45:00,278.0
2024-06-25 15:00:00,290.0
2024-06-25 15:15:00,305.0
2024-06-25 15:30:00,300.0
2024-06-25 15:45:00,302.0
2024-06-25 16:00:00,
2024-06-25 16:15:00,307.0
2024-06-25 16:30:00,313.0
2024-06-25 16:45:00,314.0
2024-06-25 17:00:00,
2024-06-25 17:15:00,319.0
2024-06-25 17:30:00,323.0
2024-06-25 17:45:00,321.0
2024-06-25 18:00:00,327.0
2024-06-25 18:15:00,
2024-06-25 18:30:00,331.0
2024-06-25 18:45:00,329.0
2024-06-25 19:00:00,320.0
2024-06-25 19:15:00,317.0
2024-06-25 19:30:00,320.0
2024-06-25 19:45:00,321.0
2024-06-25 20:00:00,325.0
2024-06-25 20:15:00,318.0
2024-06-25 20:30:00,323.0
2024-06-25 20:45:00,331.0
2024-06-25 21:00:00,321.0
2024-06-25 21:15:00,320.0
2024-06-25 21:30:00,320.0
2024-06-25 21:45:00,323.0
2024-06-25 22:00:00,308.0
2024-06-25 22:15:00,312.0
2024-06-25 22:30:00,308.0
2024-06-25 22:45:00,313.0
2024-06-25 23:00:00,328.0
2024-06-25 23:15:00,318.0
2024-06-25 23:30:00,302.0
2024-06-25 23:45:00,
2024-06-26 00:00:00,
2024-06-26 00:15:00,
2024-06-26 00:30:00,
2024-06-26 00:45:00,
2024-06-26 01:00:00,
2024-06-26 01:15:00,
2024-06-26 01:30:00,
2024-06-26 01:45:00,296.0
2024-06-26 02:00:00,295.0
2024-06-26 02:15:00,301.0
2024-06-26 02:30:00,300.0
2024-06-26 02:45:00,289.0
2024-06-26 03:00:00,278.0
2024-06-26 03:15:00,290.0
2024-06-26 03:30:00,302.0
2024-06-26 03:45:00,302.0
2024-06-26 04:00:00,299.0
2024-06-26 04:15:00,299.0
2024-06-26 04:30:00,290.0
2024-06-26 04:45:00,298.0
2024-06-26 05:00:00,287.0
2024-06-26 05:15:00,303.0
2024-06-26 05:30:00,294.0
2024-06-26 05:45:00,296.0
2024-06-26 06:00:00,294.0
2024-06-26 06:15:00,293.0
2024-06-26 06:30:00,287.0
2024-06-26 06:45:00,285.0
2024-06-26 07:00:00,303.0
2024-06-26 07:15:00,285.0
2024-06-26 07:30:00,
2024-06-26 07:45:00,
2024-06-26 08:00:00,285.0
2024-06-26 08:15:00,381.679420522433
2024-06-26 08:30:00,378.679420522433
2024-06-26 08:45:00,385.679420522433
2024-06-26 09:00:00,291.0
2024-06-26 09:15:00,298.0
2024-06-26 09:30:00,285.0
2024-06-26 09:45:00,275.0
2024-06-26 10:00:00,276.0
2024-06-26 10:15:00,288.0
2024-06-26 10:30:00,315.0
2024-06-26 10:45:00,305.0
2024-06-26 11:00:00,312.0
2024-06-26 11:15:00,312.0
2024-06-26 11:30:00,306.0
2024-06-26 11:45:00,316.0
2024-06-26 12:00:00,335.0
2024-06-26 12:15:00,349.0
2024-06-26 12:30:00,357.0
2024-06-26 12:45:00,386.0
2024-06-26 13:00:00,354.0
2024-06-26 13:15:00,697.4407939866132
2024-06-26 13:30:00,394.0
2024-06-26 13:45:00,394.0
2024-06-26 14:00:00,393.0
2024-06-26 14:15:00,402.0
2024-06-26 14:30:00,401.0
2024-06-26 14:45:00,412.0
2024-06-26 15:00:00,411.0
2024-06-26 15:15:00,421.0
2024-06-26 15:30:00,414.0
2024-06-26 15:45:00,411.0
2024-06-26 16:00:00,412.0
2024-06-26 16:15:00,427.0
2024-06-26 16:30:00,430.0
2024-06-26 16:45:00,447.0
2024-06-26 17:00:00,455.0
2024-06-26 17:15:00,464.0
2024-06-26 17:30:00,480.0
2024-06-26 17:45:00,484.0
2024-06-26 18:00:00,504.0
2024-06-26 18:15:00,533.0
2024-06-26 18:30:00,514.0
2024-06-26 18:45:00,525.0
2024-06-26 19:00:00,543.0
2024-06-26 19:15:00,536.0
2024-06-26 19:30:00,535.0
2024-06-26 19:45:00,542.0
2024-06-26 20:00:00,299.6654220669386
2024-06-26 20:15:00,545.0
2024-06-26 20:30:00,544.0
2024-06-26 20:45:00,539.0
2024-06-26 21:00:00,539.0
2024-06-26 21:15:00,531.0
2024-06-26 21:30:00,539.0
2024-06-26 21:45:00,524.0
2024-06-26 22:00:00,
2024-06-26 22:15:00,
2024-06-26 22:30:00,
2024-06-26 22:45:00,
2024-06-26 23:00:00,
2024-06-26 23:15:00,
2024-06-26 23:30:00,490.0
2024-06-26 23:45:00,481.0
2024-06-27 00:00:00,467.0
2024-06-27 00:15:00,478.0
2024-06-27 00:30:00,472.0
2024-06-27 00:45:00,449.0
2024-06-27 01:00:00,458.0
2024-06-27 01:15:00,457.0
2024-06-27 01:30:00,444.0
2024-06-27 01:45:00,452.0
2024-06-27 02:00:00,446.0
2024-06-27 02:15:00,449.0
2024-06-27 02:30:00,443.0
2024-06-27 02:45:00,434.0
2024-06-27 03:00:00,443.0
2024-06-27 03:15:00,428.0
2024-06-27 03:30:00,428.0
2024-06-27 03:45:00,435.0
2024-06-27 04:00:00,418.0
2024-06-27 04:15:00,426.0
2024-06-27 04:30:00,412.0
2024-06-27 04:45:00,413.0
2024-06-27 05:00:00,408.0
2024-06-27 05:15:00,414.0
2024-06-27 05:30:00,407.0
2024-06-27 05:45:00,402.0
2024-06-27 06:00:00,404.0
2024-06-27 06:15:00,399.0
2024-06-27 06:30:00,400.0
2024-06-27 06:45:00,406.0
2024-06-27 07:00:00,393.0
2024-06-27 07:15:00,388.0
2024-06-27 07:30:00,426.0
2024-06-27 07:45:00,411.0
2024-06-27 08:00:00,409.0
2024-06-27 08:15:00,408.0
2024-06-27 08:30:00,391.0
2024-06-27 08:45:00,384.0
2024-06-27 09:00:00,389.0
2024-06-27 09:15:00,384.0
2024-06-27 09:30:00,384.0
2024-06-27 09:45:00,381.0
2024-06-27 10:00:00,372.0
2024-06-27 10:15:00,380.0
2024-06-27 10:30:00,380.0
2024-06-27 10:45:00,374.0
2024-06-27 11:00:00,373.0
2024-06-27 11:15:00,377.0
2024-06-27 11:30:00,370.0
2024-06-27 11:45:00,
2024-06-27 12:00:00,359.0
2024-06-27 12:15:00,
2024-06-27 12:30:00,362.0
2024-06-27 12:45:00,
2024-06-27 13:00:00,
2024-06-27 13:15:00,356.0
2024-06-27 13:30:00,347.0
2024-06-27 13:45:00,347.0
2024-06-27 14:00:00,348.0
2024-06-27 14:15:00,345.0
2024-06-27 14:30:00,341.0
2024-06-27 14:45:00,349.0
2024-06-27 15:00:00,334.0
2024-06-27 15:15:00,338.0
2024-06-27 15:30:00,337.0
2024-06-27 15:45:00,
2024-06-27 16:00:00,335.0
2024-06-27 16:15:00,334.0
2024-06-27 16:30:00,337.0
2024-06-27 16:45:00,327.0
2024-06-27 17:00:00,
2024-06-27 17:15:00,324.0
2024-06-27 17:30:00,
2024-06-27 17:45:00,325.0
2024-06-27 18:00:00,312.0
2024-06-27 18:15:00,318.0
2024-06-27 18:30:00,318.0
2024-06-27 18:45:00,314.0
2024-06-27 19:00:00,322.0
2024-06-27 19:15:00,
2024-06-27 19:30:00,
2024-06-27 19:45:00,
2024-06-27 20:00:00,
2024-06-27 20:15:00,
2024-06-27 20:30:00,
2024-06-27 20:45:00,
2024-06-27 21:00:00,
2024-06-27 21:15:00,
2024-06-27 21:30:00,
2024-06-27 21:45:00,
2024-06-27 22:00:00,
2024-06-27 22:15:00,
2024-06-27 22:30:00,
2024-06-27 22:45:00,296.0
2024-06-27 23:00:00,293.0
2024-06-27 23:15:00,292.0
2024-06-27 23:30:00,294.0
2024-06-27 23:45:00,286.0
2024-06-28 00:00:00,
2024-06-28 00:15:00,285.0
2024-06-28 00:30:00,
2024-06-28 00:45:00,287.0
2024-06-28 01:00:00,
2024-06-28 01:15:00,
2024-06-28 01:30:00,
2024-06-28 01:45:00,
2024-06-28 02:00:00,
2024-06-28 02:15:00,
2024-06-28 02:30:00,
2024-06-28 02:45:00,
2024-06-28 03:00:00,275.0
2024-06-28 03:15:00,280.0
2024-06-28 03:30:00,262.0
2024-06-28 03:45:00,266.0
2024-06-28 04:00:00,263.0
2024-06-28 04:15:00,264.0
2024-06-28 04:30:00,
2024-06-28 04:45:00,260.0
2024-06-28 05:00:00,262.0
2024-06-28 05:15:00,267.0
2024-06-28 05:30:00,265.0
2024-06-28 05:45:00,261.0
2024-06-28 06:00:00,260.0
2024-06-28 06:15:00,261.0
2024-06-28 06:30:00,254.0
2024-06-28 06:45:00,250.0
2024-06-28 07:00:00,243.0
2024-06-28 07:15:00,
2024-06-28 07:30:00,238.0
2024-06-28 07:45:00,251.0
2024-06-28 08:00:00,247.0
2024-06-28 08:15:00,237.0
2024-06-28 08:30:00,246.0
2024-06-28 08:45:00,246.0
2024-06-28 09:00:00,249.0
2024-06-28 09:15:00,241.0
2024-06-28 09:30:00,241.0
2024-06-28 09:45:00,
2024-06-28 10:00:00,240.0
2024-06-28 10:15:00,230.0
2024-06-28 10:30:00,
2024-06-28 10:45:00,245.0
2024-06-28 11:00:00,227.0
2024-06-28 11:15:00,307.3101272372872
2024-06-28 11:30:00,312.3101272372872
2024-06-28 11:45:00,306.3101272372872
2024-06-28 12:00:00,239.0
2024-06-28 12:15:00,236.0
2024-06-28 12:30:00,229.0
2024-06-28 12:45:00,228.0
2024-06-28 13:00:00,230.0
2024-06-28 13:15:00,
2024-06-28 13:30:00,223.0
2024-06-28 13:45:00,229.0
2024-06-28 14:00:00,
2024-06-28 14:15:00,
2024-06-28 14:30:00,221.0
2024-06-28 14:45:00,229.0
2024-06-28 15:00:00,214.0
2024-06-28 15:15:00,
2024-06-28 15:30:00,214.0
2024-06-28 15:45:00,214.0
2024-06-28 16:00:00,214.0
2024-06-28 16:15:00,214.0
2024-06-28 16:30:00,214.0
2024-06-28 16:45:00,214.0
2024-06-28 17:00:00,214.0
2024-06-28 17:15:00,214.0
2024-06-28 17:30:00,214.0
2024-06-28 17:45:00,214.0
2024-06-28 18:00:00,214.0
2024-06-28 18:15:00,214.0
2024-06-28 18:30:00,214.0
2024-06-28 18:45:00,214.0
2024-06-28 19:00:00,214.0
2024-06-28 19:15:00,214.0
2024-06-28 19:30:00,214.0
2024-06-28 19:45:00,214.0
2024-06-28 20:00:00,214.0
2024-06-28 20:15:00,214.0
2024-06-28 20:30:00,214.0
2024-06-28 20:45:00,
2024-06-28 21:00:00,
2024-06-28 21:15:00,214.0
2024-06-28 21:30:00,214.0
2024-06-28 21:45:00,214.0
2024-06-28 22:00:00,214.0
2024-06-28 22:15:00,214.0
2024-06-28 22:30:00,214.0
2024-06-28 22:45:00,214.0
2024-06-28 23:00:00,214.0
2024-06-28 23:15:00,214.0
2024-06-28 23:30:00,214.0
2024-06-28 23:45:00,214.0
2024-06-29 00:00:00,214.0
2024-06-29 00:15:00,214.0
2024-06-29 00:30:00,214.0
2024-06-29 00:45:00,214.0
2024-06-29 01:00:00,202.0
2024-06-29 01:15:00,202.0
2024-06-29 01:30:00,201.0
2024-06-29 01:45:00,209.0
2024-06-29 02:00:00,190.0
2024-06-29 02:15:00,191.0
2024-06-29 02:30:00,199.0
2024-06-29 02:45:00,202.0
2024-06-29 03:00:00,197.0
2024-06-29 03:15:00,208.0
2024-06-29 03:30:00,193.0
2024-06-29 03:45:00,199.0
2024-06-29 04:00:00,201.0
2024-06-29 04:15:00,202.0
2024-06-29 04:30:00,
2024-06-29 04:45:00,197.0
2024-06-29 05:00:00,198.0
2024-06-29 05:15:00,192.0
2024-06-29 05:30:00,189.0
2024-06-29 05:45:00,197.0
2024-06-29 06:00:00,190.0
2024-06-29 06:15:00,191.0
2024-06-29 06:30:00,195.0
2024-06-29 06:45:00,189.0
2024-06-29 07:00:00,195.0
2024-06-29 07:15:00,185.0
2024-06-29 07:30:00,179.0
2024-06-29 07:45:00,195.0
2024-06-29 08:00:00,192.0
2024-06-29 08:15:00,
2024-06-29 08:30:00,194.0
2024-06-29 08:45:00,192.0
2024-06-29 09:00:00,188.0
2024-06-29 09:15:00,188.0
2024-06-29 09:30:00,
2024-06-29 09:45:00,197.0
2024-06-29 10:00:00,191.0
2024-06-29 10:15:00,181.0
2024-06-29 10:30:00,181.0
2024-06-29 10:45:00,187.0
2024-06-29 11:00:00,186.0
2024-06-29 11:15:00,
2024-06-29 11:30:00,181.0
2024-06-29 11:45:00,188.0
2024-06-29 12:00:00,184.0
2024-06-29 12:15:00,184.0
2024-06-29 12:30:00,185.0
2024-06-29 12:45:00,191.0
2024-06-29 13:00:00,189.69215829852658
2024-06-29 13:15:00,196.69215829852658
2024-06-29 13:30:00,193.69215829852658
2024-06-29 13:45:00,173.0
2024-06-29 14:00:00,187.0
2024-06-29 14:15:00,180.0
2024-06-29 14:30:00,175.0
2024-06-29 14:45:00,
2024-06-29 15:00:00,
2024-06-29 15:15:00,172.0
2024-06-29 15:30:00,174.0
2024-06-29 15:45:00,175.0
2024-06-29 16:00:00,168.0
2024-06-29 16:15:00,172.0
2024-06-29 16:30:00,168.0
2024-06-29 16:45:00,177.0
2024-06-29 17:00:00,168.0
2024-06-29 17:15:00,171.0
2024-06-29 17:30:00,166.0
2024-06-29 17:45:00,161.0
2024-06-29 18:00:00,172.0
2024-06-29 18:15:00,170.0
2024-06-29 18:30:00,
2024-06-29 18:45:00,169.0
2024-06-29 19:00:00,175.0
2024-06-29 19:15:00,237.9068328708201
2024-06-29 19:30:00,234.9068328708201
2024-06-29 19:45:00,163.0
2024-06-29 20:00:00,172.0
2024-06-29 20:15:00,166.0
2024-06-29 20:30:00,164.0
2024-06-29 20:45:00,162.0
2024-06-29 21:00:00,162.0
2024-06-29 21:15:00,165.0
2024-06-29 21:30:00,162.0
2024-06-29 21:45:00,159.0
2024-06-29 22:00:00,149.0
2024-06-29 22:15:00,
2024-06-29 22:30:00,162.0
2024-06-29 22:45:00,158.0
2024-06-29 23:00:00,159.0
2024-06-29 23:15:00,155.0
2024-06-29 23:30:00,154.0
2024-06-29 23:45:00,
2024-06-30 00:00:00,155.0
2024-06-30 00:15:00,161.0
2024-06-30 00:30:00,149.0
2024-06-30 00:45:00,
2024-06-30 01:00:00,155.0
2024-06-30 01:15:00,165.0
2024-06-30 01:30:00,161.0
2024-06-30 01:45:00,160.0
2024-06-30 02:00:00,
2024-06-30 02:15:00,160.0
2024-06-30 02:30:00,154.0
2024-06-30 02:45:00,152.0
2024-06-30 03:00:00,147.0
2024-06-30 03:15:00,147.0
2024-06-30 03:30:00,157.0
2024-06-30 03:45:00,146.0
2024-06-30 04:00:00,
2024-06-30 04:15:00,148.0
2024-06-30 04:30:00,152.0
2024-06-30 04:45:00,158.0
2024-06-30 05:00:00,154.0
2024-06-30 05:15:00,154.0
2024-06-30 05:30:00,144.0
2024-06-30 05:45:00,155.0
2024-06-30 06:00:00,152.0
2024-06-30 06:15:00,147.0
2024-06-30 06:30:00,142.0
2024-06-30 06:45:00,153.0
2024-06-30 07:00:00,154.0
2024-06-30 07:15:00,155.0
2024-06-30 07:30:00,147.0
2024-06-30 07:45:00,
2024-06-30 08:00:00,148.0
2024-06-30 08:15:00,155.0
2024-06-30 08:30:00,156.0
2024-06-30 08:45:00,144.0
2024-06-30 09:00:00,
2024-06-30 09:15:00,140.0
2024-06-30 09:30:00,153.0
2024-06-30 09:45:00,221.9227913882375
2024-06-30 10:00:00,141.0
2024-06-30 10:15:00,144.0
2024-06-30 10:30:00,149.0
2024-06-30 10:45:00,151.0
2024-06-30 11:00:00,144.0
2024-06-30 11:15:00,
2024-06-30 11:30:00,149.0
2024-06-30 11:45:00,142.0
2024-06-30 12:00:00,142.0
2024-06-30 12:15:00,140.0
2024-06-30 12:30:00,136.0
2024-06-30 12:45:00,
2024-06-30 13:00:00,138.0
2024-06-30 13:15:00,146.0
2024-06-30 13:30:00,146.0
2024-06-30 13:45:00,151.0
2024-06-30 14:00:00,141.0
2024-06-30 14:15:00,139.0
2024-06-30 14:30:00,
2024-06-30 14:45:00,148.0
2024-06-30 15:00:00,138.0
2024-06-30 15:15:00,139.0
2024-06-30 15:30:00,137.0
2024-06-30 15:45:00,145.0
2024-06-30 16:00:00,137.0
2024-06-30 16:15:00,138.0
2024-06-30 16:30:00,137.0
2024-06-30 16:45:00,134.0
2024-06-30 17:00:00,
2024-06-30 17:15:00,
2024-06-30 17:30:00,138.0
2024-06-30 17:45:00,139.0
2024-06-30 18:00:00,141.0
2024-06-30 18:15:00,138.0
2024-06-30 18:30:00,145.0
2024-06-30 18:45:00,139.0
2024-06-30 19:00:00,142.0
2024-06-30 19:15:00,128.0
2024-06-30 19:30:00,126.0
2024-06-30 19:45:00,127.0
2024-06-30 20:00:00,137.0
2024-06-30 20:15:00,
2024-06-30 20:30:00,
2024-06-30 20:45:00,138.0
2024-06-30 21:00:00,134.0
2024-06-30 21:15:00,125.0
2024-06-30 21:30:00,124.0
2024-06-30 21:45:00,141.0
2024-06-30 22:00:00,127.0
2024-06-30 22:15:00,128.0
2024-06-30 22:30:00,134.0
2024-06-30 22:45:00,133.0
2024-06-30 23:00:00,139.0
2024-06-30 23:15:00,134.0
2024-06-30 23:30:00,129.0
2024-06-30 23:45:00,130.0
2024-07-01 00:00:00,132.0
2024-07-01 00:15:00,123.0
2024-07-01 00:30:00,122.0
2024-07-01 00:45:00,130.0
2024-07-01 01:00:00,128.0
2024-07-01 01:15:00,124.0
2024-07-01 01:30:00,140.0
2024-07-01 01:45:00,128.0
2024-07-01 02:00:00,132.0
2024-07-01 02:15:00,130.0
2024-07-01 02:30:00,
2024-07-01 02:45:00,117.0
2024-07-01 03:00:00,126.0
2024-07-01 03:15:00,124.0
2024-07-01 03:30:00,132.0
2024-07-01 03:45:00,129.0
2024-07-01 04:00:00,132.0
2024-07-01 04:15:00,121.0
2024-07-01 04:30:00,129.0
2024-07-01 04:45:00,133.0
2024-07-01 05:00:00,115.0
2024-07-01 05:15:00,123.0
2024-07-01 05:30:00,123.0
2024-07-01 05:45:00,123.0
2024-07-01 06:00:00,136.41054423138482
2024-07-01 06:15:00,122.0
2024-07-01 06:30:00,114.0
2024-07-01 06:45:00,125.0
2024-07-01 07:00:00,121.0
2024-07-01 07:15:00,115.0
2024-07-01 07:30:00,131.0
2024-07-01 07:45:00,116.0
2024-07-01 08:00:00,
2024-07-01 08:15:00,124.0
2024-07-01 08:30:00,123.0
2024-07-01 08:45:00,123.0
2024-07-01 09:00:00,126.0
2024-07-01 09:15:00,125.0
2024-07-01 09:30:00,
2024-07-01 09:45:00,118.0
2024-07-01 10:00:00,116.0
2024-07-01 10:15:00,
2024-07-01 10:30:00,115.0
2024-07-01 10:45:00,113.0
2024-07-01 11:00:00,109.0
2024-07-01 11:15:00,116.0
2024-07-01 11:30:00,119.0
2024-07-01 11:45:00,113.0
2024-07-01 12:00:00,111.0
2024-07-01 12:15:00,108.0
2024-07-01 12:30:00,111.0
2024-07-01 12:45:00,
2024-07-01 13:00:00,108.0
2024-07-01 13:15:00,118.0
2024-07-01 13:30:00,119.0
2024-07-01 13:45:00,109.0
2024-07-01 14:00:00,
2024-07-01 14:15:00,
2024-07-01 14:30:00,115.0
2024-07-01 14:45:00,108.0
2024-07-01 15:00:00,
2024-07-01 15:15:00,175.9762966188099
2024-07-01 15:30:00,170.9762966188099
2024-07-01 15:45:00,173.9762966188099
2024-07-01 16:00:00,102.0
2024-07-01 16:15:00,108.0
2024-07-01 16:30:00,101.0
2024-07-01 16:45:00,105.0
2024-07-01 17:00:00,109.0
2024-07-01 17:15:00,104.0
2024-07-01 17:30:00,
2024-07-01 17:45:00,112.0
2024-07-01 18:00:00,112.0
2024-07-01 18:15:00,114.0
2024-07-01 18:30:00,103.0
2024-07-01 18:45:00,107.0
2024-07-01 19:00:00,112.0
2024-07-01 19:15:00,
2024-07-01 19:30:00,103.0
2024-07-01 19:45:00,99.3
2024-07-01 20:00:00,110.0
2024-07-01 20:15:00,109.0
2024-07-01 20:30:00,107.0
2024-07-01 20:45:00,104.0
2024-07-01 21:00:00,
2024-07-01 21:15:00,
2024-07-01 21:30:00,
2024-07-01 21:45:00,
2024-07-01 22:00:00,
2024-07-01 22:15:00,
2024-07-01 22:30:00,
2024-07-01 22:45:00,
2024-07-01 23:00:00,
2024-07-01 23:15:00,
2024-07-01 23:30:00,
2024-07-01 23:45:00,
2024-07-02 00:00:00,
2024-07-02 00:15:00,
2024-07-02 00:30:00,
2024-07-02 00:45:00,
2024-07-02 01:00:00,
2024-07-02 01:15:00,
2024-07-02 01:30:00,93.2
2024-07-02 01:45:00,100.0
2024-07-02 02:00:00,103.0
2024-07-02 02:15:00,99.2
2024-07-02 02:30:00,96.5
2024-07-02 02:45:00,106.0
2024-07-02 03:00:00,97.8
2024-07-02 03:15:00,90.9
2024-07-02 03:30:00,95.2
2024-07-02 03:45:00,127.78700647296135
2024-07-02 04:00:00,93.7
2024-07-02 04:15:00,96.8
2024-07-02 04:30:00,96.8
2024-07-02 04:45:00,
2024-07-02 05:00:00,90.4
2024-07-02 05:15:00,
2024-07-02 05:30:00,
2024-07-02 05:45:00,
2024-07-02 06:00:00,97.2
2024-07-02 06:15:00,94.2
2024-07-02 06:30:00,97.7
2024-07-02 06:45:00,93.6
2024-07-02 07:00:00,101.0
2024-07-02 07:15:00,93.6
2024-07-02 07:30:00,91.5
2024-07-02 07:45:00,
2024-07-02 08:00:00,
2024-07-02 08:15:00,
2024-07-02 08:30:00,
2024-07-02 08:45:00,
2024-07-02 09:00:00,
2024-07-02 09:15:00,
2024-07-02 09:30:00,
2024-07-02 09:45:00,
2024-07-02 10:00:00,
2024-07-02 10:15:00,
2024-07-02 10:30:00,
2024-07-02 10:45:00,
2024-07-02 11:00:00,
2024-07-02 11:15:00,
2024-07-02 11:30:00,83.9
2024-07-02 11:45:00,81.9
2024-07-02 12:00:00,
2024-07-02 12:15:00,85.7
2024-07-02 12:30:00,82.8
2024-07-02 12:45:00,94.1
2024-07-02 13:00:00,94.8
2024-07-02 13:15:00,80.3
2024-07-02 13:30:00,150.11272831018104
2024-07-02 13:45:00,98.4
2024-07-02 14:00:00,86.9
2024-07-02 14:15:00,79.9
2024-07-02 14:30:00,92.3
2024-07-02 14:45:00,84.4
2024-07-02 15:00:00,85.2
2024-07-02 15:15:00,76.5
2024-07-02 15:30:00,92.3
2024-07-02 15:45:00,87.7
2024-07-02 16:00:00,94.5
2024-07-02 16:15:00,94.7
2024-07-02 16:30:00,79.5
2024-07-02 16:45:00,82.3
2024-07-02 17:00:00,88.7
2024-07-02 17:15:00,88.5
2024-07-02 17:30:00,73.6
2024-07-02 17:45:00,75.4
2024-07-02 18:00:00,84.9
2024-07-02 18:15:00,84.9
2024-07-02 18:30:00,88.3
2024-07-02 18:45:00,79.4
2024-07-02 19:00:00,84.7
2024-07-02 19:15:00,84.3
2024-07-02 19:30:00,90.2
2024-07-02 19:45:00,74.4
2024-07-02 20:00:00,74.7
2024-07-02 20:15:00,82.0
2024-07-02 20:30:00,88.4
2024-07-02 20:45:00,76.8
2024-07-02 21:00:00,87.6
2024-07-02 21:15:00,82.0
2024-07-02 21:30:00,86.1
2024-07-02 21:45:00,79.0
2024-07-02 22:00:00,87.2
2024-07-02 22:15:00,82.1
2024-07-02 22:30:00,82.4
2024-07-02 22:45:00,91.0
2024-07-02 23:00:00,72.0
2024-07-02 23:15:00,88.8
2024-07-02 23:30:00,
2024-07-02 23:45:00,73.8
2024-07-03 00:00:00,83.7
2024-07-03 00:15:00,84.1
2024-07-03 00:30:00,84.0
2024-07-03 00:45:00,71.6
2024-07-03 01:00:00,87.0
2024-07-03 01:15:00,149.50159484843317
2024-07-03 01:30:00,147.40159484843315
2024-07-03 01:45:00,147.20159484843316
2024-07-03 02:00:00,79.6
2024-07-03 02:15:00,87.3
2024-07-03 02:30:00,77.8
2024-07-03 02:45:00,83.0
2024-07-03 03:00:00,97.2
2024-07-03 03:15:00,114.0
2024-07-03 03:30:00,119.0
2024-07-03 03:45:00,145.0
2024-07-03 04:00:00,101.0
2024-07-03 04:15:00,98.7
2024-07-03 04:30:00,81.1
2024-07-03 04:45:00,98.7
2024-07-03 05:00:00,108.0
2024-07-03 05:15:00,109.0
2024-07-03 05:30:00,106.0
2024-07-03 05:45:00,89.8
2024-07-03 06:00:00,95.4
2024-07-03 06:15:00,81.7
2024-07-03 06:30:00,77.6
2024-07-03 06:45:00,78.1
2024-07-03 07:00:00,76.9
2024-07-03 07:15:00,80.7
2024-07-03 07:30:00,17.468821046738427
2024-07-03 07:45:00,76.2
2024-07-03 08:00:00,75.8
2024-07-03 08:15:00,72.4
2024-07-03 08:30:00,85.9
2024-07-03 08:45:00,86.6
2024-07-03 09:00:00,
2024-07-03 09:15:00,
2024-07-03 09:30:00,
2024-07-03 09:45:00,
2024-07-03 10:00:00,
2024-07-03 10:15:00,
2024-07-03 10:30:00,
2024-07-03 10:45:00,
2024-07-03 11:00:00,79.9
2024-07-03 11:15:00,77.1
2024-07-03 11:30:00,72.0
2024-07-03 11:45:00,79.9
2024-07-03 12:00:00,76.2
2024-07-03 12:15:00,74.0
2024-07-03 12:30:00,74.7
2024-07-03 12:45:00,73.4
2024-07-03 13:00:00,82.6
2024-07-03 13:15:00,81.6
2024-07-03 13:30:00,86.1
2024-07-03 13:45:00,74.3
2024-07-03 14:00:00,72.3
2024-07-03 14:15:00,68.9
2024-07-03 14:30:00,84.0
2024-07-03 14:45:00,73.5
2024-07-03 15:00:00,80.3
2024-07-03 15:15:00,73.4
2024-07-03 15:30:00,69.4
2024-07-03 15:45:00,73.4
2024-07-03 16:00:00,86.3
2024-07-03 16:15:00,78.4
2024-07-03 16:30:00,89.9
2024-07-03 16:45:00,89.9
2024-07-03 17:00:00,89.9
2024-07-03 17:15:00,89.9
2024-07-03 17:30:00,89.9
2024-07-03 17:45:00,89.9
2024-07-03 18:00:00,89.9
2024-07-03 18:15:00,89.9
2024-07-03 18:30:00,
2024-07-03 18:45:00,89.9
2024-07-03 19:00:00,89.9
2024-07-03 19:15:00,89.9
2024-07-03 19:30:00,89.9
2024-07-03 19:45:00,80.6
2024-07-03 20:00:00,78.3
2024-07-03 20:15:00,83.4
2024-07-03 20:30:00,83.6
2024-07-03 20:45:00,96.9
2024-07-03 21:00:00,90.4
2024-07-03 21:15:00,94.4
2024-07-03 21:30:00,94.8
2024-07-03 21:45:00,93.1
2024-07-03 22:00:00,95.4
2024-07-03 22:15:00,104.0
2024-07-03 22:30:00,101.0
2024-07-03 22:45:00,0.0
2024-07-03 23:00:00,109.0
2024-07-03 23:15:00,102.0
2024-07-03 23:30:00,104.0
2024-07-03 23:45:00,99.5
2024-07-04 00:00:00,97.2
2024-07-04 00:15:00,102.0
2024-07-04 00:30:00,158.27348465516727
2024-07-04 00:45:00,102.0
2024-07-04 01:00:00,110.0
2024-07-04 01:15:00,118.0
2024-07-04 01:30:00,116.0
2024-07-04 01:45:00,108.0
2024-07-04 02:00:00,103.0
2024-07-04 02:15:00,121.0
2024-07-04 02:30:00,111.0
2024-07-04 02:45:00,108.0
2024-07-04 03:00:00,121.0
2024-07-04 03:15:00,108.0
2024-07-04 03:30:00,113.0
2024-07-04 03:45:00,179.5730071237928
2024-07-04 04:00:00,183.5730071237928
2024-07-04 04:15:00,180.5730071237928
2024-07-04 04:30:00,114.0
2024-07-04 04:45:00,111.0
2024-07-04 05:00:00,112.0
2024-07-04 05:15:00,114.0
2024-07-04 05:30:00,130.0
2024-07-04 05:45:00,114.0
2024-07-04 06:00:00,119.0
2024-07-04 06:15:00,118.0
2024-07-04 06:30:00,116.0
2024-07-04 06:45:00,115.0
2024-07-04 07:00:00,
2024-07-04 07:15:00,
2024-07-04 07:30:00,
2024-07-04 07:45:00,
2024-07-04 08:00:00,
2024-07-04 08:15:00,
2024-07-04 08:30:00,
2024-07-04 08:45:00,
2024-07-04 09:00:00,
2024-07-04 09:15:00,
2024-07-04 09:30:00,
2024-07-04 09:45:00,
2024-07-04 10:00:00,
2024-07-04 10:15:00,
2024-07-04 10:30:00,
2024-07-04 10:45:00,
2024-07-04 11:00:00,117.0
2024-07-04 11:15:00,120.0
2024-07-04 11:30:00,111.0
2024-07-04 11:45:00,115.0
2024-07-04 12:00:00,121.0
2024-07-04 12:15:00,123.0
2024-07-04 12:30:00,121.0
2024-07-04 12:45:00,118.0
2024-07-04 13:00:00,120.0
2024-07-04 13:15:00,132.0
2024-07-04 13:30:00,110.0
2024-07-04 13:45:00,109.0
2024-07-04 14:00:00,112.0
2024-07-04 14:15:00,119.0
2024-07-04 14:30:00,123.0
2024-07-04 14:45:00,124.0
2024-07-04 15:00:00,154.0
2024-07-04 15:15:00,
2024-07-04 15:30:00,
2024-07-04 15:45:00,
2024-07-04 16:00:00,
2024-07-04 16:15:00,
2024-07-04 16:30:00,
2024-07-04 16:45:00,
2024-07-04 17:00:00,
2024-07-04 17:15:00,
2024-07-04 17:30:00,
2024-07-04 17:45:00,173.0
2024-07-04 18:00:00,166.0
2024-07-04 18:15:00,180.0
2024-07-04 18:30:00,181.0
2024-07-04 18:45:00,176.0
2024-07-04 19:00:00,174.0
2024-07-04 19:15:00,166.0
2024-07-04 19:30:00,167.0
2024-07-04 19:45:00,180.0
2024-07-04 20:00:00,169.0
2024-07-04 20:15:00,162.0
2024-07-04 20:30:00,168.0
2024-07-04 20:45:00,162.0
2024-07-04 21:00:00,167.0
2024-07-04 21:15:00,167.0
2024-07-04 21:30:00,168.0
2024-07-04 21:45:00,169.0
2024-07-04 22:00:00,163.0
2024-07-04 22:15:00,
2024-07-04 22:30:00,155.0
2024-07-04 22:45:00,153.0
2024-07-04 23:00:00,153.0
2024-07-04 23:15:00,159.0
2024-07-04 23:30:00,136.0
2024-07-04 23:45:00,155.0
2024-07-05 00:00:00,143.0
2024-07-05 00:15:00,152.0
2024-07-05 00:30:00,139.0
2024-07-05 00:45:00,143.0
2024-07-05 01:00:00,140.0
2024-07-05 01:15:00,143.0
2024-07-05 01:30:00,150.0
2024-07-05 01:45:00,141.0
2024-07-05 02:00:00,144.0
2024-07-05 02:15:00,
2024-07-05 02:30:00,139.0
2024-07-05 02:45:00,136.0
2024-07-05 03:00:00,135.0
2024-07-05 03:15:00,135.0
2024-07-05 03:30:00,134.0
2024-07-05 03:45:00,133.0
2024-07-05 04:00:00,134.0
2024-07-05 04:15:00,130.0
2024-07-05 04:30:00,131.0
2024-07-05 04:45:00,126.0
2024-07-05 05:00:00,125.0
2024-07-05 05:15:00,120.0
2024-07-05 05:30:00,207.07498136294942
2024-07-05 05:45:00,211.07498136294942
2024-07-05 06:00:00,125.0
2024-07-05 06:15:00,120.0
2024-07-05 06:30:00,131.0
2024-07-05 06:45:00,113.0
2024-07-05 07:00:00,115.0
2024-07-05 07:15:00,119.0
2024-07-05 07:30:00,121.0
2024-07-05 07:45:00,124.0
2024-07-05 08:00:00,128.0
2024-07-05 08:15:00,117.0
2024-07-05 08:30:00,112.0
2024-07-05 08:45:00,116.0
2024-07-05 09:00:00,122.0
2024-07-05 09:15:00,
2024-07-05 09:30:00,110.0
2024-07-05 09:45:00,
2024-07-05 10:00:00,118.0
2024-07-05 10:15:00,122.0
2024-07-05 10:30:00,122.0
2024-07-05 10:45:00,119.0
2024-07-05 11:00:00,
2024-07-05 11:15:00,118.0
2024-07-05 11:30:00,119.0
2024-07-05 11:45:00,114.0
2024-07-05 12:00:00,122.0
2024-07-05 12:15:00,119.0
2024-07-05 12:30:00,
2024-07-05 12:45:00,112.0
2024-07-05 13:00:00,110.0
2024-07-05 13:15:00,120.0
2024-07-05 13:30:00,116.0
2024-07-05 13:45:00,110.0
2024-07-05 14:00:00,113.0
2024-07-05 14:15:00,118.0
2024-07-05 14:30:00,112.0
2024-07-05 14:45:00,
2024-07-05 15:00:00,117.0
2024-07-05 15:15:00,114.0
2024-07-05 15:30:00,126.0
2024-07-05 15:45:00,119.0
2024-07-05 16:00:00,114.0
2024-07-05 16:15:00,124.0
2024-07-05 16:30:00,124.0
2024-07-05 16:45:00,121.0
2024-07-05 17:00:00,118.0
2024-07-05 17:15:00,116.0
2024-07-05 17:30:00,113.0
2024-07-05 17:45:00,126.0
2024-07-05 18:00:00,
2024-07-05 18:15:00,120.0
2024-07-05 18:30:00,121.0
2024-07-05 18:45:00,120.0
2024-07-05 19:00:00,121.0
2024-07-05 19:15:00,
2024-07-05 19:30:00,123.0
2024-07-05 19:45:00,
2024-07-05 20:00:00,122.0
2024-07-05 20:15:00,124.0
2024-07-05 20:30:00,119.0
2024-07-05 20:45:00,
2024-07-05 21:00:00,
2024-07-05 21:15:00,
2024-07-05 21:30:00,
2024-07-05 21:45:00,124.0
2024-07-05 22:00:00,
2024-07-05 22:15:00,128.0
2024-07-05 22:30:00,118.0
2024-07-05 22:45:00,126.0
2024-07-05 23:00:00,125.0
2024-07-05 23:15:00,127.0
2024-07-05 23:30:00,120.0
2024-07-05 23:45:00,125.0
2024-07-06 00:00:00,122.0
2024-07-06 00:15:00,124.0
2024-07-06 00:30:00,126.0
2024-07-06 00:45:00,128.0
2024-07-06 01:00:00,113.0
2024-07-06 01:15:00,119.0
2024-07-06 01:30:00,122.0
2024-07-06 01:45:00,118.0
2024-07-06 02:00:00,118.0
2024-07-06 02:15:00,
2024-07-06 02:30:00,119.0
2024-07-06 02:45:00,
2024-07-06 03:00:00,
2024-07-06 03:15:00,118.0
2024-07-06 03:30:00,128.0
2024-07-06 03:45:00,128.0
2024-07-06 04:00:00,129.0
2024-07-06 04:15:00,120.0
2024-07-06 04:30:00,
2024-07-06 04:45:00,119.0
2024-07-06 05:00:00,120.0
2024-07-06 05:15:00,119.0
2024-07-06 05:30:00,129.0
2024-07-06 05:45:00,123.0
2024-07-06 06:00:00,121.0
2024-07-06 06:15:00,
2024-07-06 06:30:00,119.0
2024-07-06 06:45:00,
2024-07-06 07:00:00,
2024-07-06 07:15:00,119.0
2024-07-06 07:30:00,123.0
2024-07-06 07:45:00,
2024-07-06 08:00:00,118.0
2024-07-06 08:15:00,128.0
2024-07-06 08:30:00,125.0
2024-07-06 08:45:00,
2024-07-06 09:00:00,
2024-07-06 09:15:00,123.0
2024-07-06 09:30:00,127.0
2024-07-06 09:45:00,129.0
2024-07-06 10:00:00,
2024-07-06 10:15:00,130.0
2024-07-06 10:30:00,133.0
2024-07-06 10:45:00,129.0
2024-07-06 11:00:00,123.0
2024-07-06 11:15:00,128.0
2024-07-06 11:30:00,126.0
2024-07-06 11:45:00,
2024-07-06 12:00:00,131.0
2024-07-06 12:15:00,123.0
2024-07-06 12:30:00,123.0
2024-07-06 12:45:00,132.0
2024-07-06 13:00:00,129.0
2024-07-06 13:15:00,129.0
2024-07-06 13:30:00,127.0
2024-07-06 13:45:00,142.0
2024-07-06 14:00:00,130.0
2024-07-06 14:15:00,141.0
2024-07-06 14:30:00,137.0
2024-07-06 14:45:00,131.0
2024-07-06 15:00:00,125.0
2024-07-06 15:15:00,
2024-07-06 15:30:00,128.0
2024-07-06 15:45:00,138.0
2024-07-06 16:00:00,132.0
2024-07-06 16:15:00,132.0
2024-07-06 16:30:00,132.0
2024-07-06 16:45:00,132.0
2024-07-06 17:00:00,
2024-07-06 17:15:00,132.0
2024-07-06 17:30:00,132.0
2024-07-06 17:45:00,132.0
2024-07-06 18:00:00,132.0
2024-07-06 18:15:00,
2024-07-06 18:30:00,132.0
2024-07-06 18:45:00,132.0
2024-07-06 19:00:00,132.0
2024-07-06 19:15:00,132.0
2024-07-06 19:30:00,132.0
2024-07-06 19:45:00,132.0
2024-07-06 20:00:00,132.0
2024-07-06 20:15:00,132.0
2024-07-06 20:30:00,132.0
2024-07-06 20:45:00,
2024-07-06 21:00:00,138.0
2024-07-06 21:15:00,133.0
2024-07-06 21:30:00,
2024-07-06 21:45:00,145.0
2024-07-06 22:00:00,140.0
2024-07-06 22:15:00,146.0
2024-07-06 22:30:00,
2024-07-06 22:45:00,141.0
2024-07-06 23:00:00,146.0
2024-07-06 23:15:00,
2024-07-06 23:30:00,
2024-07-06 23:45:00,137.0
2024-07-07 00:00:00,141.0
2024-07-07 00:15:00,138.0
2024-07-07 00:30:00,144.0
2024-07-07 00:45:00,
2024-07-07 01:00:00,
2024-07-07 01:15:00,
2024-07-07 01:30:00,139.0
2024-07-07 01:45:00,152.0
2024-07-07 02:00:00,153.0
2024-07-07 02:15:00,145.0
2024-07-07 02:30:00,144.0
2024-07-07 02:45:00,146.0
2024-07-07 03:00:00,143.0
2024-07-07 03:15:00,
2024-07-07 03:30:00,
2024-07-07 03:45:00,
2024-07-07 04:00:00,147.0
2024-07-07 04:15:00,
2024-07-07 04:30:00,140.0
2024-07-07 04:45:00,145.0
2024-07-07 05:00:00,153.0
2024-07-07 05:15:00,139.0
2024-07-07 05:30:00,
2024-07-07 05:45:00,
2024-07-07 06:00:00,
2024-07-07 06:15:00,137.0
2024-07-07 06:30:00,
2024-07-07 06:45:00,145.0
2024-07-07 07:00:00,
2024-07-07 07:15:00,149.0
2024-07-07 07:30:00,140.0
2024-07-07 07:45:00,141.0
2024-07-07 08:00:00,140.0
2024-07-07 08:15:00,143.0
2024-07-07 08:30:00,146.0
2024-07-07 08:45:00,142.0
2024-07-07 09:00:00,147.0
2024-07-07 09:15:00,149.0
2024-07-07 09:30:00,150.0
2024-07-07 09:45:00,145.0
2024-07-07 10:00:00,151.0
2024-07-07 10:15:00,143.0
2024-07-07 10:30:00,152.0
2024-07-07 10:45:00,153.0
2024-07-07 11:00:00,153.0
2024-07-07 11:15:00,155.0
2024-07-07 11:30:00,150.0
2024-07-07 11:45:00,157.0
2024-07-07 12:00:00,
2024-07-07 12:15:00,137.0
2024-07-07 12:30:00,151.0
2024-07-07 12:45:00,149.0
2024-07-07 13:00:00,138.0
2024-07-07 13:15:00,134.0
2024-07-07 13:30:00,144.0
2024-07-07 13:45:00,141.0
2024-07-07 14:00:00,143.0
2024-07-07 14:15:00,139.0
2024-07-07 14:30:00,150.0
2024-07-07 14:45:00,147.0
2024-07-07 15:00:00,
2024-07-07 15:15:00,
2024-07-07 15:30:00,140.0
2024-07-07 15:45:00,138.0
2024-07-07 16:00:00,148.0
2024-07-07 16:15:00,137.0
2024-07-07 16:30:00,135.0
2024-07-07 16:45:00,136.0
2024-07-07 17:00:00,138.0
2024-07-07 17:15:00,
2024-07-07 17:30:00,143.0
2024-07-07 17:45:00,
2024-07-07 18:00:00,146.0
2024-07-07 18:15:00,138.0
2024-07-07 18:30:00,201.70664370744802
2024-07-07 18:45:00,204.70664370744802
2024-07-07 19:00:00,219.70664370744802
2024-07-07 19:15:00,133.0
2024-07-07 19:30:00,146.0
2024-07-07 19:45:00,140.0
2024-07-07 20:00:00,144.0
2024-07-07 20:15:00,155.0
2024-07-07 20:30:00,141.0
2024-07-07 20:45:00,147.0
2024-07-07 21:00:00,139.0
2024-07-07 21:15:00,139.0
2024-07-07 21:30:00,141.0
2024-07-07 21:45:00,136.0
2024-07-07 22:00:00,
2024-07-07 22:15:00,143.0
2024-07-07 22:30:00,141.0
2024-07-07 22:45:00,
2024-07-07 23:00:00,148.0
2024-07-07 23:15:00,145.0
2024-07-07 23:30:00,151.0
2024-07-07 23:45:00,141.0
2024-07-08 00:00:00,144.0
2024-07-08 00:15:00,
2024-07-08 00:30:00,
2024-07-08 00:45:00,138.0
2024-07-08 01:00:00,140.0
2024-07-08 01:15:00,140.0
2024-07-08 01:30:00,134.0
2024-07-08 01:45:00,137.0
2024-07-08 02:00:00,157.0
2024-07-08 02:15:00,151.0
2024-07-08 02:30:00,133.0
2024-07-08 02:45:00,
2024-07-08 03:00:00,135.0
2024-07-08 03:15:00,144.0
2024-07-08 03:30:00,144.0
2024-07-08 03:45:00,143.0
2024-07-08 04:00:00,138.0
2024-07-08 04:15:00,
2024-07-08 04:30:00,138.0
2024-07-08 04:45:00,157.0
2024-07-08 05:00:00,142.0
2024-07-08 05:15:00,159.0
2024-07-08 05:30:00,156.0
2024-07-08 05:45:00,143.0
2024-07-08 06:00:00,153.0
2024-07-08 06:15:00,138.0
2024-07-08 06:30:00,156.0
2024-07-08 06:45:00,
2024-07-08 07:00:00,137.0
2024-07-08 07:15:00,
2024-07-08 07:30:00,141.0
2024-07-08 07:45:00,152.0
2024-07-08 08:00:00,139.0
2024-07-08 08:15:00,150.0
2024-07-08 08:30:00,145.0
2024-07-08 08:45:00,155.0
2024-07-08 09:00:00,152.0
2024-07-08 09:15:00,
2024-07-08 09:30:00,145.0
2024-07-08 09:45:00,147.0
2024-07-08 10:00:00,153.0
2024-07-08 10:15:00,151.0
2024-07-08 10:30:00,
2024-07-08 10:45:00,135.0
2024-07-08 11:00:00,155.0
2024-07-08 11:15:00,142.0
2024-07-08 11:30:00,
2024-07-08 11:45:00,157.0
2024-07-08 12:00:00,
2024-07-08 12:15:00,137.0
2024-07-08 12:30:00,
2024-07-08 12:45:00,153.0
2024-07-08 13:00:00,141.0
2024-07-08 13:15:00,135.0
2024-07-08 13:30:00,146.0
2024-07-08 13:45:00,153.0
2024-07-08 14:00:00,
2024-07-08 14:15:00,134.0
2024-07-08 14:30:00,143.0
2024-07-08 14:45:00,143.0
2024-07-08 15:00:00,141.0
2024-07-08 15:15:00,147.0
2024-07-08 15:30:00,150.0
2024-07-08 15:45:00,
2024-07-08 16:00:00,151.0
2024-07-08 16:15:00,133.0
2024-07-08 16:30:00,
2024-07-08 16:45:00,147.0
2024-07-08 17:00:00,140.0
2024-07-08 17:15:00,143.0
2024-07-08 17:30:00,132.0
2024-07-08 17:45:00,
2024-07-08 18:00:00,148.0
2024-07-08 18:15:00,138.0
2024-07-08 18:30:00,140.0
2024-07-08 18:45:00,144.0
2024-07-08 19:00:00,133.0
2024-07-08 19:15:00,133.0
2024-07-08 19:30:00,
2024-07-08 19:45:00,139.0
2024-07-08 20:00:00,140.0
2024-07-08 20:15:00,
2024-07-08 20:30:00,
2024-07-08 20:45:00,127.0
2024-07-08 21:00:00,128.0
2024-07-08 21:15:00,128.0
2024-07-08 21:30:00,136.0
2024-07-08 21:45:00,132.0
2024-07-08 22:00:00,126.0
2024-07-08 22:15:00,136.0
2024-07-08 22:30:00,133.0
2024-07-08 22:45:00,123.0
2024-07-08 23:00:00,128.0
2024-07-08 23:15:00,130.0
2024-07-08 23:30:00,139.0
2024-07-08 23:45:00,136.0
2024-07-09 00:00:00,134.0
2024-07-09 00:15:00,123.0
2024-07-09 00:30:00,124.0
2024-07-09 00:45:00,123.0
2024-07-09 01:00:00,131.0
2024-07-09 01:15:00,
2024-07-09 01:30:00,125.0
2024-07-09 01:45:00,
2024-07-09 02:00:00,123.0
2024-07-09 02:15:00,
2024-07-09 02:30:00,134.0
2024-07-09 02:45:00,115.0
2024-07-09 03:00:00,120.0
2024-07-09 03:15:00,
2024-07-09 03:30:00,
2024-07-09 03:45:00,123.0
2024-07-09 04:00:00,126.0
2024-07-09 04:15:00,119.0
2024-07-09 04:30:00,115.0
2024-07-09 04:45:00,
2024-07-09 05:00:00,
2024-07-09 05:15:00,118.0
2024-07-09 05:30:00,128.0
2024-07-09 05:45:00,123.0
2024-07-09 06:00:00,124.0
2024-07-09 06:15:00,
2024-07-09 06:30:00,120.0
2024-07-09 06:45:00,
2024-07-09 07:00:00,122.0
2024-07-09 07:15:00,118.0
2024-07-09 07:30:00,115.0
2024-07-09 07:45:00,172.66975688859185
2024-07-09 08:00:00,121.0
2024-07-09 08:15:00,
2024-07-09 08:30:00,114.0
2024-07-09 08:45:00,129.0
2024-07-09 09:00:00,136.0
2024-07-09 09:15:00,128.0
2024-07-09 09:30:00,128.0
2024-07-09 09:45:00,129.0
2024-07-09 10:00:00,116.0
2024-07-09 10:15:00,113.0
2024-07-09 10:30:00,126.0
2024-07-09 10:45:00,119.0
2024-07-09 11:00:00,123.0
2024-07-09 11:15:00,122.0
2024-07-09 11:30:00,110.0
2024-07-09 11:45:00,112.0
2024-07-09 12:00:00,
2024-07-09 12:15:00,111.0
2024-07-09 12:30:00,
2024-07-09 12:45:00,
2024-07-09 13:00:00,112.0
2024-07-09 13:15:00,
2024-07-09 13:30:00,119.0
2024-07-09 13:45:00,108.0
2024-07-09 14:00:00,114.0
2024-07-09 14:15:00,111.0
2024-07-09 14:30:00,
2024-07-09 14:45:00,
2024-07-09 15:00:00,108.0
2024-07-09 15:15:00,114.0
2024-07-09 15:30:00,111.0
2024-07-09 15:45:00,112.0
2024-07-09 16:00:00,109.0
2024-07-09 16:15:00,104.0
2024-07-09 16:30:00,109.0
2024-07-09 16:45:00,105.0
2024-07-09 17:00:00,105.0
2024-07-09 17:15:00,103.0
2024-07-09 17:30:00,113.0
2024-07-09 17:45:00,108.0
2024-07-09 18:00:00,107.0
2024-07-09 18:15:00,105.0
2024-07-09 18:30:00,113.0
2024-07-09 18:45:00,112.0
2024-07-09 19:00:00,103.0
2024-07-09 19:15:00,106.0
2024-07-09 19:30:00,
2024-07-09 19:45:00,
2024-07-09 20:00:00,
2024-07-09 20:15:00,
2024-07-09 20:30:00,107.0
2024-07-09 20:45:00,100.0
2024-07-09 21:00:00,103.0
2024-07-09 21:15:00,
2024-07-09 21:30:00,97.0
2024-07-09 21:45:00,102.0
2024-07-09 22:00:00,101.0
2024-07-09 22:15:00,102.0
2024-07-09 22:30:00,95.3
2024-07-09 22:45:00,98.8
2024-07-09 23:00:00,97.2
2024-07-09 23:15:00,96.8
2024-07-09 23:30:00,105.0
2024-07-09 23:45:00,99.1
2024-07-10 00:00:00,98.8
2024-07-10 00:15:00,97.5
2024-07-10 00:30:00,100.0
2024-07-10 00:45:00,97.2
2024-07-10 01:00:00,
2024-07-10 01:15:00,
2024-07-10 01:30:00,95.5
2024-07-10 01:45:00,94.1
2024-07-10 02:00:00,95.4
2024-07-10 02:15:00,
2024-07-10 02:30:00,96.7
2024-07-10 02:45:00,97.8
2024-07-10 03:00:00,96.5
2024-07-10 03:15:00,93.8
2024-07-10 03:30:00,
2024-07-10 03:45:00,
2024-07-10 04:00:00,97.8
2024-07-10 04:15:00,
2024-07-10 04:30:00,96.7
2024-07-10 04:45:00,
2024-07-10 05:00:00,104.0
2024-07-10 05:15:00,
2024-07-10 05:30:00,101.0
2024-07-10 05:45:00,102.0
2024-07-10 06:00:00,96.6
2024-07-10 06:15:00,104.0
2024-07-10 06:30:00,96.7
2024-07-10 06:45:00,100.0
2024-07-10 07:00:00,
2024-07-10 07:15:00,103.0
2024-07-10 07:30:00,94.8
2024-07-10 07:45:00,102.0
2024-07-10 08:00:00,106.0
2024-07-10 08:15:00,108.0
2024-07-10 08:30:00,99.8
2024-07-10 08:45:00,96.8
2024-07-10 09:00:00,97.7
2024-07-10 09:15:00,
2024-07-10 09:30:00,104.0
2024-07-10 09:45:00,106.0
2024-07-10 10:00:00,102.0
2024-07-10 10:15:00,112.0
2024-07-10 10:30:00,110.0
2024-07-10 10:45:00,113.0
2024-07-10 11:00:00,
2024-07-10 11:15:00,113.0
2024-07-10 11:30:00,117.0
2024-07-10 11:45:00,114.0
2024-07-10 12:00:00,
2024-07-10 12:15:00,112.0
2024-07-10 12:30:00,109.0
2024-07-10 12:45:00,115.0
2024-07-10 13:00:00,
2024-07-10 13:15:00,
2024-07-10 13:30:00,111.0
2024-07-10 13:45:00,109.0
2024-07-10 14:00:00,
2024-07-10 14:15:00,108.0
2024-07-10 14:30:00,107.0
2024-07-10 14:45:00,115.0
2024-07-10 15:00:00,111.0
2024-07-10 15:15:00,110.0
2024-07-10 15:30:00,
2024-07-10 15:45:00,106.0
2024-07-10 16:00:00,104.0
2024-07-10 16:15:00,99.1
2024-07-10 16:30:00,97.6
2024-07-10 16:45:00,104.0
2024-07-10 17:00:00,
2024-07-10 17:15:00,
2024-07-10 17:30:00,
2024-07-10 17:45:00,
2024-07-10 18:00:00,101.0
2024-07-10 18:15:00,100.0
2024-07-10 18:30:00,94.2
2024-07-10 18:45:00,93.0
2024-07-10 19:00:00,99.5
2024-07-10 19:15:00,99.0
2024-07-10 19:30:00,93.6
2024-07-10 19:45:00,91.6
2024-07-10 20:00:00,87.9
2024-07-10 20:15:00,93.1
2024-07-10 20:30:00,149.87718465427227
2024-07-10 20:45:00,145.47718465427226
2024-07-10 21:00:00,141.27718465427225
2024-07-10 21:15:00,
2024-07-10 21:30:00,93.0
2024-07-10 21:45:00,90.3
2024-07-10 22:00:00,95.3
2024-07-10 22:15:00,91.8
2024-07-10 22:30:00,93.0
2024-07-10 22:45:00,
2024-07-10 23:00:00,
2024-07-10 23:15:00,87.3
2024-07-10 23:30:00,83.5
2024-07-10 23:45:00,
2024-07-11 00:00:00,81.2
2024-07-11 00:15:00,92.0
2024-07-11 00:30:00,88.7
2024-07-11 00:45:00,86.7
2024-07-11 01:00:00,
2024-07-11 01:15:00,79.6
2024-07-11 01:30:00,77.2
2024-07-11 01:45:00,84.3
2024-07-11 02:00:00,76.7
2024-07-11 02:15:00,
2024-07-11 02:30:00,74.5
2024-07-11 02:45:00,80.5
2024-07-11 03:00:00,82.7
2024-07-11 03:15:00,83.0
2024-07-11 03:30:00,82.7
2024-07-11 03:45:00,85.6
2024-07-11 04:00:00,85.4
2024-07-11 04:15:00,80.7
2024-07-11 04:30:00,
2024-07-11 04:45:00,
2024-07-11 05:00:00,81.0
2024-07-11 05:15:00,79.4
2024-07-11 05:30:00,73.7
2024-07-11 05:45:00,58.347390999452145
2024-07-11 06:00:00,
2024-07-11 06:15:00,
2024-07-11 06:30:00,71.9
2024-07-11 06:45:00,77.9
2024-07-11 07:00:00,84.0
2024-07-11 07:15:00,84.4
2024-07-11 07:30:00,80.4
2024-07-11 07:45:00,81.8
2024-07-11 08:00:00,74.8
2024-07-11 08:15:00,80.6
2024-07-11 08:30:00,77.5
2024-07-11 08:45:00,78.2
2024-07-11 09:00:00,82.4
2024-07-11 09:15:00,75.9
2024-07-11 09:30:00,79.1
2024-07-11 09:45:00,
2024-07-11 10:00:00,76.9
2024-07-11 10:15:00,
2024-07-11 10:30:00,
2024-07-11 10:45:00,77.4
2024-07-11 11:00:00,
2024-07-11 11:15:00,73.6
2024-07-11 11:30:00,
2024-07-11 11:45:00,82.2
2024-07-11 12:00:00,81.1
2024-07-11 12:15:00,
2024-07-11 12:30:00,78.5
2024-07-11 12:45:00,
2024-07-11 13:00:00,85.7
2024-07-11 13:15:00,
2024-07-11 13:30:00,79.0
2024-07-11 13:45:00,
2024-07-11 14:00:00,81.4
2024-07-11 14:15:00,71.3
2024-07-11 14:30:00,74.1
2024-07-11 14:45:00,75.8
2024-07-11 15:00:00,77.9
2024-07-11 15:15:00,73.6
2024-07-11 15:30:00,78.5
2024-07-11 15:45:00,75.0
2024-07-11 16:00:00,75.5
2024-07-11 16:15:00,92.3650519808575
2024-07-11 16:30:00,74.1
2024-07-11 16:45:00,74.8
2024-07-11 17:00:00,
2024-07-11 17:15:00,73.0
2024-07-11 17:30:00,72.3
2024-07-11 17:45:00,75.2
2024-07-11 18:00:00,68.7
2024-07-11 18:15:00,69.0
2024-07-11 18:30:00,71.6
2024-07-11 18:45:00,69.9
2024-07-11 19:00:00,75.4
2024-07-11 19:15:00,73.2
2024-07-11 19:30:00,74.4
2024-07-11 19:45:00,77.0
2024-07-11 20:00:00,68.9
2024-07-11 20:15:00,67.7
2024-07-11 20:30:00,
2024-07-11 20:45:00,67.9
2024-07-11 21:00:00,70.9
2024-07-11 21:15:00,69.1
2024-07-11 21:30:00,73.2
2024-07-11 21:45:00,68.9
2024-07-11 22:00:00,
2024-07-11 22:15:00,
2024-07-11 22:30:00,
2024-07-11 22:45:00,68.8
2024-07-11 23:00:00,74.2
2024-07-11 23:15:00,62.8
2024-07-11 23:30:00,67.3
2024-07-11 23:45:00,
2024-07-12 00:00:00,62.1
2024-07-12 00:15:00,61.8
2024-07-12 00:30:00,69.0
2024-07-12 00:45:00,
2024-07-12 01:00:00,72.86086611567097
2024-07-12 01:15:00,75.26086611567098
2024-07-12 01:30:00,67.3
2024-07-12 01:45:00,67.2
2024-07-12 02:00:00,70.4
2024-07-12 02:15:00,66.4
2024-07-12 02:30:00,64.8
2024-07-12 02:45:00,
2024-07-12 03:00:00,63.6
2024-07-12 03:15:00,66.4
2024-07-12 03:30:00,67.0
2024-07-12 03:45:00,60.6
2024-07-12 04:00:00,63.3
2024-07-12 04:15:00,61.0
2024-07-12 04:30:00,58.6
2024-07-12 04:45:00,64.9
2024-07-12 05:00:00,63.8
2024-07-12 05:15:00,64.8
2024-07-12 05:30:00,61.6
2024-07-12 05:45:00,
2024-07-12 06:00:00,56.8
2024-07-12 06:15:00,61.7
2024-07-12 06:30:00,61.7
2024-07-12 06:45:00,
2024-07-12 07:00:00,57.3
2024-07-12 07:15:00,60.1
2024-07-12 07:30:00,59.5
2024-07-12 07:45:00,62.6
2024-07-12 08:00:00,62.6
2024-07-12 08:15:00,63.0
2024-07-12 08:30:00,
2024-07-12 08:45:00,60.1
2024-07-12 09:00:00,62.3
2024-07-12 09:15:00,61.1
2024-07-12 09:30:00,57.3
2024-07-12 09:45:00,57.6
2024-07-12 10:00:00,
2024-07-12 10:15:00,61.8
2024-07-12 10:30:00,61.6
2024-07-12 10:45:00,57.2
2024-07-12 11:00:00,59.2
2024-07-12 11:15:00,
2024-07-12 11:30:00,57.5
2024-07-12 11:45:00,
2024-07-12 12:00:00,63.9
2024-07-12 12:15:00,57.9
2024-07-12 12:30:00,56.0
2024-07-12 12:45:00,59.1
2024-07-12 13:00:00,60.5
2024-07-12 13:15:00,53.6
2024-07-12 13:30:00,56.6
2024-07-12 13:45:00,60.0
2024-07-12 14:00:00,54.5
2024-07-12 14:15:00,59.2
2024-07-12 14:30:00,58.8
2024-07-12 14:45:00,54.4
2024-07-12 15:00:00,58.4
2024-07-12 15:15:00,56.6
2024-07-12 15:30:00,58.1
2024-07-12 15:45:00,
2024-07-12 16:00:00,57.6
2024-07-12 16:15:00,56.6
2024-07-12 16:30:00,53.6
2024-07-12 16:45:00,58.0
2024-07-12 17:00:00,53.6
2024-07-12 17:15:00,59.2
2024-07-12 17:30:00,58.7
2024-07-12 17:45:00,
2024-07-12 18:00:00,52.3
2024-07-12 18:15:00,52.1
2024-07-12 18:30:00,59.0
2024-07-12 18:45:00,59.6
2024-07-12 19:00:00,62.5
2024-07-12 19:15:00,54.3
2024-07-12 19:30:00,60.1
2024-07-12 19:45:00,54.0
2024-07-12 20:00:00,56.6
2024-07-12 20:15:00,52.8
2024-07-12 20:30:00,52.7
2024-07-12 20:45:00,55.5
2024-07-12 21:00:00,57.8
2024-07-12 21:15:00,62.0
2024-07-12 21:30:00,57.8
2024-07-12 21:45:00,55.1
2024-07-12 22:00:00,57.9
2024-07-12 22:15:00,56.6
2024-07-12 22:30:00,54.3
2024-07-12 22:45:00,55.0
2024-07-12 23:00:00,58.0
2024-07-12 23:15:00,63.0
2024-07-12 23:30:00,58.8
2024-07-12 23:45:00,53.8
2024-07-13 00:00:00,52.4
2024-07-13 00:15:00,
2024-07-13 00:30:00,62.1
2024-07-13 00:45:00,57.6
2024-07-13 01:00:00,55.6
2024-07-13 01:15:00,55.0
2024-07-13 01:30:00,57.3
2024-07-13 01:45:00,59.6
2024-07-13 02:00:00,53.3
2024-07-13 02:15:00,52.5
2024-07-13 02:30:00,56.5
2024-07-13 02:45:00,55.8
2024-07-13 03:00:00,53.6
2024-07-13 03:15:00,55.8
2024-07-13 03:30:00,54.1
2024-07-13 03:45:00,57.0
2024-07-13 04:00:00,56.1
2024-07-13 04:15:00,
2024-07-13 04:30:00,
2024-07-13 04:45:00,58.0
2024-07-13 05:00:00,59.4
2024-07-13 05:15:00,59.4
2024-07-13 05:30:00,59.4
2024-07-13 05:45:00,59.4
2024-07-13 06:00:00,59.4
2024-07-13 06:15:00,59.4
2024-07-13 06:30:00,59.4
2024-07-13 06:45:00,59.4
2024-07-13 07:00:00,59.4
2024-07-13 07:15:00,59.4
2024-07-13 07:30:00,59.4
2024-07-13 07:45:00,59.4
2024-07-13 08:00:00,59.4
2024-07-13 08:15:00,59.4
2024-07-13 08:30:00,59.4
2024-07-13 08:45:00,59.4
2024-07-13 09:00:00,59.4
2024-07-13 09:15:00,59.4
2024-07-13 09:30:00,
2024-07-13 09:45:00,59.4
2024-07-13 10:00:00,59.4
2024-07-13 10:15:00,59.4
2024-07-13 10:30:00,59.4
2024-07-13 10:45:00,
2024-07-13 11:00:00,59.4
2024-07-13 11:15:00,59.4
2024-07-13 11:30:00,59.4
2024-07-13 11:45:00,59.4
2024-07-13 12:00:00,59.4
2024-07-13 12:15:00,59.4
2024-07-13 12:30:00,59.4
2024-07-13 12:45:00,59.4
2024-07-13 13:00:00,59.4
2024-07-13 13:15:00,59.4
2024-07-13 13:30:00,59.4
2024-07-13 13:45:00,59.4
2024-07-13 14:00:00,59.4
2024-07-13 14:15:00,59.4
2024-07-13 14:30:00,59.4
2024-07-13 14:45:00,59.4
2024-07-13 15:00:00,
2024-07-13 15:15:00,59.4
2024-07-13 15:30:00,
2024-07-13 15:45:00,57.7
2024-07-13 16:00:00,55.0
2024-07-13 16:15:00,61.3
2024-07-13 16:30:00,57.9
2024-07-13 16:45:00,54.4
2024-07-13 17:00:00,54.9
2024-07-13 17:15:00,52.4
2024-07-13 17:30:00,53.4
2024-07-13 17:45:00,50.3
2024-07-13 18:00:00,51.0
2024-07-13 18:15:00,60.3
2024-07-13 18:30:00,51.4
2024-07-13 18:45:00,54.2
2024-07-13 19:00:00,65.0
2024-07-13 19:15:00,57.2
2024-07-13 19:30:00,63.2
2024-07-13 19:45:00,60.7
2024-07-13 20:00:00,56.7
2024-07-13 20:15:00,60.7
2024-07-13 20:30:00,59.5
2024-07-13 20:45:00,62.4
2024-07-13 21:00:00,58.3
2024-07-13 21:15:00,
2024-07-13 21:30:00,56.4
2024-07-13 21:45:00,59.4
2024-07-13 22:00:00,
2024-07-13 22:15:00,59.4
2024-07-13 22:30:00,60.5
2024-07-13 22:45:00,57.0
2024-07-13 23:00:00,56.8
2024-07-13 23:15:00,58.5
2024-07-13 23:30:00,
2024-07-13 23:45:00,55.2
2024-07-14 00:00:00,59.1
2024-07-14 00:15:00,61.1
2024-07-14 00:30:00,57.6
2024-07-14 00:45:00,
2024-07-14 01:00:00,23.41327773251146
2024-07-14 01:15:00,61.3
2024-07-14 01:30:00,57.4
2024-07-14 01:45:00,57.6
2024-07-14 02:00:00,60.2
2024-07-14 02:15:00,56.9
2024-07-14 02:30:00,56.3
2024-07-14 02:45:00,56.4
2024-07-14 03:00:00,55.7
2024-07-14 03:15:00,
2024-07-14 03:30:00,
2024-07-14 03:45:00,
2024-07-14 04:00:00,
2024-07-14 04:15:00,
2024-07-14 04:30:00,
2024-07-14 04:45:00,
2024-07-14 05:00:00,
2024-07-14 05:15:00,
2024-07-14 05:30:00,
2024-07-14 05:45:00,53.3
2024-07-14 06:00:00,56.1
2024-07-14 06:15:00,57.0
2024-07-14 06:30:00,54.6
2024-07-14 06:45:00,57.2
2024-07-14 07:00:00,55.6
2024-07-14 07:15:00,
2024-07-14 07:30:00,54.8
2024-07-14 07:45:00,51.3
2024-07-14 08:00:00,57.6
2024-07-14 08:15:00,55.2
2024-07-14 08:30:00,56.8
2024-07-14 08:45:00,54.6
2024-07-14 09:00:00,78.99633597891005
2024-07-14 09:15:00,79.79633597891005
2024-07-14 09:30:00,73.39633597891005
2024-07-14 09:45:00,54.4
2024-07-14 10:00:00,
2024-07-14 10:15:00,53.0
2024-07-14 10:30:00,
2024-07-14 10:45:00,56.8
2024-07-14 11:00:00,54.5
2024-07-14 11:15:00,53.8
2024-07-14 11:30:00,
2024-07-14 11:45:00,54.3
2024-07-14 12:00:00,52.5
2024-07-14 12:15:00,55.1
2024-07-14 12:30:00,53.8
2024-07-14 12:45:00,
2024-07-14 13:00:00,53.8
2024-07-14 13:15:00,56.2
2024-07-14 13:30:00,50.9
2024-07-14 13:45:00,54.0
2024-07-14 14:00:00,53.3
2024-07-14 14:15:00,58.2
2024-07-14 14:30:00,59.4
2024-07-14 14:45:00,50.0
2024-07-14 15:00:00,50.4
2024-07-14 15:15:00,53.9
2024-07-14 15:30:00,
2024-07-14 15:45:00,48.7
2024-07-14 16:00:00,52.0
2024-07-14 16:15:00,53.9
2024-07-14 16:30:00,56.5
2024-07-14 16:45:00,58.4
2024-07-14 17:00:00,55.4
2024-07-14 17:15:00,54.4
2024-07-14 17:30:00,54.1
2024-07-14 17:45:00,49.8
2024-07-14 18:00:00,
2024-07-14 18:15:00,52.6
2024-07-14 18:30:00,
2024-07-14 18:45:00,52.1
2024-07-14 19:00:00,50.6
2024-07-14 19:15:00,50.8
2024-07-14 19:30:00,50.2
2024-07-14 19:45:00,49.5
2024-07-14 20:00:00,50.5
2024-07-14 20:15:00,54.5
2024-07-14 20:30:00,
2024-07-14 20:45:00,49.2
2024-07-14 21:00:00,50.9
2024-07-14 21:15:00,56.3
2024-07-14 21:30:00,53.1
2024-07-14 21:45:00,47.5
2024-07-14 22:00:00,
2024-07-14 22:15:00,55.1
2024-07-14 22:30:00,56.2
2024-07-14 22:45:00,51.1
2024-07-14 23:00:00,
2024-07-14 23:15:00,50.8
2024-07-14 23:30:00,50.9
2024-07-14 23:45:00,49.4
2024-07-15 00:00:00,50.7
2024-07-15 00:15:00,48.3
2024-07-15 00:30:00,48.2
2024-07-15 00:45:00,51.0
2024-07-15 01:00:00,49.2
2024-07-15 01:15:00,47.5
2024-07-15 01:30:00,47.4
2024-07-15 01:45:00,49.7
2024-07-15 02:00:00,
2024-07-15 02:15:00,48.3
2024-07-15 02:30:00,49.4
2024-07-15 02:45:00,46.4
2024-07-15 03:00:00,50.0
2024-07-15 03:15:00,48.3
2024-07-15 03:30:00,52.7
2024-07-15 03:45:00,52.7
2024-07-15 04:00:00,52.7
2024-07-15 04:15:00,
2024-07-15 04:30:00,52.7
2024-07-15 04:45:00,
2024-07-15 05:00:00,52.7
2024-07-15 05:15:00,52.7
2024-07-15 05:30:00,52.7
2024-07-15 05:45:00,52.7
2024-07-15 06:00:00,52.7
2024-07-15 06:15:00,52.7
2024-07-15 06:30:00,52.7
2024-07-15 06:45:00,52.7
2024-07-15 07:00:00,52.7
2024-07-15 07:15:00,52.7
2024-07-15 07:30:00,52.7
2024-07-15 07:45:00,52.7
2024-07-15 08:00:00,52.7
2024-07-15 08:15:00,52.7
2024-07-15 08:30:00,52.7
2024-07-15 08:45:00,52.7
2024-07-15 09:00:00,52.7
2024-07-15 09:15:00,43.8
2024-07-15 09:30:00,45.6
2024-07-15 09:45:00,46.8
2024-07-15 10:00:00,44.6
2024-07-15 10:15:00,42.3
2024-07-15 10:30:00,43.2
2024-07-15 10:45:00,44.1
2024-07-15 11:00:00,41.6
2024-07-15 11:15:00,46.5
2024-07-15 11:30:00,
2024-07-15 11:45:00,44.2
2024-07-15 12:00:00,44.9
2024-07-15 12:15:00,42.5
2024-07-15 12:30:00,38.4
2024-07-15 12:45:00,42.2
2024-07-15 13:00:00,41.2
2024-07-15 13:15:00,44.9
2024-07-15 13:30:00,43.7
2024-07-15 13:45:00,42.2
2024-07-15 14:00:00,40.4
2024-07-15 14:15:00,48.147035683417386
2024-07-15 14:30:00,41.9
2024-07-15 14:45:00,43.6
2024-07-15 15:00:00,43.5
2024-07-15 15:15:00,40.7
2024-07-15 15:30:00,
2024-07-15 15:45:00,41.7
2024-07-15 16:00:00,42.7
2024-07-15 16:15:00,38.5
2024-07-15 16:30:00,40.5
2024-07-15 16:45:00,57.439604009939494
2024-07-15 17:00:00,41.8
2024-07-15 17:15:00,45.2
2024-07-15 17:30:00,41.5
2024-07-15 17:45:00,45.4
2024-07-15 18:00:00,39.6
2024-07-15 18:15:00,42.2
2024-07-15 18:30:00,41.4
2024-07-15 18:45:00,37.4
2024-07-15 19:00:00,42.8
2024-07-15 19:15:00,45.6
2024-07-15 19:30:00,41.8
2024-07-15 19:45:00,38.2
2024-07-15 20:00:00,45.0
2024-07-15 20:15:00,40.0
2024-07-15 20:30:00,41.8
2024-07-15 20:45:00,38.7
2024-07-15 21:00:00,39.1
2024-07-15 21:15:00,40.1
2024-07-15 21:30:00,45.4
2024-07-15 21:45:00,
2024-07-15 22:00:00,
2024-07-15 22:15:00,39.1
2024-07-15 22:30:00,40.8
2024-07-15 22:45:00,39.1
2024-07-15 23:00:00,
2024-07-15 23:15:00,38.0
2024-07-15 23:30:00,40.8
2024-07-15 23:45:00,
2024-07-16 00:00:00,37.0
2024-07-16 00:15:00,39.3
2024-07-16 00:30:00,39.0
2024-07-16 00:45:00,37.9
2024-07-16 01:00:00,41.8
2024-07-16 01:15:00,39.1
2024-07-16 01:30:00,
2024-07-16 01:45:00,
2024-07-16 02:00:00,
2024-07-16 02:15:00,
2024-07-16 02:30:00,
2024-07-16 02:45:00,
2024-07-16 03:00:00,
2024-07-16 03:15:00,
2024-07-16 03:30:00,
2024-07-16 03:45:00,
2024-07-16 04:00:00,
2024-07-16 04:15:00,
2024-07-16 04:30:00,
2024-07-16 04:45:00,
2024-07-16 05:00:00,40.4
2024-07-16 05:15:00,38.4
2024-07-16 05:30:00,37.2
2024-07-16 05:45:00,39.3
2024-07-16 06:00:00,41.0
2024-07-16 06:15:00,
2024-07-16 06:30:00,34.9
2024-07-16 06:45:00,35.4
2024-07-16 07:00:00,42.4
2024-07-16 07:15:00,37.2
2024-07-16 07:30:00,
2024-07-16 07:45:00,34.5
2024-07-16 08:00:00,34.4
2024-07-16 08:15:00,
2024-07-16 08:30:00,33.1
2024-07-16 08:45:00,37.0
2024-07-16 09:00:00,35.0
2024-07-16 09:15:00,38.2
2024-07-16 09:30:00,36.7
2024-07-16 09:45:00,37.5
2024-07-16 10:00:00,38.6
2024-07-16 10:15:00,37.5
2024-07-16 10:30:00,36.0
2024-07-16 10:45:00,37.3
2024-07-16 11:00:00,34.8
2024-07-16 11:15:00,35.9
2024-07-16 11:30:00,34.9
2024-07-16 11:45:00,35.1
2024-07-16 12:00:00,34.1
2024-07-16 12:15:00,42.1
2024-07-16 12:30:00,66.7
2024-07-16 12:45:00,49.3
2024-07-16 13:00:00,36.7
2024-07-16 13:15:00,37.4
2024-07-16 13:30:00,
2024-07-16 13:45:00,
2024-07-16 14:00:00,
2024-07-16 14:15:00,41.0
2024-07-16 14:30:00,52.5
2024-07-16 14:45:00,55.5
2024-07-16 15:00:00,55.0
2024-07-16 15:15:00,43.1
2024-07-16 15:30:00,43.7
2024-07-16 15:45:00,39.8
2024-07-16 16:00:00,35.8
2024-07-16 16:15:00,34.6
2024-07-16 16:30:00,36.7
2024-07-16 16:45:00,37.5
2024-07-16 17:00:00,33.2
2024-07-16 17:15:00,35.2
2024-07-16 17:30:00,34.9
2024-07-16 17:45:00,35.7
2024-07-16 18:00:00,34.4
2024-07-16 18:15:00,
2024-07-16 18:30:00,32.6
2024-07-16 18:45:00,
2024-07-16 19:00:00,33.9
2024-07-16 19:15:00,36.6
2024-07-16 19:30:00,38.2
2024-07-16 19:45:00,32.2
2024-07-16 20:00:00,33.5
2024-07-16 20:15:00,34.1
2024-07-16 20:30:00,37.2
2024-07-16 20:45:00,36.7
2024-07-16 21:00:00,
2024-07-16 21:15:00,37.1
2024-07-16 21:30:00,34.3
2024-07-16 21:45:00,34.9
2024-07-16 22:00:00,36.6
2024-07-16 22:15:00,33.6
2024-07-16 22:30:00,38.8
2024-07-16 22:45:00,36.6
2024-07-16 23:00:00,32.0
2024-07-16 23:15:00,36.6
2024-07-16 23:30:00,31.9
2024-07-16 23:45:00,36.1
2024-07-17 00:00:00,33.1
2024-07-17 00:15:00,37.8
2024-07-17 00:30:00,33.8
2024-07-17 00:45:00,
2024-07-17 01:00:00,34.6
2024-07-17 01:15:00,
2024-07-17 01:30:00,35.5
2024-07-17 01:45:00,32.5
2024-07-17 02:00:00,31.6
2024-07-17 02:15:00,37.5
2024-07-17 02:30:00,
2024-07-17 02:45:00,34.6
2024-07-17 03:00:00,32.0
2024-07-17 03:15:00,33.0
2024-07-17 03:30:00,35.1
2024-07-17 03:45:00,31.0
2024-07-17 04:00:00,36.0
2024-07-17 04:15:00,29.8
2024-07-17 04:30:00,31.5
2024-07-17 04:45:00,31.8
2024-07-17 05:00:00,27.8
2024-07-17 05:15:00,29.1
2024-07-17 05:30:00,32.1
2024-07-17 05:45:00,31.3
2024-07-17 06:00:00,35.4
2024-07-17 06:15:00,31.9
2024-07-17 06:30:00,34.9
2024-07-17 06:45:00,32.7
2024-07-17 07:00:00,36.0
2024-07-17 07:15:00,31.6
2024-07-17 07:30:00,35.5
2024-07-17 07:45:00,71.26871339157398
2024-07-17 08:00:00,66.66871339157399
2024-07-17 08:15:00,64.96871339157398
2024-07-17 08:30:00,34.6
2024-07-17 08:45:00,32.4
2024-07-17 09:00:00,34.5
2024-07-17 09:15:00,33.0
2024-07-17 09:30:00,30.7
2024-07-17 09:45:00,34.3
2024-07-17 10:00:00,31.8
2024-07-17 10:15:00,34.6
2024-07-17 10:30:00,32.4
2024-07-17 10:45:00,33.6
2024-07-17 11:00:00,33.6
2024-07-17 11:15:00,35.4
2024-07-17 11:30:00,28.4
2024-07-17 11:45:00,32.5
2024-07-17 12:00:00,28.3
2024-07-17 12:15:00,35.1
2024-07-17 12:30:00,33.4
2024-07-17 12:45:00,30.3
2024-07-17 13:00:00,29.5
2024-07-17 13:15:00,32.6
2024-07-17 13:30:00,
2024-07-17 13:45:00,
2024-07-17 14:00:00,29.7
2024-07-17 14:15:00,30.8
2024-07-17 14:30:00,29.4
2024-07-17 14:45:00,31.6
2024-07-17 15:00:00,29.0
2024-07-17 15:15:00,30.1
2024-07-17 15:30:00,29.0
2024-07-17 15:45:00,29.5
2024-07-17 16:00:00,39.077857481925584
2024-07-17 16:15:00,39.97785748192558
2024-07-17 16:30:00,34.1
2024-07-17 16:45:00,31.6
2024-07-17 17:00:00,31.9
2024-07-17 17:15:00,31.4
2024-07-17 17:30:00,33.6
2024-07-17 17:45:00,31.3
2024-07-17 18:00:00,32.1
2024-07-17 18:15:00,34.7
2024-07-17 18:30:00,31.4
2024-07-17 18:45:00,32.4
2024-07-17 19:00:00,32.5
2024-07-17 19:15:00,33.8
2024-07-17 19:30:00,31.2
2024-07-17 19:45:00,28.2
2024-07-17 20:00:00,31.0
2024-07-17 20:15:00,32.8
2024-07-17 20:30:00,31.9
2024-07-17 20:45:00,31.4
2024-07-17 21:00:00,29.6
2024-07-17 21:15:00,
2024-07-17 21:30:00,34.5
2024-07-17 21:45:00,31.5
2024-07-17 22:00:00,32.1
2024-07-17 22:15:00,
2024-07-17 22:30:00,28.8
2024-07-17 22:45:00,30.2
2024-07-17 23:00:00,34.2
2024-07-17 23:15:00,33.3
2024-07-17 23:30:00,34.1
2024-07-17 23:45:00,31.9
2024-07-18 00:00:00,31.6
2024-07-18 00:15:00,30.7
2024-07-18 00:30:00,27.6
2024-07-18 00:45:00,29.2
2024-07-18 01:00:00,
2024-07-18 01:15:00,31.4
2024-07-18 01:30:00,
2024-07-18 01:45:00,
2024-07-18 02:00:00,30.6
2024-07-18 02:15:00,29.6
2024-07-18 02:30:00,29.6
2024-07-18 02:45:00,31.7
2024-07-18 03:00:00,27.4
2024-07-18 03:15:00,27.4
2024-07-18 03:30:00,28.4
2024-07-18 03:45:00,
2024-07-18 04:00:00,29.2
2024-07-18 04:15:00,33.6
2024-07-18 04:30:00,27.6
2024-07-18 04:45:00,31.0
2024-07-18 05:00:00,31.4
2024-07-18 05:15:00,29.1
2024-07-18 05:30:00,31.956886470439024
2024-07-18 05:45:00,31.0
2024-07-18 06:00:00,32.2
2024-07-18 06:15:00,28.0
2024-07-18 06:30:00,33.8
2024-07-18 06:45:00,28.4
2024-07-18 07:00:00,32.3
2024-07-18 07:15:00,28.6
2024-07-18 07:30:00,26.8
2024-07-18 07:45:00,
2024-07-18 08:00:00,27.6
2024-07-18 08:15:00,29.6
2024-07-18 08:30:00,32.8
2024-07-18 08:45:00,27.5
2024-07-18 09:00:00,29.5
2024-07-18 09:15:00,25.8
2024-07-18 09:30:00,31.3
2024-07-18 09:45:00,26.6
2024-07-18 10:00:00,27.0
2024-07-18 10:15:00,30.9
2024-07-18 10:30:00,
2024-07-18 10:45:00,32.0
2024-07-18 11:00:00,30.2
2024-07-18 11:15:00,28.7
2024-07-18 11:30:00,25.9
2024-07-18 11:45:00,28.9
2024-07-18 12:00:00,27.3
2024-07-18 12:15:00,27.0
2024-07-18 12:30:00,
2024-07-18 12:45:00,28.0
2024-07-18 13:00:00,32.2
2024-07-18 13:15:00,28.8
2024-07-18 13:30:00,27.2
2024-07-18 13:45:00,33.9
2024-07-18 14:00:00,28.0
2024-07-18 14:15:00,
2024-07-18 14:30:00,27.7
2024-07-18 14:45:00,29.2
2024-07-18 15:00:00,28.2
2024-07-18 15:15:00,31.0
2024-07-18 15:30:00,31.9
2024-07-18 15:45:00,29.1
2024-07-18 16:00:00,28.0
2024-07-18 16:15:00,30.8
2024-07-18 16:30:00,28.2
2024-07-18 16:45:00,26.2
2024-07-18 17:00:00,29.7
2024-07-18 17:15:00,26.6
2024-07-18 17:30:00,
2024-07-18 17:45:00,28.4
2024-07-18 18:00:00,26.8
2024-07-18 18:15:00,
2024-07-18 18:30:00,26.6
2024-07-18 18:45:00,30.6
2024-07-18 19:00:00,27.4
2024-07-18 19:15:00,
2024-07-18 19:30:00,26.0
2024-07-18 19:45:00,27.8
2024-07-18 20:00:00,29.3
2024-07-18 20:15:00,
2024-07-18 20:30:00,28.0
2024-07-18 20:45:00,26.2
2024-07-18 21:00:00,28.8
2024-07-18 21:15:00,31.6
2024-07-18 21:30:00,26.3
2024-07-18 21:45:00,26.0
2024-07-18 22:00:00,
2024-07-18 22:15:00,26.1
2024-07-18 22:30:00,30.1
2024-07-18 22:45:00,27.4
2024-07-18 23:00:00,30.9
2024-07-18 23:15:00,25.9
2024-07-18 23:30:00,31.4
2024-07-18 23:45:00,29.9
2024-07-19 00:00:00,28.9
2024-07-19 00:15:00,27.3
2024-07-19 00:30:00,28.3
2024-07-19 00:45:00,27.8
2024-07-19 01:00:00,27.6
2024-07-19 01:15:00,27.9
2024-07-19 01:30:00,27.7
2024-07-19 01:45:00,
2024-07-19 02:00:00,28.8
2024-07-19 02:15:00,31.870955707272277
2024-07-19 02:30:00,31.0
2024-07-19 02:45:00,28.6
2024-07-19 03:00:00,26.5
2024-07-19 03:15:00,
2024-07-19 03:30:00,26.3
2024-07-19 03:45:00,27.5
2024-07-19 04:00:00,29.0
2024-07-19 04:15:00,26.6
2024-07-19 04:30:00,26.5
2024-07-19 04:45:00,26.1
2024-07-19 05:00:00,29.2
2024-07-19 05:15:00,28.2
2024-07-19 05:30:00,25.0
2024-07-19 05:45:00,27.5
2024-07-19 06:00:00,26.3
2024-07-19 06:15:00,27.3
2024-07-19 06:30:00,26.6
2024-07-19 06:45:00,27.5
2024-07-19 07:00:00,
2024-07-19 07:15:00,25.9
2024-07-19 07:30:00,25.2
2024-07-19 07:45:00,26.9
2024-07-19 08:00:00,26.6
2024-07-19 08:15:00,27.1
2024-07-19 08:30:00,27.0
2024-07-19 08:45:00,
2024-07-19 09:00:00,25.2
2024-07-19 09:15:00,27.9
2024-07-19 09:30:00,28.2
2024-07-19 09:45:00,26.6
2024-07-19 10:00:00,26.9
2024-07-19 10:15:00,25.3
2024-07-19 10:30:00,28.6
2024-07-19 10:45:00,
2024-07-19 11:00:00,25.6
2024-07-19 11:15:00,28.9
2024-07-19 11:30:00,26.3
2024-07-19 11:45:00,28.3
2024-07-19 12:00:00,26.8
2024-07-19 12:15:00,31.0
2024-07-19 12:30:00,27.3
2024-07-19 12:45:00,26.6
2024-07-19 13:00:00,29.2
2024-07-19 13:15:00,26.6
2024-07-19 13:30:00,28.9
2024-07-19 13:45:00,29.1
2024-07-19 14:00:00,
2024-07-19 14:15:00,27.1
2024-07-19 14:30:00,34.7233901275049
2024-07-19 14:45:00,29.4
2024-07-19 15:00:00,28.0
2024-07-19 15:15:00,
2024-07-19 15:30:00,27.5
2024-07-19 15:45:00,28.6
2024-07-19 16:00:00,28.4
2024-07-19 16:15:00,
2024-07-19 16:30:00,28.4
2024-07-19 16:45:00,
2024-07-19 17:00:00,29.2
2024-07-19 17:15:00,
2024-07-19 17:30:00,
2024-07-19 17:45:00,27.2
2024-07-19 18:00:00,
2024-07-19 18:15:00,26.9
2024-07-19 18:30:00,29.1
2024-07-19 18:45:00,
2024-07-19 19:00:00,28.6
2024-07-19 19:15:00,
2024-07-19 19:30:00,30.5
2024-07-19 19:45:00,27.1
2024-07-19 20:00:00,26.3
2024-07-19 20:15:00,
2024-07-19 20:30:00,28.8
2024-07-19 20:45:00,27.3
2024-07-19 21:00:00,
2024-07-19 21:15:00,28.3
2024-07-19 21:30:00,28.8
2024-07-19 21:45:00,29.9
2024-07-19 22:00:00,
2024-07-19 22:15:00,
2024-07-19 22:30:00,28.6
2024-07-19 22:45:00,27.8
2024-07-19 23:00:00,28.9
2024-07-19 23:15:00,27.5
2024-07-19 23:30:00,
2024-07-19 23:45:00,
2024-07-20 00:00:00,28.3
2024-07-20 00:15:00,27.9
2024-07-20 00:30:00,28.4
2024-07-20 00:45:00,28.1
2024-07-20 01:00:00,30.2
2024-07-20 01:15:00,
2024-07-20 01:30:00,28.1
2024-07-20 01:45:00,
2024-07-20 02:00:00,29.7
2024-07-20 02:15:00,
2024-07-20 02:30:00,26.9
2024-07-20 02:45:00,26.4
2024-07-20 03:00:00,28.1
2024-07-20 03:15:00,26.7
2024-07-20 03:30:00,
2024-07-20 03:45:00,26.7
2024-07-20 04:00:00,26.7
2024-07-20 04:15:00,
2024-07-20 04:30:00,27.4
2024-07-20 04:45:00,26.7
2024-07-20 05:00:00,27.1
2024-07-20 05:15:00,25.8
2024-07-20 05:30:00,29.6
2024-07-20 05:45:00,
2024-07-20 06:00:00,26.1
2024-07-20 06:15:00,27.4
2024-07-20 06:30:00,28.2
2024-07-20 06:45:00,26.2
2024-07-20 07:00:00,27.4
2024-07-20 07:15:00,
2024-07-20 07:30:00,26.7
2024-07-20 07:45:00,28.3
2024-07-20 08:00:00,27.6
2024-07-20 08:15:00,27.9
2024-07-20 08:30:00,
2024-07-20 08:45:00,30.902275120522706
2024-07-20 09:00:00,33.30227512052271
2024-07-20 09:15:00,
2024-07-20 09:30:00,31.102275120522705
2024-07-20 09:45:00,
2024-07-20 10:00:00,28.902275120522706
2024-07-20 10:15:00,29.302275120522708
2024-07-20 10:30:00,30.902275120522706
2024-07-20 10:45:00,30.902275120522706
2024-07-20 11:00:00,33.4022751205227
2024-07-20 11:15:00,
2024-07-20 11:30:00,
2024-07-20 11:45:00,30.002275120522707
2024-07-20 12:00:00,29.302275120522708
2024-07-20 12:15:00,29.602275120522705
2024-07-20 12:30:00,31.102275120522705
2024-07-20 12:45:00,
2024-07-20 13:00:00,32.002275120522704
2024-07-20 13:15:00,31.902275120522706
2024-07-20 13:30:00,
2024-07-20 13:45:00,31.902275120522706
2024-07-20 14:00:00,30.702275120522707
2024-07-20 14:15:00,30.302275120522708
2024-07-20 14:30:00,
2024-07-20 14:45:00,
2024-07-20 15:00:00,30.102275120522705
2024-07-20 15:15:00,29.502275120522707
2024-07-20 15:30:00,32.30227512052271
2024-07-20 15:45:00,
2024-07-20 16:00:00,29.802275120522708
2024-07-20 16:15:00,
2024-07-20 16:30:00,32.4022751205227
2024-07-20 16:45:00,31.802275120522708
2024-07-20 17:00:00,30.302275120522708
2024-07-20 17:15:00,
2024-07-20 17:30:00,33.002275120522704
2024-07-20 17:45:00,
2024-07-20 18:00:00,31.902275120522706
2024-07-20 18:15:00,
2024-07-20 18:30:00,
2024-07-20 18:45:00,28.8
2024-07-20 19:00:00,27.9
2024-07-20 19:15:00,27.3
2024-07-20 19:30:00,27.9
2024-07-20 19:45:00,28.7
2024-07-20 20:00:00,27.5
2024-07-20 20:15:00,
2024-07-20 20:30:00,27.2
2024-07-20 20:45:00,29.7
2024-07-20 21:00:00,27.5
2024-07-20 21:15:00,28.2
2024-07-20 21:30:00,26.7
2024-07-20 21:45:00,
2024-07-20 22:00:00,27.5
2024-07-20 22:15:00,28.6
2024-07-20 22:30:00,
2024-07-20 22:45:00,27.3
2024-07-20 23:00:00,26.1
2024-07-20 23:15:00,27.7
2024-07-20 23:30:00,
2024-07-20 23:45:00,26.0
2024-07-21 00:00:00,26.2
2024-07-21 00:15:00,27.3
2024-07-21 00:30:00,28.5
2024-07-21 00:45:00,29.1
2024-07-21 01:00:00,
2024-07-21 01:15:00,27.8
2024-07-21 01:30:00,28.3
2024-07-21 01:45:00,
2024-07-21 02:00:00,25.5
2024-07-21 02:15:00,26.0
2024-07-21 02:30:00,28.2
2024-07-21 02:45:00,
2024-07-21 03:00:00,26.4
2024-07-21 03:15:00,26.1
2024-07-21 03:30:00,
2024-07-21 03:45:00,27.6
2024-07-21 04:00:00,
2024-07-21 04:15:00,25.3
2024-07-21 04:30:00,26.0
2024-07-21 04:45:00,29.1
2024-07-21 05:00:00,
2024-07-21 05:15:00,26.2
2024-07-21 05:30:00,28.3
2024-07-21 05:45:00,26.8
2024-07-21 06:00:00,27.7
2024-07-21 06:15:00,27.3
2024-07-21 06:30:00,25.3
2024-07-21 06:45:00,26.8
2024-07-21 07:00:00,27.0
2024-07-21 07:15:00,
2024-07-21 07:30:00,24.9
2024-07-21 07:45:00,
2024-07-21 08:00:00,25.6
2024-07-21 08:15:00,27.6
2024-07-21 08:30:00,
2024-07-21 08:45:00,26.3
2024-07-21 09:00:00,27.7
2024-07-21 09:15:00,
2024-07-21 09:30:00,
2024-07-21 09:45:00,26.9
2024-07-21 10:00:00,25.2
2024-07-21 10:15:00,
2024-07-21 10:30:00,31.810120635755418
2024-07-21 10:45:00,32.110120635755415
2024-07-21 11:00:00,33.41012063575542
2024-07-21 11:15:00,26.3
2024-07-21 11:30:00,25.0
2024-07-21 11:45:00,
2024-07-21 12:00:00,24.7
2024-07-21 12:15:00,25.1
2024-07-21 12:30:00,26.9
2024-07-21 12:45:00,26.7
2024-07-21 13:00:00,
2024-07-21 13:15:00,
2024-07-21 13:30:00,
2024-07-21 13:45:00,27.2
2024-07-21 14:00:00,26.7
2024-07-21 14:15:00,
2024-07-21 14:30:00,26.6
2024-07-21 14:45:00,26.1
2024-07-21 15:00:00,27.3
2024-07-21 15:15:00,
2024-07-21 15:30:00,28.1
2024-07-21 15:45:00,28.0
2024-07-21 16:00:00,
2024-07-21 16:15:00,28.2
2024-07-21 16:30:00,25.7
2024-07-21 16:45:00,27.4
2024-07-21 17:00:00,
2024-07-21 17:15:00,28.1
2024-07-21 17:30:00,
2024-07-21 17:45:00,
2024-07-21 18:00:00,
2024-07-21 18:15:00,27.0
2024-07-21 18:30:00,
2024-07-21 18:45:00,
2024-07-21 19:00:00,28.8
2024-07-21 19:15:00,26.2
2024-07-21 19:30:00,26.5
2024-07-21 19:45:00,26.4
2024-07-21 20:00:00,25.4
2024-07-21 20:15:00,
2024-07-21 20:30:00,25.6
2024-07-21 20:45:00,27.0
2024-07-21 21:00:00,26.4
2024-07-21 21:15:00,
2024-07-21 21:30:00,25.7
2024-07-21 21:45:00,
2024-07-21 22:00:00,26.7
2024-07-21 22:15:00,
2024-07-21 22:30:00,25.8
2024-07-21 22:45:00,27.6
2024-07-21 23:00:00,25.9
2024-07-21 23:15:00,
2024-07-21 23:30:00,
2024-07-21 23:45:00,
2024-07-22 00:00:00,26.1
2024-07-22 00:15:00,28.3
2024-07-22 00:30:00,25.0
2024-07-22 00:45:00,
2024-07-22 01:00:00,27.6
2024-07-22 01:15:00,25.4
2024-07-22 01:30:00,26.5
2024-07-22 01:45:00,28.6
2024-07-22 02:00:00,26.5
2024-07-22 02:15:00,28.8
2024-07-22 02:30:00,27.9
2024-07-22 02:45:00,27.4
2024-07-22 03:00:00,27.9
2024-07-22 03:15:00,28.2
2024-07-22 03:30:00,
2024-07-22 03:45:00,25.2
2024-07-22 04:00:00,25.3
2024-07-22 04:15:00,26.4
2024-07-22 04:30:00,27.2
2024-07-22 04:45:00,28.6
2024-07-22 05:00:00,
2024-07-22 05:15:00,
2024-07-22 05:30:00,
2024-07-22 05:45:00,25.9
2024-07-22 06:00:00,25.9
2024-07-22 06:15:00,25.0
2024-07-22 06:30:00,28.2
2024-07-22 06:45:00,
2024-07-22 07:00:00,
2024-07-22 07:15:00,26.9
2024-07-22 07:30:00,27.7
2024-07-22 07:45:00,26.2
2024-07-22 08:00:00,27.0
2024-07-22 08:15:00,26.8
2024-07-22 08:30:00,26.2
2024-07-22 08:45:00,26.8
2024-07-22 09:00:00,
2024-07-22 09:15:00,26.9
2024-07-22 09:30:00,28.6
2024-07-22 09:45:00,26.0
2024-07-22 10:00:00,25.9
2024-07-22 10:15:00,27.3
2024-07-22 10:30:00,27.0
2024-07-22 10:45:00,29.7
2024-07-22 11:00:00,26.9
2024-07-22 11:15:00,29.0
2024-07-22 11:30:00,29.3
2024-07-22 11:45:00,27.8
2024-07-22 12:00:00,25.1
2024-07-22 12:15:00,26.0
2024-07-22 12:30:00,26.3
2024-07-22 12:45:00,26.4
2024-07-22 13:00:00,27.4
2024-07-22 13:15:00,26.9
2024-07-22 13:30:00,29.6
2024-07-22 13:45:00,27.6
2024-07-22 14:00:00,35.536338607404886
2024-07-22 14:15:00,37.43633860740488
2024-07-22 14:30:00,39.036338607404886
2024-07-22 14:45:00,29.7
2024-07-22 15:00:00,28.8
2024-07-22 15:15:00,27.5
2024-07-22 15:30:00,26.8
2024-07-22 15:45:00,26.6
2024-07-22 16:00:00,28.7
2024-07-22 16:15:00,27.9
2024-07-22 16:30:00,28.0
2024-07-22 16:45:00,26.9
2024-07-22 17:00:00,30.1
2024-07-22 17:15:00,27.0
2024-07-22 17:30:00,26.6
2024-07-22 17:45:00,
2024-07-22 18:00:00,30.5
2024-07-22 18:15:00,26.6
2024-07-22 18:30:00,26.2
2024-07-22 18:45:00,27.7
2024-07-22 19:00:00,28.0
2024-07-22 19:15:00,25.6
2024-07-22 19:30:00,
2024-07-22 19:45:00,26.9
2024-07-22 20:00:00,28.9
2024-07-22 20:15:00,
2024-07-22 20:30:00,25.4
2024-07-22 20:45:00,27.7
2024-07-22 21:00:00,26.2
2024-07-22 21:15:00,27.1
2024-07-22 21:30:00,26.7
2024-07-22 21:45:00,28.0
2024-07-22 22:00:00,25.1
2024-07-22 22:15:00,28.0
2024-07-22 22:30:00,27.2
2024-07-22 22:45:00,26.1
2024-07-22 23:00:00,26.6
2024-07-22 23:15:00,27.2
2024-07-22 23:30:00,
2024-07-22 23:45:00,26.7
2024-07-23 00:00:00,29.4
2024-07-23 00:15:00,27.3
2024-07-23 00:30:00,26.3
2024-07-23 00:45:00,30.5
2024-07-23 01:00:00,
2024-07-23 01:15:00,26.6
2024-07-23 01:30:00,26.8
2024-07-23 01:45:00,29.9
2024-07-23 02:00:00,28.4
2024-07-23 02:15:00,28.3
2024-07-23 02:30:00,28.0
2024-07-23 02:45:00,28.9
2024-07-23 03:00:00,28.0
2024-07-23 03:15:00,27.0
2024-07-23 03:30:00,30.3
2024-07-23 03:45:00,26.0
2024-07-23 04:00:00,25.9
2024-07-23 04:15:00,
2024-07-23 04:30:00,27.4
2024-07-23 04:45:00,26.4
2024-07-23 05:00:00,
2024-07-23 05:15:00,28.1
2024-07-23 05:30:00,27.4
2024-07-23 05:45:00,27.4
2024-07-23 06:00:00,
2024-07-23 06:15:00,28.0
2024-07-23 06:30:00,26.7
2024-07-23 06:45:00,26.6
2024-07-23 07:00:00,28.5
2024-07-23 07:15:00,27.7
2024-07-23 07:30:00,28.6
2024-07-23 07:45:00,27.3
2024-07-23 08:00:00,27.9
2024-07-23 08:15:00,29.8
2024-07-23 08:30:00,30.2
2024-07-23 08:45:00,
2024-07-23 09:00:00,28.5
2024-07-23 09:15:00,
2024-07-23 09:30:00,26.4
2024-07-23 09:45:00,28.1
2024-07-23 10:00:00,26.4
2024-07-23 10:15:00,26.7
2024-07-23 10:30:00,26.3
2024-07-23 10:45:00,27.1
2024-07-23 11:00:00,28.4
2024-07-23 11:15:00,27.5
2024-07-23 11:30:00,
2024-07-23 11:45:00,27.8
2024-07-23 12:00:00,27.7
2024-07-23 12:15:00,26.7
2024-07-23 12:30:00,26.5
2024-07-23 12:45:00,26.8
2024-07-23 13:00:00,26.3
2024-07-23 13:15:00,27.4
2024-07-23 13:30:00,28.4
2024-07-23 13:45:00,26.8
2024-07-23 14:00:00,29.8
2024-07-23 14:15:00,28.6
2024-07-23 14:30:00,29.3
2024-07-23 14:45:00,
2024-07-23 15:00:00,28.6
2024-07-23 15:15:00,
2024-07-23 15:30:00,28.4
2024-07-23 15:45:00,
2024-07-23 16:00:00,26.6
2024-07-23 16:15:00,
2024-07-23 16:30:00,27.8
2024-07-23 16:45:00,26.4
2024-07-23 17:00:00,
2024-07-23 17:15:00,
2024-07-23 17:30:00,27.3
2024-07-23 17:45:00,26.7
2024-07-23 18:00:00,26.0
2024-07-23 18:15:00,
2024-07-23 18:30:00,26.3
2024-07-23 18:45:00,25.9
2024-07-23 19:00:00,
2024-07-23 19:15:00,26.3
2024-07-23 19:30:00,25.7
2024-07-23 19:45:00,26.8
2024-07-23 20:00:00,26.7
2024-07-23 20:15:00,
2024-07-23 20:30:00,26.2
2024-07-23 20:45:00,27.3
2024-07-23 21:00:00,26.8
2024-07-23 21:15:00,
2024-07-23 21:30:00,27.9
2024-07-23 21:45:00,27.4
2024-07-23 22:00:00,
2024-07-23 22:15:00,28.4
2024-07-23 22:30:00,26.3
2024-07-23 22:45:00,27.9
2024-07-23 23:00:00,
2024-07-23 23:15:00,28.0
2024-07-23 23:30:00,
2024-07-23 23:45:00,26.3
2024-07-24 00:00:00,26.7
2024-07-24 00:15:00,
2024-07-24 00:30:00,25.6
2024-07-24 00:45:00,
2024-07-24 01:00:00,
2024-07-24 01:15:00,27.6
2024-07-24 01:30:00,26.3
2024-07-24 01:45:00,28.1
2024-07-24 02:00:00,25.7
2024-07-24 02:15:00,26.9
2024-07-24 02:30:00,27.7
2024-07-24 02:45:00,28.0
2024-07-24 03:00:00,25.8
2024-07-24 03:15:00,27.0
2024-07-24 03:30:00,25.0
2024-07-24 03:45:00,25.6
2024-07-24 04:00:00,
2024-07-24 04:15:00,
2024-07-24 04:30:00,26.5
2024-07-24 04:45:00,24.7
2024-07-24 05:00:00,
2024-07-24 05:15:00,25.5
2024-07-24 05:30:00,25.2
2024-07-24 05:45:00,24.9
2024-07-24 06:00:00,25.4
2024-07-24 06:15:00,
2024-07-24 06:30:00,25.2
2024-07-24 06:45:00,25.6
2024-07-24 07:00:00,
2024-07-24 07:15:00,25.3
2024-07-24 07:30:00,
2024-07-24 07:45:00,25.1
2024-07-24 08:00:00,26.0
2024-07-24 08:15:00,
2024-07-24 08:30:00,
2024-07-24 08:45:00,25.2
2024-07-24 09:00:00,25.2
2024-07-24 09:15:00,
2024-07-24 09:30:00,26.1
2024-07-24 09:45:00,25.5
2024-07-24 10:00:00,
2024-07-24 10:15:00,27.5
2024-07-24 10:30:00,26.9
2024-07-24 10:45:00,25.6
2024-07-24 11:00:00,25.3
2024-07-24 11:15:00,25.6
2024-07-24 11:30:00,26.9
2024-07-24 11:45:00,
2024-07-24 12:00:00,
2024-07-24 12:15:00,27.4
2024-07-24 12:30:00,
2024-07-24 12:45:00,26.7
2024-07-24 13:00:00,26.2
2024-07-24 13:15:00,26.5
2024-07-24 13:30:00,
2024-07-24 13:45:00,
2024-07-24 14:00:00,
2024-07-24 14:15:00,24.9
2024-07-24 14:30:00,26.9
2024-07-24 14:45:00,26.6
2024-07-24 15:00:00,25.9
2024-07-24 15:15:00,24.9
2024-07-24 15:30:00,
2024-07-24 15:45:00,
2024-07-24 16:00:00,24.8
2024-07-24 16:15:00,
2024-07-24 16:30:00,25.4
2024-07-24 16:45:00,25.2
2024-07-24 17:00:00,26.3
2024-07-24 17:15:00,
2024-07-24 17:30:00,25.1
2024-07-24 17:45:00,
2024-07-24 18:00:00,
2024-07-24 18:15:00,25.3
2024-07-24 18:30:00,25.1
2024-07-24 18:45:00,
2024-07-24 19:00:00,
2024-07-24 19:15:00,26.0
2024-07-24 19:30:00,24.9
2024-07-24 19:45:00,26.5
2024-07-24 20:00:00,25.7
2024-07-24 20:15:00,26.3
2024-07-24 20:30:00,
2024-07-24 20:45:00,
2024-07-24 21:00:00,
2024-07-24 21:15:00,26.0
2024-07-24 21:30:00,25.4
2024-07-24 21:45:00,25.0
2024-07-24 22:00:00,25.3
2024-07-24 22:15:00,26.5
2024-07-24 22:30:00,25.2
2024-07-24 22:45:00,
2024-07-24 23:00:00,27.2
2024-07-24 23:15:00,27.3
2024-07-24 23:30:00,24.6
2024-07-24 23:45:00,24.9
2024-07-25 00:00:00,27.0
2024-07-25 00:15:00,26.2
2024-07-25 00:30:00,25.8
2024-07-25 00:45:00,23.7
2024-07-25 01:00:00,26.7
2024-07-25 01:15:00,24.2
2024-07-25 01:30:00,26.6
2024-07-25 01:45:00,26.6
2024-07-25 02:00:00,
2024-07-25 02:15:00,25.3
2024-07-25 02:30:00,24.4
2024-07-25 02:45:00,24.8
2024-07-25 03:00:00,26.6
2024-07-25 03:15:00,24.8
2024-07-25 03:30:00,24.3
2024-07-25 03:45:00,24.8
2024-07-25 04:00:00,27.1
2024-07-25 04:15:00,25.7
2024-07-25 04:30:00,23.6
2024-07-25 04:45:00,
2024-07-25 05:00:00,
2024-07-25 05:15:00,25.1
2024-07-25 05:30:00,
2024-07-25 05:45:00,24.1
2024-07-25 06:00:00,24.8
2024-07-25 06:15:00,26.0
2024-07-25 06:30:00,25.5
2024-07-25 06:45:00,
2024-07-25 07:00:00,25.6
2024-07-25 07:15:00,
2024-07-25 07:30:00,25.2
2024-07-25 07:45:00,
2024-07-25 08:00:00,23.9
2024-07-25 08:15:00,25.0
2024-07-25 08:30:00,
2024-07-25 08:45:00,25.7
2024-07-25 09:00:00,
2024-07-25 09:15:00,
2024-07-25 09:30:00,24.0
2024-07-25 09:45:00,
2024-07-25 10:00:00,
2024-07-25 10:15:00,25.6
2024-07-25 10:30:00,
2024-07-25 10:45:00,
2024-07-25 11:00:00,25.5
2024-07-25 11:15:00,
2024-07-25 11:30:00,24.5
2024-07-25 11:45:00,
2024-07-25 12:00:00,26.2
2024-07-25 12:15:00,25.5
2024-07-25 12:30:00,24.4
2024-07-25 12:45:00,25.7
2024-07-25 13:00:00,
2024-07-25 13:15:00,26.4
2024-07-25 13:30:00,24.7
2024-07-25 13:45:00,
2024-07-25 14:00:00,25.4
2024-07-25 14:15:00,25.4
2024-07-25 14:30:00,24.8
2024-07-25 14:45:00,25.7
2024-07-25 15:00:00,24.7
2024-07-25 15:15:00,24.7
2024-07-25 15:30:00,25.8
2024-07-25 15:45:00,24.1
2024-07-25 16:00:00,
2024-07-25 16:15:00,25.6
2024-07-25 16:30:00,26.9
2024-07-25 16:45:00,
2024-07-25 17:00:00,25.6
2024-07-25 17:15:00,
2024-07-25 17:30:00,
2024-07-25 17:45:00,24.9
2024-07-25 18:00:00,24.3
2024-07-25 18:15:00,
2024-07-25 18:30:00,26.1
2024-07-25 18:45:00,
2024-07-25 19:00:00,26.6
2024-07-25 19:15:00,24.7
2024-07-25 19:30:00,26.0
2024-07-25 19:45:00,
2024-07-25 20:00:00,25.9
2024-07-25 20:15:00,25.4
2024-07-25 20:30:00,
2024-07-25 20:45:00,
2024-07-25 21:00:00,
2024-07-25 21:15:00,24.1
2024-07-25 21:30:00,
2024-07-25 21:45:00,
2024-07-25 22:00:00,26.1
2024-07-25 22:15:00,25.9
2024-07-25 22:30:00,24.4
2024-07-25 22:45:00,25.4
2024-07-25 23:00:00,27.2
2024-07-25 23:15:00,
2024-07-25 23:30:00,
2024-07-25 23:45:00,
2024-07-26 00:00:00,24.5
2024-07-26 00:15:00,24.4
2024-07-26 00:30:00,25.6
2024-07-26 00:45:00,26.3
2024-07-26 01:00:00,26.1
2024-07-26 01:15:00,
2024-07-26 01:30:00,26.6
2024-07-26 01:45:00,26.8
2024-07-26 02:00:00,
2024-07-26 02:15:00,26.8
2024-07-26 02:30:00,25.8
2024-07-26 02:45:00,
2024-07-26 03:00:00,26.2
2024-07-26 03:15:00,27.1
2024-07-26 03:30:00,26.4
2024-07-26 03:45:00,
2024-07-26 04:00:00,27.1
2024-07-26 04:15:00,26.4
2024-07-26 04:30:00,
2024-07-26 04:45:00,
2024-07-26 05:00:00,
2024-07-26 05:15:00,25.9
2024-07-26 05:30:00,27.5
2024-07-26 05:45:00,
2024-07-26 06:00:00,24.9
2024-07-26 06:15:00,26.2
2024-07-26 06:30:00,25.0
2024-07-26 06:45:00,25.8
2024-07-26 07:00:00,26.0
2024-07-26 07:15:00,25.1
2024-07-26 07:30:00,26.3
2024-07-26 07:45:00,26.5
2024-07-26 08:00:00,
2024-07-26 08:15:00,25.9
2024-07-26 08:30:00,24.9
2024-07-26 08:45:00,25.1
2024-07-26 09:00:00,27.2
2024-07-26 09:15:00,27.0
2024-07-26 09:30:00,
2024-07-26 09:45:00,27.2
2024-07-26 10:00:00,30.237221505995706
2024-07-26 10:15:00,33.137221505995704
2024-07-26 10:30:00,26.2
2024-07-26 10:45:00,25.5
2024-07-26 11:00:00,25.0
2024-07-26 11:15:00,27.6
2024-07-26 11:30:00,26.8
2024-07-26 11:45:00,27.8
2024-07-26 12:00:00,28.8
2024-07-26 12:15:00,26.0
2024-07-26 12:30:00,28.0
2024-07-26 12:45:00,26.1
2024-07-26 13:00:00,25.3
2024-07-26 13:15:00,25.4
2024-07-26 13:30:00,27.1
2024-07-26 13:45:00,28.3
2024-07-26 14:00:00,
2024-07-26 14:15:00,
2024-07-26 14:30:00,28.0
2024-07-26 14:45:00,27.0
2024-07-26 15:00:00,
2024-07-26 15:15:00,28.8
2024-07-26 15:30:00,25.0
2024-07-26 15:45:00,27.9
2024-07-26 16:00:00,26.7
2024-07-26 16:15:00,26.7
2024-07-26 16:30:00,
2024-07-26 16:45:00,
2024-07-26 17:00:00,
2024-07-26 17:15:00,25.9
2024-07-26 17:30:00,27.3
2024-07-26 17:45:00,27.3
2024-07-26 18:00:00,26.4
2024-07-26 18:15:00,27.0
2024-07-26 18:30:00,25.2
2024-07-26 18:45:00,26.0
2024-07-26 19:00:00,25.8
2024-07-26 19:15:00,25.2
2024-07-26 19:30:00,24.4
2024-07-26 19:45:00,25.4
2024-07-26 20:00:00,
2024-07-26 20:15:00,25.8
2024-07-26 20:30:00,24.9
2024-07-26 20:45:00,25.1
2024-07-26 21:00:00,
2024-07-26 21:15:00,
2024-07-26 21:30:00,
2024-07-26 21:45:00,25.0
2024-07-26 22:00:00,24.7
2024-07-26 22:15:00,
2024-07-26 22:30:00,25.9
2024-07-26 22:45:00,26.3
2024-07-26 23:00:00,25.6
2024-07-26 23:15:00,26.8
2024-07-26 23:30:00,25.2
2024-07-26 23:45:00,24.2
2024-07-27 00:00:00,24.2
2024-07-27 00:15:00,
2024-07-27 00:30:00,24.9
2024-07-27 00:45:00,24.8
2024-07-27 01:00:00,25.6
2024-07-27 01:15:00,23.8
2024-07-27 01:30:00,25.2
2024-07-27 01:45:00,26.2
2024-07-27 02:00:00,
2024-07-27 02:15:00,25.9
2024-07-27 02:30:00,
2024-07-27 02:45:00,25.5
2024-07-27 03:00:00,25.2
2024-07-27 03:15:00,
2024-07-27 03:30:00,23.6
2024-07-27 03:45:00,24.8
2024-07-27 04:00:00,24.1
2024-07-27 04:15:00,23.7
2024-07-27 04:30:00,
2024-07-27 04:45:00,23.6
2024-07-27 05:00:00,25.6
2024-07-27 05:15:00,23.7
2024-07-27 05:30:00,23.8
2024-07-27 05:45:00,24.4
2024-07-27 06:00:00,
2024-07-27 06:15:00,22.7
2024-07-27 06:30:00,22.9
2024-07-27 06:45:00,24.3
2024-07-27 07:00:00,23.8
2024-07-27 07:15:00,23.4
2024-07-27 07:30:00,23.2
2024-07-27 07:45:00,
2024-07-27 08:00:00,
2024-07-27 08:15:00,23.0
2024-07-27 08:30:00,23.6
2024-07-27 08:45:00,22.6
2024-07-27 09:00:00,24.2
2024-07-27 09:15:00,22.8
2024-07-27 09:30:00,23.8
2024-07-27 09:45:00,
2024-07-27 10:00:00,
2024-07-27 10:15:00,
2024-07-27 10:30:00,24.7
2024-07-27 10:45:00,24.8
2024-07-27 11:00:00,
2024-07-27 11:15:00,
2024-07-27 11:30:00,24.3
2024-07-27 11:45:00,24.4
2024-07-27 12:00:00,24.7
2024-07-27 12:15:00,24.1
2024-07-27 12:30:00,
2024-07-27 12:45:00,25.4
2024-07-27 13:00:00,23.9
2024-07-27 13:15:00,24.3
2024-07-27 13:30:00,24.4
2024-07-27 13:45:00,24.2
2024-07-27 14:00:00,23.8
2024-07-27 14:15:00,
2024-07-27 14:30:00,25.0
2024-07-27 14:45:00,25.8
2024-07-27 15:00:00,
2024-07-27 15:15:00,24.7
2024-07-27 15:30:00,24.1
2024-07-27 15:45:00,25.2
2024-07-27 16:00:00,
2024-07-27 16:15:00,23.4
2024-07-27 16:30:00,24.4
2024-07-27 16:45:00,22.7
2024-07-27 17:00:00,23.8
2024-07-27 17:15:00,24.2
2024-07-27 17:30:00,23.7
2024-07-27 17:45:00,
2024-07-27 18:00:00,
2024-07-27 18:15:00,25.1
2024-07-27 18:30:00,24.8
2024-07-27 18:45:00,24.7
2024-07-27 19:00:00,23.3
2024-07-27 19:15:00,23.6
2024-07-27 19:30:00,22.6
2024-07-27 19:45:00,24.3
2024-07-27 20:00:00,
2024-07-27 20:15:00,
2024-07-27 20:30:00,23.2
2024-07-27 20:45:00,22.8
2024-07-27 21:00:00,24.2
2024-07-27 21:15:00,23.3
2024-07-27 21:30:00,22.2
2024-07-27 21:45:00,24.7
2024-07-27 22:00:00,21.9
2024-07-27 22:15:00,24.4
2024-07-27 22:30:00,24.3
2024-07-27 22:45:00,
2024-07-27 23:00:00,23.9
2024-07-27 23:15:00,23.8
2024-07-27 23:30:00,
2024-07-27 23:45:00,21.7
2024-07-28 00:00:00,22.7
2024-07-28 00:15:00,
2024-07-28 00:30:00,22.1
2024-07-28 00:45:00,
2024-07-28 01:00:00,
2024-07-28 01:15:00,22.7
2024-07-28 01:30:00,21.8
2024-07-28 01:45:00,
2024-07-28 02:00:00,
2024-07-28 02:15:00,23.2
2024-07-28 02:30:00,
2024-07-28 02:45:00,23.2
2024-07-28 03:00:00,
2024-07-28 03:15:00,24.1
2024-07-28 03:30:00,22.2
2024-07-28 03:45:00,21.4
2024-07-28 04:00:00,
2024-07-28 04:15:00,
2024-07-28 04:30:00,22.0
2024-07-28 04:45:00,
2024-07-28 05:00:00,21.0
2024-07-28 05:15:00,
2024-07-28 05:30:00,
2024-07-28 05:45:00,
2024-07-28 06:00:00,21.1
2024-07-28 06:15:00,22.0
2024-07-28 06:30:00,22.5
2024-07-28 06:45:00,22.8
2024-07-28 07:00:00,22.8
2024-07-28 07:15:00,23.2
2024-07-28 07:30:00,
2024-07-28 07:45:00,22.4
2024-07-28 08:00:00,
2024-07-28 08:15:00,21.7
2024-07-28 08:30:00,23.4
2024-07-28 08:45:00,22.7
2024-07-28 09:00:00,21.8
2024-07-28 09:15:00,22.9
2024-07-28 09:30:00,21.9
2024-07-28 09:45:00,21.7
2024-07-28 10:00:00,
2024-07-28 10:15:00,
2024-07-28 10:30:00,21.4
2024-07-28 10:45:00,21.3
2024-07-28 11:00:00,
2024-07-28 11:15:00,
2024-07-28 11:30:00,
2024-07-28 11:45:00,
2024-07-28 12:00:00,22.6
2024-07-28 12:15:00,
2024-07-28 12:30:00,22.6
2024-07-28 12:45:00,22.9
2024-07-28 13:00:00,
2024-07-28 13:15:00,22.5
2024-07-28 13:30:00,
2024-07-28 13:45:00,
2024-07-28 14:00:00,21.6
2024-07-28 14:15:00,21.2
2024-07-28 14:30:00,21.8
2024-07-28 14:45:00,
2024-07-28 15:00:00,
2024-07-28 15:15:00,
2024-07-28 15:30:00,
2024-07-28 15:45:00,
2024-07-28 16:00:00,
2024-07-28 16:15:00,21.5
2024-07-28 16:30:00,
2024-07-28 16:45:00,22.4
2024-07-28 17:00:00,
2024-07-28 17:15:00,21.8
2024-07-28 17:30:00,21.8
2024-07-28 17:45:00,
2024-07-28 18:00:00,22.8
2024-07-28 18:15:00,22.4
2024-07-28 18:30:00,21.9
2024-07-28 18:45:00,
2024-07-28 19:00:00,
2024-07-28 19:15:00,21.5
2024-07-28 19:30:00,
2024-07-28 19:45:00,21.2
2024-07-28 20:00:00,
2024-07-28 20:15:00,
2024-07-28 20:30:00,
2024-07-28 20:45:00,21.9
2024-07-28 21:00:00,
2024-07-28 21:15:00,21.8
2024-07-28 21:30:00,
2024-07-28 21:45:00,22.5
2024-07-28 22:00:00,
2024-07-28 22:15:00,
2024-07-28 22:30:00,
2024-07-28 22:45:00,21.5
2024-07-28 23:00:00,
2024-07-28 23:15:00,21.4
2024-07-28 23:30:00,21.3
2024-07-28 23:45:00,
2024-07-29 00:00:00,
2024-07-29 00:15:00,22.6
2024-07-29 00:30:00,
2024-07-29 00:45:00,21.4
2024-07-29 01:00:00,
2024-07-29 01:15:00,22.2
2024-07-29 01:30:00,
2024-07-29 01:45:00,
2024-07-29 02:00:00,
2024-07-29 02:15:00,22.4
2024-07-29 02:30:00,
2024-07-29 02:45:00,
2024-07-29 03:00:00,
2024-07-29 03:15:00,
2024-07-29 03:30:00,
2024-07-29 03:45:00,21.4
2024-07-29 04:00:00,22.2
2024-07-29 04:15:00,
2024-07-29 04:30:00,
2024-07-29 04:45:00,22.3
2024-07-29 05:00:00,
2024-07-29 05:15:00,
2024-07-29 05:30:00,
2024-07-29 05:45:00,
2024-07-29 06:00:00,21.9
2024-07-29 06:15:00,
2024-07-29 06:30:00,
2024-07-29 06:45:00,
2024-07-29 07:00:00,21.7
2024-07-29 07:15:00,22.4
2024-07-29 07:30:00,
2024-07-29 07:45:00,
2024-07-29 08:00:00,
2024-07-29 08:15:00,
2024-07-29 08:30:00,
2024-07-29 08:45:00,21.5
2024-07-29 09:00:00,
2024-07-29 09:15:00,
2024-07-29 09:30:00,22.6
2024-07-29 09:45:00,
2024-07-29 10:00:00,
2024-07-29 10:15:00,
2024-07-29 10:30:00,
2024-07-29 10:45:00,
2024-07-29 11:00:00,
2024-07-29 11:15:00,
2024-07-29 11:30:00,21.9
2024-07-29 11:45:00,21.8
2024-07-29 12:00:00,
2024-07-29 12:15:00,21.6
2024-07-29 12:30:00,23.0
2024-07-29 12:45:00,21.6
2024-07-29 13:00:00,
2024-07-29 13:15:00,20.9
2024-07-29 13:30:00,21.5
2024-07-29 13:45:00,22.2
2024-07-29 14:00:00,23.4
2024-07-29 14:15:00,30.255649812057413
2024-07-29 14:30:00,22.8
2024-07-29 14:45:00,
2024-07-29 15:00:00,22.7
2024-07-29 15:15:00,23.2
2024-07-29 15:30:00,21.1
2024-07-29 15:45:00,
2024-07-29 16:00:00,20.8
2024-07-29 16:15:00,
2024-07-29 16:30:00,
2024-07-29 16:45:00,21.5
2024-07-29 17:00:00,20.6
2024-07-29 17:15:00,21.7
2024-07-29 17:30:00,30.94896619874554
2024-07-29 17:45:00,21.7
2024-07-29 18:00:00,
2024-07-29 18:15:00,21.0
2024-07-29 18:30:00,
2024-07-29 18:45:00,21.6
2024-07-29 19:00:00,22.3
2024-07-29 19:15:00,
2024-07-29 19:30:00,20.7
2024-07-29 19:45:00,22.1
2024-07-29 20:00:00,
2024-07-29 20:15:00,21.4
2024-07-29 20:30:00,21.5
2024-07-29 20:45:00,
2024-07-29 21:00:00,22.0
2024-07-29 21:15:00,21.8
2024-07-29 21:30:00,
2024-07-29 21:45:00,22.2
2024-07-29 22:00:00,
2024-07-29 22:15:00,20.8
2024-07-29 22:30:00,
2024-07-29 22:45:00,
2024-07-29 23:00:00,
2024-07-29 23:15:00,21.4
2024-07-29 23:30:00,21.0
2024-07-29 23:45:00,20.7
2024-07-30 00:00:00,
2024-07-30 00:15:00,21.8
2024-07-30 00:30:00,21.0
2024-07-30 00:45:00,
2024-07-30 01:00:00,21.8
2024-07-30 01:15:00,19.8
2024-07-30 01:30:00,
2024-07-30 01:45:00,
2024-07-30 02:00:00,20.4
2024-07-30 02:15:00,20.6
2024-07-30 02:30:00,20.6
2024-07-30 02:45:00,
2024-07-30 03:00:00,21.6
2024-07-30 03:15:00,21.4
2024-07-30 03:30:00,20.7
2024-07-30 03:45:00,21.1
2024-07-30 04:00:00,20.2
2024-07-30 04:15:00,
2024-07-30 04:30:00,21.3
2024-07-30 04:45:00,
2024-07-30 05:00:00,
2024-07-30 05:15:00,21.5
2024-07-30 05:30:00,21.4
2024-07-30 05:45:00,21.0
2024-07-30 06:00:00,20.0
2024-07-30 06:15:00,20.6
2024-07-30 06:30:00,
2024-07-30 06:45:00,
2024-07-30 07:00:00,21.5
2024-07-30 07:15:00,
2024-07-30 07:30:00,
2024-07-30 07:45:00,
2024-07-30 08:00:00,21.2
2024-07-30 08:15:00,20.4
2024-07-30 08:30:00,20.5
2024-07-30 08:45:00,22.0
2024-07-30 09:00:00,21.7
2024-07-30 09:15:00,20.0
2024-07-30 09:30:00,
2024-07-30 09:45:00,
2024-07-30 10:00:00,21.4
2024-07-30 10:15:00,19.7
2024-07-30 10:30:00,19.9
2024-07-30 10:45:00,
2024-07-30 11:00:00,19.4
2024-07-30 11:15:00,20.1
2024-07-30 11:30:00,
2024-07-30 11:45:00,
2024-07-30 12:00:00,19.2
2024-07-30 12:15:00,19.6
2024-07-30 12:30:00,
2024-07-30 12:45:00,21.0
2024-07-30 13:00:00,
2024-07-30 13:15:00,21.5
2024-07-30 13:30:00,21.2
2024-07-30 13:45:00,
2024-07-30 14:00:00,20.4
2024-07-30 14:15:00,
2024-07-30 14:30:00,21.0
2024-07-30 14:45:00,20.0
2024-07-30 15:00:00,
2024-07-30 15:15:00,21.7
2024-07-30 15:30:00,
2024-07-30 15:45:00,21.4
2024-07-30 16:00:00,19.4
2024-07-30 16:15:00,19.4
2024-07-30 16:30:00,
2024-07-30 16:45:00,
2024-07-30 17:00:00,20.6
2024-07-30 17:15:00,20.7
2024-07-30 17:30:00,21.9
2024-07-30 17:45:00,
2024-07-30 18:00:00,19.7
2024-07-30 18:15:00,
2024-07-30 18:30:00,
2024-07-30 18:45:00,20.4
2024-07-30 19:00:00,19.8
2024-07-30 19:15:00,
2024-07-30 19:30:00,
2024-07-30 19:45:00,19.0
2024-07-30 20:00:00,21.6
2024-07-30 20:15:00,
2024-07-30 20:30:00,21.1
2024-07-30 20:45:00,19.5
2024-07-30 21:00:00,
2024-07-30 21:15:00,20.9
2024-07-30 21:30:00,21.4
2024-07-30 21:45:00,20.6
2024-07-30 22:00:00,21.4
2024-07-30 22:15:00,21.4
2024-07-30 22:30:00,21.4
2024-07-30 22:45:00,21.2
2024-07-30 23:00:00,
2024-07-30 23:15:00,20.6
2024-07-30 23:30:00,
2024-07-30 23:45:00,20.7
2024-07-31 00:00:00,19.0
2024-07-31 00:15:00,
2024-07-31 00:30:00,
2024-07-31 00:45:00,19.0
2024-07-31 01:00:00,
2024-07-31 01:15:00,20.4
2024-07-31 01:30:00,19.9
2024-07-31 01:45:00,
2024-07-31 02:00:00,19.7
2024-07-31 02:15:00,
2024-07-31 02:30:00,21.1
2024-07-31 02:45:00,19.1
2024-07-31 03:00:00,19.9
2024-07-31 03:15:00,
2024-07-31 03:30:00,21.4
2024-07-31 03:45:00,18.8
2024-07-31 04:00:00,19.2
2024-07-31 04:15:00,
2024-07-31 04:30:00,19.4
2024-07-31 04:45:00,19.4
2024-07-31 05:00:00,
2024-07-31 05:15:00,
2024-07-31 05:30:00,
2024-07-31 05:45:00,19.7
2024-07-31 06:00:00,
2024-07-31 06:15:00,
2024-07-31 06:30:00,
2024-07-31 06:45:00,20.8
2024-07-31 07:00:00,
2024-07-31 07:15:00,21.0
2024-07-31 07:30:00,19.4
2024-07-31 07:45:00,18.9
2024-07-31 08:00:00,20.0
2024-07-31 08:15:00,
2024-07-31 08:30:00,19.2
2024-07-31 08:45:00,
2024-07-31 09:00:00,
2024-07-31 09:15:00,
2024-07-31 09:30:00,
2024-07-31 09:45:00,20.1
2024-07-31 10:00:00,18.7
2024-07-31 10:15:00,19.9
2024-07-31 10:30:00,20.3
2024-07-31 10:45:00,19.6
2024-07-31 11:00:00,19.0
2024-07-31 11:15:00,
2024-07-31 11:30:00,20.5
2024-07-31 11:45:00,20.8
2024-07-31 12:00:00,21.0
2024-07-31 12:15:00,19.9
2024-07-31 12:30:00,19.0
2024-07-31 12:45:00,19.6
2024-07-31 13:00:00,
2024-07-31 13:15:00,19.4
2024-07-31 13:30:00,24.276851733126072
2024-07-31 13:45:00,19.0
2024-07-31 14:00:00,18.9
2024-07-31 14:15:00,20.5
2024-07-31 14:30:00,20.0
2024-07-31 14:45:00,
2024-07-31 15:00:00,
2024-07-31 15:15:00,20.3
2024-07-31 15:30:00,19.9
2024-07-31 15:45:00,
2024-07-31 16:00:00,19.6
2024-07-31 16:15:00,
2024-07-31 16:30:00,19.4
2024-07-31 16:45:00,21.0
2024-07-31 17:00:00,20.3
2024-07-31 17:15:00,
2024-07-31 17:30:00,19.6
2024-07-31 17:45:00,19.8
2024-07-31 18:00:00,20.8
2024-07-31 18:15:00,
2024-07-31 18:30:00,
2024-07-31 18:45:00,
2024-07-31 19:00:00,20.9
2024-07-31 19:15:00,
2024-07-31 19:30:00,20.8
2024-07-31 19:45:00,20.4
2024-07-31 20:00:00,
2024-07-31 20:15:00,19.5
2024-07-31 20:30:00,
2024-07-31 20:45:00,19.5
2024-07-31 21:00:00,19.5
2024-07-31 21:15:00,20.9
2024-07-31 21:30:00,19.2
2024-07-31 21:45:00,21.0
2024-07-31 22:00:00,20.1
2024-07-31 22:15:00,19.4
2024-07-31 22:30:00,
2024-07-31 22:45:00,19.1
2024-07-31 23:00:00,
2024-07-31 23:15:00,
2024-07-31 23:30:00,19.7
2024-07-31 23:45:00,
2024-08-01 00:00:00,
2024-08-01 00:15:00,
2024-08-01 00:30:00,20.8
2024-08-01 00:45:00,
2024-08-01 01:00:00,19.4
2024-08-01 01:15:00,
2024-08-01 01:30:00,
2024-08-01 01:45:00,21.2
2024-08-01 02:00:00,
2024-08-01 02:15:00,19.8
2024-08-01 02:30:00,
2024-08-01 02:45:00,
2024-08-01 03:00:00,
2024-08-01 03:15:00,
2024-08-01 03:30:00,
2024-08-01 03:45:00,
2024-08-01 04:00:00,20.3
2024-08-01 04:15:00,
2024-08-01 04:30:00,20.4
2024-08-01 04:45:00,
2024-08-01 05:00:00,
2024-08-01 05:15:00,20.8
2024-08-01 05:30:00,20.2
2024-08-01 05:45:00,
2024-08-01 06:00:00,
2024-08-01 06:15:00,19.1
2024-08-01 06:30:00,
2024-08-01 06:45:00,
2024-08-01 07:00:00,19.7
2024-08-01 07:15:00,19.7
2024-08-01 07:30:00,19.5
2024-08-01 07:45:00,19.8
2024-08-01 08:00:00,20.1
2024-08-01 08:15:00,20.7
2024-08-01 08:30:00,20.1
2024-08-01 08:45:00,20.3
2024-08-01 09:00:00,20.9
2024-08-01 09:15:00,19.6
2024-08-01 09:30:00,19.1
2024-08-01 09:45:00,20.8
2024-08-01 10:00:00,20.8
2024-08-01 10:15:00,
2024-08-01 10:30:00,9.018342097385338
2024-08-01 10:45:00,10.41834209738534
2024-08-01 11:00:00,10.018342097385338
2024-08-01 11:15:00,
2024-08-01 11:30:00,
2024-08-01 11:45:00,19.1
2024-08-01 12:00:00,19.1
2024-08-01 12:15:00,19.0
2024-08-01 12:30:00,
2024-08-01 12:45:00,
2024-08-01 13:00:00,21.4
2024-08-01 13:15:00,20.0
2024-08-01 13:30:00,
2024-08-01 13:45:00,22.2
2024-08-01 14:00:00,
2024-08-01 14:15:00,20.6
2024-08-01 14:30:00,22.2
2024-08-01 14:45:00,
2024-08-01 15:00:00,20.0
2024-08-01 15:15:00,21.4
2024-08-01 15:30:00,21.2
2024-08-01 15:45:00,21.1
2024-08-01 16:00:00,21.0
2024-08-01 16:15:00,
2024-08-01 16:30:00,21.7
2024-08-01 16:45:00,22.7
2024-08-01 17:00:00,21.8
2024-08-01 17:15:00,21.5
2024-08-01 17:30:00,21.0
2024-08-01 17:45:00,21.7
2024-08-01 18:00:00,21.6
2024-08-01 18:15:00,21.6
2024-08-01 18:30:00,22.4
2024-08-01 18:45:00,
2024-08-01 19:00:00,22.5
2024-08-01 19:15:00,22.5
2024-08-01 19:30:00,22.7
2024-08-01 19:45:00,
2024-08-01 20:00:00,23.0
2024-08-01 20:15:00,22.8
2024-08-01 20:30:00,22.9
2024-08-01 20:45:00,22.2
2024-08-01 21:00:00,22.4
2024-08-01 21:15:00,23.0
2024-08-01 21:30:00,
2024-08-01 21:45:00,24.1
2024-08-01 22:00:00,23.5
2024-08-01 22:15:00,23.7
2024-08-01 22:30:00,23.9
2024-08-01 22:45:00,23.6
2024-08-01 23:00:00,
2024-08-01 23:15:00,23.6
2024-08-01 23:30:00,
2024-08-01 23:45:00,
2024-08-02 00:00:00,24.5
2024-08-02 00:15:00,25.0
2024-08-02 00:30:00,
2024-08-02 00:45:00,24.8
2024-08-02 01:00:00,25.9
2024-08-02 01:15:00,25.9
2024-08-02 01:30:00,25.8
2024-08-02 01:45:00,26.2
2024-08-02 02:00:00,26.9
2024-08-02 02:15:00,27.2
2024-08-02 02:30:00,28.3
2024-08-02 02:45:00,28.8
2024-08-02 03:00:00,29.7
2024-08-02 03:15:00,50.78432454159238
2024-08-02 03:30:00,51.88432454159239
2024-08-02 03:45:00,31.9
2024-08-02 04:00:00,32.9
2024-08-02 04:15:00,33.7
2024-08-02 04:30:00,34.8
2024-08-02 04:45:00,35.2
2024-08-02 05:00:00,
2024-08-02 05:15:00,
2024-08-02 05:30:00,
2024-08-02 05:45:00,
2024-08-02 06:00:00,
2024-08-02 06:15:00,
2024-08-02 06:30:00,
2024-08-02 06:45:00,
2024-08-02 07:00:00,
2024-08-02 07:15:00,
2024-08-02 07:30:00,
2024-08-02 07:45:00,
2024-08-02 08:00:00,
2024-08-02 08:15:00,
2024-08-02 08:30:00,
2024-08-02 08:45:00,
2024-08-02 09:00:00,
2024-08-02 09:15:00,
2024-08-02 09:30:00,
2024-08-02 09:45:00,
2024-08-02 10:00:00,
2024-08-02 10:15:00,
2024-08-02 10:30:00,58.8
2024-08-02 10:45:00,58.5
2024-08-02 11:00:00,59.4
2024-08-02 11:15:00,60.1
2024-08-02 11:30:00,62.2
2024-08-02 11:45:00,
2024-08-02 12:00:00,62.1
2024-08-02 12:15:00,63.5
2024-08-02 12:30:00,62.7
2024-08-02 12:45:00,61.6
2024-08-02 13:00:00,62.9
2024-08-02 13:15:00,64.0
2024-08-02 13:30:00,63.5
2024-08-02 13:45:00,63.3
2024-08-02 14:00:00,63.5
2024-08-02 14:15:00,65.8
2024-08-02 14:30:00,69.6
2024-08-02 14:45:00,64.8
2024-08-02 15:00:00,65.0
2024-08-02 15:15:00,62.8
2024-08-02 15:30:00,62.1
2024-08-02 15:45:00,61.7
2024-08-02 16:00:00,61.8
2024-08-02 16:15:00,62.0
2024-08-02 16:30:00,61.5
2024-08-02 16:45:00,61.5
2024-08-02 17:00:00,60.4
2024-08-02 17:15:00,61.7
2024-08-02 17:30:00,
2024-08-02 17:45:00,60.1
2024-08-02 18:00:00,60.4
2024-08-02 18:15:00,58.1
2024-08-02 18:30:00,59.2
2024-08-02 18:45:00,58.7
2024-08-02 19:00:00,58.5
2024-08-02 19:15:00,57.2
2024-08-02 19:30:00,
2024-08-02 19:45:00,
2024-08-02 20:00:00,57.8
2024-08-02 20:15:00,56.6
2024-08-02 20:30:00,56.7
2024-08-02 20:45:00,55.6
2024-08-02 21:00:00,54.6
2024-08-02 21:15:00,54.8
2024-08-02 21:30:00,55.3
2024-08-02 21:45:00,54.2
2024-08-02 22:00:00,53.8
2024-08-02 22:15:00,53.0
2024-08-02 22:30:00,
2024-08-02 22:45:00,52.3
2024-08-02 23:00:00,52.7
2024-08-02 23:15:00,51.3
2024-08-02 23:30:00,51.2
2024-08-02 23:45:00,
2024-08-03 00:00:00,51.0
2024-08-03 00:15:00,50.2
2024-08-03 00:30:00,50.4
2024-08-03 00:45:00,49.4
2024-08-03 01:00:00,
2024-08-03 01:15:00,
2024-08-03 01:30:00,48.8
2024-08-03 01:45:00,47.2
2024-08-03 02:00:00,
2024-08-03 02:15:00,47.1
2024-08-03 02:30:00,47.5
2024-08-03 02:45:00,46.2
2024-08-03 03:00:00,46.5
2024-08-03 03:15:00,46.3
2024-08-03 03:30:00,
2024-08-03 03:45:00,45.6
2024-08-03 04:00:00,
2024-08-03 04:15:00,
2024-08-03 04:30:00,
2024-08-03 04:45:00,44.9
2024-08-03 05:00:00,
2024-08-03 05:15:00,45.2
2024-08-03 05:30:00,44.4
2024-08-03 05:45:00,44.3
2024-08-03 06:00:00,45.3
2024-08-03 06:15:00,44.0
2024-08-03 06:30:00,44.3
2024-08-03 06:45:00,44.9
2024-08-03 07:00:00,45.1
2024-08-03 07:15:00,44.0
2024-08-03 07:30:00,45.7
2024-08-03 07:45:00,
2024-08-03 08:00:00,47.3
2024-08-03 08:15:00,46.8
2024-08-03 08:30:00,45.7
2024-08-03 08:45:00,46.9
2024-08-03 09:00:00,46.2
2024-08-03 09:15:00,46.8
2024-08-03 09:30:00,55.565810495147886
2024-08-03 09:45:00,56.36581049514788
2024-08-03 10:00:00,46.7
2024-08-03 10:15:00,47.2
2024-08-03 10:30:00,46.9
2024-08-03 10:45:00,47.1
2024-08-03 11:00:00,46.5
2024-08-03 11:15:00,46.9
2024-08-03 11:30:00,50.788122964086064
2024-08-03 11:45:00,47.3
2024-08-03 12:00:00,46.8
2024-08-03 12:15:00,
2024-08-03 12:30:00,45.9
2024-08-03 12:45:00,46.7
2024-08-03 13:00:00,46.6
2024-08-03 13:15:00,46.5
2024-08-03 13:30:00,45.8
2024-08-03 13:45:00,45.1
2024-08-03 14:00:00,45.5
2024-08-03 14:15:00,45.1
2024-08-03 14:30:00,
2024-08-03 14:45:00,45.3
2024-08-03 15:00:00,45.9
2024-08-03 15:15:00,43.6
2024-08-03 15:30:00,
2024-08-03 15:45:00,43.6
2024-08-03 16:00:00,44.4
2024-08-03 16:15:00,42.6
2024-08-03 16:30:00,41.8
2024-08-03 16:45:00,42.7
2024-08-03 17:00:00,43.0
2024-08-03 17:15:00,42.5
2024-08-03 17:30:00,42.1
2024-08-03 17:45:00,43.3
2024-08-03 18:00:00,42.8
2024-08-03 18:15:00,42.4
2024-08-03 18:30:00,48.07525281729757
2024-08-03 18:45:00,47.27525281729757
2024-08-03 19:00:00,42.1
2024-08-03 19:15:00,41.6
2024-08-03 19:30:00,41.0
2024-08-03 19:45:00,42.3
2024-08-03 20:00:00,39.9
2024-08-03 20:15:00,39.8
2024-08-03 20:30:00,41.7
2024-08-03 20:45:00,41.1
2024-08-03 21:00:00,41.2
2024-08-03 21:15:00,40.9
2024-08-03 21:30:00,40.0
2024-08-03 21:45:00,
2024-08-03 22:00:00,39.8
2024-08-03 22:15:00,
2024-08-03 22:30:00,38.6
2024-08-03 22:45:00,
2024-08-03 23:00:00,38.6
2024-08-03 23:15:00,37.8
2024-08-03 23:30:00,38.8
2024-08-03 23:45:00,37.4
2024-08-04 00:00:00,38.2
2024-08-04 00:15:00,37.9
2024-08-04 00:30:00,36.9
2024-08-04 00:45:00,37.2
2024-08-04 01:00:00,37.5
2024-08-04 01:15:00,36.1
2024-08-04 01:30:00,
2024-08-04 01:45:00,
2024-08-04 02:00:00,36.1
2024-08-04 02:15:00,35.9
2024-08-04 02:30:00,36.1
2024-08-04 02:45:00,
2024-08-04 03:00:00,36.1
2024-08-04 03:15:00,35.2
2024-08-04 03:30:00,35.0
2024-08-04 03:45:00,33.8
2024-08-04 04:00:00,33.7
2024-08-04 04:15:00,33.2
2024-08-04 04:30:00,34.0
2024-08-04 04:45:00,34.0
2024-08-04 05:00:00,32.4
2024-08-04 05:15:00,33.3
2024-08-04 05:30:00,
2024-08-04 05:45:00,
2024-08-04 06:00:00,
2024-08-04 06:15:00,
2024-08-04 06:30:00,
2024-08-04 06:45:00,
2024-08-04 07:00:00,32.0
2024-08-04 07:15:00,31.7
2024-08-04 07:30:00,32.1
2024-08-04 07:45:00,32.1
2024-08-04 08:00:00,32.1
2024-08-04 08:15:00,31.2
2024-08-04 08:30:00,
2024-08-04 08:45:00,31.9
2024-08-04 09:00:00,31.4
2024-08-04 09:15:00,32.1
2024-08-04 09:30:00,31.1
2024-08-04 09:45:00,31.8
2024-08-04 10:00:00,31.7
2024-08-04 10:15:00,31.2
2024-08-04 10:30:00,30.6
2024-08-04 10:45:00,31.1
2024-08-04 11:00:00,30.5
2024-08-04 11:15:00,30.7
2024-08-04 11:30:00,31.1
2024-08-04 11:45:00,31.4
2024-08-04 12:00:00,
2024-08-04 12:15:00,31.0
2024-08-04 12:30:00,30.5
2024-08-04 12:45:00,30.2
2024-08-04 13:00:00,30.7
2024-08-04 13:15:00,30.0
2024-08-04 13:30:00,31.5
2024-08-04 13:45:00,30.4
2024-08-04 14:00:00,30.4
2024-08-04 14:15:00,30.5
2024-08-04 14:30:00,29.8
2024-08-04 14:45:00,
2024-08-04 15:00:00,29.6
2024-08-04 15:15:00,29.9
2024-08-04 15:30:00,29.8
2024-08-04 15:45:00,
2024-08-04 16:00:00,29.0
2024-08-04 16:15:00,29.4
2024-08-04 16:30:00,28.5
2024-08-04 16:45:00,29.0
2024-08-04 17:00:00,28.2
2024-08-04 17:15:00,29.6
2024-08-04 17:30:00,29.1
2024-08-04 17:45:00,29.8
2024-08-04 18:00:00,28.8
2024-08-04 18:15:00,29.2
2024-08-04 18:30:00,28.6
2024-08-04 18:45:00,28.3
2024-08-04 19:00:00,32.64441817454478
2024-08-04 19:15:00,32.44441817454478
2024-08-04 19:30:00,28.4
2024-08-04 19:45:00,28.2
2024-08-04 20:00:00,28.1
2024-08-04 20:15:00,
2024-08-04 20:30:00,28.4
2024-08-04 20:45:00,28.1
2024-08-04 21:00:00,27.9
2024-08-04 21:15:00,
2024-08-04 21:30:00,29.3
2024-08-04 21:45:00,28.4
2024-08-04 22:00:00,
2024-08-04 22:15:00,28.9
2024-08-04 22:30:00,28.5
2024-08-04 22:45:00,27.8
2024-08-04 23:00:00,27.6
2024-08-04 23:15:00,27.2
2024-08-04 23:30:00,28.3
2024-08-04 23:45:00,29.5
2024-08-05 00:00:00,28.8
2024-08-05 00:15:00,27.8
2024-08-05 00:30:00,27.7
2024-08-05 00:45:00,27.8
2024-08-05 01:00:00,28.0
2024-08-05 01:15:00,27.8
2024-08-05 01:30:00,27.2
2024-08-05 01:45:00,27.4
2024-08-05 02:00:00,27.5
2024-08-05 02:15:00,27.9
2024-08-05 02:30:00,27.7
2024-08-05 02:45:00,27.5
2024-08-05 03:00:00,27.2
2024-08-05 03:15:00,26.3
2024-08-05 03:30:00,26.4
2024-08-05 03:45:00,26.7
2024-08-05 04:00:00,27.7
2024-08-05 04:15:00,27.2
2024-08-05 04:30:00,27.1
2024-08-05 04:45:00,27.0
2024-08-05 05:00:00,27.2
2024-08-05 05:15:00,27.1
2024-08-05 05:30:00,26.9
2024-08-05 05:45:00,26.8
2024-08-05 06:00:00,27.8
2024-08-05 06:15:00,26.8
2024-08-05 06:30:00,27.1
2024-08-05 06:45:00,
2024-08-05 07:00:00,27.3
2024-08-05 07:15:00,27.4
2024-08-05 07:30:00,27.0
2024-08-05 07:45:00,27.3
2024-08-05 08:00:00,26.4
2024-08-05 08:15:00,26.7
2024-08-05 08:30:00,26.5
2024-08-05 08:45:00,27.7
2024-08-05 09:00:00,26.9
2024-08-05 09:15:00,26.5
2024-08-05 09:30:00,25.7
2024-08-05 09:45:00,27.1
2024-08-05 10:00:00,26.9
2024-08-05 10:15:00,38.08887701326779
2024-08-05 10:30:00,38.288877013267786
2024-08-05 10:45:00,27.8
2024-08-05 11:00:00,28.3
2024-08-05 11:15:00,27.3
2024-08-05 11:30:00,27.0
2024-08-05 11:45:00,27.3
2024-08-05 12:00:00,29.5
2024-08-05 12:15:00,28.5
2024-08-05 12:30:00,27.9
2024-08-05 12:45:00,27.5
2024-08-05 13:00:00,27.0
2024-08-05 13:15:00,27.2
2024-08-05 13:30:00,28.9
2024-08-05 13:45:00,28.0
2024-08-05 14:00:00,27.7
2024-08-05 14:15:00,27.3
2024-08-05 14:30:00,27.1
2024-08-05 14:45:00,28.3
2024-08-05 15:00:00,27.2
2024-08-05 15:15:00,26.7
2024-08-05 15:30:00,27.3
2024-08-05 15:45:00,26.9
2024-08-05 16:00:00,28.3
2024-08-05 16:15:00,27.8
2024-08-05 16:30:00,27.9
2024-08-05 16:45:00,27.1
2024-08-05 17:00:00,27.3
2024-08-05 17:15:00,
2024-08-05 17:30:00,26.1
2024-08-05 17:45:00,27.3
2024-08-05 18:00:00,26.3
2024-08-05 18:15:00,27.5
2024-08-05 18:30:00,27.4
2024-08-05 18:45:00,26.8
2024-08-05 19:00:00,27.4
2024-08-05 19:15:00,
2024-08-05 19:30:00,27.3
2024-08-05 19:45:00,26.7
2024-08-05 20:00:00,27.2
2024-08-05 20:15:00,27.9
2024-08-05 20:30:00,26.7
2024-08-05 20:45:00,25.5
2024-08-05 21:00:00,27.5
2024-08-05 21:15:00,25.1
2024-08-05 21:30:00,26.8
2024-08-05 21:45:00,26.6
2024-08-05 22:00:00,
2024-08-05 22:15:00,25.8
2024-08-05 22:30:00,26.9
2024-08-05 22:45:00,25.4
2024-08-05 23:00:00,26.4
2024-08-05 23:15:00,26.2
2024-08-05 23:30:00,25.8
2024-08-05 23:45:00,
2024-08-06 00:00:00,26.1
2024-08-06 00:15:00,25.7
2024-08-06 00:30:00,25.2
2024-08-06 00:45:00,24.9
2024-08-06 01:00:00,25.5
2024-08-06 01:15:00,26.4
2024-08-06 01:30:00,25.8
2024-08-06 01:45:00,25.5
2024-08-06 02:00:00,26.5
2024-08-06 02:15:00,25.2
2024-08-06 02:30:00,24.9
2024-08-06 02:45:00,25.8
2024-08-06 03:00:00,24.0
2024-08-06 03:15:00,25.2
2024-08-06 03:30:00,25.9
2024-08-06 03:45:00,24.8
2024-08-06 04:00:00,25.1
2024-08-06 04:15:00,25.1
2024-08-06 04:30:00,24.8
2024-08-06 04:45:00,25.7
2024-08-06 05:00:00,24.4
2024-08-06 05:15:00,25.5
2024-08-06 05:30:00,24.1
2024-08-06 05:45:00,24.0
2024-08-06 06:00:00,23.5
2024-08-06 06:15:00,25.2
2024-08-06 06:30:00,24.2
2024-08-06 06:45:00,
2024-08-06 07:00:00,23.9
2024-08-06 07:15:00,
2024-08-06 07:30:00,24.1
2024-08-06 07:45:00,25.3
2024-08-06 08:00:00,24.8
2024-08-06 08:15:00,23.9
2024-08-06 08:30:00,24.8
2024-08-06 08:45:00,25.6
2024-08-06 09:00:00,24.1
2024-08-06 09:15:00,24.9
2024-08-06 09:30:00,23.8
2024-08-06 09:45:00,24.7
2024-08-06 10:00:00,23.5
2024-08-06 10:15:00,24.2
2024-08-06 10:30:00,24.1
2024-08-06 10:45:00,24.4
2024-08-06 11:00:00,24.7
2024-08-06 11:15:00,23.6
2024-08-06 11:30:00,25.0
2024-08-06 11:45:00,24.7
2024-08-06 12:00:00,24.1
2024-08-06 12:15:00,25.0
2024-08-06 12:30:00,24.5
2024-08-06 12:45:00,23.6
2024-08-06 13:00:00,24.9
2024-08-06 13:15:00,24.9
2024-08-06 13:30:00,24.7
2024-08-06 13:45:00,24.8
2024-08-06 14:00:00,17.87094084449398
2024-08-06 14:15:00,16.570940844493983
2024-08-06 14:30:00,17.77094084449398
2024-08-06 14:45:00,24.3
2024-08-06 15:00:00,24.8
2024-08-06 15:15:00,
2024-08-06 15:30:00,24.1
2024-08-06 15:45:00,
2024-08-06 16:00:00,24.0
2024-08-06 16:15:00,24.3
2024-08-06 16:30:00,25.0
2024-08-06 16:45:00,24.0
2024-08-06 17:00:00,24.3
2024-08-06 17:15:00,24.4
2024-08-06 17:30:00,24.3
2024-08-06 17:45:00,24.1
2024-08-06 18:00:00,24.3
2024-08-06 18:15:00,24.8
2024-08-06 18:30:00,22.230297047360054
2024-08-06 18:45:00,24.2
2024-08-06 19:00:00,24.3
2024-08-06 19:15:00,24.3
2024-08-06 19:30:00,23.7
2024-08-06 19:45:00,24.0
2024-08-06 20:00:00,24.4
2024-08-06 20:15:00,23.1
2024-08-06 20:30:00,24.1
2024-08-06 20:45:00,24.8
2024-08-06 21:00:00,24.3
2024-08-06 21:15:00,25.4
2024-08-06 21:30:00,24.4
2024-08-06 21:45:00,24.1
2024-08-06 22:00:00,24.0
2024-08-06 22:15:00,23.1
2024-08-06 22:30:00,23.7
2024-08-06 22:45:00,24.4
2024-08-06 23:00:00,23.9
2024-08-06 23:15:00,24.1
2024-08-06 23:30:00,24.6
2024-08-06 23:45:00,24.1
2024-08-07 00:00:00,
2024-08-07 00:15:00,24.4
2024-08-07 00:30:00,23.5
2024-08-07 00:45:00,23.7
2024-08-07 01:00:00,23.7
2024-08-07 01:15:00,23.9
2024-08-07 01:30:00,23.8
2024-08-07 01:45:00,23.6
2024-08-07 02:00:00,23.9
2024-08-07 02:15:00,
2024-08-07 02:30:00,23.9
2024-08-07 02:45:00,23.6
2024-08-07 03:00:00,
2024-08-07 03:15:00,24.6
2024-08-07 03:30:00,
2024-08-07 03:45:00,
2024-08-07 04:00:00,
2024-08-07 04:15:00,
2024-08-07 04:30:00,
2024-08-07 04:45:00,
2024-08-07 05:00:00,
2024-08-07 05:15:00,
2024-08-07 05:30:00,
2024-08-07 05:45:00,24.6
2024-08-07 06:00:00,23.5
2024-08-07 06:15:00,24.6
2024-08-07 06:30:00,23.0
2024-08-07 06:45:00,24.0
2024-08-07 07:00:00,23.7
2024-08-07 07:15:00,24.5
2024-08-07 07:30:00,23.8
2024-08-07 07:45:00,23.8
2024-08-07 08:00:00,23.4
2024-08-07 08:15:00,24.8
2024-08-07 08:30:00,23.4
2024-08-07 08:45:00,
2024-08-07 09:00:00,23.4
2024-08-07 09:15:00,23.8
2024-08-07 09:30:00,
2024-08-07 09:45:00,
2024-08-07 10:00:00,24.7
2024-08-07 10:15:00,23.7
2024-08-07 10:30:00,23.2
2024-08-07 10:45:00,24.0
2024-08-07 11:00:00,23.2
2024-08-07 11:15:00,22.7
2024-08-07 11:30:00,23.2
2024-08-07 11:45:00,24.1
2024-08-07 12:00:00,23.4
2024-08-07 12:15:00,33.30711125986303
2024-08-07 12:30:00,23.3
2024-08-07 12:45:00,
2024-08-07 13:00:00,23.0
2024-08-07 13:15:00,23.5
2024-08-07 13:30:00,23.2
2024-08-07 13:45:00,23.3
2024-08-07 14:00:00,23.2
2024-08-07 14:15:00,
2024-08-07 14:30:00,
2024-08-07 14:45:00,24.5
2024-08-07 15:00:00,24.7
2024-08-07 15:15:00,29.153482182066465
2024-08-07 15:30:00,26.953482182066463
2024-08-07 15:45:00,27.053482182066464
2024-08-07 16:00:00,24.0
2024-08-07 16:15:00,25.4
2024-08-07 16:30:00,24.6
2024-08-07 16:45:00,24.2
2024-08-07 17:00:00,24.6
2024-08-07 17:15:00,
2024-08-07 17:30:00,25.3
2024-08-07 17:45:00,25.4
2024-08-07 18:00:00,24.9
2024-08-07 18:15:00,24.6
2024-08-07 18:30:00,23.2
2024-08-07 18:45:00,23.2
2024-08-07 19:00:00,25.126405557899762
2024-08-07 19:15:00,26.32640555789976
2024-08-07 19:30:00,24.7
2024-08-07 19:45:00,24.3
2024-08-07 20:00:00,
2024-08-07 20:15:00,24.6
2024-08-07 20:30:00,24.9
2024-08-07 20:45:00,25.7
2024-08-07 21:00:00,25.7
2024-08-07 21:15:00,
2024-08-07 21:30:00,25.1
2024-08-07 21:45:00,25.0
2024-08-07 22:00:00,24.1
2024-08-07 22:15:00,25.3
2024-08-07 22:30:00,23.7
2024-08-07 22:45:00,24.5
2024-08-07 23:00:00,24.2
2024-08-07 23:15:00,23.5
2024-08-07 23:30:00,22.8
2024-08-07 23:45:00,23.4
2024-08-08 00:00:00,
2024-08-08 00:15:00,23.1
2024-08-08 00:30:00,23.0
2024-08-08 00:45:00,24.2
2024-08-08 01:00:00,22.7
2024-08-08 01:15:00,23.4
2024-08-08 01:30:00,23.1
2024-08-08 01:45:00,22.6
2024-08-08 02:00:00,15.584188426116949
2024-08-08 02:15:00,22.3
2024-08-08 02:30:00,23.5
2024-08-08 02:45:00,23.2
2024-08-08 03:00:00,23.6
2024-08-08 03:15:00,22.8
2024-08-08 03:30:00,22.8
2024-08-08 03:45:00,23.1
2024-08-08 04:00:00,23.6
2024-08-08 04:15:00,
2024-08-08 04:30:00,22.8
2024-08-08 04:45:00,24.4
2024-08-08 05:00:00,23.1
2024-08-08 05:15:00,23.1
2024-08-08 05:30:00,22.3
2024-08-08 05:45:00,22.3
2024-08-08 06:00:00,22.8
2024-08-08 06:15:00,24.6
2024-08-08 06:30:00,23.8
2024-08-08 06:45:00,22.0
2024-08-08 07:00:00,22.9
2024-08-08 07:15:00,22.8
2024-08-08 07:30:00,23.5
2024-08-08 07:45:00,
2024-08-08 08:00:00,23.7
2024-08-08 08:15:00,22.7
2024-08-08 08:30:00,23.2
2024-08-08 08:45:00,
2024-08-08 09:00:00,22.1
2024-08-08 09:15:00,23.3
2024-08-08 09:30:00,22.1
2024-08-08 09:45:00,22.7
2024-08-08 10:00:00,23.5
2024-08-08 10:15:00,23.0
2024-08-08 10:30:00,23.4
2024-08-08 10:45:00,23.3
2024-08-08 11:00:00,23.7
2024-08-08 11:15:00,23.8
2024-08-08 11:30:00,
2024-08-08 11:45:00,29.4
2024-08-08 12:00:00,42.0
2024-08-08 12:15:00,30.5
2024-08-08 12:30:00,34.1
2024-08-08 12:45:00,24.9
2024-08-08 13:00:00,26.2
2024-08-08 13:15:00,25.9
2024-08-08 13:30:00,26.7
2024-08-08 13:45:00,24.0
2024-08-08 14:00:00,23.7
2024-08-08 14:15:00,24.0
2024-08-08 14:30:00,22.4
2024-08-08 14:45:00,23.5
2024-08-08 15:00:00,25.456603536053038
2024-08-08 15:15:00,26.15660353605304
2024-08-08 15:30:00,26.256603536053035
2024-08-08 15:45:00,
2024-08-08 16:00:00,23.0
2024-08-08 16:15:00,22.2
2024-08-08 16:30:00,23.2
2024-08-08 16:45:00,23.7
2024-08-08 17:00:00,23.3
2024-08-08 17:15:00,23.1
2024-08-08 17:30:00,22.5
2024-08-08 17:45:00,23.8
2024-08-08 18:00:00,23.5
2024-08-08 18:15:00,22.9
2024-08-08 18:30:00,23.1
2024-08-08 18:45:00,23.3
2024-08-08 19:00:00,23.3
2024-08-08 19:15:00,22.9
2024-08-08 19:30:00,23.2
2024-08-08 19:45:00,
2024-08-08 20:00:00,
2024-08-08 20:15:00,23.5
2024-08-08 20:30:00,23.8
2024-08-08 20:45:00,22.6
2024-08-08 21:00:00,23.1
2024-08-08 21:15:00,22.6
2024-08-08 21:30:00,22.6
2024-08-08 21:45:00,22.9
2024-08-08 22:00:00,22.7
2024-08-08 22:15:00,21.8
2024-08-08 22:30:00,22.7
2024-08-08 22:45:00,23.5
2024-08-08 23:00:00,21.2
2024-08-08 23:15:00,22.2
2024-08-08 23:30:00,22.8
2024-08-08 23:45:00,21.6
2024-08-09 00:00:00,
2024-08-09 00:15:00,21.0
2024-08-09 00:30:00,21.8
2024-08-09 00:45:00,22.5
2024-08-09 01:00:00,21.7
2024-08-09 01:15:00,21.7
2024-08-09 01:30:00,22.1
2024-08-09 01:45:00,21.6
2024-08-09 02:00:00,
2024-08-09 02:15:00,
2024-08-09 02:30:00,
2024-08-09 02:45:00,
2024-08-09 03:00:00,
2024-08-09 03:15:00,
2024-08-09 03:30:00,
2024-08-09 03:45:00,
2024-08-09 04:00:00,
2024-08-09 04:15:00,
2024-08-09 04:30:00,21.9
2024-08-09 04:45:00,
2024-08-09 05:00:00,22.1
2024-08-09 05:15:00,21.5
2024-08-09 05:30:00,21.6
2024-08-09 05:45:00,21.2
2024-08-09 06:00:00,22.1
2024-08-09 06:15:00,21.1
2024-08-09 06:30:00,22.0
2024-08-09 06:45:00,22.0
2024-08-09 07:00:00,
2024-08-09 07:15:00,21.8
2024-08-09 07:30:00,22.3
2024-08-09 07:45:00,
2024-08-09 08:00:00,22.3
2024-08-09 08:15:00,22.3
2024-08-09 08:30:00,21.3
2024-08-09 08:45:00,22.6
2024-08-09 09:00:00,21.6
2024-08-09 09:15:00,
2024-08-09 09:30:00,22.7
2024-08-09 09:45:00,
2024-08-09 10:00:00,22.0
2024-08-09 10:15:00,
2024-08-09 10:30:00,22.1
2024-08-09 10:45:00,22.3
2024-08-09 11:00:00,22.5
2024-08-09 11:15:00,22.8
2024-08-09 11:30:00,22.2
2024-08-09 11:45:00,21.6
2024-08-09 12:00:00,21.7
2024-08-09 12:15:00,22.1
2024-08-09 12:30:00,23.1
2024-08-09 12:45:00,22.6
2024-08-09 13:00:00,
2024-08-09 13:15:00,
2024-08-09 13:30:00,22.5
2024-08-09 13:45:00,23.2
2024-08-09 14:00:00,22.2
2024-08-09 14:15:00,22.1
2024-08-09 14:30:00,21.8
2024-08-09 14:45:00,22.4
2024-08-09 15:00:00,21.1
2024-08-09 15:15:00,22.3
2024-08-09 15:30:00,23.0
2024-08-09 15:45:00,21.6
2024-08-09 16:00:00,22.1
2024-08-09 16:15:00,22.2
2024-08-09 16:30:00,22.3
2024-08-09 16:45:00,22.6
2024-08-09 17:00:00,22.3
2024-08-09 17:15:00,22.1
2024-08-09 17:30:00,23.2
2024-08-09 17:45:00,22.5
2024-08-09 18:00:00,
2024-08-09 18:15:00,21.7
2024-08-09 18:30:00,22.0
2024-08-09 18:45:00,22.4
2024-08-09 19:00:00,21.8
2024-08-09 19:15:00,
2024-08-09 19:30:00,22.2
2024-08-09 19:45:00,20.6
2024-08-09 20:00:00,21.0
2024-08-09 20:15:00,21.2
2024-08-09 20:30:00,21.6
2024-08-09 20:45:00,22.2
2024-08-09 21:00:00,22.0
2024-08-09 21:15:00,22.3
2024-08-09 21:30:00,22.1
2024-08-09 21:45:00,22.3
2024-08-09 22:00:00,21.5
2024-08-09 22:15:00,20.8
2024-08-09 22:30:00,21.0
2024-08-09 22:45:00,34.0
2024-08-09 23:00:00,32.0
2024-08-09 23:15:00,23.3
2024-08-09 23:30:00,21.9
2024-08-09 23:45:00,24.2
2024-08-10 00:00:00,27.09418669265644
2024-08-10 00:15:00,24.9
2024-08-10 00:30:00,22.3
2024-08-10 00:45:00,23.1
2024-08-10 01:00:00,21.8
2024-08-10 01:15:00,21.2
2024-08-10 01:30:00,21.7
2024-08-10 01:45:00,21.5
2024-08-10 02:00:00,22.3
2024-08-10 02:15:00,
2024-08-10 02:30:00,21.2
2024-08-10 02:45:00,22.8
2024-08-10 03:00:00,21.4
2024-08-10 03:15:00,21.4
2024-08-10 03:30:00,22.0
2024-08-10 03:45:00,21.9
2024-08-10 04:00:00,22.0
2024-08-10 04:15:00,21.3
2024-08-10 04:30:00,22.4
2024-08-10 04:45:00,
2024-08-10 05:00:00,22.6
2024-08-10 05:15:00,21.5
2024-08-10 05:30:00,30.86711269182191
2024-08-10 05:45:00,30.96711269182191
2024-08-10 06:00:00,23.0
2024-08-10 06:15:00,21.8
2024-08-10 06:30:00,20.9
2024-08-10 06:45:00,20.5
2024-08-10 07:00:00,
2024-08-10 07:15:00,21.6
2024-08-10 07:30:00,
2024-08-10 07:45:00,21.2
2024-08-10 08:00:00,21.5
2024-08-10 08:15:00,21.7
2024-08-10 08:30:00,20.9
2024-08-10 08:45:00,21.5
2024-08-10 09:00:00,21.6
2024-08-10 09:15:00,21.2
2024-08-10 09:30:00,21.2
2024-08-10 09:45:00,22.1
2024-08-10 10:00:00,20.8
2024-08-10 10:15:00,21.1
2024-08-10 10:30:00,21.8
2024-08-10 10:45:00,21.4
2024-08-10 11:00:00,21.1
2024-08-10 11:15:00,
2024-08-10 11:30:00,21.7
2024-08-10 11:45:00,21.8
2024-08-10 12:00:00,21.1
2024-08-10 12:15:00,21.2
2024-08-10 12:30:00,
2024-08-10 12:45:00,22.2
2024-08-10 13:00:00,21.9
2024-08-10 13:15:00,22.4
2024-08-10 13:30:00,22.6
2024-08-10 13:45:00,22.6
2024-08-10 14:00:00,21.8
2024-08-10 14:15:00,22.4
2024-08-10 14:30:00,
2024-08-10 14:45:00,22.0
2024-08-10 15:00:00,22.5
2024-08-10 15:15:00,21.9
2024-08-10 15:30:00,
2024-08-10 15:45:00,22.6
2024-08-10 16:00:00,21.3
2024-08-10 16:15:00,21.9
2024-08-10 16:30:00,21.2
2024-08-10 16:45:00,
2024-08-10 17:00:00,22.5
2024-08-10 17:15:00,22.2
2024-08-10 17:30:00,21.9
2024-08-10 17:45:00,21.1
2024-08-10 18:00:00,21.6
2024-08-10 18:15:00,21.9
2024-08-10 18:30:00,21.4
2024-08-10 18:45:00,21.7
2024-08-10 19:00:00,
2024-08-10 19:15:00,21.4
2024-08-10 19:30:00,21.9
2024-08-10 19:45:00,21.3
2024-08-10 20:00:00,
2024-08-10 20:15:00,21.9
2024-08-10 20:30:00,21.9
2024-08-10 20:45:00,
2024-08-10 21:00:00,
2024-08-10 21:15:00,
2024-08-10 21:30:00,23.0
2024-08-10 21:45:00,22.7
2024-08-10 22:00:00,23.0
2024-08-10 22:15:00,22.9
2024-08-10 22:30:00,22.8
2024-08-10 22:45:00,21.9
2024-08-10 23:00:00,22.7
2024-08-10 23:15:00,21.8
2024-08-10 23:30:00,21.8
2024-08-10 23:45:00,21.7
2024-08-11 00:00:00,
2024-08-11 00:15:00,21.3
2024-08-11 00:30:00,22.3
2024-08-11 00:45:00,
2024-08-11 01:00:00,22.0
2024-08-11 01:15:00,
2024-08-11 01:30:00,
2024-08-11 01:45:00,22.2
2024-08-11 02:00:00,21.4
2024-08-11 02:15:00,21.3
2024-08-11 02:30:00,21.9
2024-08-11 02:45:00,22.2
2024-08-11 03:00:00,21.4
2024-08-11 03:15:00,21.0
2024-08-11 03:30:00,21.0
2024-08-11 03:45:00,22.8
2024-08-11 04:00:00,
2024-08-11 04:15:00,20.9
2024-08-11 04:30:00,
2024-08-11 04:45:00,22.2
2024-08-11 05:00:00,21.8
2024-08-11 05:15:00,21.5
2024-08-11 05:30:00,20.6
2024-08-11 05:45:00,21.3
2024-08-11 06:00:00,22.5
2024-08-11 06:15:00,21.0
2024-08-11 06:30:00,21.4
2024-08-11 06:45:00,20.9
2024-08-11 07:00:00,20.4
2024-08-11 07:15:00,20.6
2024-08-11 07:30:00,21.3
2024-08-11 07:45:00,21.0
2024-08-11 08:00:00,22.2
2024-08-11 08:15:00,21.1
2024-08-11 08:30:00,21.2
2024-08-11 08:45:00,20.9
2024-08-11 09:00:00,21.3
2024-08-11 09:15:00,21.1
2024-08-11 09:30:00,21.7
2024-08-11 09:45:00,21.3
2024-08-11 10:00:00,21.3
2024-08-11 10:15:00,22.2
2024-08-11 10:30:00,21.3
2024-08-11 10:45:00,20.9
2024-08-11 11:00:00,
2024-08-11 11:15:00,21.9
2024-08-11 11:30:00,21.6
2024-08-11 11:45:00,21.7
2024-08-11 12:00:00,22.1
2024-08-11 12:15:00,22.1
2024-08-11 12:30:00,22.0
2024-08-11 12:45:00,20.6
2024-08-11 13:00:00,
2024-08-11 13:15:00,22.1
2024-08-11 13:30:00,
2024-08-11 13:45:00,22.2
2024-08-11 14:00:00,21.4
2024-08-11 14:15:00,
2024-08-11 14:30:00,21.1
2024-08-11 14:45:00,20.6
2024-08-11 15:00:00,21.9
2024-08-11 15:15:00,21.5
2024-08-11 15:30:00,20.3
2024-08-11 15:45:00,21.0
2024-08-11 16:00:00,
2024-08-11 16:15:00,21.9
2024-08-11 16:30:00,21.2
2024-08-11 16:45:00,21.1
2024-08-11 17:00:00,20.9
2024-08-11 17:15:00,20.9
2024-08-11 17:30:00,21.5
2024-08-11 17:45:00,
2024-08-11 18:00:00,21.4
2024-08-11 18:15:00,21.1
2024-08-11 18:30:00,21.5
2024-08-11 18:45:00,20.3
2024-08-11 19:00:00,20.1
2024-08-11 19:15:00,20.6
2024-08-11 19:30:00,21.0
2024-08-11 19:45:00,22.0
2024-08-11 20:00:00,21.7
2024-08-11 20:15:00,22.4
2024-08-11 20:30:00,
2024-08-11 20:45:00,21.6
2024-08-11 21:00:00,21.3
2024-08-11 21:15:00,35.682035346683435
2024-08-11 21:30:00,34.58203534668344
2024-08-11 21:45:00,20.3
2024-08-11 22:00:00,21.2
2024-08-11 22:15:00,21.6
2024-08-11 22:30:00,21.8
2024-08-11 22:45:00,31.31095387699751
2024-08-11 23:00:00,30.81095387699751
2024-08-11 23:15:00,31.51095387699751
2024-08-11 23:30:00,20.2
2024-08-11 23:45:00,20.8
2024-08-12 00:00:00,21.7
2024-08-12 00:15:00,21.0
2024-08-12 00:30:00,21.2
2024-08-12 00:45:00,22.1
2024-08-12 01:00:00,22.1
2024-08-12 01:15:00,22.5
2024-08-12 01:30:00,21.6
2024-08-12 01:45:00,21.6
2024-08-12 02:00:00,21.6
2024-08-12 02:15:00,21.6
2024-08-12 02:30:00,21.6
2024-08-12 02:45:00,21.6
2024-08-12 03:00:00,21.6
2024-08-12 03:15:00,21.6
2024-08-12 03:30:00,21.6
2024-08-12 03:45:00,21.6
2024-08-12 04:00:00,21.6
2024-08-12 04:15:00,21.6
2024-08-12 04:30:00,21.6
2024-08-12 04:45:00,21.6
2024-08-12 05:00:00,21.6
2024-08-12 05:15:00,21.6
2024-08-12 05:30:00,21.6
2024-08-12 05:45:00,21.6
2024-08-12 06:00:00,21.6
2024-08-12 06:15:00,21.6
2024-08-12 06:30:00,
2024-08-12 06:45:00,21.6
2024-08-12 07:00:00,
2024-08-12 07:15:00,
2024-08-12 07:30:00,21.6
2024-08-12 07:45:00,21.6
2024-08-12 08:00:00,
2024-08-12 08:15:00,
2024-08-12 08:30:00,21.6
2024-08-12 08:45:00,21.6
2024-08-12 09:00:00,21.6
2024-08-12 09:15:00,21.6
2024-08-12 09:30:00,21.6
2024-08-12 09:45:00,21.6
2024-08-12 10:00:00,21.6
2024-08-12 10:15:00,21.6
2024-08-12 10:30:00,21.6
2024-08-12 10:45:00,21.6
2024-08-12 11:00:00,21.6
2024-08-12 11:15:00,21.6
2024-08-12 11:30:00,24.0
2024-08-12 11:45:00,24.2
2024-08-12 12:00:00,26.0
2024-08-12 12:15:00,24.6
2024-08-12 12:30:00,25.6
2024-08-12 12:45:00,25.0
2024-08-12 13:00:00,24.6
2024-08-12 13:15:00,23.8
2024-08-12 13:30:00,22.8
2024-08-12 13:45:00,22.6
2024-08-12 14:00:00,21.8
2024-08-12 14:15:00,21.7
2024-08-12 14:30:00,22.2
2024-08-12 14:45:00,22.9
2024-08-12 15:00:00,21.6
2024-08-12 15:15:00,22.7
2024-08-12 15:30:00,
2024-08-12 15:45:00,21.9
2024-08-12 16:00:00,22.0
2024-08-12 16:15:00,
2024-08-12 16:30:00,21.1
2024-08-12 16:45:00,22.2
2024-08-12 17:00:00,23.0
2024-08-12 17:15:00,21.5
2024-08-12 17:30:00,22.7
2024-08-12 17:45:00,21.9
2024-08-12 18:00:00,23.5
2024-08-12 18:15:00,24.5
2024-08-12 18:30:00,24.4
2024-08-12 18:45:00,25.4
2024-08-12 19:00:00,26.1
2024-08-12 19:15:00,27.4
2024-08-12 19:30:00,29.7
2024-08-12 19:45:00,30.0
2024-08-12 20:00:00,30.8
2024-08-12 20:15:00,33.3
2024-08-12 20:30:00,33.8
2024-08-12 20:45:00,31.5
2024-08-12 21:00:00,32.4
2024-08-12 21:15:00,32.8
2024-08-12 21:30:00,32.1
2024-08-12 21:45:00,31.0
2024-08-12 22:00:00,31.0
2024-08-12 22:15:00,29.7
2024-08-12 22:30:00,29.4
2024-08-12 22:45:00,27.9
2024-08-12 23:00:00,
2024-08-12 23:15:00,26.2
2024-08-12 23:30:00,27.0
2024-08-12 23:45:00,26.5
2024-08-13 00:00:00,
2024-08-13 00:15:00,
2024-08-13 00:30:00,25.8
2024-08-13 00:45:00,
2024-08-13 01:00:00,
2024-08-13 01:15:00,
2024-08-13 01:30:00,25.1
2024-08-13 01:45:00,25.1
2024-08-13 02:00:00,25.0
2024-08-13 02:15:00,
2024-08-13 02:30:00,
2024-08-13 02:45:00,23.7
2024-08-13 03:00:00,22.5
2024-08-13 03:15:00,
2024-08-13 03:30:00,
2024-08-13 03:45:00,22.9
2024-08-13 04:00:00,21.6
2024-08-13 04:15:00,22.8
2024-08-13 04:30:00,22.5
2024-08-13 04:45:00,22.2
2024-08-13 05:00:00,22.5
2024-08-13 05:15:00,21.9
2024-08-13 05:30:00,22.8
2024-08-13 05:45:00,
2024-08-13 06:00:00,22.4
2024-08-13 06:15:00,22.4
2024-08-13 06:30:00,22.7
2024-08-13 06:45:00,22.7
2024-08-13 07:00:00,23.4
2024-08-13 07:15:00,22.2
2024-08-13 07:30:00,
2024-08-13 07:45:00,23.1
2024-08-13 08:00:00,22.5
2024-08-13 08:15:00,22.2
2024-08-13 08:30:00,22.8
2024-08-13 08:45:00,22.4
2024-08-13 09:00:00,
2024-08-13 09:15:00,22.2
2024-08-13 09:30:00,23.5
2024-08-13 09:45:00,22.1
2024-08-13 10:00:00,23.1
2024-08-13 10:15:00,23.3
2024-08-13 10:30:00,22.2
2024-08-13 10:45:00,
2024-08-13 11:00:00,22.8
2024-08-13 11:15:00,22.9
2024-08-13 11:30:00,22.5
2024-08-13 11:45:00,23.5
2024-08-13 12:00:00,24.6
2024-08-13 12:15:00,23.9
2024-08-13 12:30:00,23.3
2024-08-13 12:45:00,22.6
2024-08-13 13:00:00,23.3
2024-08-13 13:15:00,22.3
2024-08-13 13:30:00,22.4
2024-08-13 13:45:00,23.7
2024-08-13 14:00:00,23.4
2024-08-13 14:15:00,23.1
2024-08-13 14:30:00,22.1
2024-08-13 14:45:00,22.4
2024-08-13 15:00:00,22.6
2024-08-13 15:15:00,23.3
2024-08-13 15:30:00,22.7
2024-08-13 15:45:00,23.0
2024-08-13 16:00:00,22.3
2024-08-13 16:15:00,22.6
2024-08-13 16:30:00,23.8
2024-08-13 16:45:00,21.3
2024-08-13 17:00:00,22.1
2024-08-13 17:15:00,23.4
2024-08-13 17:30:00,22.8
2024-08-13 17:45:00,21.8
2024-08-13 18:00:00,21.5
2024-08-13 18:15:00,22.5
2024-08-13 18:30:00,
2024-08-13 18:45:00,22.0
2024-08-13 19:00:00,22.3
2024-08-13 19:15:00,21.5
2024-08-13 19:30:00,
2024-08-13 19:45:00,
2024-08-13 20:00:00,21.4
2024-08-13 20:15:00,22.6
2024-08-13 20:30:00,22.5
2024-08-13 20:45:00,21.2
2024-08-13 21:00:00,22.1
2024-08-13 21:15:00,
2024-08-13 21:30:00,22.9
2024-08-13 21:45:00,22.8
2024-08-13 22:00:00,22.0
2024-08-13 22:15:00,22.4
2024-08-13 22:30:00,
2024-08-13 22:45:00,22.1
2024-08-13 23:00:00,23.0
2024-08-13 23:15:00,21.3
2024-08-13 23:30:00,21.6
2024-08-13 23:45:00,23.0
2024-08-14 00:00:00,21.6
2024-08-14 00:15:00,21.4
2024-08-14 00:30:00,
2024-08-14 00:45:00,
2024-08-14 01:00:00,22.3
2024-08-14 01:15:00,23.1
2024-08-14 01:30:00,22.5
2024-08-14 01:45:00,22.6
2024-08-14 02:00:00,22.3
2024-08-14 02:15:00,21.9
2024-08-14 02:30:00,
2024-08-14 02:45:00,22.4
2024-08-14 03:00:00,22.5
2024-08-14 03:15:00,23.1
2024-08-14 03:30:00,21.8
2024-08-14 03:45:00,
2024-08-14 04:00:00,23.1
2024-08-14 04:15:00,23.2
2024-08-14 04:30:00,21.5
2024-08-14 04:45:00,22.2
2024-08-14 05:00:00,22.9
2024-08-14 05:15:00,
2024-08-14 05:30:00,22.8
2024-08-14 05:45:00,
2024-08-14 06:00:00,22.3
2024-08-14 06:15:00,22.2
2024-08-14 06:30:00,35.82428350074989
2024-08-14 06:45:00,37.72428350074989
2024-08-14 07:00:00,23.0
2024-08-14 07:15:00,
2024-08-14 07:30:00,22.5
2024-08-14 07:45:00,22.5
2024-08-14 08:00:00,
2024-08-14 08:15:00,23.6
2024-08-14 08:30:00,21.5
2024-08-14 08:45:00,23.0
2024-08-14 09:00:00,23.2
2024-08-14 09:15:00,23.8
2024-08-14 09:30:00,21.7
2024-08-14 09:45:00,22.3
2024-08-14 10:00:00,23.1
2024-08-14 10:15:00,23.7
2024-08-14 10:30:00,23.9
2024-08-14 10:45:00,23.4
2024-08-14 11:00:00,23.1
2024-08-14 11:15:00,23.5
2024-08-14 11:30:00,23.9
2024-08-14 11:45:00,
2024-08-14 12:00:00,
2024-08-14 12:15:00,
2024-08-14 12:30:00,
2024-08-14 12:45:00,
2024-08-14 13:00:00,
2024-08-14 13:15:00,
2024-08-14 13:30:00,
2024-08-14 13:45:00,
2024-08-14 14:00:00,
2024-08-14 14:15:00,
2024-08-14 14:30:00,
2024-08-14 14:45:00,
2024-08-14 15:00:00,
2024-08-14 15:15:00,
2024-08-14 15:30:00,
2024-08-14 15:45:00,
2024-08-14 16:00:00,
2024-08-14 16:15:00,
2024-08-14 16:30:00,
2024-08-14 16:45:00,
2024-08-14 17:00:00,
2024-08-14 17:15:00,
2024-08-14 17:30:00,33.1
2024-08-14 17:45:00,32.1
2024-08-14 18:00:00,32.6
2024-08-14 18:15:00,33.9
2024-08-14 18:30:00,33.3
2024-08-14 18:45:00,34.7
2024-08-14 19:00:00,31.7
2024-08-14 19:15:00,37.1
2024-08-14 19:30:00,36.3
2024-08-14 19:45:00,37.3
2024-08-14 20:00:00,37.8
2024-08-14 20:15:00,35.6
2024-08-14 20:30:00,37.8
2024-08-14 20:45:00,39.2
2024-08-14 21:00:00,37.6
2024-08-14 21:15:00,41.5
2024-08-14 21:30:00,37.9
2024-08-14 21:45:00,38.6
2024-08-14 22:00:00,38.4
2024-08-14 22:15:00,40.3
2024-08-14 22:30:00,40.6
2024-08-14 22:45:00,40.0
2024-08-14 23:00:00,35.5
2024-08-14 23:15:00,41.2
2024-08-14 23:30:00,37.9
2024-08-14 23:45:00,35.6
2024-08-15 00:00:00,37.6
2024-08-15 00:15:00,39.2
2024-08-15 00:30:00,36.3
2024-08-15 00:45:00,37.8
2024-08-15 01:00:00,
2024-08-15 01:15:00,
2024-08-15 01:30:00,
2024-08-15 01:45:00,
2024-08-15 02:00:00,
2024-08-15 02:15:00,
2024-08-15 02:30:00,
2024-08-15 02:45:00,
2024-08-15 03:00:00,
2024-08-15 03:15:00,
2024-08-15 03:30:00,
2024-08-15 03:45:00,
2024-08-15 04:00:00,
2024-08-15 04:15:00,
2024-08-15 04:30:00,
2024-08-15 04:45:00,
2024-08-15 05:00:00,
2024-08-15 05:15:00,
2024-08-15 05:30:00,
2024-08-15 05:45:00,
2024-08-15 06:00:00,69.6
2024-08-15 06:15:00,70.1
2024-08-15 06:30:00,64.3
2024-08-15 06:45:00,61.4
2024-08-15 07:00:00,49.6
2024-08-15 07:15:00,50.3
2024-08-15 07:30:00,47.6
2024-08-15 07:45:00,46.1
2024-08-15 08:00:00,44.7
2024-08-15 08:15:00,
2024-08-15 08:30:00,
2024-08-15 08:45:00,
2024-08-15 09:00:00,
2024-08-15 09:15:00,
2024-08-15 09:30:00,48.3
2024-08-15 09:45:00,55.3
2024-08-15 10:00:00,59.1
2024-08-15 10:15:00,63.7
2024-08-15 10:30:00,68.1
2024-08-15 10:45:00,103.27441448260781
2024-08-15 11:00:00,65.3
2024-08-15 11:15:00,73.2
2024-08-15 11:30:00,76.6
2024-08-15 11:45:00,68.7
2024-08-15 12:00:00,79.3
2024-08-15 12:15:00,87.5
2024-08-15 12:30:00,79.4
2024-08-15 12:45:00,80.8
2024-08-15 13:00:00,74.3
2024-08-15 13:15:00,72.9
2024-08-15 13:30:00,67.5
2024-08-15 13:45:00,66.9
2024-08-15 14:00:00,67.5
2024-08-15 14:15:00,63.0
2024-08-15 14:30:00,60.5
2024-08-15 14:45:00,63.4
2024-08-15 15:00:00,64.9
2024-08-15 15:15:00,73.1
2024-08-15 15:30:00,77.8
2024-08-15 15:45:00,87.6
2024-08-15 16:00:00,97.7
2024-08-15 16:15:00,107.0
2024-08-15 16:30:00,121.0
2024-08-15 16:45:00,117.0
2024-08-15 17:00:00,175.0
2024-08-15 17:15:00,167.0
2024-08-15 17:30:00,204.0
2024-08-15 17:45:00,234.0
2024-08-15 18:00:00,242.0
2024-08-15 18:15:00,267.0
2024-08-15 18:30:00,281.0
2024-08-15 18:45:00,261.0
2024-08-15 19:00:00,302.0
2024-08-15 19:15:00,291.0
2024-08-15 19:30:00,335.0
2024-08-15 19:45:00,326.0
2024-08-15 20:00:00,
2024-08-15 20:15:00,
2024-08-15 20:30:00,
2024-08-15 20:45:00,
2024-08-15 21:00:00,
2024-08-15 21:15:00,
2024-08-15 21:30:00,322.0
2024-08-15 21:45:00,333.0
2024-08-15 22:00:00,299.0
2024-08-15 22:15:00,326.0
2024-08-15 22:30:00,292.0
2024-08-15 22:45:00,296.0
2024-08-15 23:00:00,280.0
2024-08-15 23:15:00,264.0
2024-08-15 23:30:00,271.0
2024-08-15 23:45:00,266.0
2024-08-16 00:00:00,264.0
2024-08-16 00:15:00,248.0
2024-08-16 00:30:00,
2024-08-16 00:45:00,
2024-08-16 01:00:00,219.0
2024-08-16 01:15:00,217.0
2024-08-16 01:30:00,198.0
2024-08-16 01:45:00,188.0
2024-08-16 02:00:00,188.0
2024-08-16 02:15:00,169.0
2024-08-16 02:30:00,184.0
2024-08-16 02:45:00,158.0
2024-08-16 03:00:00,159.0
2024-08-16 03:15:00,144.0
2024-08-16 03:30:00,143.0
2024-08-16 03:45:00,128.0
2024-08-16 04:00:00,128.0
2024-08-16 04:15:00,129.0
2024-08-16 04:30:00,126.0
2024-08-16 04:45:00,121.0
2024-08-16 05:00:00,116.0
2024-08-16 05:15:00,117.0
2024-08-16 05:30:00,112.0
2024-08-16 05:45:00,111.0
2024-08-16 06:00:00,114.0
2024-08-16 06:15:00,110.0
2024-08-16 06:30:00,102.0
2024-08-16 06:45:00,96.0
2024-08-16 07:00:00,101.0
2024-08-16 07:15:00,97.7
2024-08-16 07:30:00,97.4
2024-08-16 07:45:00,90.9
2024-08-16 08:00:00,86.7
2024-08-16 08:15:00,88.7
2024-08-16 08:30:00,85.9
2024-08-16 08:45:00,85.9
2024-08-16 09:00:00,85.9
2024-08-16 09:15:00,85.9
2024-08-16 09:30:00,85.9
2024-08-16 09:45:00,85.9
2024-08-16 10:00:00,85.9
2024-08-16 10:15:00,85.9
2024-08-16 10:30:00,85.9
2024-08-16 10:45:00,85.9
2024-08-16 11:00:00,85.9
2024-08-16 11:15:00,85.9
2024-08-16 11:30:00,85.9
2024-08-16 11:45:00,85.9
2024-08-16 12:00:00,85.9
2024-08-16 12:15:00,85.9
2024-08-16 12:30:00,
2024-08-16 12:45:00,85.9
2024-08-16 13:00:00,
2024-08-16 13:15:00,85.9
2024-08-16 13:30:00,85.9
2024-08-16 13:45:00,85.9
2024-08-16 14:00:00,85.9
2024-08-16 14:15:00,85.9
2024-08-16 14:30:00,85.9
2024-08-16 14:45:00,85.9
2024-08-16 15:00:00,90.6
2024-08-16 15:15:00,93.1
2024-08-16 15:30:00,92.9
2024-08-16 15:45:00,94.9
2024-08-16 16:00:00,90.7
2024-08-16 16:15:00,99.4
2024-08-16 16:30:00,96.8
2024-08-16 16:45:00,96.0
2024-08-16 17:00:00,103.0
2024-08-16 17:15:00,
2024-08-16 17:30:00,103.0
2024-08-16 17:45:00,210.5611315075128
2024-08-16 18:00:00,211.5611315075128
2024-08-16 18:15:00,210.5611315075128
2024-08-16 18:30:00,103.0
2024-08-16 18:45:00,106.0
2024-08-16 19:00:00,105.0
2024-08-16 19:15:00,107.0
2024-08-16 19:30:00,106.0
2024-08-16 19:45:00,110.0
2024-08-16 20:00:00,104.0
2024-08-16 20:15:00,102.0
2024-08-16 20:30:00,100.0
2024-08-16 20:45:00,105.0
2024-08-16 21:00:00,97.1
2024-08-16 21:15:00,102.0
2024-08-16 21:30:00,101.0
2024-08-16 21:45:00,99.2
2024-08-16 22:00:00,98.9
2024-08-16 22:15:00,93.3
2024-08-16 22:30:00,96.5
2024-08-16 22:45:00,161.08713507174946
2024-08-16 23:00:00,163.28713507174945
2024-08-16 23:15:00,94.6
2024-08-16 23:30:00,91.8
2024-08-16 23:45:00,91.0
2024-08-17 00:00:00,
2024-08-17 00:15:00,92.6
2024-08-17 00:30:00,89.3
2024-08-17 00:45:00,95.7
2024-08-17 01:00:00,92.6
2024-08-17 01:15:00,85.5
2024-08-17 01:30:00,125.23625971249436
2024-08-17 01:45:00,85.9
2024-08-17 02:00:00,83.0
2024-08-17 02:15:00,79.0
2024-08-17 02:30:00,83.5
2024-08-17 02:45:00,79.4
2024-08-17 03:00:00,77.7
2024-08-17 03:15:00,76.4
2024-08-17 03:30:00,75.8
2024-08-17 03:45:00,75.9
2024-08-17 04:00:00,76.3
2024-08-17 04:15:00,73.6
2024-08-17 04:30:00,78.0
2024-08-17 04:45:00,74.5
2024-08-17 05:00:00,70.3
2024-08-17 05:15:00,70.8
2024-08-17 05:30:00,74.4
2024-08-17 05:45:00,75.6
2024-08-17 06:00:00,73.5
2024-08-17 06:15:00,73.5
2024-08-17 06:30:00,73.5
2024-08-17 06:45:00,73.5
2024-08-17 07:00:00,73.5
2024-08-17 07:15:00,73.5
2024-08-17 07:30:00,73.5
2024-08-17 07:45:00,73.5
2024-08-17 08:00:00,73.5
2024-08-17 08:15:00,73.5
2024-08-17 08:30:00,73.5
2024-08-17 08:45:00,73.5
2024-08-17 09:00:00,73.5
2024-08-17 09:15:00,62.4
2024-08-17 09:30:00,61.9
2024-08-17 09:45:00,69.3
2024-08-17 10:00:00,67.1
2024-08-17 10:15:00,
2024-08-17 10:30:00,63.3
2024-08-17 10:45:00,71.5
2024-08-17 11:00:00,67.6
2024-08-17 11:15:00,
2024-08-17 11:30:00,64.1
2024-08-17 11:45:00,67.8
2024-08-17 12:00:00,64.6
2024-08-17 12:15:00,67.0
2024-08-17 12:30:00,69.4
2024-08-17 12:45:00,68.7
2024-08-17 13:00:00,67.0
2024-08-17 13:15:00,67.3
2024-08-17 13:30:00,68.8
2024-08-17 13:45:00,67.5
2024-08-17 14:00:00,66.8
2024-08-17 14:15:00,
2024-08-17 14:30:00,68.2
2024-08-17 14:45:00,65.5
2024-08-17 15:00:00,
2024-08-17 15:15:00,68.7
2024-08-17 15:30:00,64.8
2024-08-17 15:45:00,65.6
2024-08-17 16:00:00,65.3
2024-08-17 16:15:00,
2024-08-17 16:30:00,64.5
2024-08-17 16:45:00,
2024-08-17 17:00:00,64.9
2024-08-17 17:15:00,
2024-08-17 17:30:00,
2024-08-17 17:45:00,62.7
2024-08-17 18:00:00,63.3
2024-08-17 18:15:00,62.2
2024-08-17 18:30:00,62.2
2024-08-17 18:45:00,
2024-08-17 19:00:00,61.8
2024-08-17 19:15:00,60.6
2024-08-17 19:30:00,
2024-08-17 19:45:00,77.99736936412441
2024-08-17 20:00:00,57.6
2024-08-17 20:15:00,58.6
2024-08-17 20:30:00,56.4
2024-08-17 20:45:00,55.8
2024-08-17 21:00:00,57.1
2024-08-17 21:15:00,55.4
2024-08-17 21:30:00,53.2
2024-08-17 21:45:00,
2024-08-17 22:00:00,52.9
2024-08-17 22:15:00,55.1
2024-08-17 22:30:00,52.6
2024-08-17 22:45:00,
2024-08-17 23:00:00,52.8
2024-08-17 23:15:00,51.7
2024-08-17 23:30:00,50.9
2024-08-17 23:45:00,51.1
2024-08-18 00:00:00,51.0
2024-08-18 00:15:00,
2024-08-18 00:30:00,48.5
2024-08-18 00:45:00,48.6
2024-08-18 01:00:00,46.2
2024-08-18 01:15:00,51.5673249078083
2024-08-18 01:30:00,50.9673249078083
2024-08-18 01:45:00,50.5673249078083
2024-08-18 02:00:00,
2024-08-18 02:15:00,
2024-08-18 02:30:00,44.9
2024-08-18 02:45:00,44.0
2024-08-18 03:00:00,
2024-08-18 03:15:00,42.8
2024-08-18 03:30:00,43.8
2024-08-18 03:45:00,44.0
2024-08-18 04:00:00,42.5
2024-08-18 04:15:00,
2024-08-18 04:30:00,
2024-08-18 04:45:00,
2024-08-18 05:00:00,41.2
2024-08-18 05:15:00,41.1
2024-08-18 05:30:00,43.6
2024-08-18 05:45:00,41.3
2024-08-18 06:00:00,39.3
2024-08-18 06:15:00,25.991321770105927
2024-08-18 06:30:00,39.2
2024-08-18 06:45:00,40.5
2024-08-18 07:00:00,38.9
2024-08-18 07:15:00,38.5
2024-08-18 07:30:00,
2024-08-18 07:45:00,
2024-08-18 08:00:00,36.9
2024-08-18 08:15:00,36.7
2024-08-18 08:30:00,36.8
2024-08-18 08:45:00,36.9
2024-08-18 09:00:00,36.7
2024-08-18 09:15:00,37.2
2024-08-18 09:30:00,38.0
2024-08-18 09:45:00,37.8
2024-08-18 10:00:00,38.9
2024-08-18 10:15:00,36.0
2024-08-18 10:30:00,34.1
2024-08-18 10:45:00,
2024-08-18 11:00:00,34.8
2024-08-18 11:15:00,34.8
2024-08-18 11:30:00,35.1
2024-08-18 11:45:00,34.7
2024-08-18 12:00:00,36.4
2024-08-18 12:15:00,34.2
2024-08-18 12:30:00,34.4
2024-08-18 12:45:00,35.1
2024-08-18 13:00:00,35.5
2024-08-18 13:15:00,
2024-08-18 13:30:00,35.7
2024-08-18 13:45:00,
2024-08-18 14:00:00,35.4
2024-08-18 14:15:00,33.5
2024-08-18 14:30:00,37.3
2024-08-18 14:45:00,36.7
2024-08-18 15:00:00,35.9
2024-08-18 15:15:00,34.9
2024-08-18 15:30:00,35.7
2024-08-18 15:45:00,34.3
2024-08-18 16:00:00,36.7
2024-08-18 16:15:00,35.5
2024-08-18 16:30:00,34.1
2024-08-18 16:45:00,33.5
2024-08-18 17:00:00,34.2
2024-08-18 17:15:00,35.0
2024-08-18 17:30:00,
2024-08-18 17:45:00,37.4
2024-08-18 18:00:00,36.5
2024-08-18 18:15:00,35.59479005658415
2024-08-18 18:30:00,35.99479005658415
2024-08-18 18:45:00,37.09479005658415
2024-08-18 19:00:00,34.9
2024-08-18 19:15:00,
2024-08-18 19:30:00,35.1
2024-08-18 19:45:00,34.5
2024-08-18 20:00:00,32.9
2024-08-18 20:15:00,35.8
2024-08-18 20:30:00,33.2
2024-08-18 20:45:00,34.3
2024-08-18 21:00:00,34.2
2024-08-18 21:15:00,36.5
2024-08-18 21:30:00,33.9
2024-08-18 21:45:00,34.3
2024-08-18 22:00:00,31.2
2024-08-18 22:15:00,31.6
2024-08-18 22:30:00,34.4
2024-08-18 22:45:00,34.8
2024-08-18 23:00:00,37.3
2024-08-18 23:15:00,34.9
2024-08-18 23:30:00,35.9510594573871
2024-08-18 23:45:00,36.551059457387105
2024-08-19 00:00:00,34.0
2024-08-19 00:15:00,32.8
2024-08-19 00:30:00,34.5
2024-08-19 00:45:00,33.7
2024-08-19 01:00:00,33.2
2024-08-19 01:15:00,32.9
2024-08-19 01:30:00,34.8
2024-08-19 01:45:00,35.0
2024-08-19 02:00:00,35.9
2024-08-19 02:15:00,34.1
2024-08-19 02:30:00,32.9
2024-08-19 02:45:00,33.0
2024-08-19 03:00:00,
2024-08-19 03:15:00,33.4
2024-08-19 03:30:00,31.9
2024-08-19 03:45:00,31.9
2024-08-19 04:00:00,31.9
2024-08-19 04:15:00,31.9
2024-08-19 04:30:00,31.9
2024-08-19 04:45:00,31.9
2024-08-19 05:00:00,31.9
2024-08-19 05:15:00,31.9
2024-08-19 05:30:00,31.9
2024-08-19 05:45:00,31.9
2024-08-19 06:00:00,31.9
2024-08-19 06:15:00,31.9
2024-08-19 06:30:00,31.9
2024-08-19 06:45:00,31.9
2024-08-19 07:00:00,31.9
2024-08-19 07:15:00,31.9
2024-08-19 07:30:00,31.9
2024-08-19 07:45:00,31.9
2024-08-19 08:00:00,29.7
2024-08-19 08:15:00,
2024-08-19 08:30:00,29.7
2024-08-19 08:45:00,31.7
2024-08-19 09:00:00,31.7
2024-08-19 09:15:00,
2024-08-19 09:30:00,30.8
2024-08-19 09:45:00,31.6
2024-08-19 10:00:00,29.6
2024-08-19 10:15:00,31.5
2024-08-19 10:30:00,30.9
2024-08-19 10:45:00,29.6
2024-08-19 11:00:00,29.7
2024-08-19 11:15:00,29.3
2024-08-19 11:30:00,29.8
2024-08-19 11:45:00,31.8
2024-08-19 12:00:00,31.0
2024-08-19 12:15:00,29.7
2024-08-19 12:30:00,30.5
2024-08-19 12:45:00,30.6
2024-08-19 13:00:00,31.6
2024-08-19 13:15:00,32.0
2024-08-19 13:30:00,31.4
2024-08-19 13:45:00,
2024-08-19 14:00:00,30.8
2024-08-19 14:15:00,31.2
2024-08-19 14:30:00,31.5
2024-08-19 14:45:00,30.7
2024-08-19 15:00:00,33.3
2024-08-19 15:15:00,31.3
2024-08-19 15:30:00,31.7
2024-08-19 15:45:00,29.4
2024-08-19 16:00:00,32.2
2024-08-19 16:15:00,30.6
2024-08-19 16:30:00,31.3
2024-08-19 16:45:00,30.3
2024-08-19 17:00:00,31.1
2024-08-19 17:15:00,29.1
2024-08-19 17:30:00,31.0
2024-08-19 17:45:00,31.1
2024-08-19 18:00:00,28.7
2024-08-19 18:15:00,
2024-08-19 18:30:00,
2024-08-19 18:45:00,
2024-08-19 19:00:00,
2024-08-19 19:15:00,30.5
2024-08-19 19:30:00,30.5
2024-08-19 19:45:00,31.3
2024-08-19 20:00:00,28.4
2024-08-19 20:15:00,29.8
2024-08-19 20:30:00,33.773361682679166
2024-08-19 20:45:00,29.9
2024-08-19 21:00:00,28.2
2024-08-19 21:15:00,29.8
2024-08-19 21:30:00,30.2
2024-08-19 21:45:00,31.6
2024-08-19 22:00:00,28.8
2024-08-19 22:15:00,29.4
2024-08-19 22:30:00,33.3
2024-08-19 22:45:00,30.2
2024-08-19 23:00:00,31.9
2024-08-19 23:15:00,29.3
2024-08-19 23:30:00,30.9
2024-08-19 23:45:00,28.8
2024-08-20 00:00:00,29.2
2024-08-20 00:15:00,30.8
2024-08-20 00:30:00,27.2
2024-08-20 00:45:00,29.4
2024-08-20 01:00:00,28.3
2024-08-20 01:15:00,29.1
2024-08-20 01:30:00,28.0
2024-08-20 01:45:00,28.0
2024-08-20 02:00:00,
2024-08-20 02:15:00,28.0
2024-08-20 02:30:00,28.0
2024-08-20 02:45:00,28.0
2024-08-20 03:00:00,28.0
2024-08-20 03:15:00,28.0
2024-08-20 03:30:00,28.0
2024-08-20 03:45:00,28.0
2024-08-20 04:00:00,28.0
2024-08-20 04:15:00,28.0
2024-08-20 04:30:00,28.0
2024-08-20 04:45:00,28.0
2024-08-20 05:00:00,28.0
2024-08-20 05:15:00,28.0
2024-08-20 05:30:00,28.0
2024-08-20 05:45:00,28.0
2024-08-20 06:00:00,28.0
2024-08-20 06:15:00,28.0
2024-08-20 06:30:00,28.0
2024-08-20 06:45:00,28.0
2024-08-20 07:00:00,28.0
2024-08-20 07:15:00,28.0
2024-08-20 07:30:00,28.0
2024-08-20 07:45:00,27.8
2024-08-20 08:00:00,29.3
2024-08-20 08:15:00,28.6
2024-08-20 08:30:00,28.9
2024-08-20 08:45:00,29.8
2024-08-20 09:00:00,27.4
2024-08-20 09:15:00,28.1
2024-08-20 09:30:00,27.1
2024-08-20 09:45:00,29.0
2024-08-20 10:00:00,27.7
2024-08-20 10:15:00,29.0
2024-08-20 10:30:00,30.6
2024-08-20 10:45:00,28.4
2024-08-20 11:00:00,26.9
2024-08-20 11:15:00,28.1
2024-08-20 11:30:00,27.4
2024-08-20 11:45:00,31.2
2024-08-20 12:00:00,27.8
2024-08-20 12:15:00,30.0
2024-08-20 12:30:00,27.3
2024-08-20 12:45:00,28.9
2024-08-20 13:00:00,31.7
2024-08-20 13:15:00,28.5
2024-08-20 13:30:00,28.6
2024-08-20 13:45:00,28.3
2024-08-20 14:00:00,27.4
2024-08-20 14:15:00,
2024-08-20 14:30:00,29.3
2024-08-20 14:45:00,28.8
2024-08-20 15:00:00,28.2
2024-08-20 15:15:00,28.3
2024-08-20 15:30:00,29.5
2024-08-20 15:45:00,27.8
2024-08-20 16:00:00,28.3
2024-08-20 16:15:00,30.4
2024-08-20 16:30:00,34.52495210029965
2024-08-20 16:45:00,34.92495210029965
2024-08-20 17:00:00,34.02495210029965
2024-08-20 17:15:00,29.9
2024-08-20 17:30:00,28.7
2024-08-20 17:45:00,27.8
2024-08-20 18:00:00,29.2
2024-08-20 18:15:00,29.2
2024-08-20 18:30:00,28.8
2024-08-20 18:45:00,28.7
2024-08-20 19:00:00,27.7
2024-08-20 19:15:00,29.6
2024-08-20 19:30:00,
2024-08-20 19:45:00,28.0
2024-08-20 20:00:00,28.6
2024-08-20 20:15:00,27.1
2024-08-20 20:30:00,28.6
2024-08-20 20:45:00,27.8
2024-08-20 21:00:00,29.5
2024-08-20 21:15:00,
2024-08-20 21:30:00,
2024-08-20 21:45:00,
2024-08-20 22:00:00,
2024-08-20 22:15:00,31.0
2024-08-20 22:30:00,27.2
2024-08-20 22:45:00,26.8
2024-08-20 23:00:00,27.0
2024-08-20 23:15:00,26.5
2024-08-20 23:30:00,26.1
2024-08-20 23:45:00,26.5
2024-08-21 00:00:00,26.4
2024-08-21 00:15:00,27.7
2024-08-21 00:30:00,27.4
2024-08-21 00:45:00,28.0
2024-08-21 01:00:00,29.3
2024-08-21 01:15:00,27.5
2024-08-21 01:30:00,26.0
2024-08-21 01:45:00,27.4
2024-08-21 02:00:00,26.7
2024-08-21 02:15:00,
2024-08-21 02:30:00,25.3
2024-08-21 02:45:00,27.9
2024-08-21 03:00:00,25.2
2024-08-21 03:15:00,27.9
2024-08-21 03:30:00,26.3
2024-08-21 03:45:00,29.7
2024-08-21 04:00:00,26.4
2024-08-21 04:15:00,27.6
2024-08-21 04:30:00,27.0
2024-08-21 04:45:00,27.9
2024-08-21 05:00:00,26.5
2024-08-21 05:15:00,28.0
2024-08-21 05:30:00,25.6
2024-08-21 05:45:00,27.5
2024-08-21 06:00:00,26.9
2024-08-21 06:15:00,27.6
2024-08-21 06:30:00,25.5
2024-08-21 06:45:00,26.4
2024-08-21 07:00:00,27.0
2024-08-21 07:15:00,27.0
2024-08-21 07:30:00,26.5
2024-08-21 07:45:00,26.8
2024-08-21 08:00:00,26.2
2024-08-21 08:15:00,26.1
2024-08-21 08:30:00,26.0
2024-08-21 08:45:00,
2024-08-21 09:00:00,28.1
2024-08-21 09:15:00,27.5
2024-08-21 09:30:00,26.9
2024-08-21 09:45:00,25.9
2024-08-21 10:00:00,
2024-08-21 10:15:00,27.4
2024-08-21 10:30:00,27.2
2024-08-21 10:45:00,25.6
2024-08-21 11:00:00,26.6
2024-08-21 11:15:00,28.2
2024-08-21 11:30:00,25.8
2024-08-21 11:45:00,27.6
2024-08-21 12:00:00,25.7
2024-08-21 12:15:00,26.1
2024-08-21 12:30:00,25.8
2024-08-21 12:45:00,26.6
2024-08-21 13:00:00,27.5
2024-08-21 13:15:00,26.6
2024-08-21 13:30:00,26.0
2024-08-21 13:45:00,26.6
2024-08-21 14:00:00,27.1
2024-08-21 14:15:00,28.8
2024-08-21 14:30:00,27.1
2024-08-21 14:45:00,27.1
2024-08-21 15:00:00,27.1
2024-08-21 15:15:00,27.6
2024-08-21 15:30:00,26.3
2024-08-21 15:45:00,27.8
2024-08-21 16:00:00,27.7
2024-08-21 16:15:00,
2024-08-21 16:30:00,27.4
2024-08-21 16:45:00,26.7
2024-08-21 17:00:00,26.7
2024-08-21 17:15:00,27.5
2024-08-21 17:30:00,27.9
2024-08-21 17:45:00,27.1
2024-08-21 18:00:00,27.1
2024-08-21 18:15:00,
2024-08-21 18:30:00,28.1
2024-08-21 18:45:00,29.6
2024-08-21 19:00:00,28.4
2024-08-21 19:15:00,28.6
2024-08-21 19:30:00,27.2
2024-08-21 19:45:00,28.0
2024-08-21 20:00:00,25.9
2024-08-21 20:15:00,27.7
2024-08-21 20:30:00,26.1
2024-08-21 20:45:00,26.8
2024-08-21 21:00:00,27.2
2024-08-21 21:15:00,26.8
2024-08-21 21:30:00,25.4
2024-08-21 21:45:00,27.8
2024-08-21 22:00:00,26.7
2024-08-21 22:15:00,26.6
2024-08-21 22:30:00,31.032601029932636
2024-08-21 22:45:00,27.0
2024-08-21 23:00:00,27.3
2024-08-21 23:15:00,25.9
2024-08-21 23:30:00,26.6
2024-08-21 23:45:00,25.9
2024-08-22 00:00:00,
2024-08-22 00:15:00,26.4
2024-08-22 00:30:00,25.0
2024-08-22 00:45:00,
2024-08-22 01:00:00,26.5
2024-08-22 01:15:00,
2024-08-22 01:30:00,25.3
2024-08-22 01:45:00,26.5
2024-08-22 02:00:00,
2024-08-22 02:15:00,
2024-08-22 02:30:00,27.0
2024-08-22 02:45:00,26.4
2024-08-22 03:00:00,26.4
2024-08-22 03:15:00,
2024-08-22 03:30:00,27.1
2024-08-22 03:45:00,28.1
2024-08-22 04:00:00,26.5
2024-08-22 04:15:00,25.0
2024-08-22 04:30:00,27.9
2024-08-22 04:45:00,26.3
2024-08-22 05:00:00,26.6
2024-08-22 05:15:00,25.9
2024-08-22 05:30:00,25.8
2024-08-22 05:45:00,26.8
2024-08-22 06:00:00,24.9
2024-08-22 06:15:00,26.0
2024-08-22 06:30:00,26.2
2024-08-22 06:45:00,25.2
2024-08-22 07:00:00,
2024-08-22 07:15:00,25.6
2024-08-22 07:30:00,24.8
2024-08-22 07:45:00,25.3
2024-08-22 08:00:00,24.9
2024-08-22 08:15:00,24.6
2024-08-22 08:30:00,24.3
2024-08-22 08:45:00,26.0
2024-08-22 09:00:00,25.5
2024-08-22 09:15:00,
2024-08-22 09:30:00,25.5
2024-08-22 09:45:00,24.9
2024-08-22 10:00:00,26.0
2024-08-22 10:15:00,25.8
2024-08-22 10:30:00,24.2
2024-08-22 10:45:00,25.1
2024-08-22 11:00:00,
2024-08-22 11:15:00,24.8
2024-08-22 11:30:00,27.2
2024-08-22 11:45:00,26.6
2024-08-22 12:00:00,25.6
2024-08-22 12:15:00,27.7
2024-08-22 12:30:00,25.8
2024-08-22 12:45:00,26.3
2024-08-22 13:00:00,27.7
2024-08-22 13:15:00,25.0
2024-08-22 13:30:00,25.4
2024-08-22 13:45:00,25.5
2024-08-22 14:00:00,25.0
2024-08-22 14:15:00,26.3
2024-08-22 14:30:00,25.3
2024-08-22 14:45:00,25.3
2024-08-22 15:00:00,
2024-08-22 15:15:00,24.7
2024-08-22 15:30:00,25.3
2024-08-22 15:45:00,24.8
2024-08-22 16:00:00,25.6
2024-08-22 16:15:00,
2024-08-22 16:30:00,26.9
2024-08-22 16:45:00,27.3
2024-08-22 17:00:00,25.8
2024-08-22 17:15:00,25.2
2024-08-22 17:30:00,26.1
2024-08-22 17:45:00,25.6
2024-08-22 18:00:00,24.5
2024-08-22 18:15:00,24.8
2024-08-22 18:30:00,26.7
2024-08-22 18:45:00,
2024-08-22 19:00:00,25.3
2024-08-22 19:15:00,28.7
2024-08-22 19:30:00,26.0
2024-08-22 19:45:00,22.734877420007834
2024-08-22 20:00:00,23.334877420007835
2024-08-22 20:15:00,22.734877420007834
2024-08-22 20:30:00,25.7
2024-08-22 20:45:00,28.3
2024-08-22 21:00:00,26.9
2024-08-22 21:15:00,25.4
2024-08-22 21:30:00,24.9
2024-08-22 21:45:00,26.2
2024-08-22 22:00:00,25.0
2024-08-22 22:15:00,27.2
2024-08-22 22:30:00,26.4
2024-08-22 22:45:00,27.5
2024-08-22 23:00:00,26.2
2024-08-22 23:15:00,26.4
2024-08-22 23:30:00,25.7
2024-08-22 23:45:00,25.1
2024-08-23 00:00:00,25.1
2024-08-23 00:15:00,27.0
2024-08-23 00:30:00,23.9
2024-08-23 00:45:00,25.1
2024-08-23 01:00:00,
2024-08-23 01:15:00,25.2
2024-08-23 01:30:00,23.5
2024-08-23 01:45:00,24.0
2024-08-23 02:00:00,23.7
2024-08-23 02:15:00,26.0
2024-08-23 02:30:00,23.3
2024-08-23 02:45:00,23.9
2024-08-23 03:00:00,
2024-08-23 03:15:00,23.2
2024-08-23 03:30:00,
2024-08-23 03:45:00,
2024-08-23 04:00:00,24.2
2024-08-23 04:15:00,
2024-08-23 04:30:00,25.3
2024-08-23 04:45:00,24.7
2024-08-23 05:00:00,
2024-08-23 05:15:00,24.2
2024-08-23 05:30:00,25.4
2024-08-23 05:45:00,25.2
2024-08-23 06:00:00,23.4
2024-08-23 06:15:00,24.2
2024-08-23 06:30:00,25.2
2024-08-23 06:45:00,23.5
2024-08-23 07:00:00,24.4
2024-08-23 07:15:00,23.0
2024-08-23 07:30:00,24.2
2024-08-23 07:45:00,25.3
2024-08-23 08:00:00,25.7
2024-08-23 08:15:00,23.7
2024-08-23 08:30:00,22.4
2024-08-23 08:45:00,23.2
2024-08-23 09:00:00,23.2
2024-08-23 09:15:00,22.9
2024-08-23 09:30:00,24.8
2024-08-23 09:45:00,24.6
2024-08-23 10:00:00,23.9
2024-08-23 10:15:00,25.3
2024-08-23 10:30:00,23.5
2024-08-23 10:45:00,26.1
2024-08-23 11:00:00,24.1
2024-08-23 11:15:00,24.8
2024-08-23 11:30:00,23.5
2024-08-23 11:45:00,
2024-08-23 12:00:00,22.7
2024-08-23 12:15:00,
2024-08-23 12:30:00,24.6
2024-08-23 12:45:00,24.4
2024-08-23 13:00:00,24.5
2024-08-23 13:15:00,26.0
2024-08-23 13:30:00,22.7
2024-08-23 13:45:00,25.3
2024-08-23 14:00:00,24.4
2024-08-23 14:15:00,23.8
2024-08-23 14:30:00,24.6
2024-08-23 14:45:00,23.2
2024-08-23 15:00:00,22.6
2024-08-23 15:15:00,23.9
2024-08-23 15:30:00,23.8
2024-08-23 15:45:00,26.0
2024-08-23 16:00:00,25.6
2024-08-23 16:15:00,23.4
2024-08-23 16:30:00,24.0
2024-08-23 16:45:00,25.2
2024-08-23 17:00:00,23.7
2024-08-23 17:15:00,
2024-08-23 17:30:00,23.6
2024-08-23 17:45:00,24.5
2024-08-23 18:00:00,23.2
2024-08-23 18:15:00,24.0
2024-08-23 18:30:00,23.7
2024-08-23 18:45:00,25.0
2024-08-23 19:00:00,23.0
2024-08-23 19:15:00,22.7
2024-08-23 19:30:00,24.4
2024-08-23 19:45:00,22.4
2024-08-23 20:00:00,23.5
2024-08-23 20:15:00,22.6
2024-08-23 20:30:00,23.2
2024-08-23 20:45:00,22.8
2024-08-23 21:00:00,
2024-08-23 21:15:00,25.7
2024-08-23 21:30:00,24.9
2024-08-23 21:45:00,23.5
2024-08-23 22:00:00,23.5
2024-08-23 22:15:00,24.3
2024-08-23 22:30:00,22.7
2024-08-23 22:45:00,24.2
2024-08-23 23:00:00,23.4
2024-08-23 23:15:00,
2024-08-23 23:30:00,23.1
2024-08-23 23:45:00,
2024-08-24 00:00:00,
2024-08-24 00:15:00,24.1
2024-08-24 00:30:00,23.7
2024-08-24 00:45:00,24.5
2024-08-24 01:00:00,24.1
2024-08-24 01:15:00,38.74881238120165
2024-08-24 01:30:00,39.74881238120165
2024-08-24 01:45:00,38.94881238120165
2024-08-24 02:00:00,22.5
2024-08-24 02:15:00,23.1
2024-08-24 02:30:00,24.4
2024-08-24 02:45:00,
2024-08-24 03:00:00,23.1
2024-08-24 03:15:00,
2024-08-24 03:30:00,23.8
2024-08-24 03:45:00,22.6
2024-08-24 04:00:00,22.7
2024-08-24 04:15:00,22.3
2024-08-24 04:30:00,
2024-08-24 04:45:00,23.1
2024-08-24 05:00:00,23.8
2024-08-24 05:15:00,24.3
2024-08-24 05:30:00,14.550406729524816
2024-08-24 05:45:00,23.0
2024-08-24 06:00:00,23.5
2024-08-24 06:15:00,24.1
2024-08-24 06:30:00,22.9
2024-08-24 06:45:00,23.4
2024-08-24 07:00:00,23.2
2024-08-24 07:15:00,
2024-08-24 07:30:00,25.5
2024-08-24 07:45:00,24.6
2024-08-24 08:00:00,24.0
2024-08-24 08:15:00,25.0
2024-08-24 08:30:00,23.7
2024-08-24 08:45:00,24.3
2024-08-24 09:00:00,24.5
2024-08-24 09:15:00,23.8
2024-08-24 09:30:00,
2024-08-24 09:45:00,22.9
2024-08-24 10:00:00,
2024-08-24 10:15:00,
2024-08-24 10:30:00,22.2
2024-08-24 10:45:00,22.5
2024-08-24 11:00:00,
2024-08-24 11:15:00,25.9
2024-08-24 11:30:00,23.9
2024-08-24 11:45:00,
2024-08-24 12:00:00,
2024-08-24 12:15:00,24.3
2024-08-24 12:30:00,25.6
2024-08-24 12:45:00,23.2
2024-08-24 13:00:00,24.3
2024-08-24 13:15:00,26.0
2024-08-24 13:30:00,23.9
2024-08-24 13:45:00,24.3
2024-08-24 14:00:00,24.4
2024-08-24 14:15:00,27.77819557746903
2024-08-24 14:30:00,27.87819557746903
2024-08-24 14:45:00,24.6
2024-08-24 15:00:00,26.4
2024-08-24 15:15:00,24.7
2024-08-24 15:30:00,25.5
2024-08-24 15:45:00,25.4
2024-08-24 16:00:00,
2024-08-24 16:15:00,
2024-08-24 16:30:00,24.6
2024-08-24 16:45:00,
2024-08-24 17:00:00,
2024-08-24 17:15:00,
2024-08-24 17:30:00,
2024-08-24 17:45:00,
2024-08-24 18:00:00,
2024-08-24 18:15:00,
2024-08-24 18:30:00,
2024-08-24 18:45:00,24.5
2024-08-24 19:00:00,24.9
2024-08-24 19:15:00,24.4
2024-08-24 19:30:00,23.9
2024-08-24 19:45:00,24.4
2024-08-24 20:00:00,24.5
2024-08-24 20:15:00,26.2
2024-08-24 20:30:00,25.0
2024-08-24 20:45:00,24.9
2024-08-24 21:00:00,24.5
2024-08-24 21:15:00,24.9
2024-08-24 21:30:00,24.9
2024-08-24 21:45:00,24.9
2024-08-24 22:00:00,24.9
2024-08-24 22:15:00,
2024-08-24 22:30:00,24.9
2024-08-24 22:45:00,24.9
2024-08-24 23:00:00,
2024-08-24 23:15:00,24.9
2024-08-24 23:30:00,24.9
2024-08-24 23:45:00,
2024-08-25 00:00:00,24.9
2024-08-25 00:15:00,
2024-08-25 00:30:00,24.9
2024-08-25 00:45:00,24.9
2024-08-25 01:00:00,24.9
2024-08-25 01:15:00,24.9
2024-08-25 01:30:00,24.9
2024-08-25 01:45:00,24.9
2024-08-25 02:00:00,24.9
2024-08-25 02:15:00,
2024-08-25 02:30:00,24.9
2024-08-25 02:45:00,
2024-08-25 03:00:00,24.7
2024-08-25 03:15:00,24.5
2024-08-25 03:30:00,23.6
2024-08-25 03:45:00,24.3
2024-08-25 04:00:00,
2024-08-25 04:15:00,23.8
2024-08-25 04:30:00,
2024-08-25 04:45:00,23.2
2024-08-25 05:00:00,24.1
2024-08-25 05:15:00,24.3
2024-08-25 05:30:00,23.3
2024-08-25 05:45:00,24.2
2024-08-25 06:00:00,24.1
2024-08-25 06:15:00,24.3
2024-08-25 06:30:00,
2024-08-25 06:45:00,24.7
2024-08-25 07:00:00,24.7
2024-08-25 07:15:00,
2024-08-25 07:30:00,23.4
2024-08-25 07:45:00,24.3
2024-08-25 08:00:00,28.196535245180534
2024-08-25 08:15:00,27.196535245180534
2024-08-25 08:30:00,27.196535245180534
2024-08-25 08:45:00,23.6
2024-08-25 09:00:00,23.0
2024-08-25 09:15:00,
2024-08-25 09:30:00,24.4
2024-08-25 09:45:00,
2024-08-25 10:00:00,
2024-08-25 10:15:00,
2024-08-25 10:30:00,24.8
2024-08-25 10:45:00,23.6
2024-08-25 11:00:00,25.0
2024-08-25 11:15:00,24.4
2024-08-25 11:30:00,23.4
2024-08-25 11:45:00,24.3
2024-08-25 12:00:00,25.6
2024-08-25 12:15:00,25.3
2024-08-25 12:30:00,25.4
2024-08-25 12:45:00,25.4
2024-08-25 13:00:00,23.8
2024-08-25 13:15:00,24.5
2024-08-25 13:30:00,24.2
2024-08-25 13:45:00,24.6
2024-08-25 14:00:00,25.6
2024-08-25 14:15:00,25.4
2024-08-25 14:30:00,26.2
2024-08-25 14:45:00,24.3
2024-08-25 15:00:00,24.8
2024-08-25 15:15:00,24.5
2024-08-25 15:30:00,24.1
2024-08-25 15:45:00,26.0
2024-08-25 16:00:00,24.2
2024-08-25 16:15:00,25.0
2024-08-25 16:30:00,24.4
2024-08-25 16:45:00,24.6
2024-08-25 17:00:00,25.8
2024-08-25 17:15:00,
2024-08-25 17:30:00,24.7
2024-08-25 17:45:00,
2024-08-25 18:00:00,24.6
2024-08-25 18:15:00,25.2
2024-08-25 18:30:00,26.8
2024-08-25 18:45:00,26.0
2024-08-25 19:00:00,26.1
2024-08-25 19:15:00,25.1
2024-08-25 19:30:00,
2024-08-25 19:45:00,24.7
2024-08-25 20:00:00,25.6
2024-08-25 20:15:00,24.6
2024-08-25 20:30:00,24.1
2024-08-25 20:45:00,24.9
2024-08-25 21:00:00,
2024-08-25 21:15:00,25.4
2024-08-25 21:30:00,
2024-08-25 21:45:00,25.8
2024-08-25 22:00:00,24.9
2024-08-25 22:15:00,
2024-08-25 22:30:00,25.8
2024-08-25 22:45:00,25.0
2024-08-25 23:00:00,24.4
2024-08-25 23:15:00,24.8
2024-08-25 23:30:00,23.9
2024-08-25 23:45:00,25.2
2024-08-26 00:00:00,
2024-08-26 00:15:00,23.8
2024-08-26 00:30:00,25.5
2024-08-26 00:45:00,23.6
2024-08-26 01:00:00,24.1
2024-08-26 01:15:00,23.3
2024-08-26 01:30:00,23.8
2024-08-26 01:45:00,24.6
2024-08-26 02:00:00,23.8
2024-08-26 02:15:00,
2024-08-26 02:30:00,24.2
2024-08-26 02:45:00,24.0
2024-08-26 03:00:00,25.0
2024-08-26 03:15:00,24.8
2024-08-26 03:30:00,24.4
2024-08-26 03:45:00,24.9
2024-08-26 04:00:00,25.0
2024-08-26 04:15:00,25.4
2024-08-26 04:30:00,23.4
2024-08-26 04:45:00,25.0
2024-08-26 05:00:00,24.9
2024-08-26 05:15:00,23.8
2024-08-26 05:30:00,24.3
2024-08-26 05:45:00,24.3
2024-08-26 06:00:00,25.1
2024-08-26 06:15:00,23.9
2024-08-26 06:30:00,24.2
2024-08-26 06:45:00,24.2
2024-08-26 07:00:00,25.2
2024-08-26 07:15:00,25.2
2024-08-26 07:30:00,25.5
2024-08-26 07:45:00,23.9
2024-08-26 08:00:00,24.2
2024-08-26 08:15:00,
2024-08-26 08:30:00,24.8
2024-08-26 08:45:00,24.9
2024-08-26 09:00:00,24.4
2024-08-26 09:15:00,25.2
2024-08-26 09:30:00,
2024-08-26 09:45:00,
2024-08-26 10:00:00,
2024-08-26 10:15:00,
2024-08-26 10:30:00,
2024-08-26 10:45:00,
2024-08-26 11:00:00,
2024-08-26 11:15:00,
2024-08-26 11:30:00,
2024-08-26 11:45:00,25.3
2024-08-26 12:00:00,26.4
2024-08-26 12:15:00,24.8
2024-08-26 12:30:00,24.7
2024-08-26 12:45:00,24.8
2024-08-26 13:00:00,24.8
2024-08-26 13:15:00,26.1
2024-08-26 13:30:00,23.5
2024-08-26 13:45:00,24.5
2024-08-26 14:00:00,27.9
2024-08-26 14:15:00,25.0
2024-08-26 14:30:00,25.7
2024-08-26 14:45:00,26.1
2024-08-26 15:00:00,
2024-08-26 15:15:00,25.1
2024-08-26 15:30:00,23.9
2024-08-26 15:45:00,24.3
2024-08-26 16:00:00,
2024-08-26 16:15:00,
2024-08-26 16:30:00,
2024-08-26 16:45:00,
2024-08-26 17:00:00,
2024-08-26 17:15:00,
2024-08-26 17:30:00,
2024-08-26 17:45:00,
2024-08-26 18:00:00,
2024-08-26 18:15:00,
2024-08-26 18:30:00,
2024-08-26 18:45:00,
2024-08-26 19:00:00,
2024-08-26 19:15:00,
2024-08-26 19:30:00,
2024-08-26 19:45:00,
2024-08-26 20:00:00,41.5
2024-08-26 20:15:00,27.8
2024-08-26 20:30:00,27.4
2024-08-26 20:45:00,27.2
2024-08-26 21:00:00,24.7
2024-08-26 21:15:00,26.2
2024-08-26 21:30:00,29.4
2024-08-26 21:45:00,25.0
2024-08-26 22:00:00,25.0
2024-08-26 22:15:00,28.6
2024-08-26 22:30:00,23.3
2024-08-26 22:45:00,24.1
2024-08-26 23:00:00,25.7
2024-08-26 23:15:00,27.4
2024-08-26 23:30:00,25.7
2024-08-26 23:45:00,25.3
2024-08-27 00:00:00,25.5
2024-08-27 00:15:00,24.7
2024-08-27 00:30:00,24.9
2024-08-27 00:45:00,23.4
2024-08-27 01:00:00,23.5
2024-08-27 01:15:00,23.4
2024-08-27 01:30:00,28.1
2024-08-27 01:45:00,27.0
2024-08-27 02:00:00,26.2
2024-08-27 02:15:00,28.0
2024-08-27 02:30:00,24.7
2024-08-27 02:45:00,26.7
2024-08-27 03:00:00,23.9
2024-08-27 03:15:00,23.7
2024-08-27 03:30:00,24.5
2024-08-27 03:45:00,23.8
2024-08-27 04:00:00,24.4
2024-08-27 04:15:00,25.3
2024-08-27 04:30:00,26.1
2024-08-27 04:45:00,22.8
2024-08-27 05:00:00,24.4
2024-08-27 05:15:00,
2024-08-27 05:30:00,24.6
2024-08-27 05:45:00,25.2
2024-08-27 06:00:00,24.1
2024-08-27 06:15:00,24.9
2024-08-27 06:30:00,25.3
2024-08-27 06:45:00,24.9
2024-08-27 07:00:00,25.5
2024-08-27 07:15:00,24.4
2024-08-27 07:30:00,24.9
2024-08-27 07:45:00,
2024-08-27 08:00:00,23.2
2024-08-27 08:15:00,25.8
2024-08-27 08:30:00,22.6
2024-08-27 08:45:00,25.5
2024-08-27 09:00:00,25.2
2024-08-27 09:15:00,24.5
2024-08-27 09:30:00,24.8
2024-08-27 09:45:00,25.3
2024-08-27 10:00:00,25.7
2024-08-27 10:15:00,25.8
2024-08-27 10:30:00,24.2
2024-08-27 10:45:00,24.8
2024-08-27 11:00:00,25.7
2024-08-27 11:15:00,25.7
2024-08-27 11:30:00,25.9
2024-08-27 11:45:00,25.0
2024-08-27 12:00:00,25.6
2024-08-27 12:15:00,23.7
2024-08-27 12:30:00,26.8
2024-08-27 12:45:00,26.1
2024-08-27 13:00:00,26.3
2024-08-27 13:15:00,25.8
2024-08-27 13:30:00,25.4
2024-08-27 13:45:00,24.8
2024-08-27 14:00:00,25.3
2024-08-27 14:15:00,24.3
2024-08-27 14:30:00,30.1
2024-08-27 14:45:00,28.1
2024-08-27 15:00:00,26.3
2024-08-27 15:15:00,27.9
2024-08-27 15:30:00,26.8
2024-08-27 15:45:00,26.6
2024-08-27 16:00:00,26.0
2024-08-27 16:15:00,26.2
2024-08-27 16:30:00,27.5
2024-08-27 16:45:00,27.3
2024-08-27 17:00:00,25.0
2024-08-27 17:15:00,25.1
2024-08-27 17:30:00,
2024-08-27 17:45:00,
2024-08-27 18:00:00,
2024-08-27 18:15:00,
2024-08-27 18:30:00,
2024-08-27 18:45:00,
2024-08-27 19:00:00,
2024-08-27 19:15:00,
2024-08-27 19:30:00,
2024-08-27 19:45:00,
2024-08-27 20:00:00,
2024-08-27 20:15:00,
2024-08-27 20:30:00,
2024-08-27 20:45:00,
2024-08-27 21:00:00,25.8
2024-08-27 21:15:00,22.6
2024-08-27 21:30:00,30.3
2024-08-27 21:45:00,24.7
2024-08-27 22:00:00,23.4
2024-08-27 22:15:00,27.0
2024-08-27 22:30:00,24.5
2024-08-27 22:45:00,25.9
2024-08-27 23:00:00,25.6
2024-08-27 23:15:00,25.2
2024-08-27 23:30:00,23.1
2024-08-27 23:45:00,33.5
2024-08-28 00:00:00,28.5
2024-08-28 00:15:00,42.968805519145675
2024-08-28 00:30:00,45.16880551914567
2024-08-28 00:45:00,46.86880551914567
2024-08-28 01:00:00,26.5
2024-08-28 01:15:00,24.6
2024-08-28 01:30:00,28.2
2024-08-28 01:45:00,26.4
2024-08-28 02:00:00,67.6
2024-08-28 02:15:00,52.9
2024-08-28 02:30:00,43.8
2024-08-28 02:45:00,35.5
2024-08-28 03:00:00,30.7
2024-08-28 03:15:00,27.6
2024-08-28 03:30:00,26.9
2024-08-28 03:45:00,26.3
2024-08-28 04:00:00,22.6
2024-08-28 04:15:00,25.5
2024-08-28 04:30:00,26.2
2024-08-28 04:45:00,29.1
2024-08-28 05:00:00,24.3
2024-08-28 05:15:00,24.6
2024-08-28 05:30:00,25.1
2024-08-28 05:45:00,25.9
2024-08-28 06:00:00,24.5
2024-08-28 06:15:00,25.4
2024-08-28 06:30:00,26.7
2024-08-28 06:45:00,24.4
2024-08-28 07:00:00,23.2
2024-08-28 07:15:00,25.6
2024-08-28 07:30:00,23.0
2024-08-28 07:45:00,25.0
2024-08-28 08:00:00,24.7
2024-08-28 08:15:00,26.9
2024-08-28 08:30:00,22.3
2024-08-28 08:45:00,23.8
2024-08-28 09:00:00,25.7
2024-08-28 09:15:00,
2024-08-28 09:30:00,26.1
2024-08-28 09:45:00,25.4
2024-08-28 10:00:00,26.8
2024-08-28 10:15:00,24.3
2024-08-28 10:30:00,24.7
2024-08-28 10:45:00,24.1
2024-08-28 11:00:00,23.4
2024-08-28 11:15:00,27.5
2024-08-28 11:30:00,24.8
2024-08-28 11:45:00,24.7
2024-08-28 12:00:00,29.3
2024-08-28 12:15:00,26.4
2024-08-28 12:30:00,
2024-08-28 12:45:00,
2024-08-28 13:00:00,
2024-08-28 13:15:00,
2024-08-28 13:30:00,
2024-08-28 13:45:00,
2024-08-28 14:00:00,
2024-08-28 14:15:00,
2024-08-28 14:30:00,
2024-08-28 14:45:00,
2024-08-28 15:00:00,
2024-08-28 15:15:00,
2024-08-28 15:30:00,
2024-08-28 15:45:00,
2024-08-28 16:00:00,26.7
2024-08-28 16:15:00,26.3
2024-08-28 16:30:00,28.0
2024-08-28 16:45:00,25.3
2024-08-28 17:00:00,25.2
2024-08-28 17:15:00,25.6
2024-08-28 17:30:00,25.6
2024-08-28 17:45:00,27.8
2024-08-28 18:00:00,28.1
2024-08-28 18:15:00,26.2
2024-08-28 18:30:00,28.1
2024-08-28 18:45:00,53.653196405287346
2024-08-28 19:00:00,53.45319640528734
2024-08-28 19:15:00,29.6
2024-08-28 19:30:00,28.4
2024-08-28 19:45:00,29.0
2024-08-28 20:00:00,29.6
2024-08-28 20:15:00,29.1
2024-08-28 20:30:00,30.5
2024-08-28 20:45:00,27.5
2024-08-28 21:00:00,28.6
2024-08-28 21:15:00,29.7
2024-08-28 21:30:00,28.0
2024-08-28 21:45:00,26.3
2024-08-28 22:00:00,
2024-08-28 22:15:00,
2024-08-28 22:30:00,
2024-08-28 22:45:00,
2024-08-28 23:00:00,
2024-08-28 23:15:00,
2024-08-28 23:30:00,
2024-08-28 23:45:00,
2024-08-29 00:00:00,
2024-08-29 00:15:00,
2024-08-29 00:30:00,
2024-08-29 00:45:00,
2024-08-29 01:00:00,
2024-08-29 01:15:00,
2024-08-29 01:30:00,28.1
2024-08-29 01:45:00,24.2
2024-08-29 02:00:00,27.9
2024-08-29 02:15:00,26.0
2024-08-29 02:30:00,27.6
2024-08-29 02:45:00,25.4
2024-08-29 03:00:00,27.6
2024-08-29 03:15:00,24.3
2024-08-29 03:30:00,24.2
2024-08-29 03:45:00,26.7
2024-08-29 04:00:00,23.1
2024-08-29 04:15:00,26.5
2024-08-29 04:30:00,30.6
2024-08-29 04:45:00,28.4
2024-08-29 05:00:00,25.5
2024-08-29 05:15:00,24.7
2024-08-29 05:30:00,24.7
2024-08-29 05:45:00,24.7
2024-08-29 06:00:00,24.7
2024-08-29 06:15:00,24.7
2024-08-29 06:30:00,24.7
2024-08-29 06:45:00,24.7
2024-08-29 07:00:00,24.7
2024-08-29 07:15:00,24.7
2024-08-29 07:30:00,24.7
2024-08-29 07:45:00,25.2
2024-08-29 08:00:00,25.2
2024-08-29 08:15:00,23.6
2024-08-29 08:30:00,27.5
2024-08-29 08:45:00,25.8
2024-08-29 09:00:00,24.6
2024-08-29 09:15:00,22.5
2024-08-29 09:30:00,22.9
2024-08-29 09:45:00,24.2
2024-08-29 10:00:00,24.1
2024-08-29 10:15:00,23.8
2024-08-29 10:30:00,24.5
2024-08-29 10:45:00,
2024-08-29 11:00:00,22.8
2024-08-29 11:15:00,22.9
2024-08-29 11:30:00,26.4
2024-08-29 11:45:00,26.5
2024-08-29 12:00:00,27.5
2024-08-29 12:15:00,25.5
2024-08-29 12:30:00,23.7
2024-08-29 12:45:00,18.438331489332445
2024-08-29 13:00:00,21.038331489332446
2024-08-29 13:15:00,17.238331489332445
2024-08-29 13:30:00,23.4
2024-08-29 13:45:00,23.4
2024-08-29 14:00:00,25.5
2024-08-29 14:15:00,23.0
2024-08-29 14:30:00,24.0
2024-08-29 14:45:00,23.7
2024-08-29 15:00:00,23.4
2024-08-29 15:15:00,
2024-08-29 15:30:00,
2024-08-29 15:45:00,21.8
2024-08-29 16:00:00,25.9
2024-08-29 16:15:00,23.9
2024-08-29 16:30:00,22.6
2024-08-29 16:45:00,22.1
2024-08-29 17:00:00,22.4
2024-08-29 17:15:00,22.6
2024-08-29 17:30:00,21.3
2024-08-29 17:45:00,23.1
2024-08-29 18:00:00,22.5
2024-08-29 18:15:00,22.6
2024-08-29 18:30:00,22.6
2024-08-29 18:45:00,
2024-08-29 19:00:00,23.9
2024-08-29 19:15:00,21.6
2024-08-29 19:30:00,
2024-08-29 19:45:00,22.4
2024-08-29 20:00:00,20.9
2024-08-29 20:15:00,21.3
2024-08-29 20:30:00,24.2
2024-08-29 20:45:00,
2024-08-29 21:00:00,21.8
2024-08-29 21:15:00,22.1
2024-08-29 21:30:00,
2024-08-29 21:45:00,23.1
2024-08-29 22:00:00,19.8
2024-08-29 22:15:00,
2024-08-29 22:30:00,19.9
2024-08-29 22:45:00,21.9
2024-08-29 23:00:00,23.2
2024-08-29 23:15:00,22.3
2024-08-29 23:30:00,23.1
2024-08-29 23:45:00,21.1
2024-08-30 00:00:00,20.2
2024-08-30 00:15:00,21.3
2024-08-30 00:30:00,24.3
2024-08-30 00:45:00,22.8
2024-08-30 01:00:00,
2024-08-30 01:15:00,21.9
2024-08-30 01:30:00,22.7
2024-08-30 01:45:00,20.6
2024-08-30 02:00:00,19.1
2024-08-30 02:15:00,
2024-08-30 02:30:00,21.7
2024-08-30 02:45:00,20.4
2024-08-30 03:00:00,33.82169503539481
2024-08-30 03:15:00,21.6
2024-08-30 03:30:00,21.1
2024-08-30 03:45:00,21.9
2024-08-30 04:00:00,21.7
2024-08-30 04:15:00,
2024-08-30 04:30:00,20.8
2024-08-30 04:45:00,21.5
2024-08-30 05:00:00,23.4
2024-08-30 05:15:00,19.5
2024-08-30 05:30:00,22.0
2024-08-30 05:45:00,22.5
2024-08-30 06:00:00,22.6
2024-08-30 06:15:00,20.9
2024-08-30 06:30:00,23.8
2024-08-30 06:45:00,23.9
2024-08-30 07:00:00,22.0
2024-08-30 07:15:00,24.4
2024-08-30 07:30:00,23.0
2024-08-30 07:45:00,22.3
2024-08-30 08:00:00,20.7
2024-08-30 08:15:00,21.5
2024-08-30 08:30:00,21.3
2024-08-30 08:45:00,22.5
2024-08-30 09:00:00,21.6
2024-08-30 09:15:00,21.3
2024-08-30 09:30:00,19.7
2024-08-30 09:45:00,20.9
2024-08-30 10:00:00,20.9
2024-08-30 10:15:00,26.4
2024-08-30 10:30:00,29.7
2024-08-30 10:45:00,23.0
2024-08-30 11:00:00,
2024-08-30 11:15:00,
2024-08-30 11:30:00,
2024-08-30 11:45:00,
2024-08-30 12:00:00,
2024-08-30 12:15:00,
2024-08-30 12:30:00,
2024-08-30 12:45:00,
2024-08-30 13:00:00,
2024-08-30 13:15:00,
2024-08-30 13:30:00,
2024-08-30 13:45:00,
2024-08-30 14:00:00,
2024-08-30 14:15:00,
2024-08-30 14:30:00,24.8
2024-08-30 14:45:00,24.2
2024-08-30 15:00:00,
2024-08-30 15:15:00,22.0
2024-08-30 15:30:00,22.3
2024-08-30 15:45:00,22.8
2024-08-30 16:00:00,23.4
2024-08-30 16:15:00,21.2
2024-08-30 16:30:00,21.1
2024-08-30 16:45:00,20.5
2024-08-30 17:00:00,21.3
2024-08-30 17:15:00,20.6
2024-08-30 17:30:00,19.5
2024-08-30 17:45:00,23.5
2024-08-30 18:00:00,22.8
2024-08-30 18:15:00,21.6
2024-08-30 18:30:00,20.6
2024-08-30 18:45:00,20.1
2024-08-30 19:00:00,20.2
2024-08-30 19:15:00,
2024-08-30 19:30:00,21.9
2024-08-30 19:45:00,21.2
2024-08-30 20:00:00,20.5
2024-08-30 20:15:00,21.0
2024-08-30 20:30:00,22.1
2024-08-30 20:45:00,21.1
2024-08-30 21:00:00,21.7
2024-08-30 21:15:00,21.8
2024-08-30 21:30:00,21.0
2024-08-30 21:45:00,22.0
2024-08-30 22:00:00,21.4
2024-08-30 22:15:00,20.3
2024-08-30 22:30:00,22.8
2024-08-30 22:45:00,20.3
2024-08-30 23:00:00,22.2
2024-08-30 23:15:00,20.3
2024-08-30 23:30:00,
2024-08-30 23:45:00,21.7
2024-08-31 00:00:00,22.0
2024-08-31 00:15:00,21.7
2024-08-31 00:30:00,21.2
2024-08-31 00:45:00,22.4
2024-08-31 01:00:00,22.2
2024-08-31 01:15:00,22.6
2024-08-31 01:30:00,21.3
2024-08-31 01:45:00,21.4
2024-08-31 02:00:00,20.9
2024-08-31 02:15:00,
2024-08-31 02:30:00,21.3
2024-08-31 02:45:00,23.1
2024-08-31 03:00:00,
2024-08-31 03:15:00,22.3
2024-08-31 03:30:00,22.0
2024-08-31 03:45:00,
2024-08-31 04:00:00,34.8037305612925
2024-08-31 04:15:00,34.603730561292494
2024-08-31 04:30:00,22.6
2024-08-31 04:45:00,22.2
2024-08-31 05:00:00,
2024-08-31 05:15:00,22.7
2024-08-31 05:30:00,23.0
2024-08-31 05:45:00,
2024-08-31 06:00:00,22.1
2024-08-31 06:15:00,22.5
2024-08-31 06:30:00,
2024-08-31 06:45:00,23.2
2024-08-31 07:00:00,
2024-08-31 07:15:00,23.8
2024-08-31 07:30:00,23.3
2024-08-31 07:45:00,24.3
2024-08-31 08:00:00,23.0
2024-08-31 08:15:00,24.56467377786167
2024-08-31 08:30:00,
2024-08-31 08:45:00,
2024-08-31 09:00:00,21.7
2024-08-31 09:15:00,22.6
2024-08-31 09:30:00,23.0
2024-08-31 09:45:00,24.5
2024-08-31 10:00:00,24.2
2024-08-31 10:15:00,
2024-08-31 10:30:00,22.7
2024-08-31 10:45:00,
2024-08-31 11:00:00,22.9
2024-08-31 11:15:00,21.8
2024-08-31 11:30:00,22.4
2024-08-31 11:45:00,21.4
2024-08-31 12:00:00,
2024-08-31 12:15:00,24.0
2024-08-31 12:30:00,
2024-08-31 12:45:00,22.5
2024-08-31 13:00:00,
2024-08-31 13:15:00,24.8
2024-08-31 13:30:00,22.0
2024-08-31 13:45:00,
2024-08-31 14:00:00,23.7
2024-08-31 14:15:00,22.4
2024-08-31 14:30:00,23.5
2024-08-31 14:45:00,21.9
2024-08-31 15:00:00,22.4
2024-08-31 15:15:00,23.1
2024-08-31 15:30:00,22.5
2024-08-31 15:45:00,
2024-08-31 16:00:00,23.4
2024-08-31 16:15:00,22.8
2024-08-31 16:30:00,
2024-08-31 16:45:00,22.7
2024-08-31 17:00:00,23.3
2024-08-31 17:15:00,22.7
2024-08-31 17:30:00,23.8
2024-08-31 17:45:00,
2024-08-31 18:00:00,
2024-08-31 18:15:00,23.1
2024-08-31 18:30:00,22.8
2024-08-31 18:45:00,21.9
2024-08-31 19:00:00,
2024-08-31 19:15:00,
2024-08-31 19:30:00,23.1
2024-08-31 19:45:00,24.6
2024-08-31 20:00:00,23.3
2024-08-31 20:15:00,22.6
2024-08-31 20:30:00,
2024-08-31 20:45:00,23.2
2024-08-31 21:00:00,23.9
2024-08-31 21:15:00,
2024-08-31 21:30:00,24.1
2024-08-31 21:45:00,22.7
2024-08-31 22:00:00,24.3
2024-08-31 22:15:00,
2024-08-31 22:30:00,24.0
2024-08-31 22:45:00,22.9
2024-08-31 23:00:00,22.3
2024-08-31 23:15:00,24.0
2024-08-31 23:30:00,23.3
2024-08-31 23:45:00,23.9
2024-09-01 00:00:00,22.2
2024-09-01 00:15:00,
2024-09-01 00:30:00,22.7
2024-09-01 00:45:00,22.8
2024-09-01 01:00:00,21.5
2024-09-01 01:15:00,22.4
2024-09-01 01:30:00,21.6
2024-09-01 01:45:00,22.0
2024-09-01 02:00:00,23.3
2024-09-01 02:15:00,21.0
2024-09-01 02:30:00,21.7
2024-09-01 02:45:00,24.4
2024-09-01 03:00:00,
2024-09-01 03:15:00,22.9
2024-09-01 03:30:00,21.6
2024-09-01 03:45:00,24.0
2024-09-01 04:00:00,
2024-09-01 04:15:00,23.1
2024-09-01 04:30:00,21.8
2024-09-01 04:45:00,21.2
2024-09-01 05:00:00,22.0
2024-09-01 05:15:00,20.9
2024-09-01 05:30:00,21.3
2024-09-01 05:45:00,23.5
2024-09-01 06:00:00,22.6
2024-09-01 06:15:00,24.0
2024-09-01 06:30:00,22.7
2024-09-01 06:45:00,
2024-09-01 07:00:00,21.3
2024-09-01 07:15:00,
2024-09-01 07:30:00,23.5
2024-09-01 07:45:00,23.5
2024-09-01 08:00:00,21.9
2024-09-01 08:15:00,
2024-09-01 08:30:00,
2024-09-01 08:45:00,
2024-09-01 09:00:00,22.7
2024-09-01 09:15:00,22.0
2024-09-01 09:30:00,22.2
2024-09-01 09:45:00,21.1
2024-09-01 10:00:00,22.8
2024-09-01 10:15:00,22.5
2024-09-01 10:30:00,21.7
2024-09-01 10:45:00,21.8
2024-09-01 11:00:00,23.4
2024-09-01 11:15:00,
2024-09-01 11:30:00,23.5
2024-09-01 11:45:00,21.9
2024-09-01 12:00:00,22.6
2024-09-01 12:15:00,
2024-09-01 12:30:00,22.5
2024-09-01 12:45:00,21.9
2024-09-01 13:00:00,21.1
2024-09-01 13:15:00,21.7
2024-09-01 13:30:00,22.5
2024-09-01 13:45:00,23.2
2024-09-01 14:00:00,21.4
2024-09-01 14:15:00,21.9
2024-09-01 14:30:00,
2024-09-01 14:45:00,21.9
2024-09-01 15:00:00,23.4
2024-09-01 15:15:00,22.7
2024-09-01 15:30:00,24.5
2024-09-01 15:45:00,23.6
2024-09-01 16:00:00,23.5
2024-09-01 16:15:00,
2024-09-01 16:30:00,22.9
2024-09-01 16:45:00,25.0
2024-09-01 17:00:00,23.4
2024-09-01 17:15:00,23.6
2024-09-01 17:30:00,
2024-09-01 17:45:00,24.4
2024-09-01 18:00:00,
2024-09-01 18:15:00,23.7
2024-09-01 18:30:00,24.2
2024-09-01 18:45:00,24.0
2024-09-01 19:00:00,23.3
2024-09-01 19:15:00,
2024-09-01 19:30:00,23.7
2024-09-01 19:45:00,24.3
2024-09-01 20:00:00,25.1
2024-09-01 20:15:00,23.2
2024-09-01 20:30:00,24.6
2024-09-01 20:45:00,24.2
2024-09-01 21:00:00,24.8
2024-09-01 21:15:00,23.2
2024-09-01 21:30:00,24.3
2024-09-01 21:45:00,22.8
2024-09-01 22:00:00,23.7
2024-09-01 22:15:00,24.6
2024-09-01 22:30:00,
2024-09-01 22:45:00,23.5
2024-09-01 23:00:00,22.8
2024-09-01 23:15:00,
2024-09-01 23:30:00,23.6
2024-09-01 23:45:00,23.8
2024-09-02 00:00:00,22.0
2024-09-02 00:15:00,22.0
2024-09-02 00:30:00,
2024-09-02 00:45:00,
2024-09-02 01:00:00,
2024-09-02 01:15:00,22.5
2024-09-02 01:30:00,22.9
2024-09-02 01:45:00,21.3
2024-09-02 02:00:00,22.0
2024-09-02 02:15:00,23.2
2024-09-02 02:30:00,26.92398913797026
2024-09-02 02:45:00,26.32398913797026
2024-09-02 03:00:00,23.2
2024-09-02 03:15:00,
2024-09-02 03:30:00,21.9
2024-09-02 03:45:00,22.1
2024-09-02 04:00:00,
2024-09-02 04:15:00,
2024-09-02 04:30:00,
2024-09-02 04:45:00,22.0
2024-09-02 05:00:00,22.2
2024-09-02 05:15:00,22.4
2024-09-02 05:30:00,21.9
2024-09-02 05:45:00,21.3
2024-09-02 06:00:00,22.6
2024-09-02 06:15:00,
2024-09-02 06:30:00,
2024-09-02 06:45:00,21.9
2024-09-02 07:00:00,
2024-09-02 07:15:00,
2024-09-02 07:30:00,22.4
2024-09-02 07:45:00,22.3
2024-09-02 08:00:00,22.7
2024-09-02 08:15:00,
2024-09-02 08:30:00,
2024-09-02 08:45:00,23.2
2024-09-02 09:00:00,23.8
2024-09-02 09:15:00,23.4
2024-09-02 09:30:00,22.0
2024-09-02 09:45:00,
2024-09-02 10:00:00,22.9
2024-09-02 10:15:00,22.2
2024-09-02 10:30:00,
2024-09-02 10:45:00,23.1
2024-09-02 11:00:00,24.0
2024-09-02 11:15:00,
2024-09-02 11:30:00,24.0
2024-09-02 11:45:00,
2024-09-02 12:00:00,24.0
2024-09-02 12:15:00,
2024-09-02 12:30:00,24.0
2024-09-02 12:45:00,24.0
2024-09-02 13:00:00,24.0
2024-09-02 13:15:00,24.0
2024-09-02 13:30:00,
2024-09-02 13:45:00,
2024-09-02 14:00:00,24.0
2024-09-02 14:15:00,24.0
2024-09-02 14:30:00,24.0
2024-09-02 14:45:00,24.0
2024-09-02 15:00:00,
2024-09-02 15:15:00,
2024-09-02 15:30:00,24.0
2024-09-02 15:45:00,24.0
2024-09-02 16:00:00,24.0
2024-09-02 16:15:00,24.0
2024-09-02 16:30:00,24.0
2024-09-02 16:45:00,24.0
2024-09-02 17:00:00,
2024-09-02 17:15:00,
2024-09-02 17:30:00,24.0
2024-09-02 17:45:00,24.0
2024-09-02 18:00:00,24.0
2024-09-02 18:15:00,24.0
2024-09-02 18:30:00,24.0
2024-09-02 18:45:00,24.0
2024-09-02 19:00:00,24.0
2024-09-02 19:15:00,24.0
2024-09-02 19:30:00,24.0
2024-09-02 19:45:00,24.0
2024-09-02 20:00:00,24.0
2024-09-02 20:15:00,24.0
2024-09-02 20:30:00,
2024-09-02 20:45:00,24.0
2024-09-02 21:00:00,24.0
2024-09-02 21:15:00,
2024-09-02 21:30:00,24.0
2024-09-02 21:45:00,21.7
2024-09-02 22:00:00,
2024-09-02 22:15:00,24.6
2024-09-02 22:30:00,24.8
2024-09-02 22:45:00,23.6
2024-09-02 23:00:00,23.6
2024-09-02 23:15:00,25.0
2024-09-02 23:30:00,
2024-09-02 23:45:00,22.1
2024-09-03 00:00:00,22.0
2024-09-03 00:15:00,
2024-09-03 00:30:00,24.6
2024-09-03 00:45:00,23.7
2024-09-03 01:00:00,23.4
2024-09-03 01:15:00,23.0
2024-09-03 01:30:00,
2024-09-03 01:45:00,
2024-09-03 02:00:00,24.4
2024-09-03 02:15:00,22.8
2024-09-03 02:30:00,25.2
2024-09-03 02:45:00,
2024-09-03 03:00:00,
2024-09-03 03:15:00,25.5
2024-09-03 03:30:00,
2024-09-03 03:45:00,24.1
2024-09-03 04:00:00,24.0
2024-09-03 04:15:00,24.1
2024-09-03 04:30:00,24.4
2024-09-03 04:45:00,25.2
2024-09-03 05:00:00,
2024-09-03 05:15:00,24.7
2024-09-03 05:30:00,23.8
2024-09-03 05:45:00,25.4
2024-09-03 06:00:00,23.5
2024-09-03 06:15:00,25.4
2024-09-03 06:30:00,23.9
2024-09-03 06:45:00,26.4
2024-09-03 07:00:00,
2024-09-03 07:15:00,25.7
2024-09-03 07:30:00,26.4
2024-09-03 07:45:00,26.9
2024-09-03 08:00:00,
2024-09-03 08:15:00,
2024-09-03 08:30:00,24.5
2024-09-03 08:45:00,25.9
2024-09-03 09:00:00,
2024-09-03 09:15:00,24.9
2024-09-03 09:30:00,24.6
2024-09-03 09:45:00,24.5
2024-09-03 10:00:00,24.6
2024-09-03 10:15:00,
2024-09-03 10:30:00,26.0
2024-09-03 10:45:00,23.9
2024-09-03 11:00:00,24.3
2024-09-03 11:15:00,
2024-09-03 11:30:00,24.9
2024-09-03 11:45:00,23.5
2024-09-03 12:00:00,25.5
2024-09-03 12:15:00,25.4
2024-09-03 12:30:00,
2024-09-03 12:45:00,
2024-09-03 13:00:00,23.2
2024-09-03 13:15:00,23.1
2024-09-03 13:30:00,22.8
2024-09-03 13:45:00,
2024-09-03 14:00:00,24.5
2024-09-03 14:15:00,17.028206256920015
2024-09-03 14:30:00,
2024-09-03 14:45:00,24.3
2024-09-03 15:00:00,24.9
2024-09-03 15:15:00,24.2
2024-09-03 15:30:00,24.9
2024-09-03 15:45:00,
2024-09-03 16:00:00,24.4
2024-09-03 16:15:00,24.4
2024-09-03 16:30:00,24.2
2024-09-03 16:45:00,
2024-09-03 17:00:00,25.6
2024-09-03 17:15:00,25.1
2024-09-03 17:30:00,24.7
2024-09-03 17:45:00,24.5
2024-09-03 18:00:00,24.8
2024-09-03 18:15:00,23.9
2024-09-03 18:30:00,
2024-09-03 18:45:00,23.2
2024-09-03 19:00:00,26.1
2024-09-03 19:15:00,
2024-09-03 19:30:00,25.0
2024-09-03 19:45:00,26.2
2024-09-03 20:00:00,25.7
2024-09-03 20:15:00,23.4
2024-09-03 20:30:00,
2024-09-03 20:45:00,24.9
2024-09-03 21:00:00,25.1
2024-09-03 21:15:00,
2024-09-03 21:30:00,26.7
2024-09-03 21:45:00,24.5
2024-09-03 22:00:00,25.5
2024-09-03 22:15:00,
2024-09-03 22:30:00,27.3
2024-09-03 22:45:00,26.0
2024-09-03 23:00:00,22.8
2024-09-03 23:15:00,23.1
2024-09-03 23:30:00,22.7
2024-09-03 23:45:00,22.9
2024-09-04 00:00:00,26.4
2024-09-04 00:15:00,
2024-09-04 00:30:00,26.5
2024-09-04 00:45:00,25.2
2024-09-04 01:00:00,
2024-09-04 01:15:00,
2024-09-04 01:30:00,24.6
2024-09-04 01:45:00,24.1
2024-09-04 02:00:00,23.8
2024-09-04 02:15:00,24.5
2024-09-04 02:30:00,24.8
2024-09-04 02:45:00,25.2
2024-09-04 03:00:00,25.0
2024-09-04 03:15:00,25.3
2024-09-04 03:30:00,27.4
2024-09-04 03:45:00,
2024-09-04 04:00:00,24.7
2024-09-04 04:15:00,
2024-09-04 04:30:00,25.5
2024-09-04 04:45:00,25.9
2024-09-04 05:00:00,26.8
2024-09-04 05:15:00,27.3
2024-09-04 05:30:00,
2024-09-04 05:45:00,25.8
2024-09-04 06:00:00,24.9
2024-09-04 06:15:00,
2024-09-04 06:30:00,26.1
2024-09-04 06:45:00,25.0
2024-09-04 07:00:00,25.3
2024-09-04 07:15:00,26.2
2024-09-04 07:30:00,25.0
2024-09-04 07:45:00,24.1
2024-09-04 08:00:00,
2024-09-04 08:15:00,24.7
2024-09-04 08:30:00,25.7
2024-09-04 08:45:00,26.0
2024-09-04 09:00:00,
2024-09-04 09:15:00,27.1
2024-09-04 09:30:00,25.7
2024-09-04 09:45:00,26.4
2024-09-04 10:00:00,25.9
2024-09-04 10:15:00,26.2
2024-09-04 10:30:00,26.8
2024-09-04 10:45:00,24.9
2024-09-04 11:00:00,
2024-09-04 11:15:00,25.0
2024-09-04 11:30:00,27.1
2024-09-04 11:45:00,
2024-09-04 12:00:00,
2024-09-04 12:15:00,26.7
2024-09-04 12:30:00,
2024-09-04 12:45:00,25.1
2024-09-04 13:00:00,27.2
2024-09-04 13:15:00,
2024-09-04 13:30:00,26.7
2024-09-04 13:45:00,26.2
2024-09-04 14:00:00,26.5
2024-09-04 14:15:00,
2024-09-04 14:30:00,25.2
2024-09-04 14:45:00,24.6
2024-09-04 15:00:00,25.5
2024-09-04 15:15:00,25.7
2024-09-04 15:30:00,
2024-09-04 15:45:00,
2024-09-04 16:00:00,
2024-09-04 16:15:00,25.5
2024-09-04 16:30:00,24.0
2024-09-04 16:45:00,24.2
2024-09-04 17:00:00,26.5
2024-09-04 17:15:00,23.1
2024-09-04 17:30:00,23.5
2024-09-04 17:45:00,25.5
2024-09-04 18:00:00,23.9
2024-09-04 18:15:00,
2024-09-04 18:30:00,27.0
2024-09-04 18:45:00,23.7
2024-09-04 19:00:00,26.2
2024-09-04 19:15:00,30.230201018503802
2024-09-04 19:30:00,35.0302010185038
2024-09-04 19:45:00,25.8
2024-09-04 20:00:00,26.6
2024-09-04 20:15:00,28.4
2024-09-04 20:30:00,
2024-09-04 20:45:00,24.6
2024-09-04 21:00:00,24.1
2024-09-04 21:15:00,24.3
2024-09-04 21:30:00,24.4
2024-09-04 21:45:00,28.1
2024-09-04 22:00:00,25.8
2024-09-04 22:15:00,24.5
2024-09-04 22:30:00,23.6
2024-09-04 22:45:00,25.9
2024-09-04 23:00:00,24.9
2024-09-04 23:15:00,25.8
2024-09-04 23:30:00,27.3
2024-09-04 23:45:00,25.7
2024-09-05 00:00:00,24.0
2024-09-05 00:15:00,25.2
2024-09-05 00:30:00,25.6
2024-09-05 00:45:00,25.0
2024-09-05 01:00:00,24.2
2024-09-05 01:15:00,24.6
2024-09-05 01:30:00,26.8
2024-09-05 01:45:00,24.2
2024-09-05 02:00:00,25.9
2024-09-05 02:15:00,
2024-09-05 02:30:00,24.3
2024-09-05 02:45:00,24.1
2024-09-05 03:00:00,
2024-09-05 03:15:00,25.8
2024-09-05 03:30:00,23.5
2024-09-05 03:45:00,35.2971265809357
2024-09-05 04:00:00,25.6
2024-09-05 04:15:00,
2024-09-05 04:30:00,27.6
2024-09-05 04:45:00,25.2
2024-09-05 05:00:00,23.3
2024-09-05 05:15:00,25.6
2024-09-05 05:30:00,25.2
2024-09-05 05:45:00,24.0
2024-09-05 06:00:00,26.6
2024-09-05 06:15:00,27.112431550145207
2024-09-05 06:30:00,26.0
2024-09-05 06:45:00,
2024-09-05 07:00:00,24.3
2024-09-05 07:15:00,26.8
2024-09-05 07:30:00,26.0
2024-09-05 07:45:00,23.7
2024-09-05 08:00:00,23.6
2024-09-05 08:15:00,24.2
2024-09-05 08:30:00,26.8
2024-09-05 08:45:00,26.8
2024-09-05 09:00:00,26.8
2024-09-05 09:15:00,26.8
2024-09-05 09:30:00,
2024-09-05 09:45:00,26.8
2024-09-05 10:00:00,26.8
2024-09-05 10:15:00,26.8
2024-09-05 10:30:00,26.8
2024-09-05 10:45:00,26.8
2024-09-05 11:00:00,26.8
2024-09-05 11:15:00,26.8
2024-09-05 11:30:00,
2024-09-05 11:45:00,26.8
2024-09-05 12:00:00,26.8
2024-09-05 12:15:00,26.8
2024-09-05 12:30:00,
2024-09-05 12:45:00,26.8
2024-09-05 13:00:00,26.8
2024-09-05 13:15:00,26.8
2024-09-05 13:30:00,26.8
2024-09-05 13:45:00,26.8
2024-09-05 14:00:00,26.8
2024-09-05 14:15:00,26.8
2024-09-05 14:30:00,26.8
2024-09-05 14:45:00,26.8
2024-09-05 15:00:00,
2024-09-05 15:15:00,26.8
2024-09-05 15:30:00,26.8
2024-09-05 15:45:00,
2024-09-05 16:00:00,
2024-09-05 16:15:00,26.8
2024-09-05 16:30:00,26.8
2024-09-05 16:45:00,26.8
2024-09-05 17:00:00,26.8
2024-09-05 17:15:00,
2024-09-05 17:30:00,26.8
2024-09-05 17:45:00,
2024-09-05 18:00:00,26.8
2024-09-05 18:15:00,26.8
2024-09-05 18:30:00,26.8
2024-09-05 18:45:00,26.8
2024-09-05 19:00:00,26.8
2024-09-05 19:15:00,26.8
2024-09-05 19:30:00,
2024-09-05 19:45:00,26.8
2024-09-05 20:00:00,24.8
2024-09-05 20:15:00,25.4
2024-09-05 20:30:00,
2024-09-05 20:45:00,25.1
2024-09-05 21:00:00,24.8
2024-09-05 21:15:00,25.2
2024-09-05 21:30:00,26.0
2024-09-05 21:45:00,25.6
2024-09-05 22:00:00,25.4
2024-09-05 22:15:00,25.3
2024-09-05 22:30:00,25.8
2024-09-05 22:45:00,29.157169617752132
2024-09-05 23:00:00,28.057169617752134
2024-09-05 23:15:00,28.257169617752133
2024-09-05 23:30:00,25.9
2024-09-05 23:45:00,26.2
2024-09-06 00:00:00,24.0
2024-09-06 00:15:00,24.8
2024-09-06 00:30:00,26.1
2024-09-06 00:45:00,23.8
2024-09-06 01:00:00,
2024-09-06 01:15:00,25.2
2024-09-06 01:30:00,42.21579981488135
2024-09-06 01:45:00,41.415799814881346
2024-09-06 02:00:00,40.61579981488135
2024-09-06 02:15:00,24.5
2024-09-06 02:30:00,
2024-09-06 02:45:00,
2024-09-06 03:00:00,25.5
2024-09-06 03:15:00,24.9
2024-09-06 03:30:00,25.5
2024-09-06 03:45:00,25.7
2024-09-06 04:00:00,
2024-09-06 04:15:00,26.5
2024-09-06 04:30:00,
2024-09-06 04:45:00,26.2
2024-09-06 05:00:00,25.4
2024-09-06 05:15:00,
2024-09-06 05:30:00,26.9
2024-09-06 05:45:00,26.4
2024-09-06 06:00:00,24.2
2024-09-06 06:15:00,
2024-09-06 06:30:00,24.8
2024-09-06 06:45:00,25.7
2024-09-06 07:00:00,27.8
2024-09-06 07:15:00,26.2
2024-09-06 07:30:00,
2024-09-06 07:45:00,26.8
2024-09-06 08:00:00,25.8
2024-09-06 08:15:00,26.6
2024-09-06 08:30:00,
2024-09-06 08:45:00,27.4
2024-09-06 09:00:00,25.8
2024-09-06 09:15:00,25.5
2024-09-06 09:30:00,26.3
2024-09-06 09:45:00,25.6
2024-09-06 10:00:00,25.6
2024-09-06 10:15:00,25.6
2024-09-06 10:30:00,26.7
2024-09-06 10:45:00,26.1
2024-09-06 11:00:00,27.3
2024-09-06 11:15:00,24.5
2024-09-06 11:30:00,25.6
2024-09-06 11:45:00,25.1
2024-09-06 12:00:00,25.0
2024-09-06 12:15:00,
2024-09-06 12:30:00,25.7
2024-09-06 12:45:00,
2024-09-06 13:00:00,25.6
2024-09-06 13:15:00,25.2
2024-09-06 13:30:00,26.9
2024-09-06 13:45:00,27.7
2024-09-06 14:00:00,25.5
2024-09-06 14:15:00,26.7
2024-09-06 14:30:00,25.7
2024-09-06 14:45:00,26.2
2024-09-06 15:00:00,26.5
2024-09-06 15:15:00,25.8
2024-09-06 15:30:00,26.3
2024-09-06 15:45:00,27.8
2024-09-06 16:00:00,34.92459763921545
2024-09-06 16:15:00,34.92459763921545
2024-09-06 16:30:00,27.3
2024-09-06 16:45:00,25.9
2024-09-06 17:00:00,
2024-09-06 17:15:00,25.2
2024-09-06 17:30:00,28.5
2024-09-06 17:45:00,24.9
2024-09-06 18:00:00,27.5
2024-09-06 18:15:00,28.2
2024-09-06 18:30:00,
2024-09-06 18:45:00,27.1
2024-09-06 19:00:00,
2024-09-06 19:15:00,
2024-09-06 19:30:00,26.5
2024-09-06 19:45:00,26.2
2024-09-06 20:00:00,28.5
2024-09-06 20:15:00,27.0
2024-09-06 20:30:00,
2024-09-06 20:45:00,26.8
2024-09-06 21:00:00,28.1
2024-09-06 21:15:00,28.5
2024-09-06 21:30:00,25.8
2024-09-06 21:45:00,26.5
2024-09-06 22:00:00,26.4
2024-09-06 22:15:00,
2024-09-06 22:30:00,28.0
2024-09-06 22:45:00,
2024-09-06 23:00:00,26.0
2024-09-06 23:15:00,
2024-09-06 23:30:00,26.2
2024-09-06 23:45:00,
2024-09-07 00:00:00,25.5
2024-09-07 00:15:00,
2024-09-07 00:30:00,27.8
2024-09-07 00:45:00,28.3
2024-09-07 01:00:00,25.7
2024-09-07 01:15:00,26.4
2024-09-07 01:30:00,
2024-09-07 01:45:00,
2024-09-07 02:00:00,
2024-09-07 02:15:00,
2024-09-07 02:30:00,25.1
2024-09-07 02:45:00,25.5
2024-09-07 03:00:00,24.7
2024-09-07 03:15:00,25.4
2024-09-07 03:30:00,25.6
2024-09-07 03:45:00,26.5
2024-09-07 04:00:00,27.2
2024-09-07 04:15:00,
2024-09-07 04:30:00,26.6
2024-09-07 04:45:00,26.3
2024-09-07 05:00:00,27.1
2024-09-07 05:15:00,26.3
2024-09-07 05:30:00,27.0
2024-09-07 05:45:00,25.4
2024-09-07 06:00:00,
2024-09-07 06:15:00,26.1
2024-09-07 06:30:00,
2024-09-07 06:45:00,25.2
2024-09-07 07:00:00,27.0
2024-09-07 07:15:00,
2024-09-07 07:30:00,27.0
2024-09-07 07:45:00,26.2
2024-09-07 08:00:00,26.2
2024-09-07 08:15:00,24.7
2024-09-07 08:30:00,
2024-09-07 08:45:00,26.7
2024-09-07 09:00:00,
2024-09-07 09:15:00,26.2
2024-09-07 09:30:00,26.8
2024-09-07 09:45:00,25.0
2024-09-07 10:00:00,26.0
2024-09-07 10:15:00,26.6
2024-09-07 10:30:00,
2024-09-07 10:45:00,26.3
2024-09-07 11:00:00,
2024-09-07 11:15:00,24.9
2024-09-07 11:30:00,
2024-09-07 11:45:00,25.3
2024-09-07 12:00:00,26.4
2024-09-07 12:15:00,26.0
2024-09-07 12:30:00,26.9
2024-09-07 12:45:00,
2024-09-07 13:00:00,27.5
2024-09-07 13:15:00,25.0
2024-09-07 13:30:00,
2024-09-07 13:45:00,26.9
2024-09-07 14:00:00,26.6
2024-09-07 14:15:00,26.5
2024-09-07 14:30:00,
2024-09-07 14:45:00,27.2
2024-09-07 15:00:00,28.4
2024-09-07 15:15:00,27.7
2024-09-07 15:30:00,27.2
2024-09-07 15:45:00,26.7
2024-09-07 16:00:00,25.5
2024-09-07 16:15:00,26.2
2024-09-07 16:30:00,26.8
2024-09-07 16:45:00,26.6
2024-09-07 17:00:00,
2024-09-07 17:15:00,24.8
2024-09-07 17:30:00,
2024-09-07 17:45:00,26.7
2024-09-07 18:00:00,27.4
2024-09-07 18:15:00,
2024-09-07 18:30:00,25.5
2024-09-07 18:45:00,27.1
2024-09-07 19:00:00,26.9
2024-09-07 19:15:00,28.3
2024-09-07 19:30:00,27.0
2024-09-07 19:45:00,25.4
2024-09-07 20:00:00,26.5
2024-09-07 20:15:00,27.8
2024-09-07 20:30:00,27.7
2024-09-07 20:45:00,26.7
2024-09-07 21:00:00,
2024-09-07 21:15:00,27.1
2024-09-07 21:30:00,
2024-09-07 21:45:00,26.7
2024-09-07 22:00:00,27.9
2024-09-07 22:15:00,26.7
2024-09-07 22:30:00,26.0
2024-09-07 22:45:00,26.0
2024-09-07 23:00:00,26.9
2024-09-07 23:15:00,
2024-09-07 23:30:00,25.5
2024-09-07 23:45:00,
2024-09-08 00:00:00,29.1
2024-09-08 00:15:00,26.6
2024-09-08 00:30:00,
2024-09-08 00:45:00,26.7
2024-09-08 01:00:00,27.3
2024-09-08 01:15:00,
2024-09-08 01:30:00,27.5
2024-09-08 01:45:00,
2024-09-08 02:00:00,26.0
2024-09-08 02:15:00,
2024-09-08 02:30:00,26.6
2024-09-08 02:45:00,28.6
2024-09-08 03:00:00,
2024-09-08 03:15:00,28.5
2024-09-08 03:30:00,26.7
2024-09-08 03:45:00,27.7
2024-09-08 04:00:00,27.8
2024-09-08 04:15:00,25.6
2024-09-08 04:30:00,26.2
2024-09-08 04:45:00,26.4
2024-09-08 05:00:00,26.3
2024-09-08 05:15:00,25.6
2024-09-08 05:30:00,28.6
2024-09-08 05:45:00,27.8
2024-09-08 06:00:00,25.7
2024-09-08 06:15:00,26.6
2024-09-08 06:30:00,
2024-09-08 06:45:00,24.9
2024-09-08 07:00:00,24.8
2024-09-08 07:15:00,
2024-09-08 07:30:00,26.0
2024-09-08 07:45:00,27.2
2024-09-08 08:00:00,37.793353346999936
2024-09-08 08:15:00,38.89335334699994
2024-09-08 08:30:00,40.193353346999935
2024-09-08 08:45:00,
2024-09-08 09:00:00,25.1
2024-09-08 09:15:00,26.4
2024-09-08 09:30:00,
2024-09-08 09:45:00,27.6
2024-09-08 10:00:00,25.1
2024-09-08 10:15:00,26.6
2024-09-08 10:30:00,26.5
2024-09-08 10:45:00,27.0
2024-09-08 11:00:00,25.2
2024-09-08 11:15:00,25.7
2024-09-08 11:30:00,26.4
2024-09-08 11:45:00,
2024-09-08 12:00:00,30.761446456070537
2024-09-08 12:15:00,
2024-09-08 12:30:00,30.261446456070537
2024-09-08 12:45:00,29.961446456070536
2024-09-08 13:00:00,
2024-09-08 13:15:00,29.36144645607054
2024-09-08 13:30:00,
2024-09-08 13:45:00,
2024-09-08 14:00:00,29.761446456070537
2024-09-08 14:15:00,29.661446456070536
2024-09-08 14:30:00,28.961446456070536
2024-09-08 14:45:00,29.761446456070537
2024-09-08 15:00:00,
2024-09-08 15:15:00,30.561446456070538
2024-09-08 15:30:00,29.961446456070536
2024-09-08 15:45:00,28.86144645607054
2024-09-08 16:00:00,31.061446456070538
2024-09-08 16:15:00,
2024-09-08 16:30:00,28.761446456070537
2024-09-08 16:45:00,30.161446456070536
2024-09-08 17:00:00,
2024-09-08 17:15:00,28.461446456070536
2024-09-08 17:30:00,
2024-09-08 17:45:00,
2024-09-08 18:00:00,30.961446456070536
2024-09-08 18:15:00,
2024-09-08 18:30:00,30.86144645607054
2024-09-08 18:45:00,29.86144645607054
2024-09-08 19:00:00,
2024-09-08 19:15:00,26.2
2024-09-08 19:30:00,24.9
2024-09-08 19:45:00,25.9
2024-09-08 20:00:00,27.1
2024-09-08 20:15:00,25.1
2024-09-08 20:30:00,25.2
2024-09-08 20:45:00,26.6
2024-09-08 21:00:00,26.6
2024-09-08 21:15:00,26.8
2024-09-08 21:30:00,26.6
2024-09-08 21:45:00,26.8
2024-09-08 22:00:00,26.6
2024-09-08 22:15:00,24.8
2024-09-08 22:30:00,
2024-09-08 22:45:00,26.2
2024-09-08 23:00:00,26.0
2024-09-08 23:15:00,26.6
2024-09-08 23:30:00,26.6
2024-09-08 23:45:00,
2024-09-09 00:00:00,27.7
2024-09-09 00:15:00,25.7
2024-09-09 00:30:00,26.8
2024-09-09 00:45:00,26.9
2024-09-09 01:00:00,25.9
2024-09-09 01:15:00,
2024-09-09 01:30:00,26.6
2024-09-09 01:45:00,26.2
2024-09-09 02:00:00,
2024-09-09 02:15:00,
2024-09-09 02:30:00,
2024-09-09 02:45:00,24.6
2024-09-09 03:00:00,
2024-09-09 03:15:00,26.8
2024-09-09 03:30:00,
2024-09-09 03:45:00,24.9
2024-09-09 04:00:00,26.1
2024-09-09 04:15:00,26.0
2024-09-09 04:30:00,25.9
2024-09-09 04:45:00,
2024-09-09 05:00:00,25.5
2024-09-09 05:15:00,26.4
2024-09-09 05:30:00,26.4
2024-09-09 05:45:00,
2024-09-09 06:00:00,26.1
2024-09-09 06:15:00,
2024-09-09 06:30:00,26.0
2024-09-09 06:45:00,24.6
2024-09-09 07:00:00,25.8
2024-09-09 07:15:00,25.5
2024-09-09 07:30:00,26.7
2024-09-09 07:45:00,24.7
2024-09-09 08:00:00,25.4
2024-09-09 08:15:00,25.8
2024-09-09 08:30:00,26.0
2024-09-09 08:45:00,
2024-09-09 09:00:00,26.1
2024-09-09 09:15:00,
2024-09-09 09:30:00,
2024-09-09 09:45:00,24.7
2024-09-09 10:00:00,
2024-09-09 10:15:00,26.1
2024-09-09 10:30:00,
2024-09-09 10:45:00,
2024-09-09 11:00:00,24.6
2024-09-09 11:15:00,26.4
2024-09-09 11:30:00,26.9
2024-09-09 11:45:00,25.9
2024-09-09 12:00:00,
2024-09-09 12:15:00,27.0
2024-09-09 12:30:00,
2024-09-09 12:45:00,
2024-09-09 13:00:00,26.5
2024-09-09 13:15:00,25.8
2024-09-09 13:30:00,25.4
2024-09-09 13:45:00,
2024-09-09 14:00:00,
2024-09-09 14:15:00,
2024-09-09 14:30:00,
2024-09-09 14:45:00,
2024-09-09 15:00:00,24.7
2024-09-09 15:15:00,
2024-09-09 15:30:00,26.3
2024-09-09 15:45:00,24.5
2024-09-09 16:00:00,26.6
2024-09-09 16:15:00,24.744812421596887
2024-09-09 16:30:00,26.4
2024-09-09 16:45:00,25.6
2024-09-09 17:00:00,
2024-09-09 17:15:00,26.4
2024-09-09 17:30:00,
2024-09-09 17:45:00,
2024-09-09 18:00:00,
2024-09-09 18:15:00,25.2
2024-09-09 18:30:00,
2024-09-09 18:45:00,26.4
2024-09-09 19:00:00,
2024-09-09 19:15:00,
2024-09-09 19:30:00,24.5
2024-09-09 19:45:00,
2024-09-09 20:00:00,26.4
2024-09-09 20:15:00,27.4
2024-09-09 20:30:00,
2024-09-09 20:45:00,24.3
2024-09-09 21:00:00,24.4
2024-09-09 21:15:00,25.6
2024-09-09 21:30:00,24.3
2024-09-09 21:45:00,25.8
2024-09-09 22:00:00,26.9
2024-09-09 22:15:00,
2024-09-09 22:30:00,
2024-09-09 22:45:00,26.2
2024-09-09 23:00:00,26.0
2024-09-09 23:15:00,24.7
2024-09-09 23:30:00,26.7
2024-09-09 23:45:00,
2024-09-10 00:00:00,26.3
2024-09-10 00:15:00,
2024-09-10 00:30:00,26.8
2024-09-10 00:45:00,26.4
2024-09-10 01:00:00,
2024-09-10 01:15:00,
2024-09-10 01:30:00,24.7
2024-09-10 01:45:00,
2024-09-10 02:00:00,
2024-09-10 02:15:00,24.3
2024-09-10 02:30:00,
2024-09-10 02:45:00,26.9
2024-09-10 03:00:00,24.4
2024-09-10 03:15:00,25.3
2024-09-10 03:30:00,
2024-09-10 03:45:00,25.5
2024-09-10 04:00:00,26.3
2024-09-10 04:15:00,25.9
2024-09-10 04:30:00,
2024-09-10 04:45:00,27.1
2024-09-10 05:00:00,
2024-09-10 05:15:00,26.0
2024-09-10 05:30:00,25.4
2024-09-10 05:45:00,26.2
2024-09-10 06:00:00,26.8
2024-09-10 06:15:00,
2024-09-10 06:30:00,
2024-09-10 06:45:00,24.4
2024-09-10 07:00:00,26.9
2024-09-10 07:15:00,26.1
2024-09-10 07:30:00,24.3
2024-09-10 07:45:00,
2024-09-10 08:00:00,26.3
2024-09-10 08:15:00,25.1
2024-09-10 08:30:00,25.0
2024-09-10 08:45:00,25.8
2024-09-10 09:00:00,
2024-09-10 09:15:00,24.8
2024-09-10 09:30:00,
2024-09-10 09:45:00,25.2
2024-09-10 10:00:00,38.91380339381335
2024-09-10 10:15:00,25.2
2024-09-10 10:30:00,
2024-09-10 10:45:00,
2024-09-10 11:00:00,25.8
2024-09-10 11:15:00,26.7
2024-09-10 11:30:00,24.4
2024-09-10 11:45:00,34.55104033378352
2024-09-10 12:00:00,34.65104033378351
2024-09-10 12:15:00,33.75104033378352
2024-09-10 12:30:00,25.7
2024-09-10 12:45:00,24.8
2024-09-10 13:00:00,
2024-09-10 13:15:00,25.6
2024-09-10 13:30:00,26.1
2024-09-10 13:45:00,25.3
2024-09-10 14:00:00,24.8
2024-09-10 14:15:00,25.0
2024-09-10 14:30:00,25.3
2024-09-10 14:45:00,26.3
2024-09-10 15:00:00,26.5
2024-09-10 15:15:00,27.2
2024-09-10 15:30:00,
2024-09-10 15:45:00,25.7
2024-09-10 16:00:00,
2024-09-10 16:15:00,27.1
2024-09-10 16:30:00,
2024-09-10 16:45:00,26.7
2024-09-10 17:00:00,26.7
2024-09-10 17:15:00,27.4
2024-09-10 17:30:00,
2024-09-10 17:45:00,
2024-09-10 18:00:00,
2024-09-10 18:15:00,28.4
2024-09-10 18:30:00,
2024-09-10 18:45:00,26.7
2024-09-10 19:00:00,
2024-09-10 19:15:00,
2024-09-10 19:30:00,
2024-09-10 19:45:00,27.1
2024-09-10 20:00:00,26.4
2024-09-10 20:15:00,28.3
2024-09-10 20:30:00,27.0
2024-09-10 20:45:00,
2024-09-10 21:00:00,
2024-09-10 21:15:00,28.7
2024-09-10 21:30:00,29.1
2024-09-10 21:45:00,27.4
2024-09-10 22:00:00,
2024-09-10 22:15:00,
2024-09-10 22:30:00,29.0
2024-09-10 22:45:00,29.3
2024-09-10 23:00:00,
2024-09-10 23:15:00,
2024-09-10 23:30:00,27.8
2024-09-10 23:45:00,29.2
2024-09-11 00:00:00,28.2
2024-09-11 00:15:00,28.0
2024-09-11 00:30:00,
2024-09-11 00:45:00,29.9
2024-09-11 01:00:00,29.9
2024-09-11 01:15:00,
2024-09-11 01:30:00,26.9
2024-09-11 01:45:00,28.9
2024-09-11 02:00:00,27.4
2024-09-11 02:15:00,27.5
2024-09-11 02:30:00,27.5
2024-09-11 02:45:00,27.5
2024-09-11 03:00:00,27.5
2024-09-11 03:15:00,27.5
2024-09-11 03:30:00,
2024-09-11 03:45:00,27.5
2024-09-11 04:00:00,27.5
2024-09-11 04:15:00,27.5
2024-09-11 04:30:00,
2024-09-11 04:45:00,
2024-09-11 05:00:00,27.5
2024-09-11 05:15:00,27.5
2024-09-11 05:30:00,27.5
2024-09-11 05:45:00,27.5
2024-09-11 06:00:00,27.5
2024-09-11 06:15:00,
2024-09-11 06:30:00,27.5
2024-09-11 06:45:00,27.5
2024-09-11 07:00:00,27.5
2024-09-11 07:15:00,27.5
2024-09-11 07:30:00,27.5
2024-09-11 07:45:00,27.5
2024-09-11 08:00:00,
2024-09-11 08:15:00,27.5
2024-09-11 08:30:00,27.5
2024-09-11 08:45:00,27.5
2024-09-11 09:00:00,
2024-09-11 09:15:00,27.5
2024-09-11 09:30:00,
2024-09-11 09:45:00,27.1
2024-09-11 10:00:00,
2024-09-11 10:15:00,
2024-09-11 10:30:00,26.1
2024-09-11 10:45:00,25.8
2024-09-11 11:00:00,27.4
2024-09-11 11:15:00,
2024-09-11 11:30:00,27.9
2024-09-11 11:45:00,25.8
2024-09-11 12:00:00,
2024-09-11 12:15:00,37.77928010522761
2024-09-11 12:30:00,
2024-09-11 12:45:00,
2024-09-11 13:00:00,26.9
2024-09-11 13:15:00,27.8
2024-09-11 13:30:00,27.0
2024-09-11 13:45:00,27.4
2024-09-11 14:00:00,
2024-09-11 14:15:00,26.4
2024-09-11 14:30:00,26.5
2024-09-11 14:45:00,26.8
2024-09-11 15:00:00,25.7
2024-09-11 15:15:00,26.5
2024-09-11 15:30:00,27.9
2024-09-11 15:45:00,
2024-09-11 16:00:00,27.3
2024-09-11 16:15:00,
2024-09-11 16:30:00,27.9
2024-09-11 16:45:00,27.3
2024-09-11 17:00:00,25.4
2024-09-11 17:15:00,
2024-09-11 17:30:00,26.3
2024-09-11 17:45:00,
2024-09-11 18:00:00,27.1
2024-09-11 18:15:00,
2024-09-11 18:30:00,25.8
2024-09-11 18:45:00,27.2
2024-09-11 19:00:00,27.0
2024-09-11 19:15:00,
2024-09-11 19:30:00,
2024-09-11 19:45:00,27.0
2024-09-11 20:00:00,25.4
2024-09-11 20:15:00,27.2
2024-09-11 20:30:00,27.9
2024-09-11 20:45:00,
2024-09-11 21:00:00,26.8
2024-09-11 21:15:00,
2024-09-11 21:30:00,
2024-09-11 21:45:00,27.2
2024-09-11 22:00:00,
2024-09-11 22:15:00,
2024-09-11 22:30:00,26.4
2024-09-11 22:45:00,27.6
2024-09-11 23:00:00,25.9
2024-09-11 23:15:00,
2024-09-11 23:30:00,26.9
2024-09-11 23:45:00,27.5
2024-09-12 00:00:00,28.0
2024-09-12 00:15:00,27.1
2024-09-12 00:30:00,26.6
2024-09-12 00:45:00,27.2
2024-09-12 01:00:00,
2024-09-12 01:15:00,
2024-09-12 01:30:00,
2024-09-12 01:45:00,
2024-09-12 02:00:00,
2024-09-12 02:15:00,26.1
2024-09-12 02:30:00,
2024-09-12 02:45:00,25.9
2024-09-12 03:00:00,
2024-09-12 03:15:00,27.1
2024-09-12 03:30:00,26.6
2024-09-12 03:45:00,25.6
2024-09-12 04:00:00,26.2
2024-09-12 04:15:00,
2024-09-12 04:30:00,27.9
2024-09-12 04:45:00,
2024-09-12 05:00:00,
2024-09-12 05:15:00,25.1
2024-09-12 05:30:00,25.9
2024-09-12 05:45:00,
2024-09-12 06:00:00,25.7
2024-09-12 06:15:00,27.0
2024-09-12 06:30:00,
2024-09-12 06:45:00,26.9
2024-09-12 07:00:00,25.6
2024-09-12 07:15:00,25.5
2024-09-12 07:30:00,26.5
2024-09-12 07:45:00,26.6
2024-09-12 08:00:00,
2024-09-12 08:15:00,25.7
2024-09-12 08:30:00,
2024-09-12 08:45:00,
2024-09-12 09:00:00,25.6
2024-09-12 09:15:00,25.2
2024-09-12 09:30:00,
2024-09-12 09:45:00,25.6
2024-09-12 10:00:00,25.3
2024-09-12 10:15:00,26.7
2024-09-12 10:30:00,
2024-09-12 10:45:00,27.5
2024-09-12 11:00:00,
2024-09-12 11:15:00,27.7
2024-09-12 11:30:00,27.2
2024-09-12 11:45:00,27.6
2024-09-12 12:00:00,
2024-09-12 12:15:00,25.5
2024-09-12 12:30:00,
2024-09-12 12:45:00,
2024-09-12 13:00:00,25.5
2024-09-12 13:15:00,26.8
2024-09-12 13:30:00,26.1
2024-09-12 13:45:00,27.3
2024-09-12 14:00:00,26.7
2024-09-12 14:15:00,
2024-09-12 14:30:00,26.9
2024-09-12 14:45:00,28.2
2024-09-12 15:00:00,27.6
2024-09-12 15:15:00,
2024-09-12 15:30:00,
2024-09-12 15:45:00,27.3
2024-09-12 16:00:00,
2024-09-12 16:15:00,27.9
2024-09-12 16:30:00,
2024-09-12 16:45:00,
2024-09-12 17:00:00,26.4
2024-09-12 17:15:00,25.9
2024-09-12 17:30:00,
2024-09-12 17:45:00,
2024-09-12 18:00:00,
2024-09-12 18:15:00,27.1
2024-09-12 18:30:00,
2024-09-12 18:45:00,28.3
2024-09-12 19:00:00,
2024-09-12 19:15:00,
2024-09-12 19:30:00,27.8
2024-09-12 19:45:00,27.9
2024-09-12 20:00:00,27.4
2024-09-12 20:15:00,
2024-09-12 20:30:00,27.6
2024-09-12 20:45:00,
2024-09-12 21:00:00,26.3
2024-09-12 21:15:00,
2024-09-12 21:30:00,
2024-09-12 21:45:00,28.0
2024-09-12 22:00:00,
2024-09-12 22:15:00,27.6
2024-09-12 22:30:00,27.5
2024-09-12 22:45:00,28.1
2024-09-12 23:00:00,
2024-09-12 23:15:00,
2024-09-12 23:30:00,27.4
2024-09-12 23:45:00,27.9
2024-09-13 00:00:00,28.8
2024-09-13 00:15:00,
2024-09-13 00:30:00,27.1
2024-09-13 00:45:00,27.2
2024-09-13 01:00:00,26.8
2024-09-13 01:15:00,27.5
2024-09-13 01:30:00,28.2
2024-09-13 01:45:00,26.4
2024-09-13 02:00:00,27.7
2024-09-13 02:15:00,
2024-09-13 02:30:00,27.0
2024-09-13 02:45:00,
2024-09-13 03:00:00,27.3
2024-09-13 03:15:00,
2024-09-13 03:30:00,27.7
2024-09-13 03:45:00,27.1
2024-09-13 04:00:00,29.4
2024-09-13 04:15:00,
2024-09-13 04:30:00,27.0
2024-09-13 04:45:00,28.9
2024-09-13 05:00:00,29.3
2024-09-13 05:15:00,
2024-09-13 05:30:00,
2024-09-13 05:45:00,
2024-09-13 06:00:00,27.8
2024-09-13 06:15:00,28.7
2024-09-13 06:30:00,27.1
2024-09-13 06:45:00,29.0
2024-09-13 07:00:00,
2024-09-13 07:15:00,
2024-09-13 07:30:00,28.5
2024-09-13 07:45:00,27.5
2024-09-13 08:00:00,29.3
2024-09-13 08:15:00,27.7
2024-09-13 08:30:00,
2024-09-13 08:45:00,27.8
2024-09-13 09:00:00,29.2
2024-09-13 09:15:00,29.5
2024-09-13 09:30:00,
2024-09-13 09:45:00,29.5
2024-09-13 10:00:00,29.6
2024-09-13 10:15:00,
2024-09-13 10:30:00,29.4
2024-09-13 10:45:00,28.9
2024-09-13 11:00:00,29.4
2024-09-13 11:15:00,29.3
2024-09-13 11:30:00,
2024-09-13 11:45:00,29.4
2024-09-13 12:00:00,28.8
2024-09-13 12:15:00,27.9
2024-09-13 12:30:00,27.6
2024-09-13 12:45:00,
2024-09-13 13:00:00,29.5
2024-09-13 13:15:00,29.6
2024-09-13 13:30:00,29.7
2024-09-13 13:45:00,28.3
2024-09-13 14:00:00,
2024-09-13 14:15:00,
2024-09-13 14:30:00,29.7
2024-09-13 14:45:00,29.3
2024-09-13 15:00:00,28.5
2024-09-13 15:15:00,29.7
2024-09-13 15:30:00,
2024-09-13 15:45:00,
2024-09-13 16:00:00,
2024-09-13 16:15:00,
2024-09-13 16:30:00,28.0
2024-09-13 16:45:00,27.8
2024-09-13 17:00:00,29.3
2024-09-13 17:15:00,28.3
2024-09-13 17:30:00,28.2
2024-09-13 17:45:00,
2024-09-13 18:00:00,27.1
2024-09-13 18:15:00,28.1
2024-09-13 18:30:00,
2024-09-13 18:45:00,28.3
2024-09-13 19:00:00,26.9
2024-09-13 19:15:00,
2024-09-13 19:30:00,27.8
2024-09-13 19:45:00,27.8
2024-09-13 20:00:00,
2024-09-13 20:15:00,
2024-09-13 20:30:00,38.97023499121913
2024-09-13 20:45:00,38.97023499121913
2024-09-13 21:00:00,39.570234991219124
2024-09-13 21:15:00,
2024-09-13 21:30:00,28.0
2024-09-13 21:45:00,27.7
2024-09-13 22:00:00,27.2
2024-09-13 22:15:00,
2024-09-13 22:30:00,
2024-09-13 22:45:00,27.3
2024-09-13 23:00:00,28.6
2024-09-13 23:15:00,
2024-09-13 23:30:00,27.6
2024-09-13 23:45:00,27.6
2024-09-14 00:00:00,28.5
2024-09-14 00:15:00,28.0
2024-09-14 00:30:00,
2024-09-14 00:45:00,26.9
2024-09-14 01:00:00,27.2
2024-09-14 01:15:00,27.2
2024-09-14 01:30:00,
2024-09-14 01:45:00,28.3
2024-09-14 02:00:00,27.6
2024-09-14 02:15:00,26.8
2024-09-14 02:30:00,28.3
2024-09-14 02:45:00,
2024-09-14 03:00:00,27.7
2024-09-14 03:15:00,28.5
2024-09-14 03:30:00,27.6
2024-09-14 03:45:00,28.1
2024-09-14 04:00:00,26.9
2024-09-14 04:15:00,27.5
2024-09-14 04:30:00,
2024-09-14 04:45:00,28.7
2024-09-14 05:00:00,
2024-09-14 05:15:00,27.9
2024-09-14 05:30:00,
2024-09-14 05:45:00,
2024-09-14 06:00:00,28.2
2024-09-14 06:15:00,26.4
2024-09-14 06:30:00,27.0
2024-09-14 06:45:00,
2024-09-14 07:00:00,27.0
2024-09-14 07:15:00,26.5
2024-09-14 07:30:00,26.3
2024-09-14 07:45:00,25.9
2024-09-14 08:00:00,28.8
2024-09-14 08:15:00,27.1
2024-09-14 08:30:00,
2024-09-14 08:45:00,26.1
2024-09-14 09:00:00,26.1
2024-09-14 09:15:00,28.1
2024-09-14 09:30:00,26.6
2024-09-14 09:45:00,26.2
2024-09-14 10:00:00,
2024-09-14 10:15:00,26.5
2024-09-14 10:30:00,
2024-09-14 10:45:00,
2024-09-14 11:00:00,26.4
2024-09-14 11:15:00,28.0
2024-09-14 11:30:00,25.7
2024-09-14 11:45:00,
2024-09-14 12:00:00,26.2
2024-09-14 12:15:00,
2024-09-14 12:30:00,27.0
2024-09-14 12:45:00,
2024-09-14 13:00:00,26.7
2024-09-14 13:15:00,28.2
2024-09-14 13:30:00,27.3
2024-09-14 13:45:00,
2024-09-14 14:00:00,26.9
2024-09-14 14:15:00,28.1
2024-09-14 14:30:00,
2024-09-14 14:45:00,
2024-09-14 15:00:00,26.0
2024-09-14 15:15:00,27.4
2024-09-14 15:30:00,27.8
2024-09-14 15:45:00,26.9
2024-09-14 16:00:00,27.2
2024-09-14 16:15:00,27.9
2024-09-14 16:30:00,27.7
2024-09-14 16:45:00,27.3
2024-09-14 17:00:00,28.2
2024-09-14 17:15:00,27.9
2024-09-14 17:30:00,27.2
2024-09-14 17:45:00,
2024-09-14 18:00:00,
2024-09-14 18:15:00,31.788431222865036
2024-09-14 18:30:00,26.0
2024-09-14 18:45:00,27.4
2024-09-14 19:00:00,25.7
2024-09-14 19:15:00,27.7
2024-09-14 19:30:00,26.9
2024-09-14 19:45:00,26.4
2024-09-14 20:00:00,26.2
2024-09-14 20:15:00,26.1
2024-09-14 20:30:00,26.2
2024-09-14 20:45:00,26.9
2024-09-14 21:00:00,
2024-09-14 21:15:00,
2024-09-14 21:30:00,26.9
2024-09-14 21:45:00,25.5
2024-09-14 22:00:00,
2024-09-14 22:15:00,
2024-09-14 22:30:00,
2024-09-14 22:45:00,25.4
2024-09-14 23:00:00,26.7
2024-09-14 23:15:00,
2024-09-14 23:30:00,27.2
2024-09-14 23:45:00,25.5
2024-09-15 00:00:00,26.8
2024-09-15 00:15:00,26.0
2024-09-15 00:30:00,26.2
2024-09-15 00:45:00,25.0
2024-09-15 01:00:00,
2024-09-15 01:15:00,25.6
2024-09-15 01:30:00,26.8
2024-09-15 01:45:00,
2024-09-15 02:00:00,25.4
2024-09-15 02:15:00,25.0
2024-09-15 02:30:00,25.3
2024-09-15 02:45:00,25.5
2024-09-15 03:00:00,
2024-09-15 03:15:00,24.6
2024-09-15 03:30:00,
2024-09-15 03:45:00,
2024-09-15 04:00:00,24.7
2024-09-15 04:15:00,
2024-09-15 04:30:00,25.9
2024-09-15 04:45:00,
2024-09-15 05:00:00,26.0
2024-09-15 05:15:00,24.7
2024-09-15 05:30:00,25.7
2024-09-15 05:45:00,25.2
2024-09-15 06:00:00,
2024-09-15 06:15:00,
2024-09-15 06:30:00,25.5
2024-09-15 06:45:00,25.8
2024-09-15 07:00:00,
2024-09-15 07:15:00,25.2
2024-09-15 07:30:00,26.0
2024-09-15 07:45:00,26.0
2024-09-15 08:00:00,25.8
2024-09-15 08:15:00,25.6
2024-09-15 08:30:00,
2024-09-15 08:45:00,
2024-09-15 09:00:00,26.4
2024-09-15 09:15:00,
2024-09-15 09:30:00,
2024-09-15 09:45:00,25.6
2024-09-15 10:00:00,26.1
2024-09-15 10:15:00,25.9
2024-09-15 10:30:00,26.0
2024-09-15 10:45:00,
2024-09-15 11:00:00,26.0
2024-09-15 11:15:00,
2024-09-15 11:30:00,25.4
2024-09-15 11:45:00,
2024-09-15 12:00:00,
2024-09-15 12:15:00,25.6
2024-09-15 12:30:00,24.9
2024-09-15 12:45:00,
2024-09-15 13:00:00,25.2
2024-09-15 13:15:00,25.5
2024-09-15 13:30:00,
2024-09-15 13:45:00,25.7
2024-09-15 14:00:00,25.2
2024-09-15 14:15:00,24.9
2024-09-15 14:30:00,
2024-09-15 14:45:00,25.8
2024-09-15 15:00:00,
2024-09-15 15:15:00,26.5
2024-09-15 15:30:00,
2024-09-15 15:45:00,25.6
2024-09-15 16:00:00,25.6
2024-09-15 16:15:00,26.4
2024-09-15 16:30:00,
2024-09-15 16:45:00,26.5
2024-09-15 17:00:00,24.9
2024-09-15 17:15:00,
2024-09-15 17:30:00,
2024-09-15 17:45:00,
2024-09-15 18:00:00,
2024-09-15 18:15:00,25.7
2024-09-15 18:30:00,25.4
2024-09-15 18:45:00,25.9
2024-09-15 19:00:00,25.0
2024-09-15 19:15:00,25.2
2024-09-15 19:30:00,25.9
2024-09-15 19:45:00,
2024-09-15 20:00:00,25.4
2024-09-15 20:15:00,
2024-09-15 20:30:00,26.4
2024-09-15 20:45:00,25.0
2024-09-15 21:00:00,26.2
2024-09-15 21:15:00,
2024-09-15 21:30:00,25.8
2024-09-15 21:45:00,
2024-09-15 22:00:00,
2024-09-15 22:15:00,26.2
2024-09-15 22:30:00,25.1
2024-09-15 22:45:00,25.3
2024-09-15 23:00:00,25.4
2024-09-15 23:15:00,
2024-09-15 23:30:00,25.6
2024-09-15 23:45:00,
2024-09-16 00:00:00,
2024-09-16 00:15:00,25.5
2024-09-16 00:30:00,25.9
2024-09-16 00:45:00,
2024-09-16 01:00:00,26.1
2024-09-16 01:15:00,25.0
2024-09-16 01:30:00,25.6
2024-09-16 01:45:00,
2024-09-16 02:00:00,26.3
2024-09-16 02:15:00,26.5
2024-09-16 02:30:00,25.6
2024-09-16 02:45:00,26.0
2024-09-16 03:00:00,
2024-09-16 03:15:00,25.0
2024-09-16 03:30:00,25.3
2024-09-16 03:45:00,25.2
2024-09-16 04:00:00,
2024-09-16 04:15:00,
2024-09-16 04:30:00,
2024-09-16 04:45:00,
2024-09-16 05:00:00,
2024-09-16 05:15:00,
2024-09-16 05:30:00,
2024-09-16 05:45:00,
2024-09-16 06:00:00,
2024-09-16 06:15:00,
2024-09-16 06:30:00,25.2
2024-09-16 06:45:00,
2024-09-16 07:00:00,26.2
2024-09-16 07:15:00,
2024-09-16 07:30:00,25.3
2024-09-16 07:45:00,26.2
2024-09-16 08:00:00,26.1
2024-09-16 08:15:00,25.6
2024-09-16 08:30:00,26.7
2024-09-16 08:45:00,26.1
2024-09-16 09:00:00,24.9
2024-09-16 09:15:00,
2024-09-16 09:30:00,25.4
2024-09-16 09:45:00,25.6
2024-09-16 10:00:00,25.1
2024-09-16 10:15:00,26.2
2024-09-16 10:30:00,
2024-09-16 10:45:00,25.5
2024-09-16 11:00:00,
2024-09-16 11:15:00,
2024-09-16 11:30:00,
2024-09-16 11:45:00,27.2
2024-09-16 12:00:00,26.0
2024-09-16 12:15:00,
2024-09-16 12:30:00,25.3
2024-09-16 12:45:00,
2024-09-16 13:00:00,
2024-09-16 13:15:00,27.1
2024-09-16 13:30:00,
2024-09-16 13:45:00,25.8
2024-09-16 14:00:00,
2024-09-16 14:15:00,26.2
2024-09-16 14:30:00,
2024-09-16 14:45:00,25.2
2024-09-16 15:00:00,
2024-09-16 15:15:00,26.9
2024-09-16 15:30:00,25.5
2024-09-16 15:45:00,25.2
2024-09-16 16:00:00,27.5
2024-09-16 16:15:00,
2024-09-16 16:30:00,
2024-09-16 16:45:00,27.5
2024-09-16 17:00:00,
2024-09-16 17:15:00,
2024-09-16 17:30:00,
2024-09-16 17:45:00,27.7
2024-09-16 18:00:00,28.4
2024-09-16 18:15:00,26.7
2024-09-16 18:30:00,
2024-09-16 18:45:00,27.5
2024-09-16 19:00:00,26.2
2024-09-16 19:15:00,26.3
2024-09-16 19:30:00,26.6
2024-09-16 19:45:00,25.1
2024-09-16 20:00:00,26.9
2024-09-16 20:15:00,
2024-09-16 20:30:00,26.5
2024-09-16 20:45:00,26.9
2024-09-16 21:00:00,26.2
2024-09-16 21:15:00,
2024-09-16 21:30:00,
2024-09-16 21:45:00,
2024-09-16 22:00:00,26.2
2024-09-16 22:15:00,
2024-09-16 22:30:00,26.2
2024-09-16 22:45:00,26.0
2024-09-16 23:00:00,
2024-09-16 23:15:00,26.8
2024-09-16 23:30:00,27.7
2024-09-16 23:45:00,26.6
2024-09-17 00:00:00,
2024-09-17 00:15:00,25.2
2024-09-17 00:30:00,25.3
2024-09-17 00:45:00,26.6
2024-09-17 01:00:00,26.9
2024-09-17 01:15:00,25.1
2024-09-17 01:30:00,27.1
2024-09-17 01:45:00,26.1
2024-09-17 02:00:00,
2024-09-17 02:15:00,
2024-09-17 02:30:00,25.7
2024-09-17 02:45:00,
2024-09-17 03:00:00,26.6
2024-09-17 03:15:00,24.9
2024-09-17 03:30:00,25.6
2024-09-17 03:45:00,26.9
2024-09-17 04:00:00,25.6
2024-09-17 04:15:00,25.7
2024-09-17 04:30:00,24.8
2024-09-17 04:45:00,
2024-09-17 05:00:00,26.7
2024-09-17 05:15:00,26.9
2024-09-17 05:30:00,25.5
2024-09-17 05:45:00,
2024-09-17 06:00:00,
2024-09-17 06:15:00,
2024-09-17 06:30:00,27.0
2024-09-17 06:45:00,
2024-09-17 07:00:00,26.1
2024-09-17 07:15:00,
2024-09-17 07:30:00,
2024-09-17 07:45:00,
2024-09-17 08:00:00,
2024-09-17 08:15:00,26.8
2024-09-17 08:30:00,
2024-09-17 08:45:00,
2024-09-17 09:00:00,
2024-09-17 09:15:00,25.6
2024-09-17 09:30:00,25.8
2024-09-17 09:45:00,
2024-09-17 10:00:00,26.4
2024-09-17 10:15:00,
2024-09-17 10:30:00,25.4
2024-09-17 10:45:00,
2024-09-17 11:00:00,
2024-09-17 11:15:00,24.8
2024-09-17 11:30:00,
2024-09-17 11:45:00,25.0
2024-09-17 12:00:00,
2024-09-17 12:15:00,28.8
2024-09-17 12:30:00,25.4
2024-09-17 12:45:00,27.8
2024-09-17 13:00:00,26.1
2024-09-17 13:15:00,27.1
2024-09-17 13:30:00,25.3
2024-09-17 13:45:00,26.6
2024-09-17 14:00:00,24.2
2024-09-17 14:15:00,24.8
2024-09-17 14:30:00,27.7
2024-09-17 14:45:00,25.9
2024-09-17 15:00:00,25.1
2024-09-17 15:15:00,24.9
2024-09-17 15:30:00,25.9
2024-09-17 15:45:00,26.7
2024-09-17 16:00:00,
2024-09-17 16:15:00,25.1
2024-09-17 16:30:00,24.6
2024-09-17 16:45:00,24.6
2024-09-17 17:00:00,25.3
2024-09-17 17:15:00,
2024-09-17 17:30:00,24.0
2024-09-17 17:45:00,26.4
2024-09-17 18:00:00,26.1
2024-09-17 18:15:00,23.3
2024-09-17 18:30:00,23.3
2024-09-17 18:45:00,23.8
2024-09-17 19:00:00,24.1
2024-09-17 19:15:00,25.7
2024-09-17 19:30:00,
2024-09-17 19:45:00,
2024-09-17 20:00:00,24.8
2024-09-17 20:15:00,23.9
2024-09-17 20:30:00,25.5
2024-09-17 20:45:00,24.2
2024-09-17 21:00:00,24.4
2024-09-17 21:15:00,27.8
2024-09-17 21:30:00,24.7
2024-09-17 21:45:00,
2024-09-17 22:00:00,25.7
2024-09-17 22:15:00,25.4
2024-09-17 22:30:00,24.1
2024-09-17 22:45:00,25.5
2024-09-17 23:00:00,
2024-09-17 23:15:00,27.2
2024-09-17 23:30:00,26.2
2024-09-17 23:45:00,26.7
2024-09-18 00:00:00,
2024-09-18 00:15:00,24.9
2024-09-18 00:30:00,26.4
2024-09-18 00:45:00,27.0
2024-09-18 01:00:00,25.3
2024-09-18 01:15:00,
2024-09-18 01:30:00,24.8
2024-09-18 01:45:00,26.8
2024-09-18 02:00:00,24.4
2024-09-18 02:15:00,
2024-09-18 02:30:00,27.7
2024-09-18 02:45:00,
2024-09-18 03:00:00,25.1
2024-09-18 03:15:00,24.1
2024-09-18 03:30:00,27.1
2024-09-18 03:45:00,26.8
2024-09-18 04:00:00,25.3
2024-09-18 04:15:00,26.1
2024-09-18 04:30:00,23.7
2024-09-18 04:45:00,26.7
2024-09-18 05:00:00,
2024-09-18 05:15:00,25.1
2024-09-18 05:30:00,25.4
2024-09-18 05:45:00,
2024-09-18 06:00:00,27.7
2024-09-18 06:15:00,25.0
2024-09-18 06:30:00,
2024-09-18 06:45:00,26.2
2024-09-18 07:00:00,23.2
2024-09-18 07:15:00,26.0
2024-09-18 07:30:00,23.1
2024-09-18 07:45:00,
2024-09-18 08:00:00,26.2
2024-09-18 08:15:00,
2024-09-18 08:30:00,24.0
2024-09-18 08:45:00,26.3
2024-09-18 09:00:00,26.2
2024-09-18 09:15:00,
2024-09-18 09:30:00,23.8
2024-09-18 09:45:00,25.4
2024-09-18 10:00:00,23.0
2024-09-18 10:15:00,25.2
2024-09-18 10:30:00,
2024-09-18 10:45:00,24.6
2024-09-18 11:00:00,24.2
2024-09-18 11:15:00,
2024-09-18 11:30:00,26.1
2024-09-18 11:45:00,
2024-09-18 12:00:00,27.4
2024-09-18 12:15:00,22.7
2024-09-18 12:30:00,25.3
2024-09-18 12:45:00,26.2
2024-09-18 13:00:00,26.8
2024-09-18 13:15:00,26.0
2024-09-18 13:30:00,24.4
2024-09-18 13:45:00,
2024-09-18 14:00:00,26.0
2024-09-18 14:15:00,25.7
2024-09-18 14:30:00,26.7
2024-09-18 14:45:00,25.6
2024-09-18 15:00:00,
2024-09-18 15:15:00,23.4
2024-09-18 15:30:00,25.0
2024-09-18 15:45:00,26.6
2024-09-18 16:00:00,23.1
2024-09-18 16:15:00,28.4
2024-09-18 16:30:00,24.6
2024-09-18 16:45:00,25.1
2024-09-18 17:00:00,
2024-09-18 17:15:00,
2024-09-18 17:30:00,
2024-09-18 17:45:00,
2024-09-18 18:00:00,
2024-09-18 18:15:00,
2024-09-18 18:30:00,
2024-09-18 18:45:00,
2024-09-18 19:00:00,
2024-09-18 19:15:00,
2024-09-18 19:30:00,28.8
2024-09-18 19:45:00,24.3
2024-09-18 20:00:00,24.6
2024-09-18 20:15:00,26.4
2024-09-18 20:30:00,24.6
2024-09-18 20:45:00,25.6
2024-09-18 21:00:00,28.5
2024-09-18 21:15:00,
2024-09-18 21:30:00,26.1
2024-09-18 21:45:00,25.0
2024-09-18 22:00:00,28.9
2024-09-18 22:15:00,21.68294589556394
2024-09-18 22:30:00,19.782945895563937
2024-09-18 22:45:00,24.0
2024-09-18 23:00:00,25.5
2024-09-18 23:15:00,24.4
2024-09-18 23:30:00,23.2
2024-09-18 23:45:00,25.2
2024-09-19 00:00:00,26.3
2024-09-19 00:15:00,24.5
2024-09-19 00:30:00,23.9
2024-09-19 00:45:00,26.0
2024-09-19 01:00:00,25.0
2024-09-19 01:15:00,25.0
2024-09-19 01:30:00,25.9
2024-09-19 01:45:00,25.8
2024-09-19 02:00:00,
2024-09-19 02:15:00,28.8
2024-09-19 02:30:00,23.7
2024-09-19 02:45:00,21.9
2024-09-19 03:00:00,26.3
2024-09-19 03:15:00,21.9
2024-09-19 03:30:00,25.8
2024-09-19 03:45:00,29.2
2024-09-19 04:00:00,23.3
2024-09-19 04:15:00,24.8
2024-09-19 04:30:00,22.3
2024-09-19 04:45:00,22.3
2024-09-19 05:00:00,27.9
2024-09-19 05:15:00,26.3
2024-09-19 05:30:00,25.3
2024-09-19 05:45:00,25.9
2024-09-19 06:00:00,26.6
2024-09-19 06:15:00,25.7
2024-09-19 06:30:00,25.4
2024-09-19 06:45:00,
2024-09-19 07:00:00,
2024-09-19 07:15:00,26.8
2024-09-19 07:30:00,
2024-09-19 07:45:00,27.3
2024-09-19 08:00:00,26.9
2024-09-19 08:15:00,25.8
2024-09-19 08:30:00,26.3
2024-09-19 08:45:00,25.4
2024-09-19 09:00:00,25.8
2024-09-19 09:15:00,26.2
2024-09-19 09:30:00,27.8
2024-09-19 09:45:00,26.9
2024-09-19 10:00:00,26.0
2024-09-19 10:15:00,24.2
2024-09-19 10:30:00,23.3
2024-09-19 10:45:00,25.3
2024-09-19 11:00:00,25.0
2024-09-19 11:15:00,26.1
2024-09-19 11:30:00,24.2
2024-09-19 11:45:00,24.6
2024-09-19 12:00:00,28.4
2024-09-19 12:15:00,23.1
2024-09-19 12:30:00,
2024-09-19 12:45:00,27.5
2024-09-19 13:00:00,25.8
2024-09-19 13:15:00,23.2
2024-09-19 13:30:00,24.2
2024-09-19 13:45:00,23.5
2024-09-19 14:00:00,27.7
2024-09-19 14:15:00,24.5
2024-09-19 14:30:00,
2024-09-19 14:45:00,26.4
2024-09-19 15:00:00,27.0
2024-09-19 15:15:00,27.6
2024-09-19 15:30:00,26.2
2024-09-19 15:45:00,27.5
2024-09-19 16:00:00,26.1
2024-09-19 16:15:00,23.9
2024-09-19 16:30:00,45.5
2024-09-19 16:45:00,35.9
2024-09-19 17:00:00,28.1
2024-09-19 17:15:00,29.9
2024-09-19 17:30:00,
2024-09-19 17:45:00,
2024-09-19 18:00:00,26.0
2024-09-19 18:15:00,24.9
2024-09-19 18:30:00,22.9
2024-09-19 18:45:00,24.9
2024-09-19 19:00:00,24.1
2024-09-19 19:15:00,22.9
2024-09-19 19:30:00,42.00883544836472
2024-09-19 19:45:00,
2024-09-19 20:00:00,24.0
2024-09-19 20:15:00,23.2
2024-09-19 20:30:00,25.9
2024-09-19 20:45:00,23.3
2024-09-19 21:00:00,24.9
2024-09-19 21:15:00,26.5
2024-09-19 21:30:00,25.6
2024-09-19 21:45:00,26.9
2024-09-19 22:00:00,26.8
2024-09-19 22:15:00,24.7
2024-09-19 22:30:00,24.8
2024-09-19 22:45:00,23.1
2024-09-19 23:00:00,26.5
2024-09-19 23:15:00,26.6
2024-09-19 23:30:00,27.2
2024-09-19 23:45:00,26.6
2024-09-20 00:00:00,27.0
2024-09-20 00:15:00,26.0
2024-09-20 00:30:00,25.9
2024-09-20 00:45:00,
2024-09-20 01:00:00,24.6
2024-09-20 01:15:00,28.4
2024-09-20 01:30:00,23.6
2024-09-20 01:45:00,24.0
2024-09-20 02:00:00,27.2
2024-09-20 02:15:00,
2024-09-20 02:30:00,26.8
2024-09-20 02:45:00,26.0
2024-09-20 03:00:00,27.2
2024-09-20 03:15:00,
2024-09-20 03:30:00,26.9
2024-09-20 03:45:00,26.5
2024-09-20 04:00:00,26.9
2024-09-20 04:15:00,26.6
2024-09-20 04:30:00,25.7
2024-09-20 04:45:00,27.7
2024-09-20 05:00:00,
2024-09-20 05:15:00,26.7
2024-09-20 05:30:00,25.6
2024-09-20 05:45:00,25.8
2024-09-20 06:00:00,28.0
2024-09-20 06:15:00,
2024-09-20 06:30:00,24.9
2024-09-20 06:45:00,25.9
2024-09-20 07:00:00,26.5
2024-09-20 07:15:00,25.2
2024-09-20 07:30:00,26.9
2024-09-20 07:45:00,27.5
2024-09-20 08:00:00,24.7
2024-09-20 08:15:00,24.7
2024-09-20 08:30:00,25.8
2024-09-20 08:45:00,25.6
2024-09-20 09:00:00,
2024-09-20 09:15:00,25.8
2024-09-20 09:30:00,
2024-09-20 09:45:00,
2024-09-20 10:00:00,25.8
2024-09-20 10:15:00,27.3
2024-09-20 10:30:00,27.2
2024-09-20 10:45:00,25.0
2024-09-20 11:00:00,26.3
2024-09-20 11:15:00,25.1
2024-09-20 11:30:00,25.9
2024-09-20 11:45:00,24.2
2024-09-20 12:00:00,26.7
2024-09-20 12:15:00,26.5
2024-09-20 12:30:00,27.4
2024-09-20 12:45:00,25.2
2024-09-20 13:00:00,
2024-09-20 13:15:00,26.5
2024-09-20 13:30:00,25.1
2024-09-20 13:45:00,25.6
2024-09-20 14:00:00,25.3
2024-09-20 14:15:00,26.0
2024-09-20 14:30:00,25.5
2024-09-20 14:45:00,24.0
2024-09-20 15:00:00,25.0
2024-09-20 15:15:00,28.1
2024-09-20 15:30:00,22.3
2024-09-20 15:45:00,22.8
2024-09-20 16:00:00,23.5
2024-09-20 16:15:00,26.5
2024-09-20 16:30:00,25.8
2024-09-20 16:45:00,26.6
2024-09-20 17:00:00,26.0
2024-09-20 17:15:00,30.2
2024-09-20 17:30:00,26.3
2024-09-20 17:45:00,26.4
2024-09-20 18:00:00,
2024-09-20 18:15:00,25.7
2024-09-20 18:30:00,
2024-09-20 18:45:00,27.2
2024-09-20 19:00:00,25.0
2024-09-20 19:15:00,24.8
2024-09-20 19:30:00,
2024-09-20 19:45:00,
2024-09-20 20:00:00,26.4
2024-09-20 20:15:00,
2024-09-20 20:30:00,24.8
2024-09-20 20:45:00,
2024-09-20 21:00:00,27.2
2024-09-20 21:15:00,28.4
2024-09-20 21:30:00,26.5
2024-09-20 21:45:00,25.0
2024-09-20 22:00:00,26.9
2024-09-20 22:15:00,26.3
2024-09-20 22:30:00,
2024-09-20 22:45:00,
2024-09-20 23:00:00,26.8
2024-09-20 23:15:00,27.6
2024-09-20 23:30:00,25.7
2024-09-20 23:45:00,24.0
2024-09-21 00:00:00,
2024-09-21 00:15:00,25.4
2024-09-21 00:30:00,25.6
2024-09-21 00:45:00,27.8
2024-09-21 01:00:00,
2024-09-21 01:15:00,
2024-09-21 01:30:00,24.2
2024-09-21 01:45:00,25.5
2024-09-21 02:00:00,24.8
2024-09-21 02:15:00,25.7
2024-09-21 02:30:00,26.0
2024-09-21 02:45:00,23.5
2024-09-21 03:00:00,
2024-09-21 03:15:00,26.2
2024-09-21 03:30:00,24.3
2024-09-21 03:45:00,26.9
2024-09-21 04:00:00,23.9
2024-09-21 04:15:00,25.3
2024-09-21 04:30:00,
2024-09-21 04:45:00,27.1
2024-09-21 05:00:00,27.9
2024-09-21 05:15:00,26.3
2024-09-21 05:30:00,25.9
2024-09-21 05:45:00,25.0
2024-09-21 06:00:00,25.6
2024-09-21 06:15:00,24.5
2024-09-21 06:30:00,26.3
2024-09-21 06:45:00,27.0
2024-09-21 07:00:00,24.1
2024-09-21 07:15:00,24.7
2024-09-21 07:30:00,28.8
2024-09-21 07:45:00,
2024-09-21 08:00:00,25.5
2024-09-21 08:15:00,22.4
2024-09-21 08:30:00,27.7
2024-09-21 08:45:00,24.9
2024-09-21 09:00:00,22.0
2024-09-21 09:15:00,21.8
2024-09-21 09:30:00,
2024-09-21 09:45:00,24.1
2024-09-21 10:00:00,23.2
2024-09-21 10:15:00,26.0
2024-09-21 10:30:00,
2024-09-21 10:45:00,21.8
2024-09-21 11:00:00,
2024-09-21 11:15:00,24.0
2024-09-21 11:30:00,26.8
2024-09-21 11:45:00,
2024-09-21 12:00:00,22.9
2024-09-21 12:15:00,26.5
2024-09-21 12:30:00,24.5
2024-09-21 12:45:00,25.4
2024-09-21 13:00:00,25.8
2024-09-21 13:15:00,25.3
2024-09-21 13:30:00,24.6
2024-09-21 13:45:00,23.3
2024-09-21 14:00:00,27.2
2024-09-21 14:15:00,25.3
2024-09-21 14:30:00,
2024-09-21 14:45:00,26.7
2024-09-21 15:00:00,24.1
2024-09-21 15:15:00,25.0
2024-09-21 15:30:00,25.4
2024-09-21 15:45:00,25.8
2024-09-21 16:00:00,24.6
2024-09-21 16:15:00,25.8
2024-09-21 16:30:00,22.2
2024-09-21 16:45:00,25.3
2024-09-21 17:00:00,
2024-09-21 17:15:00,26.0
2024-09-21 17:30:00,27.5
2024-09-21 17:45:00,24.8
2024-09-21 18:00:00,
2024-09-21 18:15:00,22.3
2024-09-21 18:30:00,22.2
2024-09-21 18:45:00,25.1
2024-09-21 19:00:00,36.7459502235293
2024-09-21 19:15:00,37.2459502235293
2024-09-21 19:30:00,37.9459502235293
2024-09-21 19:45:00,25.1
2024-09-21 20:00:00,22.9
2024-09-21 20:15:00,23.7
2024-09-21 20:30:00,24.0
2024-09-21 20:45:00,
2024-09-21 21:00:00,23.8
2024-09-21 21:15:00,24.9
2024-09-21 21:30:00,24.9
2024-09-21 21:45:00,
2024-09-21 22:00:00,21.6
2024-09-21 22:15:00,25.3
2024-09-21 22:30:00,22.9
2024-09-21 22:45:00,24.7
2024-09-21 23:00:00,
2024-09-21 23:15:00,25.6
2024-09-21 23:30:00,22.5
2024-09-21 23:45:00,21.3
2024-09-22 00:00:00,
2024-09-22 00:15:00,21.8
2024-09-22 00:30:00,24.5
2024-09-22 00:45:00,22.5
2024-09-22 01:00:00,22.7
2024-09-22 01:15:00,22.4
2024-09-22 01:30:00,22.7
2024-09-22 01:45:00,24.8
2024-09-22 02:00:00,22.2
2024-09-22 02:15:00,
2024-09-22 02:30:00,22.1
2024-09-22 02:45:00,23.6
2024-09-22 03:00:00,24.3
2024-09-22 03:15:00,25.1
2024-09-22 03:30:00,24.9
2024-09-22 03:45:00,26.4
2024-09-22 04:00:00,24.3
2024-09-22 04:15:00,22.2
2024-09-22 04:30:00,23.2
2024-09-22 04:45:00,23.0
2024-09-22 05:00:00,22.6
2024-09-22 05:15:00,23.4
2024-09-22 05:30:00,24.3
2024-09-22 05:45:00,22.0
2024-09-22 06:00:00,23.5
2024-09-22 06:15:00,21.2
2024-09-22 06:30:00,25.3
2024-09-22 06:45:00,24.9
2024-09-22 07:00:00,20.9
2024-09-22 07:15:00,24.8
2024-09-22 07:30:00,26.0
2024-09-22 07:45:00,21.9
2024-09-22 08:00:00,24.4
2024-09-22 08:15:00,23.7
2024-09-22 08:30:00,21.0
2024-09-22 08:45:00,22.8
2024-09-22 09:00:00,46.86110268479011
2024-09-22 09:15:00,49.76110268479012
2024-09-22 09:30:00,44.76110268479012
2024-09-22 09:45:00,22.0
2024-09-22 10:00:00,25.1
2024-09-22 10:15:00,
2024-09-22 10:30:00,22.1
2024-09-22 10:45:00,23.5
2024-09-22 11:00:00,24.8
2024-09-22 11:15:00,23.7
2024-09-22 11:30:00,22.8
2024-09-22 11:45:00,23.4
2024-09-22 12:00:00,27.1
2024-09-22 12:15:00,25.2
2024-09-22 12:30:00,27.1
2024-09-22 12:45:00,23.7
2024-09-22 13:00:00,27.6
2024-09-22 13:15:00,25.4
2024-09-22 13:30:00,
2024-09-22 13:45:00,
2024-09-22 14:00:00,
2024-09-22 14:15:00,
2024-09-22 14:30:00,
2024-09-22 14:45:00,
2024-09-22 15:00:00,24.9
2024-09-22 15:15:00,26.5
2024-09-22 15:30:00,24.8
2024-09-22 15:45:00,26.3
2024-09-22 16:00:00,25.6
2024-09-22 16:15:00,27.7
2024-09-22 16:30:00,28.9
2024-09-22 16:45:00,26.1
2024-09-22 17:00:00,25.6
2024-09-22 17:15:00,28.6
2024-09-22 17:30:00,24.3
2024-09-22 17:45:00,24.4
2024-09-22 18:00:00,26.3
2024-09-22 18:15:00,25.0
2024-09-22 18:30:00,24.4
2024-09-22 18:45:00,23.8
2024-09-22 19:00:00,27.5
2024-09-22 19:15:00,41.93656651906994
2024-09-22 19:30:00,24.7
2024-09-22 19:45:00,25.3
2024-09-22 20:00:00,27.4
2024-09-22 20:15:00,25.3
2024-09-22 20:30:00,24.3
2024-09-22 20:45:00,25.6
2024-09-22 21:00:00,28.1
2024-09-22 21:15:00,26.9
2024-09-22 21:30:00,24.8
2024-09-22 21:45:00,23.9
2024-09-22 22:00:00,26.4
2024-09-22 22:15:00,23.8
2024-09-22 22:30:00,24.9
2024-09-22 22:45:00,29.2
2024-09-22 23:00:00,28.5
2024-09-22 23:15:00,25.7
2024-09-22 23:30:00,28.3
2024-09-22 23:45:00,32.6
2024-09-23 00:00:00,29.5
2024-09-23 00:15:00,20.168165059342364
2024-09-23 00:30:00,28.8
2024-09-23 00:45:00,29.8
2024-09-23 01:00:00,28.8
2024-09-23 01:15:00,30.6
2024-09-23 01:30:00,31.3
2024-09-23 01:45:00,28.2
2024-09-23 02:00:00,
2024-09-23 02:15:00,
2024-09-23 02:30:00,31.3
2024-09-23 02:45:00,32.9
2024-09-23 03:00:00,32.3
2024-09-23 03:15:00,
2024-09-23 03:30:00,32.7
2024-09-23 03:45:00,44.761564250311395
2024-09-23 04:00:00,48.06156425031139
2024-09-23 04:15:00,50.761564250311395
2024-09-23 04:30:00,36.9
2024-09-23 04:45:00,31.9
2024-09-23 05:00:00,33.1
2024-09-23 05:15:00,38.8
2024-09-23 05:30:00,33.7
2024-09-23 05:45:00,
2024-09-23 06:00:00,40.0
2024-09-23 06:15:00,37.5
2024-09-23 06:30:00,40.7
2024-09-23 06:45:00,36.3
2024-09-23 07:00:00,35.9
2024-09-23 07:15:00,39.9
2024-09-23 07:30:00,45.0
2024-09-23 07:45:00,36.3
2024-09-23 08:00:00,38.6
2024-09-23 08:15:00,
2024-09-23 08:30:00,
2024-09-23 08:45:00,37.5
2024-09-23 09:00:00,34.6
2024-09-23 09:15:00,36.8
2024-09-23 09:30:00,38.1
2024-09-23 09:45:00,36.3
2024-09-23 10:00:00,
2024-09-23 10:15:00,34.6
2024-09-23 10:30:00,33.6
2024-09-23 10:45:00,
2024-09-23 11:00:00,37.4
2024-09-23 11:15:00,35.1
2024-09-23 11:30:00,34.4
2024-09-23 11:45:00,
2024-09-23 12:00:00,35.8
2024-09-23 12:15:00,
2024-09-23 12:30:00,34.8
2024-09-23 12:45:00,32.4
2024-09-23 13:00:00,29.7
2024-09-23 13:15:00,29.9
2024-09-23 13:30:00,
2024-09-23 13:45:00,34.0
2024-09-23 14:00:00,29.3
2024-09-23 14:15:00,32.3
2024-09-23 14:30:00,31.5
2024-09-23 14:45:00,33.5
2024-09-23 15:00:00,33.4
2024-09-23 15:15:00,30.5
2024-09-23 15:30:00,
2024-09-23 15:45:00,28.8
2024-09-23 16:00:00,31.0
2024-09-23 16:15:00,33.5
2024-09-23 16:30:00,30.2
2024-09-23 16:45:00,28.5
2024-09-23 17:00:00,32.0
2024-09-23 17:15:00,27.7
2024-09-23 17:30:00,30.3
2024-09-23 17:45:00,30.8
2024-09-23 18:00:00,
2024-09-23 18:15:00,28.8
2024-09-23 18:30:00,29.0
2024-09-23 18:45:00,29.9
2024-09-23 19:00:00,29.8
2024-09-23 19:15:00,31.8
2024-09-23 19:30:00,29.2
2024-09-23 19:45:00,30.8
2024-09-23 20:00:00,27.7
2024-09-23 20:15:00,26.7
2024-09-23 20:30:00,30.7
2024-09-23 20:45:00,27.1
2024-09-23 21:00:00,29.3
2024-09-23 21:15:00,27.1
2024-09-23 21:30:00,
2024-09-23 21:45:00,28.7
2024-09-23 22:00:00,
2024-09-23 22:15:00,32.0
2024-09-23 22:30:00,28.4
2024-09-23 22:45:00,27.9
2024-09-23 23:00:00,30.2
2024-09-23 23:15:00,
2024-09-23 23:30:00,28.0
2024-09-23 23:45:00,29.7
2024-09-24 00:00:00,
2024-09-24 00:15:00,28.9
2024-09-24 00:30:00,29.0
2024-09-24 00:45:00,27.1
2024-09-24 01:00:00,30.1
2024-09-24 01:15:00,26.2
2024-09-24 01:30:00,29.4
2024-09-24 01:45:00,29.9
2024-09-24 02:00:00,26.4
2024-09-24 02:15:00,27.7
2024-09-24 02:30:00,
2024-09-24 02:45:00,29.4
2024-09-24 03:00:00,63.20940373985513
2024-09-24 03:15:00,
2024-09-24 03:30:00,27.1
2024-09-24 03:45:00,
2024-09-24 04:00:00,31.4
2024-09-24 04:15:00,26.8
2024-09-24 04:30:00,31.4
2024-09-24 04:45:00,
2024-09-24 05:00:00,29.1
2024-09-24 05:15:00,
2024-09-24 05:30:00,28.8
2024-09-24 05:45:00,37.13369430493223
2024-09-24 06:00:00,29.5
2024-09-24 06:15:00,27.2
2024-09-24 06:30:00,
2024-09-24 06:45:00,
2024-09-24 07:00:00,29.1
2024-09-24 07:15:00,25.3
2024-09-24 07:30:00,26.0
2024-09-24 07:45:00,29.5
2024-09-24 08:00:00,28.2
2024-09-24 08:15:00,
2024-09-24 08:30:00,29.1
2024-09-24 08:45:00,28.4
2024-09-24 09:00:00,26.9
2024-09-24 09:15:00,29.2
2024-09-24 09:30:00,27.6
2024-09-24 09:45:00,28.1
2024-09-24 10:00:00,25.8
2024-09-24 10:15:00,26.2
2024-09-24 10:30:00,
2024-09-24 10:45:00,27.6
2024-09-24 11:00:00,28.8
2024-09-24 11:15:00,27.0
2024-09-24 11:30:00,27.5
2024-09-24 11:45:00,26.0
2024-09-24 12:00:00,26.3
2024-09-24 12:15:00,28.3
2024-09-24 12:30:00,25.6
2024-09-24 12:45:00,26.6
2024-09-24 13:00:00,29.0
2024-09-24 13:15:00,
2024-09-24 13:30:00,27.0
2024-09-24 13:45:00,28.1
2024-09-24 14:00:00,29.5
2024-09-24 14:15:00,
2024-09-24 14:30:00,27.5
2024-09-24 14:45:00,
2024-09-24 15:00:00,24.5
2024-09-24 15:15:00,29.8
2024-09-24 15:30:00,
2024-09-24 15:45:00,27.6
2024-09-24 16:00:00,25.6
2024-09-24 16:15:00,27.7
2024-09-24 16:30:00,27.0
2024-09-24 16:45:00,
2024-09-24 17:00:00,
2024-09-24 17:15:00,24.3
2024-09-24 17:30:00,27.7
2024-09-24 17:45:00,26.9
2024-09-24 18:00:00,28.1
2024-09-24 18:15:00,28.3
2024-09-24 18:30:00,26.8
2024-09-24 18:45:00,27.0
2024-09-24 19:00:00,
2024-09-24 19:15:00,30.2
2024-09-24 19:30:00,28.6
2024-09-24 19:45:00,26.6
2024-09-24 20:00:00,27.0
2024-09-24 20:15:00,25.5
2024-09-24 20:30:00,27.6
2024-09-24 20:45:00,25.3
2024-09-24 21:00:00,
2024-09-24 21:15:00,28.0
2024-09-24 21:30:00,27.3
2024-09-24 21:45:00,29.7
2024-09-24 22:00:00,26.2
2024-09-24 22:15:00,25.6
2024-09-24 22:30:00,27.4
2024-09-24 22:45:00,28.5
2024-09-24 23:00:00,26.5
2024-09-24 23:15:00,
2024-09-24 23:30:00,25.9
2024-09-24 23:45:00,
2024-09-25 00:00:00,27.5
2024-09-25 00:15:00,25.7
2024-09-25 00:30:00,27.1
2024-09-25 00:45:00,
2024-09-25 01:00:00,
2024-09-25 01:15:00,28.1
2024-09-25 01:30:00,26.5
2024-09-25 01:45:00,23.2
2024-09-25 02:00:00,24.2
2024-09-25 02:15:00,
2024-09-25 02:30:00,27.2
2024-09-25 02:45:00,27.2
2024-09-25 03:00:00,25.7
2024-09-25 03:15:00,27.4
2024-09-25 03:30:00,25.1
2024-09-25 03:45:00,26.1
2024-09-25 04:00:00,26.0
2024-09-25 04:15:00,23.7
2024-09-25 04:30:00,25.7
2024-09-25 04:45:00,
2024-09-25 05:00:00,24.3
2024-09-25 05:15:00,26.3
2024-09-25 05:30:00,27.1
2024-09-25 05:45:00,24.5
2024-09-25 06:00:00,22.5
2024-09-25 06:15:00,27.2
2024-09-25 06:30:00,
2024-09-25 06:45:00,25.6
2024-09-25 07:00:00,24.6
2024-09-25 07:15:00,22.9
2024-09-25 07:30:00,25.2
2024-09-25 07:45:00,
2024-09-25 08:00:00,22.4
2024-09-25 08:15:00,27.7
2024-09-25 08:30:00,26.8
2024-09-25 08:45:00,26.0
2024-09-25 09:00:00,26.0
2024-09-25 09:15:00,
2024-09-25 09:30:00,26.3
2024-09-25 09:45:00,26.9
2024-09-25 10:00:00,23.0
2024-09-25 10:15:00,28.4
2024-09-25 10:30:00,27.3
2024-09-25 10:45:00,25.4
2024-09-25 11:00:00,27.2
2024-09-25 11:15:00,
2024-09-25 11:30:00,26.4
2024-09-25 11:45:00,25.6
2024-09-25 12:00:00,22.5
2024-09-25 12:15:00,27.8
2024-09-25 12:30:00,
2024-09-25 12:45:00,46.86468860543623
2024-09-25 13:00:00,42.264688605436234
2024-09-25 13:15:00,26.7
2024-09-25 13:30:00,23.9
2024-09-25 13:45:00,22.2
2024-09-25 14:00:00,23.7
2024-09-25 14:15:00,26.7
2024-09-25 14:30:00,24.6
2024-09-25 14:45:00,
2024-09-25 15:00:00,27.0
2024-09-25 15:15:00,23.5
2024-09-25 15:30:00,25.0
2024-09-25 15:45:00,25.7
2024-09-25 16:00:00,27.5
2024-09-25 16:15:00,27.5
2024-09-25 16:30:00,26.2
2024-09-25 16:45:00,25.2
2024-09-25 17:00:00,26.1
2024-09-25 17:15:00,27.2
2024-09-25 17:30:00,
2024-09-25 17:45:00,26.1
2024-09-25 18:00:00,26.2
2024-09-25 18:15:00,24.1
2024-09-25 18:30:00,40.99225526619704
2024-09-25 18:45:00,
2024-09-25 19:00:00,
2024-09-25 19:15:00,25.9
2024-09-25 19:30:00,26.4
2024-09-25 19:45:00,24.3
2024-09-25 20:00:00,26.1
2024-09-25 20:15:00,23.7
2024-09-25 20:30:00,26.2
2024-09-25 20:45:00,23.5
2024-09-25 21:00:00,25.1
2024-09-25 21:15:00,23.0
2024-09-25 21:30:00,26.4
2024-09-25 21:45:00,25.1
2024-09-25 22:00:00,23.6
2024-09-25 22:15:00,
2024-09-25 22:30:00,27.9
2024-09-25 22:45:00,
2024-09-25 23:00:00,26.9
2024-09-25 23:15:00,24.4
2024-09-25 23:30:00,23.6
2024-09-25 23:45:00,27.1
2024-09-26 00:00:00,23.1
2024-09-26 00:15:00,24.2
2024-09-26 00:30:00,
2024-09-26 00:45:00,
2024-09-26 01:00:00,
2024-09-26 01:15:00,23.8
2024-09-26 01:30:00,26.9
2024-09-26 01:45:00,23.7
2024-09-26 02:00:00,25.5
2024-09-26 02:15:00,
2024-09-26 02:30:00,24.8
2024-09-26 02:45:00,24.0
2024-09-26 03:00:00,25.4
2024-09-26 03:15:00,25.1
2024-09-26 03:30:00,22.7
2024-09-26 03:45:00,23.3
2024-09-26 04:00:00,26.3
2024-09-26 04:15:00,
2024-09-26 04:30:00,
2024-09-26 04:45:00,25.1
2024-09-26 05:00:00,23.9
2024-09-26 05:15:00,24.7
2024-09-26 05:30:00,
2024-09-26 05:45:00,25.4
2024-09-26 06:00:00,26.4
2024-09-26 06:15:00,22.6
2024-09-26 06:30:00,24.3
2024-09-26 06:45:00,24.9
2024-09-26 07:00:00,25.9
2024-09-26 07:15:00,22.4
2024-09-26 07:30:00,26.4
2024-09-26 07:45:00,25.2
2024-09-26 08:00:00,
2024-09-26 08:15:00,
2024-09-26 08:30:00,24.3
2024-09-26 08:45:00,
2024-09-26 09:00:00,24.3
2024-09-26 09:15:00,24.7
2024-09-26 09:30:00,24.5
2024-09-26 09:45:00,25.4
2024-09-26 10:00:00,42.7792877475345
2024-09-26 10:15:00,25.2
2024-09-26 10:30:00,26.6
2024-09-26 10:45:00,24.5
2024-09-26 11:00:00,22.1
2024-09-26 11:15:00,24.6
2024-09-26 11:30:00,24.3
2024-09-26 11:45:00,22.5
2024-09-26 12:00:00,22.5
2024-09-26 12:15:00,22.5
2024-09-26 12:30:00,22.5
2024-09-26 12:45:00,22.5
2024-09-26 13:00:00,
2024-09-26 13:15:00,22.5
2024-09-26 13:30:00,22.5
2024-09-26 13:45:00,22.5
2024-09-26 14:00:00,
2024-09-26 14:15:00,22.5
2024-09-26 14:30:00,22.5
2024-09-26 14:45:00,
2024-09-26 15:00:00,22.5
2024-09-26 15:15:00,22.5
2024-09-26 15:30:00,22.5
2024-09-26 15:45:00,22.5
2024-09-26 16:00:00,22.5
2024-09-26 16:15:00,22.5
2024-09-26 16:30:00,22.5
2024-09-26 16:45:00,
2024-09-26 17:00:00,22.5
2024-09-26 17:15:00,
2024-09-26 17:30:00,22.5
2024-09-26 17:45:00,
2024-09-26 18:00:00,24.8
2024-09-26 18:15:00,22.1
2024-09-26 18:30:00,22.2
2024-09-26 18:45:00,22.6
2024-09-26 19:00:00,23.2
2024-09-26 19:15:00,25.8
2024-09-26 19:30:00,22.1
2024-09-26 19:45:00,25.3
2024-09-26 20:00:00,30.83127903419696
2024-09-26 20:15:00,29.23127903419696
2024-09-26 20:30:00,27.8
2024-09-26 20:45:00,25.9
2024-09-26 21:00:00,26.1
2024-09-26 21:15:00,
2024-09-26 21:30:00,
2024-09-26 21:45:00,26.7
2024-09-26 22:00:00,23.0
2024-09-26 22:15:00,22.7
2024-09-26 22:30:00,26.4
2024-09-26 22:45:00,23.5
2024-09-26 23:00:00,23.1
2024-09-26 23:15:00,25.3
2024-09-26 23:30:00,24.7
2024-09-26 23:45:00,24.0
2024-09-27 00:00:00,
2024-09-27 00:15:00,25.9
2024-09-27 00:30:00,23.6
2024-09-27 00:45:00,24.6
2024-09-27 01:00:00,
2024-09-27 01:15:00,27.1
2024-09-27 01:30:00,
2024-09-27 01:45:00,23.2
2024-09-27 02:00:00,23.8
2024-09-27 02:15:00,23.1
2024-09-27 02:30:00,21.9
2024-09-27 02:45:00,24.3
2024-09-27 03:00:00,23.8
2024-09-27 03:15:00,26.5
2024-09-27 03:30:00,25.1
2024-09-27 03:45:00,27.4
2024-09-27 04:00:00,22.4
2024-09-27 04:15:00,23.9
2024-09-27 04:30:00,25.1
2024-09-27 04:45:00,28.2
2024-09-27 05:00:00,24.4
2024-09-27 05:15:00,25.2
2024-09-27 05:30:00,22.4
2024-09-27 05:45:00,
2024-09-27 06:00:00,22.7
2024-09-27 06:15:00,24.6
2024-09-27 06:30:00,21.9
2024-09-27 06:45:00,23.6
2024-09-27 07:00:00,27.1
2024-09-27 07:15:00,
2024-09-27 07:30:00,
2024-09-27 07:45:00,24.2
2024-09-27 08:00:00,24.3
2024-09-27 08:15:00,22.0
2024-09-27 08:30:00,21.8
2024-09-27 08:45:00,21.7
2024-09-27 09:00:00,23.2
2024-09-27 09:15:00,22.8
2024-09-27 09:30:00,26.9
2024-09-27 09:45:00,23.9
2024-09-27 10:00:00,23.5
2024-09-27 10:15:00,26.5
2024-09-27 10:30:00,24.5
2024-09-27 10:45:00,24.4
2024-09-27 11:00:00,24.1
2024-09-27 11:15:00,27.5
2024-09-27 11:30:00,23.6
2024-09-27 11:45:00,24.8
2024-09-27 12:00:00,24.6
2024-09-27 12:15:00,21.3
2024-09-27 12:30:00,23.2
2024-09-27 12:45:00,21.5
2024-09-27 13:00:00,27.6
2024-09-27 13:15:00,29.6
2024-09-27 13:30:00,26.2
2024-09-27 13:45:00,26.3
2024-09-27 14:00:00,27.5
2024-09-27 14:15:00,
2024-09-27 14:30:00,26.7
2024-09-27 14:45:00,24.8
2024-09-27 15:00:00,24.7
2024-09-27 15:15:00,21.3
2024-09-27 15:30:00,26.0
2024-09-27 15:45:00,26.4
2024-09-27 16:00:00,23.1
2024-09-27 16:15:00,28.914929684589556
2024-09-27 16:30:00,28.814929684589554
2024-09-27 16:45:00,27.314929684589554
2024-09-27 17:00:00,27.0
2024-09-27 17:15:00,24.2
2024-09-27 17:30:00,
2024-09-27 17:45:00,23.1
2024-09-27 18:00:00,23.0
2024-09-27 18:15:00,25.7
2024-09-27 18:30:00,23.1
2024-09-27 18:45:00,22.9
2024-09-27 19:00:00,22.9
2024-09-27 19:15:00,25.3
2024-09-27 19:30:00,27.7
2024-09-27 19:45:00,26.2
2024-09-27 20:00:00,25.8
2024-09-27 20:15:00,27.9
2024-09-27 20:30:00,27.1
2024-09-27 20:45:00,24.2
2024-09-27 21:00:00,
2024-09-27 21:15:00,24.9
2024-09-27 21:30:00,24.1
2024-09-27 21:45:00,24.9
2024-09-27 22:00:00,23.4
2024-09-27 22:15:00,23.7
2024-09-27 22:30:00,23.7
2024-09-27 22:45:00,24.9
2024-09-27 23:00:00,25.6
2024-09-27 23:15:00,
2024-09-27 23:30:00,24.6
2024-09-27 23:45:00,21.6
2024-09-28 00:00:00,24.8
2024-09-28 00:15:00,24.2
2024-09-28 00:30:00,25.7
2024-09-28 00:45:00,21.168353130821608
2024-09-28 01:00:00,27.6
2024-09-28 01:15:00,23.1
2024-09-28 01:30:00,21.5
2024-09-28 01:45:00,24.4
2024-09-28 02:00:00,26.9
2024-09-28 02:15:00,23.5
2024-09-28 02:30:00,25.0
2024-09-28 02:45:00,24.0
2024-09-28 03:00:00,22.4
2024-09-28 03:15:00,24.1
2024-09-28 03:30:00,25.3
2024-09-28 03:45:00,27.2
2024-09-28 04:00:00,26.6
2024-09-28 04:15:00,23.3
2024-09-28 04:30:00,23.4
2024-09-28 04:45:00,24.6
2024-09-28 05:00:00,24.0
2024-09-28 05:15:00,
2024-09-28 05:30:00,27.655133104319248
2024-09-28 05:45:00,29.755133104319246
2024-09-28 06:00:00,31.655133104319248
2024-09-28 06:15:00,23.3
2024-09-28 06:30:00,21.0
2024-09-28 06:45:00,24.9
2024-09-28 07:00:00,24.6
2024-09-28 07:15:00,22.3
2024-09-28 07:30:00,24.9
2024-09-28 07:45:00,24.2
2024-09-28 08:00:00,24.3
2024-09-28 08:15:00,24.1
2024-09-28 08:30:00,24.1
2024-09-28 08:45:00,25.2
2024-09-28 09:00:00,
2024-09-28 09:15:00,25.8
2024-09-28 09:30:00,24.2
2024-09-28 09:45:00,23.6
2024-09-28 10:00:00,24.7
2024-09-28 10:15:00,26.5
2024-09-28 10:30:00,22.2
2024-09-28 10:45:00,25.2
2024-09-28 11:00:00,25.2
2024-09-28 11:15:00,25.2
2024-09-28 11:30:00,22.8
2024-09-28 11:45:00,
2024-09-28 12:00:00,24.5
2024-09-28 12:15:00,21.0
2024-09-28 12:30:00,25.3
2024-09-28 12:45:00,26.2
2024-09-28 13:00:00,21.4
2024-09-28 13:15:00,23.2
2024-09-28 13:30:00,24.6
2024-09-28 13:45:00,27.7
2024-09-28 14:00:00,24.1
2024-09-28 14:15:00,23.5
2024-09-28 14:30:00,22.1
2024-09-28 14:45:00,24.2
2024-09-28 15:00:00,25.5
2024-09-28 15:15:00,23.5
2024-09-28 15:30:00,25.3
2024-09-28 15:45:00,25.3
2024-09-28 16:00:00,27.3
2024-09-28 16:15:00,24.4
2024-09-28 16:30:00,
2024-09-28 16:45:00,24.2
2024-09-28 17:00:00,24.6
2024-09-28 17:15:00,24.8
2024-09-28 17:30:00,24.4
2024-09-28 17:45:00,27.6
2024-09-28 18:00:00,25.6
2024-09-28 18:15:00,24.3
2024-09-28 18:30:00,24.4
2024-09-28 18:45:00,23.3
2024-09-28 19:00:00,25.2
2024-09-28 19:15:00,23.0
2024-09-28 19:30:00,22.4
2024-09-28 19:45:00,25.6
2024-09-28 20:00:00,24.3
2024-09-28 20:15:00,24.9
2024-09-28 20:30:00,23.9
2024-09-28 20:45:00,
2024-09-28 21:00:00,26.4
2024-09-28 21:15:00,24.1
2024-09-28 21:30:00,25.9
2024-09-28 21:45:00,21.2
2024-09-28 22:00:00,22.7
2024-09-28 22:15:00,22.0
2024-09-28 22:30:00,27.6
2024-09-28 22:45:00,25.1
2024-09-28 23:00:00,24.0
2024-09-28 23:15:00,28.2
2024-09-28 23:30:00,22.8
2024-09-28 23:45:00,22.6
2024-09-29 00:00:00,24.6
2024-09-29 00:15:00,21.1
2024-09-29 00:30:00,21.7
2024-09-29 00:45:00,
2024-09-29 01:00:00,23.2
2024-09-29 01:15:00,24.3
2024-09-29 01:30:00,
2024-09-29 01:45:00,
2024-09-29 02:00:00,22.0
2024-09-29 02:15:00,23.0
2024-09-29 02:30:00,24.3
2024-09-29 02:45:00,20.8
2024-09-29 03:00:00,
2024-09-29 03:15:00,22.7
2024-09-29 03:30:00,23.7
2024-09-29 03:45:00,25.0
2024-09-29 04:00:00,25.9
2024-09-29 04:15:00,21.1
2024-09-29 04:30:00,
2024-09-29 04:45:00,20.5
2024-09-29 05:00:00,21.9
2024-09-29 05:15:00,21.1
2024-09-29 05:30:00,22.0
2024-09-29 05:45:00,
2024-09-29 06:00:00,23.2
2024-09-29 06:15:00,23.2
2024-09-29 06:30:00,23.2
2024-09-29 06:45:00,
2024-09-29 07:00:00,
2024-09-29 07:15:00,23.2
2024-09-29 07:30:00,23.2
2024-09-29 07:45:00,23.2
2024-09-29 08:00:00,
2024-09-29 08:15:00,23.2
2024-09-29 08:30:00,23.2
2024-09-29 08:45:00,
2024-09-29 09:00:00,
2024-09-29 09:15:00,23.2
2024-09-29 09:30:00,
2024-09-29 09:45:00,23.2
2024-09-29 10:00:00,
2024-09-29 10:15:00,23.2
2024-09-29 10:30:00,23.2
2024-09-29 10:45:00,23.2
2024-09-29 11:00:00,23.2
2024-09-29 11:15:00,23.2
2024-09-29 11:30:00,
2024-09-29 11:45:00,23.2
2024-09-29 12:00:00,23.2
2024-09-29 12:15:00,23.2
2024-09-29 12:30:00,23.2
2024-09-29 12:45:00,23.2
2024-09-29 13:00:00,
2024-09-29 13:15:00,23.9
2024-09-29 13:30:00,25.3
2024-09-29 13:45:00,24.3
2024-09-29 14:00:00,21.5
2024-09-29 14:15:00,26.7
2024-09-29 14:30:00,23.7
2024-09-29 14:45:00,23.7
2024-09-29 15:00:00,23.7
2024-09-29 15:15:00,23.7
2024-09-29 15:30:00,23.7
2024-09-29 15:45:00,23.7
2024-09-29 16:00:00,23.7
2024-09-29 16:15:00,23.7
2024-09-29 16:30:00,23.7
2024-09-29 16:45:00,23.7
2024-09-29 17:00:00,23.7
2024-09-29 17:15:00,23.7
2024-09-29 17:30:00,23.7
2024-09-29 17:45:00,23.7
2024-09-29 18:00:00,23.7
2024-09-29 18:15:00,23.7
2024-09-29 18:30:00,23.7
2024-09-29 18:45:00,23.7
2024-09-29 19:00:00,23.7
2024-09-29 19:15:00,23.7
2024-09-29 19:30:00,23.7
2024-09-29 19:45:00,
2024-09-29 20:00:00,23.7
2024-09-29 20:15:00,23.7
2024-09-29 20:30:00,23.7
2024-09-29 20:45:00,23.7
2024-09-29 21:00:00,
2024-09-29 21:15:00,23.7
2024-09-29 21:30:00,23.7
2024-09-29 21:45:00,23.7
2024-09-29 22:00:00,23.7
2024-09-29 22:15:00,23.7
2024-09-29 22:30:00,23.7
2024-09-29 22:45:00,23.7
2024-09-29 23:00:00,21.0
2024-09-29 23:15:00,20.5
2024-09-29 23:30:00,
2024-09-29 23:45:00,24.0
2024-09-30 00:00:00,21.7
2024-09-30 00:15:00,21.4
2024-09-30 00:30:00,21.1
2024-09-30 00:45:00,
2024-09-30 01:00:00,26.8
2024-09-30 01:15:00,22.3
2024-09-30 01:30:00,
2024-09-30 01:45:00,25.8
2024-09-30 02:00:00,25.9
2024-09-30 02:15:00,22.0
2024-09-30 02:30:00,24.3
2024-09-30 02:45:00,
2024-09-30 03:00:00,22.6
2024-09-30 03:15:00,20.5
2024-09-30 03:30:00,22.3
2024-09-30 03:45:00,22.4
2024-09-30 04:00:00,
2024-09-30 04:15:00,23.4
2024-09-30 04:30:00,24.3
2024-09-30 04:45:00,20.7
2024-09-30 05:00:00,28.5
2024-09-30 05:15:00,22.6
2024-09-30 05:30:00,23.8
2024-09-30 05:45:00,25.1
2024-09-30 06:00:00,22.0
2024-09-30 06:15:00,21.4
2024-09-30 06:30:00,
2024-09-30 06:45:00,27.3
2024-09-30 07:00:00,
2024-09-30 07:15:00,20.6
2024-09-30 07:30:00,23.8
2024-09-30 07:45:00,23.6
2024-09-30 08:00:00,22.0
2024-09-30 08:15:00,24.6
2024-09-30 08:30:00,21.6
2024-09-30 08:45:00,23.4
2024-09-30 09:00:00,
2024-09-30 09:15:00,
2024-09-30 09:30:00,
2024-09-30 09:45:00,
2024-09-30 10:00:00,22.3
2024-09-30 10:15:00,22.3
2024-09-30 10:30:00,26.7
2024-09-30 10:45:00,
2024-09-30 11:00:00,21.9
2024-09-30 11:15:00,24.5
2024-09-30 11:30:00,23.9
2024-09-30 11:45:00,20.9
2024-09-30 12:00:00,
2024-09-30 12:15:00,27.2
2024-09-30 12:30:00,22.6
2024-09-30 12:45:00,22.5
2024-09-30 13:00:00,22.6
2024-09-30 13:15:00,22.5
2024-09-30 13:30:00,22.8
2024-09-30 13:45:00,40.626196170184116
2024-09-30 14:00:00,22.6
2024-09-30 14:15:00,24.6
2024-09-30 14:30:00,21.3
2024-09-30 14:45:00,
2024-09-30 15:00:00,21.2
2024-09-30 15:15:00,24.0
2024-09-30 15:30:00,
2024-09-30 15:45:00,25.9
2024-09-30 16:00:00,
2024-09-30 16:15:00,22.7
2024-09-30 16:30:00,
2024-09-30 16:45:00,23.8
2024-09-30 17:00:00,24.4
2024-09-30 17:15:00,22.1
2024-09-30 17:30:00,
2024-09-30 17:45:00,23.4
2024-09-30 18:00:00,24.0
2024-09-30 18:15:00,24.5
2024-09-30 18:30:00,
2024-09-30 18:45:00,22.0
2024-09-30 19:00:00,21.5
2024-09-30 19:15:00,23.9
2024-09-30 19:30:00,
2024-09-30 19:45:00,
2024-09-30 20:00:00,
2024-09-30 20:15:00,
2024-09-30 20:30:00,23.3
2024-09-30 20:45:00,24.6
2024-09-30 21:00:00,24.2
2024-09-30 21:15:00,
2024-09-30 21:30:00,26.7
2024-09-30 21:45:00,26.4
2024-09-30 22:00:00,23.3
2024-09-30 22:15:00,23.3
2024-09-30 22:30:00,22.3
2024-09-30 22:45:00,
2024-09-30 23:00:00,23.6
2024-09-30 23:15:00,23.9
2024-09-30 23:30:00,23.2
2024-09-30 23:45:00,22.5
2024-10-01 00:00:00,23.0
2024-10-01 00:15:00,25.1
2024-10-01 00:30:00,
2024-10-01 00:45:00,23.7
2024-10-01 01:00:00,
2024-10-01 01:15:00,21.5
2024-10-01 01:30:00,25.0
2024-10-01 01:45:00,
2024-10-01 02:00:00,26.1
2024-10-01 02:15:00,25.1
2024-10-01 02:30:00,21.9
2024-10-01 02:45:00,25.4
2024-10-01 03:00:00,26.5
2024-10-01 03:15:00,24.5
2024-10-01 03:30:00,23.9
2024-10-01 03:45:00,25.0
2024-10-01 04:00:00,22.4
2024-10-01 04:15:00,23.9
2024-10-01 04:30:00,26.4
2024-10-01 04:45:00,
2024-10-01 05:00:00,
2024-10-01 05:15:00,
2024-10-01 05:30:00,
2024-10-01 05:45:00,22.5
2024-10-01 06:00:00,22.7
2024-10-01 06:15:00,24.3
2024-10-01 06:30:00,
2024-10-01 06:45:00,23.3
2024-10-01 07:00:00,22.5
2024-10-01 07:15:00,25.6
2024-10-01 07:30:00,23.5
2024-10-01 07:45:00,22.5
2024-10-01 08:00:00,26.1
2024-10-01 08:15:00,25.1
2024-10-01 08:30:00,23.0
2024-10-01 08:45:00,
2024-10-01 09:00:00,25.1
2024-10-01 09:15:00,26.2
2024-10-01 09:30:00,22.8
2024-10-01 09:45:00,
2024-10-01 10:00:00,
2024-10-01 10:15:00,
2024-10-01 10:30:00,
2024-10-01 10:45:00,
2024-10-01 11:00:00,
2024-10-01 11:15:00,
2024-10-01 11:30:00,
2024-10-01 11:45:00,23.8
2024-10-01 12:00:00,22.8
2024-10-01 12:15:00,24.2
2024-10-01 12:30:00,23.0
2024-10-01 12:45:00,27.1
2024-10-01 13:00:00,25.3
2024-10-01 13:15:00,
2024-10-01 13:30:00,24.4
2024-10-01 13:45:00,
2024-10-01 14:00:00,23.4
2024-10-01 14:15:00,25.0
2024-10-01 14:30:00,24.7
2024-10-01 14:45:00,23.0
2024-10-01 15:00:00,23.4
2024-10-01 15:15:00,25.4
2024-10-01 15:30:00,22.9
2024-10-01 15:45:00,26.6
2024-10-01 16:00:00,26.6
2024-10-01 16:15:00,24.1
2024-10-01 16:30:00,24.3
2024-10-01 16:45:00,24.8
2024-10-01 17:00:00,27.9
2024-10-01 17:15:00,23.6
2024-10-01 17:30:00,27.7
2024-10-01 17:45:00,25.5
2024-10-01 18:00:00,
2024-10-01 18:15:00,23.5
2024-10-01 18:30:00,
2024-10-01 18:45:00,
2024-10-01 19:00:00,25.6
2024-10-01 19:15:00,24.8
2024-10-01 19:30:00,26.2
2024-10-01 19:45:00,25.4
2024-10-01 20:00:00,25.4
2024-10-01 20:15:00,26.4
2024-10-01 20:30:00,26.6
2024-10-01 20:45:00,25.6
2024-10-01 21:00:00,24.8
2024-10-01 21:15:00,23.0
2024-10-01 21:30:00,22.0
2024-10-01 21:45:00,24.3
2024-10-01 22:00:00,22.8
2024-10-01 22:15:00,28.623445313428967
2024-10-01 22:30:00,28.123445313428967
2024-10-01 22:45:00,
2024-10-01 23:00:00,21.5
2024-10-01 23:15:00,24.0
2024-10-01 23:30:00,
2024-10-01 23:45:00,22.6
2024-10-02 00:00:00,22.2
2024-10-02 00:15:00,23.0
2024-10-02 00:30:00,
2024-10-02 00:45:00,22.7
2024-10-02 01:00:00,
2024-10-02 01:15:00,25.2
2024-10-02 01:30:00,
2024-10-02 01:45:00,
2024-10-02 02:00:00,
2024-10-02 02:15:00,
2024-10-02 02:30:00,23.6
2024-10-02 02:45:00,25.2
2024-10-02 03:00:00,21.8
2024-10-02 03:15:00,22.9
2024-10-02 03:30:00,22.7
2024-10-02 03:45:00,22.0
2024-10-02 04:00:00,25.3
2024-10-02 04:15:00,
2024-10-02 04:30:00,21.7
2024-10-02 04:45:00,22.0
2024-10-02 05:00:00,22.0
2024-10-02 05:15:00,27.0
2024-10-02 05:30:00,24.8
2024-10-02 05:45:00,24.7
2024-10-02 06:00:00,24.5
2024-10-02 06:15:00,24.0
2024-10-02 06:30:00,
2024-10-02 06:45:00,22.8
2024-10-02 07:00:00,24.5
2024-10-02 07:15:00,22.7
2024-10-02 07:30:00,25.1
2024-10-02 07:45:00,23.3
2024-10-02 08:00:00,23.3
2024-10-02 08:15:00,22.3
2024-10-02 08:30:00,25.2
2024-10-02 08:45:00,
2024-10-02 09:00:00,
2024-10-02 09:15:00,
2024-10-02 09:30:00,24.8
2024-10-02 09:45:00,
2024-10-02 10:00:00,25.4
2024-10-02 10:15:00,23.8
2024-10-02 10:30:00,
2024-10-02 10:45:00,22.2
2024-10-02 11:00:00,21.5
2024-10-02 11:15:00,
2024-10-02 11:30:00,23.2
2024-10-02 11:45:00,21.4
2024-10-02 12:00:00,21.9
2024-10-02 12:15:00,
2024-10-02 12:30:00,22.8
2024-10-02 12:45:00,
2024-10-02 13:00:00,22.6
2024-10-02 13:15:00,24.0
2024-10-02 13:30:00,23.5
2024-10-02 13:45:00,
2024-10-02 14:00:00,
2024-10-02 14:15:00,23.5
2024-10-02 14:30:00,25.7
2024-10-02 14:45:00,
2024-10-02 15:00:00,22.8
2024-10-02 15:15:00,
2024-10-02 15:30:00,
2024-10-02 15:45:00,24.4
2024-10-02 16:00:00,
2024-10-02 16:15:00,22.2
2024-10-02 16:30:00,26.1
2024-10-02 16:45:00,
2024-10-02 17:00:00,21.2
2024-10-02 17:15:00,
2024-10-02 17:30:00,26.1
2024-10-02 17:45:00,24.3
2024-10-02 18:00:00,32.834970952516024
2024-10-02 18:15:00,23.9
2024-10-02 18:30:00,21.6
2024-10-02 18:45:00,23.1
2024-10-02 19:00:00,
2024-10-02 19:15:00,22.6
2024-10-02 19:30:00,26.3
2024-10-02 19:45:00,21.8
2024-10-02 20:00:00,22.2
2024-10-02 20:15:00,24.8
2024-10-02 20:30:00,25.6
2024-10-02 20:45:00,27.0
2024-10-02 21:00:00,21.8
2024-10-02 21:15:00,
2024-10-02 21:30:00,22.5
2024-10-02 21:45:00,26.6
2024-10-02 22:00:00,24.4
2024-10-02 22:15:00,
2024-10-02 22:30:00,21.9
2024-10-02 22:45:00,23.8
2024-10-02 23:00:00,24.4
2024-10-02 23:15:00,25.8
2024-10-02 23:30:00,25.1
2024-10-02 23:45:00,21.7
2024-10-03 00:00:00,23.5
2024-10-03 00:15:00,25.5
2024-10-03 00:30:00,23.7
2024-10-03 00:45:00,
2024-10-03 01:00:00,24.3
2024-10-03 01:15:00,23.9
2024-10-03 01:30:00,22.5
2024-10-03 01:45:00,22.0
2024-10-03 02:00:00,
2024-10-03 02:15:00,23.3
2024-10-03 02:30:00,21.3
2024-10-03 02:45:00,23.6
2024-10-03 03:00:00,21.5
2024-10-03 03:15:00,
2024-10-03 03:30:00,24.7
2024-10-03 03:45:00,21.2
2024-10-03 04:00:00,21.2
2024-10-03 04:15:00,23.7
2024-10-03 04:30:00,22.3
2024-10-03 04:45:00,23.6
2024-10-03 05:00:00,
2024-10-03 05:15:00,20.7
2024-10-03 05:30:00,
2024-10-03 05:45:00,
2024-10-03 06:00:00,
2024-10-03 06:15:00,
2024-10-03 06:30:00,21.1
2024-10-03 06:45:00,
2024-10-03 07:00:00,
2024-10-03 07:15:00,
2024-10-03 07:30:00,23.8
2024-10-03 07:45:00,24.1
2024-10-03 08:00:00,21.1
2024-10-03 08:15:00,
2024-10-03 08:30:00,21.9
2024-10-03 08:45:00,22.5
2024-10-03 09:00:00,23.7
2024-10-03 09:15:00,
2024-10-03 09:30:00,21.8
2024-10-03 09:45:00,
2024-10-03 10:00:00,
2024-10-03 10:15:00,
2024-10-03 10:30:00,
2024-10-03 10:45:00,
2024-10-03 11:00:00,21.8
2024-10-03 11:15:00,22.9
2024-10-03 11:30:00,
2024-10-03 11:45:00,23.7
2024-10-03 12:00:00,21.8
2024-10-03 12:15:00,24.0
2024-10-03 12:30:00,20.5
2024-10-03 12:45:00,22.2
2024-10-03 13:00:00,
2024-10-03 13:15:00,20.6
2024-10-03 13:30:00,
2024-10-03 13:45:00,
2024-10-03 14:00:00,22.9
2024-10-03 14:15:00,23.1
2024-10-03 14:30:00,24.7
2024-10-03 14:45:00,24.6
2024-10-03 15:00:00,23.7
2024-10-03 15:15:00,
2024-10-03 15:30:00,21.2
2024-10-03 15:45:00,22.3
2024-10-03 16:00:00,23.6
2024-10-03 16:15:00,
2024-10-03 16:30:00,25.2
2024-10-03 16:45:00,
2024-10-03 17:00:00,25.8
2024-10-03 17:15:00,21.1
2024-10-03 17:30:00,27.1
2024-10-03 17:45:00,23.6
2024-10-03 18:00:00,24.0
2024-10-03 18:15:00,
2024-10-03 18:30:00,24.5
2024-10-03 18:45:00,25.4
2024-10-03 19:00:00,
2024-10-03 19:15:00,27.2
2024-10-03 19:30:00,22.2
2024-10-03 19:45:00,25.7
2024-10-03 20:00:00,22.7
2024-10-03 20:15:00,23.0
2024-10-03 20:30:00,21.0
2024-10-03 20:45:00,26.3
2024-10-03 21:00:00,21.2
2024-10-03 21:15:00,
2024-10-03 21:30:00,21.7
2024-10-03 21:45:00,20.4
2024-10-03 22:00:00,
2024-10-03 22:15:00,25.4
2024-10-03 22:30:00,25.9
2024-10-03 22:45:00,27.1
2024-10-03 23:00:00,25.7
2024-10-03 23:15:00,22.4
2024-10-03 23:30:00,23.0
2024-10-03 23:45:00,24.0
2024-10-04 00:00:00,21.0
2024-10-04 00:15:00,23.3
2024-10-04 00:30:00,20.5
2024-10-04 00:45:00,26.6
2024-10-04 01:00:00,25.0
2024-10-04 01:15:00,
2024-10-04 01:30:00,20.9
2024-10-04 01:45:00,24.8
2024-10-04 02:00:00,
2024-10-04 02:15:00,22.3
2024-10-04 02:30:00,23.2
2024-10-04 02:45:00,
2024-10-04 03:00:00,22.3
2024-10-04 03:15:00,23.5
2024-10-04 03:30:00,38.60383704169283
2024-10-04 03:45:00,39.60383704169283
2024-10-04 04:00:00,25.6
2024-10-04 04:15:00,19.9
2024-10-04 04:30:00,23.9
2024-10-04 04:45:00,23.2
2024-10-04 05:00:00,22.4
2024-10-04 05:15:00,22.7
2024-10-04 05:30:00,20.4
2024-10-04 05:45:00,
2024-10-04 06:00:00,21.8
2024-10-04 06:15:00,22.6
2024-10-04 06:30:00,25.1
2024-10-04 06:45:00,22.0
2024-10-04 07:00:00,
2024-10-04 07:15:00,
2024-10-04 07:30:00,20.3
2024-10-04 07:45:00,
2024-10-04 08:00:00,22.8
2024-10-04 08:15:00,20.8
2024-10-04 08:30:00,20.9
2024-10-04 08:45:00,
2024-10-04 09:00:00,22.7
2024-10-04 09:15:00,21.9
2024-10-04 09:30:00,26.2
2024-10-04 09:45:00,
2024-10-04 10:00:00,
2024-10-04 10:15:00,24.3
2024-10-04 10:30:00,
2024-10-04 10:45:00,20.9
2024-10-04 11:00:00,21.6
2024-10-04 11:15:00,
2024-10-04 11:30:00,22.1
2024-10-04 11:45:00,22.2
2024-10-04 12:00:00,25.5
2024-10-04 12:15:00,24.4
2024-10-04 12:30:00,23.3
2024-10-04 12:45:00,21.7
2024-10-04 13:00:00,20.7
2024-10-04 13:15:00,24.3
2024-10-04 13:30:00,
2024-10-04 13:45:00,23.3
2024-10-04 14:00:00,20.7
2024-10-04 14:15:00,23.5
2024-10-04 14:30:00,24.2
2024-10-04 14:45:00,
2024-10-04 15:00:00,
2024-10-04 15:15:00,21.5
2024-10-04 15:30:00,25.4
2024-10-04 15:45:00,22.8
2024-10-04 16:00:00,20.8
2024-10-04 16:15:00,38.994820321710364
2024-10-04 16:30:00,41.89482032171036
2024-10-04 16:45:00,42.69482032171036
2024-10-04 17:00:00,27.5
2024-10-04 17:15:00,25.0
2024-10-04 17:30:00,23.9
2024-10-04 17:45:00,
2024-10-04 18:00:00,23.9
2024-10-04 18:15:00,
2024-10-04 18:30:00,23.6
2024-10-04 18:45:00,20.8
2024-10-04 19:00:00,23.7
2024-10-04 19:15:00,23.0
2024-10-04 19:30:00,25.7
2024-10-04 19:45:00,28.29129300405242
2024-10-04 20:00:00,23.59129300405242
2024-10-04 20:15:00,21.5
2024-10-04 20:30:00,22.1
2024-10-04 20:45:00,24.0
2024-10-04 21:00:00,24.4
2024-10-04 21:15:00,20.9
2024-10-04 21:30:00,22.8
2024-10-04 21:45:00,22.8
2024-10-04 22:00:00,23.9
2024-10-04 22:15:00,22.8
2024-10-04 22:30:00,
2024-10-04 22:45:00,21.8
2024-10-04 23:00:00,22.5
2024-10-04 23:15:00,25.7
2024-10-04 23:30:00,20.3
2024-10-04 23:45:00,20.7
2024-10-05 00:00:00,21.3
2024-10-05 00:15:00,
2024-10-05 00:30:00,
2024-10-05 00:45:00,20.2
2024-10-05 01:00:00,21.8
2024-10-05 01:15:00,
2024-10-05 01:30:00,22.0
2024-10-05 01:45:00,
2024-10-05 02:00:00,22.1
2024-10-05 02:15:00,20.9
2024-10-05 02:30:00,
2024-10-05 02:45:00,25.406788369800935
2024-10-05 03:00:00,25.706788369800936
2024-10-05 03:15:00,23.0
2024-10-05 03:30:00,19.3
2024-10-05 03:45:00,23.0
2024-10-05 04:00:00,
2024-10-05 04:15:00,
2024-10-05 04:30:00,22.3
2024-10-05 04:45:00,22.4
2024-10-05 05:00:00,
2024-10-05 05:15:00,20.8
2024-10-05 05:30:00,22.3
2024-10-05 05:45:00,21.3
2024-10-05 06:00:00,18.4
2024-10-05 06:15:00,
2024-10-05 06:30:00,20.7
2024-10-05 06:45:00,19.5
2024-10-05 07:00:00,18.5
2024-10-05 07:15:00,20.5
2024-10-05 07:30:00,19.5
2024-10-05 07:45:00,19.3
2024-10-05 08:00:00,
2024-10-05 08:15:00,
2024-10-05 08:30:00,19.7
2024-10-05 08:45:00,19.0
2024-10-05 09:00:00,
2024-10-05 09:15:00,19.7
2024-10-05 09:30:00,22.4
2024-10-05 09:45:00,21.4
2024-10-05 10:00:00,20.5
2024-10-05 10:15:00,19.7
2024-10-05 10:30:00,20.8
2024-10-05 10:45:00,
2024-10-05 11:00:00,
2024-10-05 11:15:00,20.5
2024-10-05 11:30:00,20.7
2024-10-05 11:45:00,
2024-10-05 12:00:00,21.2
2024-10-05 12:15:00,
2024-10-05 12:30:00,22.8
2024-10-05 12:45:00,
2024-10-05 13:00:00,19.5
2024-10-05 13:15:00,
2024-10-05 13:30:00,
2024-10-05 13:45:00,20.8
2024-10-05 14:00:00,22.2
2024-10-05 14:15:00,20.0
2024-10-05 14:30:00,
2024-10-05 14:45:00,
2024-10-05 15:00:00,20.2
2024-10-05 15:15:00,19.6
2024-10-05 15:30:00,
2024-10-05 15:45:00,19.5
2024-10-05 16:00:00,
2024-10-05 16:15:00,22.52906996771128
2024-10-05 16:30:00,
2024-10-05 16:45:00,20.1
2024-10-05 17:00:00,18.8
2024-10-05 17:15:00,20.0
2024-10-05 17:30:00,18.3
2024-10-05 17:45:00,20.1
2024-10-05 18:00:00,
2024-10-05 18:15:00,20.4
2024-10-05 18:30:00,
2024-10-05 18:45:00,20.0
2024-10-05 19:00:00,21.3
2024-10-05 19:15:00,20.0
2024-10-05 19:30:00,20.9
2024-10-05 19:45:00,18.8
2024-10-05 20:00:00,20.7
2024-10-05 20:15:00,22.2
2024-10-05 20:30:00,
2024-10-05 20:45:00,20.0
2024-10-05 21:00:00,18.8
2024-10-05 21:15:00,18.1
2024-10-05 21:30:00,20.1
2024-10-05 21:45:00,18.3
2024-10-05 22:00:00,
2024-10-05 22:15:00,21.1
2024-10-05 22:30:00,
2024-10-05 22:45:00,17.7
2024-10-05 23:00:00,18.9
2024-10-05 23:15:00,21.7
2024-10-05 23:30:00,
2024-10-05 23:45:00,17.2
2024-10-06 00:00:00,
2024-10-06 00:15:00,20.5
2024-10-06 00:30:00,
2024-10-06 00:45:00,
2024-10-06 01:00:00,18.3
2024-10-06 01:15:00,
2024-10-06 01:30:00,
2024-10-06 01:45:00,
2024-10-06 02:00:00,20.7
2024-10-06 02:15:00,19.9
2024-10-06 02:30:00,17.1
2024-10-06 02:45:00,20.1
2024-10-06 03:00:00,19.4
2024-10-06 03:15:00,17.6
2024-10-06 03:30:00,19.7
2024-10-06 03:45:00,19.7
2024-10-06 04:00:00,19.3
2024-10-06 04:15:00,
2024-10-06 04:30:00,18.7
2024-10-06 04:45:00,19.2
2024-10-06 05:00:00,20.9
2024-10-06 05:15:00,21.5
2024-10-06 05:30:00,20.2
2024-10-06 05:45:00,
2024-10-06 06:00:00,
2024-10-06 06:15:00,21.1
2024-10-06 06:30:00,19.2
2024-10-06 06:45:00,17.7
2024-10-06 07:00:00,20.0
2024-10-06 07:15:00,21.7
2024-10-06 07:30:00,18.7
2024-10-06 07:45:00,20.2
2024-10-06 08:00:00,18.3
2024-10-06 08:15:00,17.5
2024-10-06 08:30:00,
2024-10-06 08:45:00,19.8
2024-10-06 09:00:00,19.3
2024-10-06 09:15:00,
2024-10-06 09:30:00,17.6
2024-10-06 09:45:00,20.0
2024-10-06 10:00:00,18.5
2024-10-06 10:15:00,21.1
2024-10-06 10:30:00,
2024-10-06 10:45:00,18.4
2024-10-06 11:00:00,21.5
2024-10-06 11:15:00,18.0
2024-10-06 11:30:00,17.6
2024-10-06 11:45:00,18.7
2024-10-06 12:00:00,
2024-10-06 12:15:00,20.9
2024-10-06 12:30:00,
2024-10-06 12:45:00,22.0
2024-10-06 13:00:00,
2024-10-06 13:15:00,19.7
2024-10-06 13:30:00,21.4
2024-10-06 13:45:00,21.3
2024-10-06 14:00:00,18.7
2024-10-06 14:15:00,19.9
2024-10-06 14:30:00,19.4
2024-10-06 14:45:00,21.3
2024-10-06 15:00:00,19.7
2024-10-06 15:15:00,
2024-10-06 15:30:00,
2024-10-06 15:45:00,
2024-10-06 16:00:00,
2024-10-06 16:15:00,21.3
2024-10-06 16:30:00,18.7
2024-10-06 16:45:00,19.7
2024-10-06 17:00:00,20.2
2024-10-06 17:15:00,
2024-10-06 17:30:00,20.7
2024-10-06 17:45:00,18.8
2024-10-06 18:00:00,24.0
2024-10-06 18:15:00,19.5
2024-10-06 18:30:00,20.8
2024-10-06 18:45:00,
2024-10-06 19:00:00,22.0
2024-10-06 19:15:00,19.7
2024-10-06 19:30:00,19.5
2024-10-06 19:45:00,22.1
2024-10-06 20:00:00,22.1
2024-10-06 20:15:00,22.6
2024-10-06 20:30:00,23.3
2024-10-06 20:45:00,
2024-10-06 21:00:00,20.9
2024-10-06 21:15:00,18.5
2024-10-06 21:30:00,38.78349085049498
2024-10-06 21:45:00,44.38349085049498
2024-10-06 22:00:00,41.483490850494974
2024-10-06 22:15:00,22.8
2024-10-06 22:30:00,24.8
2024-10-06 22:45:00,21.3
2024-10-06 23:00:00,20.9
2024-10-06 23:15:00,21.9
2024-10-06 23:30:00,23.2
2024-10-06 23:45:00,22.2
2024-10-07 00:00:00,19.5
2024-10-07 00:15:00,
2024-10-07 00:30:00,24.2
2024-10-07 00:45:00,19.5
2024-10-07 01:00:00,21.3
2024-10-07 01:15:00,19.7
2024-10-07 01:30:00,18.5
2024-10-07 01:45:00,
2024-10-07 02:00:00,21.4
2024-10-07 02:15:00,23.8
2024-10-07 02:30:00,22.1
2024-10-07 02:45:00,25.8
2024-10-07 03:00:00,
2024-10-07 03:15:00,21.8
2024-10-07 03:30:00,20.1
2024-10-07 03:45:00,23.1
2024-10-07 04:00:00,23.1
2024-10-07 04:15:00,26.5
2024-10-07 04:30:00,19.5
2024-10-07 04:45:00,
2024-10-07 05:00:00,27.668632458101477
2024-10-07 05:15:00,28.86863245810148
2024-10-07 05:30:00,21.9
2024-10-07 05:45:00,20.2
2024-10-07 06:00:00,
2024-10-07 06:15:00,19.4
2024-10-07 06:30:00,21.1
2024-10-07 06:45:00,19.8
2024-10-07 07:00:00,23.1
2024-10-07 07:15:00,
2024-10-07 07:30:00,24.8
2024-10-07 07:45:00,21.9
2024-10-07 08:00:00,22.4
2024-10-07 08:15:00,24.4
2024-10-07 08:30:00,20.6
2024-10-07 08:45:00,20.6
2024-10-07 09:00:00,21.2
2024-10-07 09:15:00,21.5
2024-10-07 09:30:00,25.9
2024-10-07 09:45:00,23.4
2024-10-07 10:00:00,21.8
2024-10-07 10:15:00,20.2
2024-10-07 10:30:00,
2024-10-07 10:45:00,
2024-10-07 11:00:00,21.4
2024-10-07 11:15:00,19.6
2024-10-07 11:30:00,25.31298326932218
2024-10-07 11:45:00,24.712983269322187
2024-10-07 12:00:00,29.712983269322187
2024-10-07 12:15:00,21.6
2024-10-07 12:30:00,
2024-10-07 12:45:00,23.6
2024-10-07 13:00:00,22.0
2024-10-07 13:15:00,22.3
2024-10-07 13:30:00,
2024-10-07 13:45:00,20.7
2024-10-07 14:00:00,
2024-10-07 14:15:00,24.6
2024-10-07 14:30:00,21.7
2024-10-07 14:45:00,20.2
2024-10-07 15:00:00,
2024-10-07 15:15:00,22.4
2024-10-07 15:30:00,20.7
2024-10-07 15:45:00,21.8
2024-10-07 16:00:00,20.2
2024-10-07 16:15:00,21.7
2024-10-07 16:30:00,22.8
2024-10-07 16:45:00,22.9
2024-10-07 17:00:00,20.2
2024-10-07 17:15:00,21.6
2024-10-07 17:30:00,23.6
2024-10-07 17:45:00,21.4
2024-10-07 18:00:00,24.1
2024-10-07 18:15:00,25.9
2024-10-07 18:30:00,26.8
2024-10-07 18:45:00,
2024-10-07 19:00:00,21.1
2024-10-07 19:15:00,21.3
2024-10-07 19:30:00,22.5
2024-10-07 19:45:00,
2024-10-07 20:00:00,23.3
2024-10-07 20:15:00,23.3
2024-10-07 20:30:00,
2024-10-07 20:45:00,22.2
2024-10-07 21:00:00,19.5
2024-10-07 21:15:00,23.4
2024-10-07 21:30:00,23.5
2024-10-07 21:45:00,23.0
2024-10-07 22:00:00,20.6
2024-10-07 22:15:00,
2024-10-07 22:30:00,21.3
2024-10-07 22:45:00,21.9
2024-10-07 23:00:00,21.0
2024-10-07 23:15:00,19.8
2024-10-07 23:30:00,22.8
2024-10-07 23:45:00,
2024-10-08 00:00:00,24.5
2024-10-08 00:15:00,20.7
2024-10-08 00:30:00,22.1
2024-10-08 00:45:00,
2024-10-08 01:00:00,22.2
2024-10-08 01:15:00,19.4
2024-10-08 01:30:00,21.1
2024-10-08 01:45:00,21.5
2024-10-08 02:00:00,23.8
2024-10-08 02:15:00,
2024-10-08 02:30:00,19.4
2024-10-08 02:45:00,22.9
2024-10-08 03:00:00,
2024-10-08 03:15:00,20.4
2024-10-08 03:30:00,20.0
2024-10-08 03:45:00,23.3
2024-10-08 04:00:00,22.0
2024-10-08 04:15:00,
2024-10-08 04:30:00,20.1
2024-10-08 04:45:00,24.7
2024-10-08 05:00:00,22.2
2024-10-08 05:15:00,19.4
2024-10-08 05:30:00,
2024-10-08 05:45:00,25.5
2024-10-08 06:00:00,
2024-10-08 06:15:00,22.2
2024-10-08 06:30:00,20.6
2024-10-08 06:45:00,20.4
2024-10-08 07:00:00,23.2
2024-10-08 07:15:00,
2024-10-08 07:30:00,20.7
2024-10-08 07:45:00,20.7
2024-10-08 08:00:00,25.5
2024-10-08 08:15:00,24.4
2024-10-08 08:30:00,26.3
2024-10-08 08:45:00,23.3
2024-10-08 09:00:00,21.5
2024-10-08 09:15:00,21.2
2024-10-08 09:30:00,
2024-10-08 09:45:00,20.3
2024-10-08 10:00:00,21.1
2024-10-08 10:15:00,24.6
2024-10-08 10:30:00,24.2
2024-10-08 10:45:00,
2024-10-08 11:00:00,22.7
2024-10-08 11:15:00,20.9
2024-10-08 11:30:00,
2024-10-08 11:45:00,28.81844602187959
2024-10-08 12:00:00,23.7
2024-10-08 12:15:00,21.0
2024-10-08 12:30:00,
2024-10-08 12:45:00,
2024-10-08 13:00:00,22.6
2024-10-08 13:15:00,19.9
2024-10-08 13:30:00,22.6
2024-10-08 13:45:00,20.3
2024-10-08 14:00:00,20.9
2024-10-08 14:15:00,21.6
2024-10-08 14:30:00,21.1
2024-10-08 14:45:00,20.4
2024-10-08 15:00:00,19.5
2024-10-08 15:15:00,19.8
2024-10-08 15:30:00,
2024-10-08 15:45:00,21.3
2024-10-08 16:00:00,
2024-10-08 16:15:00,21.9
2024-10-08 16:30:00,
2024-10-08 16:45:00,
2024-10-08 17:00:00,23.7
2024-10-08 17:15:00,23.2
2024-10-08 17:30:00,
2024-10-08 17:45:00,23.3
2024-10-08 18:00:00,19.6
2024-10-08 18:15:00,24.2
2024-10-08 18:30:00,
2024-10-08 18:45:00,23.8
2024-10-08 19:00:00,20.5
2024-10-08 19:15:00,21.5
2024-10-08 19:30:00,21.0
2024-10-08 19:45:00,25.1
2024-10-08 20:00:00,22.0
2024-10-08 20:15:00,
2024-10-08 20:30:00,21.4
2024-10-08 20:45:00,21.0
2024-10-08 21:00:00,21.1
2024-10-08 21:15:00,22.8
2024-10-08 21:30:00,
2024-10-08 21:45:00,
2024-10-08 22:00:00,22.8
2024-10-08 22:15:00,24.7
2024-10-08 22:30:00,18.3
2024-10-08 22:45:00,23.0
2024-10-08 23:00:00,18.2
2024-10-08 23:15:00,35.6094978015243
2024-10-08 23:30:00,21.4
2024-10-08 23:45:00,
2024-10-09 00:00:00,22.2
2024-10-09 00:15:00,18.4
2024-10-09 00:30:00,20.7
2024-10-09 00:45:00,20.9
2024-10-09 01:00:00,20.8
2024-10-09 01:15:00,21.0
2024-10-09 01:30:00,24.6
2024-10-09 01:45:00,19.3
2024-10-09 02:00:00,21.3
2024-10-09 02:15:00,18.4
2024-10-09 02:30:00,19.9
2024-10-09 02:45:00,
2024-10-09 03:00:00,22.1
2024-10-09 03:15:00,20.2
2024-10-09 03:30:00,25.5
2024-10-09 03:45:00,
2024-10-09 04:00:00,
2024-10-09 04:15:00,21.6
2024-10-09 04:30:00,19.6
2024-10-09 04:45:00,22.3
2024-10-09 05:00:00,22.0
2024-10-09 05:15:00,21.2
2024-10-09 05:30:00,22.3
2024-10-09 05:45:00,22.5
2024-10-09 06:00:00,20.7
2024-10-09 06:15:00,
2024-10-09 06:30:00,
2024-10-09 06:45:00,
2024-10-09 07:00:00,
2024-10-09 07:15:00,21.9
2024-10-09 07:30:00,21.5
2024-10-09 07:45:00,
2024-10-09 08:00:00,18.9
2024-10-09 08:15:00,
2024-10-09 08:30:00,20.7
2024-10-09 08:45:00,20.1
2024-10-09 09:00:00,20.2
2024-10-09 09:15:00,19.2
2024-10-09 09:30:00,20.6
2024-10-09 09:45:00,
2024-10-09 10:00:00,19.3
2024-10-09 10:15:00,21.9
2024-10-09 10:30:00,
2024-10-09 10:45:00,23.1
2024-10-09 11:00:00,
2024-10-09 11:15:00,21.5
2024-10-09 11:30:00,19.2
2024-10-09 11:45:00,
2024-10-09 12:00:00,20.3
2024-10-09 12:15:00,20.9
2024-10-09 12:30:00,21.1
2024-10-09 12:45:00,20.4
2024-10-09 13:00:00,22.3
2024-10-09 13:15:00,
2024-10-09 13:30:00,
2024-10-09 13:45:00,22.0
2024-10-09 14:00:00,22.5
2024-10-09 14:15:00,22.4
2024-10-09 14:30:00,23.4
2024-10-09 14:45:00,21.1
2024-10-09 15:00:00,22.8
2024-10-09 15:15:00,22.0
2024-10-09 15:30:00,21.9
2024-10-09 15:45:00,21.4
2024-10-09 16:00:00,22.0
2024-10-09 16:15:00,22.3
2024-10-09 16:30:00,22.4
2024-10-09 16:45:00,22.9
2024-10-09 17:00:00,21.2
2024-10-09 17:15:00,22.9
2024-10-09 17:30:00,21.7
2024-10-09 17:45:00,25.3
2024-10-09 18:00:00,23.1
2024-10-09 18:15:00,22.7
2024-10-09 18:30:00,24.4
2024-10-09 18:45:00,
2024-10-09 19:00:00,
2024-10-09 19:15:00,21.8
2024-10-09 19:30:00,22.4
2024-10-09 19:45:00,23.5
2024-10-09 20:00:00,
2024-10-09 20:15:00,25.3
2024-10-09 20:30:00,20.0
2024-10-09 20:45:00,24.2
2024-10-09 21:00:00,23.4
2024-10-09 21:15:00,
2024-10-09 21:30:00,22.4
2024-10-09 21:45:00,21.1
2024-10-09 22:00:00,19.5
2024-10-09 22:15:00,
2024-10-09 22:30:00,22.5
2024-10-09 22:45:00,23.1
2024-10-09 23:00:00,25.0
2024-10-09 23:15:00,21.6
2024-10-09 23:30:00,21.8
2024-10-09 23:45:00,
2024-10-10 00:00:00,
2024-10-10 00:15:00,21.0
2024-10-10 00:30:00,
2024-10-10 00:45:00,23.0
2024-10-10 01:00:00,24.1
2024-10-10 01:15:00,20.1
2024-10-10 01:30:00,22.8
2024-10-10 01:45:00,21.5
2024-10-10 02:00:00,25.0
2024-10-10 02:15:00,
2024-10-10 02:30:00,20.8
2024-10-10 02:45:00,23.8
2024-10-10 03:00:00,25.2
2024-10-10 03:15:00,23.9
2024-10-10 03:30:00,21.9
2024-10-10 03:45:00,20.1
2024-10-10 04:00:00,
2024-10-10 04:15:00,22.1
2024-10-10 04:30:00,
2024-10-10 04:45:00,
2024-10-10 05:00:00,
2024-10-10 05:15:00,
2024-10-10 05:30:00,
2024-10-10 05:45:00,
2024-10-10 06:00:00,23.5
2024-10-10 06:15:00,21.7
2024-10-10 06:30:00,
2024-10-10 06:45:00,
2024-10-10 07:00:00,23.5
2024-10-10 07:15:00,21.3
2024-10-10 07:30:00,22.9
2024-10-10 07:45:00,21.5
2024-10-10 08:00:00,21.3
2024-10-10 08:15:00,
2024-10-10 08:30:00,22.4
2024-10-10 08:45:00,
2024-10-10 09:00:00,
2024-10-10 09:15:00,20.2
2024-10-10 09:30:00,
2024-10-10 09:45:00,22.6
2024-10-10 10:00:00,22.1
2024-10-10 10:15:00,
2024-10-10 10:30:00,22.6
2024-10-10 10:45:00,
2024-10-10 11:00:00,
2024-10-10 11:15:00,
2024-10-10 11:30:00,
2024-10-10 11:45:00,23.4
2024-10-10 12:00:00,22.8
2024-10-10 12:15:00,22.1
2024-10-10 12:30:00,23.5
2024-10-10 12:45:00,24.3
2024-10-10 13:00:00,
2024-10-10 13:15:00,21.4
2024-10-10 13:30:00,
2024-10-10 13:45:00,25.7
2024-10-10 14:00:00,21.4
2024-10-10 14:15:00,
2024-10-10 14:30:00,
2024-10-10 14:45:00,21.7
2024-10-10 15:00:00,
2024-10-10 15:15:00,
2024-10-10 15:30:00,
2024-10-10 15:45:00,21.5
2024-10-10 16:00:00,
2024-10-10 16:15:00,24.5
2024-10-10 16:30:00,21.6
2024-10-10 16:45:00,24.0
2024-10-10 17:00:00,
2024-10-10 17:15:00,
2024-10-10 17:30:00,23.1
2024-10-10 17:45:00,
2024-10-10 18:00:00,23.2
2024-10-10 18:15:00,22.3
2024-10-10 18:30:00,22.7
2024-10-10 18:45:00,22.1
2024-10-10 19:00:00,
2024-10-10 19:15:00,23.0
2024-10-10 19:30:00,23.4
2024-10-10 19:45:00,30.4
2024-10-10 20:00:00,29.2
2024-10-10 20:15:00,27.8
2024-10-10 20:30:00,26.5
2024-10-10 20:45:00,
2024-10-10 21:00:00,
2024-10-10 21:15:00,21.6
2024-10-10 21:30:00,24.8
2024-10-10 21:45:00,23.6
2024-10-10 22:00:00,
2024-10-10 22:15:00,21.1
2024-10-10 22:30:00,25.5
2024-10-10 22:45:00,21.7
2024-10-10 23:00:00,
2024-10-10 23:15:00,22.6
2024-10-10 23:30:00,23.5
2024-10-10 23:45:00,22.8
2024-10-11 00:00:00,22.5
2024-10-11 00:15:00,22.6
2024-10-11 00:30:00,25.0
2024-10-11 00:45:00,23.3
2024-10-11 01:00:00,
2024-10-11 01:15:00,24.3
2024-10-11 01:30:00,
2024-10-11 01:45:00,20.4
2024-10-11 02:00:00,
2024-10-11 02:15:00,23.2
2024-10-11 02:30:00,22.7
2024-10-11 02:45:00,20.8
2024-10-11 03:00:00,
2024-10-11 03:15:00,24.0
2024-10-11 03:30:00,
2024-10-11 03:45:00,23.7
2024-10-11 04:00:00,
2024-10-11 04:15:00,23.5
2024-10-11 04:30:00,
2024-10-11 04:45:00,20.9
2024-10-11 05:00:00,22.7
2024-10-11 05:15:00,21.6
2024-10-11 05:30:00,
2024-10-11 05:45:00,19.7
2024-10-11 06:00:00,22.9
2024-10-11 06:15:00,
2024-10-11 06:30:00,22.7
2024-10-11 06:45:00,
2024-10-11 07:00:00,
2024-10-11 07:15:00,22.0
2024-10-11 07:30:00,
2024-10-11 07:45:00,19.7
2024-10-11 08:00:00,22.1
2024-10-11 08:15:00,22.0
2024-10-11 08:30:00,19.8
2024-10-11 08:45:00,19.0
2024-10-11 09:00:00,21.5
2024-10-11 09:15:00,19.8
2024-10-11 09:30:00,
2024-10-11 09:45:00,19.9
2024-10-11 10:00:00,22.9
2024-10-11 10:15:00,
2024-10-11 10:30:00,22.5
2024-10-11 10:45:00,24.1
2024-10-11 11:00:00,23.7
2024-10-11 11:15:00,19.4
2024-10-11 11:30:00,19.9
2024-10-11 11:45:00,
2024-10-11 12:00:00,22.1
2024-10-11 12:15:00,21.5
2024-10-11 12:30:00,23.7
2024-10-11 12:45:00,23.2
2024-10-11 13:00:00,
2024-10-11 13:15:00,
2024-10-11 13:30:00,
2024-10-11 13:45:00,22.5
2024-10-11 14:00:00,22.8
2024-10-11 14:15:00,24.3
2024-10-11 14:30:00,
2024-10-11 14:45:00,21.5
2024-10-11 15:00:00,
2024-10-11 15:15:00,21.4
2024-10-11 15:30:00,22.3
2024-10-11 15:45:00,
2024-10-11 16:00:00,23.6
2024-10-11 16:15:00,22.2
2024-10-11 16:30:00,21.1
2024-10-11 16:45:00,24.0
2024-10-11 17:00:00,24.7
2024-10-11 17:15:00,21.9
2024-10-11 17:30:00,21.5
2024-10-11 17:45:00,14.454692232039767
2024-10-11 18:00:00,
2024-10-11 18:15:00,
2024-10-11 18:30:00,22.2
2024-10-11 18:45:00,
2024-10-11 19:00:00,
2024-10-11 19:15:00,21.3
2024-10-11 19:30:00,21.9
2024-10-11 19:45:00,24.2
2024-10-11 20:00:00,
2024-10-11 20:15:00,21.1
2024-10-11 20:30:00,23.0
2024-10-11 20:45:00,21.2
2024-10-11 21:00:00,20.4
2024-10-11 21:15:00,23.6
2024-10-11 21:30:00,
2024-10-11 21:45:00,20.5
2024-10-11 22:00:00,23.0
2024-10-11 22:15:00,23.9
2024-10-11 22:30:00,21.1
2024-10-11 22:45:00,
2024-10-11 23:00:00,24.6
2024-10-11 23:15:00,21.6
2024-10-11 23:30:00,24.1
2024-10-11 23:45:00,24.5
2024-10-12 00:00:00,21.2
2024-10-12 00:15:00,
2024-10-12 00:30:00,20.9
2024-10-12 00:45:00,21.4
2024-10-12 01:00:00,
2024-10-12 01:15:00,20.8
2024-10-12 01:30:00,
2024-10-12 01:45:00,23.6
2024-10-12 02:00:00,23.4
2024-10-12 02:15:00,23.4
2024-10-12 02:30:00,23.2
2024-10-12 02:45:00,22.1
2024-10-12 03:00:00,21.4
2024-10-12 03:15:00,23.5
2024-10-12 03:30:00,21.9
2024-10-12 03:45:00,25.2
2024-10-12 04:00:00,
2024-10-12 04:15:00,24.9
2024-10-12 04:30:00,
2024-10-12 04:45:00,
2024-10-12 05:00:00,
2024-10-12 05:15:00,23.4
2024-10-12 05:30:00,
2024-10-12 05:45:00,22.8
2024-10-12 06:00:00,22.2
2024-10-12 06:15:00,20.7
2024-10-12 06:30:00,25.1
2024-10-12 06:45:00,24.4
2024-10-12 07:00:00,22.7
2024-10-12 07:15:00,24.6
2024-10-12 07:30:00,22.3
2024-10-12 07:45:00,23.8
2024-10-12 08:00:00,21.1
2024-10-12 08:15:00,
2024-10-12 08:30:00,31.2718319970412
2024-10-12 08:45:00,23.3
2024-10-12 09:00:00,22.4
2024-10-12 09:15:00,23.1
2024-10-12 09:30:00,23.9
2024-10-12 09:45:00,
2024-10-12 10:00:00,
2024-10-12 10:15:00,
2024-10-12 10:30:00,23.4
2024-10-12 10:45:00,25.1
2024-10-12 11:00:00,24.2
2024-10-12 11:15:00,22.9
2024-10-12 11:30:00,23.7
2024-10-12 11:45:00,23.7
2024-10-12 12:00:00,22.2
2024-10-12 12:15:00,22.4
2024-10-12 12:30:00,21.5
2024-10-12 12:45:00,25.6
2024-10-12 13:00:00,26.1
2024-10-12 13:15:00,
2024-10-12 13:30:00,
2024-10-12 13:45:00,23.9
2024-10-12 14:00:00,
2024-10-12 14:15:00,22.8
2024-10-12 14:30:00,25.8
2024-10-12 14:45:00,24.4
2024-10-12 15:00:00,22.9
2024-10-12 15:15:00,
2024-10-12 15:30:00,24.4
2024-10-12 15:45:00,26.6
2024-10-12 16:00:00,
2024-10-12 16:15:00,
2024-10-12 16:30:00,
2024-10-12 16:45:00,
2024-10-12 17:00:00,22.6
2024-10-12 17:15:00,22.0
2024-10-12 17:30:00,21.7
2024-10-12 17:45:00,24.2
2024-10-12 18:00:00,26.6
2024-10-12 18:15:00,26.0
2024-10-12 18:30:00,22.6
2024-10-12 18:45:00,
2024-10-12 19:00:00,22.7
2024-10-12 19:15:00,26.3
2024-10-12 19:30:00,25.9
2024-10-12 19:45:00,25.4
2024-10-12 20:00:00,
2024-10-12 20:15:00,22.3
2024-10-12 20:30:00,
2024-10-12 20:45:00,24.8
2024-10-12 21:00:00,22.3
2024-10-12 21:15:00,24.3
2024-10-12 21:30:00,
2024-10-12 21:45:00,
2024-10-12 22:00:00,26.9
2024-10-12 22:15:00,25.0
2024-10-12 22:30:00,24.2
2024-10-12 22:45:00,
2024-10-12 23:00:00,24.3
2024-10-12 23:15:00,24.3
2024-10-12 23:30:00,24.7
2024-10-12 23:45:00,25.7
2024-10-13 00:00:00,
2024-10-13 00:15:00,23.0
2024-10-13 00:30:00,26.2
2024-10-13 00:45:00,
2024-10-13 01:00:00,
2024-10-13 01:15:00,23.3
2024-10-13 01:30:00,24.1
2024-10-13 01:45:00,23.6
2024-10-13 02:00:00,22.2
2024-10-13 02:15:00,26.3
2024-10-13 02:30:00,25.1
2024-10-13 02:45:00,25.7
2024-10-13 03:00:00,
2024-10-13 03:15:00,
2024-10-13 03:30:00,
2024-10-13 03:45:00,24.4
2024-10-13 04:00:00,23.1
2024-10-13 04:15:00,24.4
2024-10-13 04:30:00,23.0
2024-10-13 04:45:00,26.2
2024-10-13 05:00:00,24.0
2024-10-13 05:15:00,25.2
2024-10-13 05:30:00,24.3
2024-10-13 05:45:00,22.6
2024-10-13 06:00:00,23.1
2024-10-13 06:15:00,
2024-10-13 06:30:00,
2024-10-13 06:45:00,
2024-10-13 07:00:00,24.6
2024-10-13 07:15:00,
2024-10-13 07:30:00,22.6
2024-10-13 07:45:00,
2024-10-13 08:00:00,26.4
2024-10-13 08:15:00,
2024-10-13 08:30:00,22.6
2024-10-13 08:45:00,
2024-10-13 09:00:00,22.4
2024-10-13 09:15:00,26.9
2024-10-13 09:30:00,26.1
2024-10-13 09:45:00,
2024-10-13 10:00:00,
2024-10-13 10:15:00,22.1
2024-10-13 10:30:00,25.2
2024-10-13 10:45:00,
2024-10-13 11:00:00,
2024-10-13 11:15:00,22.0
2024-10-13 11:30:00,22.9
2024-10-13 11:45:00,22.5
2024-10-13 12:00:00,26.2
2024-10-13 12:15:00,22.4
2024-10-13 12:30:00,24.2
2024-10-13 12:45:00,24.8
2024-10-13 13:00:00,22.0
2024-10-13 13:15:00,21.5
2024-10-13 13:30:00,
2024-10-13 13:45:00,24.1
2024-10-13 14:00:00,26.0
2024-10-13 14:15:00,24.0
2024-10-13 14:30:00,
2024-10-13 14:45:00,25.7
2024-10-13 15:00:00,23.4
2024-10-13 15:15:00,
2024-10-13 15:30:00,24.1
2024-10-13 15:45:00,23.4
2024-10-13 16:00:00,23.9
2024-10-13 16:15:00,24.2
2024-10-13 16:30:00,
2024-10-13 16:45:00,25.0
2024-10-13 17:00:00,20.7
2024-10-13 17:15:00,20.4
2024-10-13 17:30:00,23.5
2024-10-13 17:45:00,26.2
2024-10-13 18:00:00,22.4
2024-10-13 18:15:00,
2024-10-13 18:30:00,26.3
2024-10-13 18:45:00,20.8
2024-10-13 19:00:00,24.1
2024-10-13 19:15:00,
2024-10-13 19:30:00,25.8
2024-10-13 19:45:00,23.4
2024-10-13 20:00:00,22.4
2024-10-13 20:15:00,
2024-10-13 20:30:00,25.8
2024-10-13 20:45:00,
2024-10-13 21:00:00,24.1
2024-10-13 21:15:00,24.2
2024-10-13 21:30:00,
2024-10-13 21:45:00,
2024-10-13 22:00:00,23.6
2024-10-13 22:15:00,20.3
2024-10-13 22:30:00,
2024-10-13 22:45:00,
2024-10-13 23:00:00,23.5
2024-10-13 23:15:00,24.7
2024-10-13 23:30:00,21.8
2024-10-13 23:45:00,25.6
2024-10-14 00:00:00,24.7
2024-10-14 00:15:00,
2024-10-14 00:30:00,25.2
2024-10-14 00:45:00,23.0
2024-10-14 01:00:00,21.8
2024-10-14 01:15:00,
2024-10-14 01:30:00,20.3
2024-10-14 01:45:00,
2024-10-14 02:00:00,22.7
2024-10-14 02:15:00,20.4
2024-10-14 02:30:00,
2024-10-14 02:45:00,23.4
2024-10-14 03:00:00,22.9
2024-10-14 03:15:00,20.7
2024-10-14 03:30:00,24.8
2024-10-14 03:45:00,23.5
2024-10-14 04:00:00,25.0
2024-10-14 04:15:00,24.8
2024-10-14 04:30:00,
2024-10-14 04:45:00,22.9
2024-10-14 05:00:00,23.5
2024-10-14 05:15:00,20.7
2024-10-14 05:30:00,21.9
2024-10-14 05:45:00,21.9
2024-10-14 06:00:00,20.7
2024-10-14 06:15:00,20.9
2024-10-14 06:30:00,20.1
2024-10-14 06:45:00,
2024-10-14 07:00:00,21.1
2024-10-14 07:15:00,22.3
2024-10-14 07:30:00,23.0
2024-10-14 07:45:00,20.5
2024-10-14 08:00:00,21.7
2024-10-14 08:15:00,24.5
2024-10-14 08:30:00,22.1
2024-10-14 08:45:00,
2024-10-14 09:00:00,
2024-10-14 09:15:00,
2024-10-14 09:30:00,
2024-10-14 09:45:00,20.5
2024-10-14 10:00:00,
2024-10-14 10:15:00,22.2
2024-10-14 10:30:00,24.0
2024-10-14 10:45:00,25.4
2024-10-14 11:00:00,21.9
2024-10-14 11:15:00,23.9
2024-10-14 11:30:00,21.9
2024-10-14 11:45:00,25.0
2024-10-14 12:00:00,
2024-10-14 12:15:00,
2024-10-14 12:30:00,
2024-10-14 12:45:00,
2024-10-14 13:00:00,
2024-10-14 13:15:00,23.3
2024-10-14 13:30:00,26.4
2024-10-14 13:45:00,
2024-10-14 14:00:00,23.8
2024-10-14 14:15:00,21.3
2024-10-14 14:30:00,
2024-10-14 14:45:00,
2024-10-14 15:00:00,23.6
2024-10-14 15:15:00,
2024-10-14 15:30:00,24.9
2024-10-14 15:45:00,
2024-10-14 16:00:00,21.7
2024-10-14 16:15:00,24.7
2024-10-14 16:30:00,21.5
2024-10-14 16:45:00,22.7
2024-10-14 17:00:00,
2024-10-14 17:15:00,
2024-10-14 17:30:00,23.2
2024-10-14 17:45:00,21.0
2024-10-14 18:00:00,23.6
2024-10-14 18:15:00,20.8
2024-10-14 18:30:00,
2024-10-14 18:45:00,23.4
2024-10-14 19:00:00,24.8
2024-10-14 19:15:00,
2024-10-14 19:30:00,22.5
2024-10-14 19:45:00,21.7
2024-10-14 20:00:00,23.1
2024-10-14 20:15:00,24.6
2024-10-14 20:30:00,24.1
2024-10-14 20:45:00,25.5
2024-10-14 21:00:00,24.3
2024-10-14 21:15:00,
2024-10-14 21:30:00,21.8
2024-10-14 21:45:00,
2024-10-14 22:00:00,25.4
2024-10-14 22:15:00,21.1
2024-10-14 22:30:00,
2024-10-14 22:45:00,21.1
2024-10-14 23:00:00,
2024-10-14 23:15:00,23.5
2024-10-14 23:30:00,23.9
2024-10-14 23:45:00,24.3
2024-10-15 00:00:00,21.1
2024-10-15 00:15:00,23.1
2024-10-15 00:30:00,
2024-10-15 00:45:00,
2024-10-15 01:00:00,22.5
2024-10-15 01:15:00,
2024-10-15 01:30:00,25.2
2024-10-15 01:45:00,20.5
2024-10-15 02:00:00,21.7
2024-10-15 02:15:00,19.6
2024-10-15 02:30:00,21.5
2024-10-15 02:45:00,
2024-10-15 03:00:00,22.6
2024-10-15 03:15:00,20.5
2024-10-15 03:30:00,24.6
2024-10-15 03:45:00,19.0
2024-10-15 04:00:00,23.5
2024-10-15 04:15:00,
2024-10-15 04:30:00,20.3
2024-10-15 04:45:00,21.2
2024-10-15 05:00:00,20.1
2024-10-15 05:15:00,21.0
2024-10-15 05:30:00,19.3
2024-10-15 05:45:00,20.4
2024-10-15 06:00:00,
2024-10-15 06:15:00,20.4
2024-10-15 06:30:00,
2024-10-15 06:45:00,18.8
2024-10-15 07:00:00,22.0
2024-10-15 07:15:00,21.1
2024-10-15 07:30:00,22.9
2024-10-15 07:45:00,23.0
2024-10-15 08:00:00,25.3
2024-10-15 08:15:00,24.6
2024-10-15 08:30:00,20.9
2024-10-15 08:45:00,20.0
2024-10-15 09:00:00,
2024-10-15 09:15:00,20.5
2024-10-15 09:30:00,21.6
2024-10-15 09:45:00,18.4
2024-10-15 10:00:00,23.5
2024-10-15 10:15:00,
2024-10-15 10:30:00,23.7
2024-10-15 10:45:00,18.5
2024-10-15 11:00:00,24.3
2024-10-15 11:15:00,19.5
2024-10-15 11:30:00,22.6
2024-10-15 11:45:00,22.7
2024-10-15 12:00:00,20.8
2024-10-15 12:15:00,
2024-10-15 12:30:00,22.2
2024-10-15 12:45:00,18.8
2024-10-15 13:00:00,
2024-10-15 13:15:00,
2024-10-15 13:30:00,
2024-10-15 13:45:00,
2024-10-15 14:00:00,
2024-10-15 14:15:00,22.0
2024-10-15 14:30:00,21.8
2024-10-15 14:45:00,20.9
2024-10-15 15:00:00,19.2
2024-10-15 15:15:00,20.3
2024-10-15 15:30:00,25.5
2024-10-15 15:45:00,
2024-10-15 16:00:00,24.1
2024-10-15 16:15:00,
2024-10-15 16:30:00,22.6
2024-10-15 16:45:00,20.2
2024-10-15 17:00:00,30.86952841004674
2024-10-15 17:15:00,24.0
2024-10-15 17:30:00,21.1
2024-10-15 17:45:00,
2024-10-15 18:00:00,21.0
2024-10-15 18:15:00,23.3
2024-10-15 18:30:00,22.4
2024-10-15 18:45:00,
2024-10-15 19:00:00,20.4
2024-10-15 19:15:00,25.6
2024-10-15 19:30:00,19.8
2024-10-15 19:45:00,24.7
2024-10-15 20:00:00,22.0
2024-10-15 20:15:00,23.8
2024-10-15 20:30:00,21.5
2024-10-15 20:45:00,24.5
2024-10-15 21:00:00,21.5
2024-10-15 21:15:00,19.3
2024-10-15 21:30:00,23.3
2024-10-15 21:45:00,21.9
2024-10-15 22:00:00,20.8
2024-10-15 22:15:00,
2024-10-15 22:30:00,24.3
2024-10-15 22:45:00,20.0
2024-10-15 23:00:00,
2024-10-15 23:15:00,22.4
2024-10-15 23:30:00,24.9
2024-10-15 23:45:00,20.4
2024-10-16 00:00:00,
2024-10-16 00:15:00,
2024-10-16 00:30:00,23.9
2024-10-16 00:45:00,20.7
2024-10-16 01:00:00,22.8
2024-10-16 01:15:00,22.3
2024-10-16 01:30:00,24.8
2024-10-16 01:45:00,
2024-10-16 02:00:00,21.9
2024-10-16 02:15:00,22.4
2024-10-16 02:30:00,20.8
2024-10-16 02:45:00,21.0
2024-10-16 03:00:00,20.9
2024-10-16 03:15:00,19.3
2024-10-16 03:30:00,19.3
2024-10-16 03:45:00,23.0
2024-10-16 04:00:00,20.1
2024-10-16 04:15:00,21.0
2024-10-16 04:30:00,20.6
2024-10-16 04:45:00,
2024-10-16 05:00:00,22.5
2024-10-16 05:15:00,
2024-10-16 05:30:00,21.4
2024-10-16 05:45:00,
2024-10-16 06:00:00,23.5
2024-10-16 06:15:00,
2024-10-16 06:30:00,20.3
2024-10-16 06:45:00,20.7
2024-10-16 07:00:00,20.1
2024-10-16 07:15:00,18.8
2024-10-16 07:30:00,21.4
2024-10-16 07:45:00,20.7
2024-10-16 08:00:00,21.3
2024-10-16 08:15:00,
2024-10-16 08:30:00,21.2
2024-10-16 08:45:00,20.3
2024-10-16 09:00:00,
2024-10-16 09:15:00,22.2
2024-10-16 09:30:00,21.8
2024-10-16 09:45:00,22.3
2024-10-16 10:00:00,21.9
2024-10-16 10:15:00,22.9
2024-10-16 10:30:00,20.1
2024-10-16 10:45:00,19.7
2024-10-16 11:00:00,
2024-10-16 11:15:00,19.7
2024-10-16 11:30:00,22.3
2024-10-16 11:45:00,20.6
2024-10-16 12:00:00,19.8
2024-10-16 12:15:00,20.7
2024-10-16 12:30:00,22.6
2024-10-16 12:45:00,
2024-10-16 13:00:00,19.0
2024-10-16 13:15:00,20.0
2024-10-16 13:30:00,
2024-10-16 13:45:00,20.1
2024-10-16 14:00:00,
2024-10-16 14:15:00,19.8
2024-10-16 14:30:00,
2024-10-16 14:45:00,19.1
2024-10-16 15:00:00,20.7
2024-10-16 15:15:00,19.3
2024-10-16 15:30:00,
2024-10-16 15:45:00,22.2
2024-10-16 16:00:00,23.1
2024-10-16 16:15:00,19.6
2024-10-16 16:30:00,22.7
2024-10-16 16:45:00,20.3
2024-10-16 17:00:00,20.6
2024-10-16 17:15:00,
2024-10-16 17:30:00,21.0
2024-10-16 17:45:00,19.2
2024-10-16 18:00:00,21.8
2024-10-16 18:15:00,18.8
2024-10-16 18:30:00,20.1
2024-10-16 18:45:00,
2024-10-16 19:00:00,20.0
2024-10-16 19:15:00,20.7
2024-10-16 19:30:00,18.8
2024-10-16 19:45:00,19.0
2024-10-16 20:00:00,21.3
2024-10-16 20:15:00,21.2
2024-10-16 20:30:00,18.7
2024-10-16 20:45:00,18.5
2024-10-16 21:00:00,17.6
2024-10-16 21:15:00,
2024-10-16 21:30:00,20.2
2024-10-16 21:45:00,18.0
2024-10-16 22:00:00,19.8
2024-10-16 22:15:00,17.6
2024-10-16 22:30:00,20.2
2024-10-16 22:45:00,18.2
2024-10-16 23:00:00,20.2
2024-10-16 23:15:00,18.5
2024-10-16 23:30:00,23.6
2024-10-16 23:45:00,
2024-10-17 00:00:00,23.1
2024-10-17 00:15:00,21.8
2024-10-17 00:30:00,
2024-10-17 00:45:00,17.7
2024-10-17 01:00:00,23.0
2024-10-17 01:15:00,17.9
2024-10-17 01:30:00,21.0
2024-10-17 01:45:00,19.0
2024-10-17 02:00:00,
2024-10-17 02:15:00,18.9
2024-10-17 02:30:00,19.4
2024-10-17 02:45:00,20.5
2024-10-17 03:00:00,
2024-10-17 03:15:00,21.3
2024-10-17 03:30:00,18.9
2024-10-17 03:45:00,
2024-10-17 04:00:00,19.2
2024-10-17 04:15:00,21.6
2024-10-17 04:30:00,17.7
2024-10-17 04:45:00,18.6
2024-10-17 05:00:00,20.4
2024-10-17 05:15:00,39.92231838445797
2024-10-17 05:30:00,22.1
2024-10-17 05:45:00,23.2
2024-10-17 06:00:00,18.2
2024-10-17 06:15:00,
2024-10-17 06:30:00,18.4
2024-10-17 06:45:00,18.0
2024-10-17 07:00:00,19.1
2024-10-17 07:15:00,
2024-10-17 07:30:00,20.6
2024-10-17 07:45:00,21.6
2024-10-17 08:00:00,22.7
2024-10-17 08:15:00,
2024-10-17 08:30:00,
2024-10-17 08:45:00,
2024-10-17 09:00:00,22.1
2024-10-17 09:15:00,19.1
2024-10-17 09:30:00,20.4
2024-10-17 09:45:00,18.8
2024-10-17 10:00:00,6.240645072645078
2024-10-17 10:15:00,4.040645072645079
2024-10-17 10:30:00,21.9
2024-10-17 10:45:00,22.7
2024-10-17 11:00:00,21.4
2024-10-17 11:15:00,
2024-10-17 11:30:00,21.6
2024-10-17 11:45:00,20.9
2024-10-17 12:00:00,21.9
2024-10-17 12:15:00,23.9
2024-10-17 12:30:00,
2024-10-17 12:45:00,21.6
2024-10-17 13:00:00,21.7
2024-10-17 13:15:00,
2024-10-17 13:30:00,22.7
2024-10-17 13:45:00,20.7
2024-10-17 14:00:00,19.8
2024-10-17 14:15:00,21.0
2024-10-17 14:30:00,23.6
2024-10-17 14:45:00,23.6
2024-10-17 15:00:00,18.9
2024-10-17 15:15:00,
2024-10-17 15:30:00,21.1
2024-10-17 15:45:00,25.6
2024-10-17 16:00:00,21.9
2024-10-17 16:15:00,22.7
2024-10-17 16:30:00,21.9
2024-10-17 16:45:00,23.5
2024-10-17 17:00:00,23.4
2024-10-17 17:15:00,20.1
2024-10-17 17:30:00,23.1
2024-10-17 17:45:00,21.9
2024-10-17 18:00:00,22.1
2024-10-17 18:15:00,21.1
2024-10-17 18:30:00,23.1
2024-10-17 18:45:00,22.5
2024-10-17 19:00:00,22.4
2024-10-17 19:15:00,24.6
2024-10-17 19:30:00,21.5
2024-10-17 19:45:00,
2024-10-17 20:00:00,23.1
2024-10-17 20:15:00,22.6
2024-10-17 20:30:00,20.3
2024-10-17 20:45:00,23.1
2024-10-17 21:00:00,22.3
2024-10-17 21:15:00,
2024-10-17 21:30:00,
2024-10-17 21:45:00,
2024-10-17 22:00:00,
2024-10-17 22:15:00,
2024-10-17 22:30:00,
2024-10-17 22:45:00,
2024-10-17 23:00:00,
2024-10-17 23:15:00,
2024-10-17 23:30:00,21.4
2024-10-17 23:45:00,18.4
2024-10-18 00:00:00,
2024-10-18 00:15:00,20.0
2024-10-18 00:30:00,19.4
2024-10-18 00:45:00,20.0
2024-10-18 01:00:00,
2024-10-18 01:15:00,20.0
2024-10-18 01:30:00,18.2
2024-10-18 01:45:00,
2024-10-18 02:00:00,
2024-10-18 02:15:00,17.2
2024-10-18 02:30:00,20.7
2024-10-18 02:45:00,
2024-10-18 03:00:00,21.0
2024-10-18 03:15:00,
2024-10-18 03:30:00,
2024-10-18 03:45:00,19.2
2024-10-18 04:00:00,19.0
2024-10-18 04:15:00,20.3
2024-10-18 04:30:00,
2024-10-18 04:45:00,20.9
2024-10-18 05:00:00,19.5
2024-10-18 05:15:00,18.9
2024-10-18 05:30:00,18.8
2024-10-18 05:45:00,41.788102661968686
2024-10-18 06:00:00,17.8
2024-10-18 06:15:00,22.7
2024-10-18 06:30:00,22.7
2024-10-18 06:45:00,21.4
2024-10-18 07:00:00,21.3
2024-10-18 07:15:00,20.9
2024-10-18 07:30:00,20.0
2024-10-18 07:45:00,
2024-10-18 08:00:00,21.0
2024-10-18 08:15:00,18.8
2024-10-18 08:30:00,21.3
2024-10-18 08:45:00,21.8
2024-10-18 09:00:00,21.3
2024-10-18 09:15:00,20.3
2024-10-18 09:30:00,22.2
2024-10-18 09:45:00,21.8
2024-10-18 10:00:00,19.3
2024-10-18 10:15:00,20.8
2024-10-18 10:30:00,21.2
2024-10-18 10:45:00,21.0
2024-10-18 11:00:00,22.3
2024-10-18 11:15:00,19.9
2024-10-18 11:30:00,20.7
2024-10-18 11:45:00,
2024-10-18 12:00:00,18.1
2024-10-18 12:15:00,19.6
2024-10-18 12:30:00,22.4
2024-10-18 12:45:00,
2024-10-18 13:00:00,
2024-10-18 13:15:00,20.7
2024-10-18 13:30:00,18.8
2024-10-18 13:45:00,20.1
2024-10-18 14:00:00,22.5
2024-10-18 14:15:00,
2024-10-18 14:30:00,19.2
2024-10-18 14:45:00,20.9
2024-10-18 15:00:00,23.2
2024-10-18 15:15:00,22.1
2024-10-18 15:30:00,19.9
2024-10-18 15:45:00,23.2
2024-10-18 16:00:00,21.7
2024-10-18 16:15:00,20.4
2024-10-18 16:30:00,20.8
2024-10-18 16:45:00,20.4
2024-10-18 17:00:00,23.9
2024-10-18 17:15:00,21.4
2024-10-18 17:30:00,21.8
2024-10-18 17:45:00,21.2
2024-10-18 18:00:00,19.8
2024-10-18 18:15:00,22.1
2024-10-18 18:30:00,18.6
2024-10-18 18:45:00,18.6
2024-10-18 19:00:00,18.6
2024-10-18 19:15:00,18.6
2024-10-18 19:30:00,
2024-10-18 19:45:00,18.6
2024-10-18 20:00:00,
2024-10-18 20:15:00,18.6
2024-10-18 20:30:00,18.6
2024-10-18 20:45:00,18.6
2024-10-18 21:00:00,
2024-10-18 21:15:00,18.6
2024-10-18 21:30:00,18.6
2024-10-18 21:45:00,18.6
2024-10-18 22:00:00,18.6
2024-10-18 22:15:00,18.6
2024-10-18 22:30:00,18.6
2024-10-18 22:45:00,
2024-10-18 23:00:00,18.6
2024-10-18 23:15:00,18.6
2024-10-18 23:30:00,18.6
2024-10-18 23:45:00,18.6
2024-10-19 00:00:00,18.6
2024-10-19 00:15:00,18.6
2024-10-19 00:30:00,19.8
2024-10-19 00:45:00,21.6
2024-10-19 01:00:00,20.2
2024-10-19 01:15:00,
2024-10-19 01:30:00,21.9
2024-10-19 01:45:00,23.8
2024-10-19 02:00:00,19.1
2024-10-19 02:15:00,
2024-10-19 02:30:00,20.7
2024-10-19 02:45:00,21.8
2024-10-19 03:00:00,20.2
2024-10-19 03:15:00,
2024-10-19 03:30:00,22.2
2024-10-19 03:45:00,20.1
2024-10-19 04:00:00,23.6
2024-10-19 04:15:00,21.3
2024-10-19 04:30:00,
2024-10-19 04:45:00,17.8
2024-10-19 05:00:00,20.1
2024-10-19 05:15:00,18.8
2024-10-19 05:30:00,20.7
2024-10-19 05:45:00,20.6
2024-10-19 06:00:00,18.6
2024-10-19 06:15:00,18.1
2024-10-19 06:30:00,
2024-10-19 06:45:00,17.8
2024-10-19 07:00:00,
2024-10-19 07:15:00,18.3
2024-10-19 07:30:00,21.6
2024-10-19 07:45:00,12.071316887722425
2024-10-19 08:00:00,20.6
2024-10-19 08:15:00,20.5
2024-10-19 08:30:00,20.0
2024-10-19 08:45:00,
2024-10-19 09:00:00,20.6
2024-10-19 09:15:00,
2024-10-19 09:30:00,
2024-10-19 09:45:00,20.2
2024-10-19 10:00:00,19.2
2024-10-19 10:15:00,20.3
2024-10-19 10:30:00,18.5
2024-10-19 10:45:00,22.0
2024-10-19 11:00:00,23.1
2024-10-19 11:15:00,21.1
2024-10-19 11:30:00,21.5
2024-10-19 11:45:00,22.6
2024-10-19 12:00:00,20.4
2024-10-19 12:15:00,18.5
2024-10-19 12:30:00,18.2
2024-10-19 12:45:00,21.6
2024-10-19 13:00:00,17.4
2024-10-19 13:15:00,19.0
2024-10-19 13:30:00,17.5
2024-10-19 13:45:00,19.7
2024-10-19 14:00:00,16.9
2024-10-19 14:15:00,20.2
2024-10-19 14:30:00,17.4
2024-10-19 14:45:00,19.1
2024-10-19 15:00:00,18.5
2024-10-19 15:15:00,18.6
2024-10-19 15:30:00,19.2
2024-10-19 15:45:00,23.0
2024-10-19 16:00:00,20.1
2024-10-19 16:15:00,11.005843436722866
2024-10-19 16:30:00,20.5
2024-10-19 16:45:00,18.7
2024-10-19 17:00:00,18.7
2024-10-19 17:15:00,18.2
2024-10-19 17:30:00,19.1
2024-10-19 17:45:00,19.9
2024-10-19 18:00:00,18.9
2024-10-19 18:15:00,17.7
2024-10-19 18:30:00,21.5
2024-10-19 18:45:00,19.9
2024-10-19 19:00:00,21.7
2024-10-19 19:15:00,
2024-10-19 19:30:00,19.6
2024-10-19 19:45:00,17.6
2024-10-19 20:00:00,19.1
2024-10-19 20:15:00,18.0
2024-10-19 20:30:00,19.9
2024-10-19 20:45:00,18.1
2024-10-19 21:00:00,20.9
2024-10-19 21:15:00,20.2
2024-10-19 21:30:00,19.6
2024-10-19 21:45:00,19.5
2024-10-19 22:00:00,19.1
2024-10-19 22:15:00,17.2
2024-10-19 22:30:00,19.0
2024-10-19 22:45:00,
2024-10-19 23:00:00,20.9
2024-10-19 23:15:00,
2024-10-19 23:30:00,19.9
2024-10-19 23:45:00,16.8
2024-10-20 00:00:00,20.1
2024-10-20 00:15:00,
2024-10-20 00:30:00,22.1
2024-10-20 00:45:00,17.5
2024-10-20 01:00:00,17.8
2024-10-20 01:15:00,20.8
2024-10-20 01:30:00,18.4
2024-10-20 01:45:00,20.3
2024-10-20 02:00:00,20.8
2024-10-20 02:15:00,17.8
2024-10-20 02:30:00,18.9
2024-10-20 02:45:00,18.1
2024-10-20 03:00:00,17.5
2024-10-20 03:15:00,19.8
2024-10-20 03:30:00,21.9
2024-10-20 03:45:00,19.1
2024-10-20 04:00:00,18.1
2024-10-20 04:15:00,16.8
2024-10-20 04:30:00,19.1
2024-10-20 04:45:00,19.3
2024-10-20 05:00:00,18.6
2024-10-20 05:15:00,16.4
2024-10-20 05:30:00,19.1
2024-10-20 05:45:00,19.3
2024-10-20 06:00:00,20.9
2024-10-20 06:15:00,19.1
2024-10-20 06:30:00,
2024-10-20 06:45:00,19.5
2024-10-20 07:00:00,19.3
2024-10-20 07:15:00,15.4
2024-10-20 07:30:00,17.0
2024-10-20 07:45:00,20.1
2024-10-20 08:00:00,19.4
2024-10-20 08:15:00,
2024-10-20 08:30:00,18.0
2024-10-20 08:45:00,20.4
2024-10-20 09:00:00,17.6
2024-10-20 09:15:00,19.3
2024-10-20 09:30:00,17.4
2024-10-20 09:45:00,20.0
2024-10-20 10:00:00,1.1934042260362432
2024-10-20 10:15:00,16.8
2024-10-20 10:30:00,
2024-10-20 10:45:00,19.0
2024-10-20 11:00:00,22.4
2024-10-20 11:15:00,19.6
2024-10-20 11:30:00,21.3
2024-10-20 11:45:00,19.7
2024-10-20 12:00:00,18.3
2024-10-20 12:15:00,20.8
2024-10-20 12:30:00,17.1
2024-10-20 12:45:00,18.0
2024-10-20 13:00:00,
2024-10-20 13:15:00,
2024-10-20 13:30:00,15.8
2024-10-20 13:45:00,
2024-10-20 14:00:00,19.9
2024-10-20 14:15:00,20.8
2024-10-20 14:30:00,18.3
2024-10-20 14:45:00,19.9
2024-10-20 15:00:00,
2024-10-20 15:15:00,16.7
2024-10-20 15:30:00,17.7
2024-10-20 15:45:00,21.9
2024-10-20 16:00:00,18.9
2024-10-20 16:15:00,21.8
2024-10-20 16:30:00,18.5
2024-10-20 16:45:00,19.2
2024-10-20 17:00:00,
2024-10-20 17:15:00,14.9
2024-10-20 17:30:00,18.9
2024-10-20 17:45:00,17.9
2024-10-20 18:00:00,21.8
2024-10-20 18:15:00,
2024-10-20 18:30:00,19.2
2024-10-20 18:45:00,21.8
2024-10-20 19:00:00,18.4
2024-10-20 19:15:00,20.4
2024-10-20 19:30:00,22.4
2024-10-20 19:45:00,18.2
2024-10-20 20:00:00,22.3
2024-10-20 20:15:00,21.2
2024-10-20 20:30:00,20.0
2024-10-20 20:45:00,17.3
2024-10-20 21:00:00,20.0
2024-10-20 21:15:00,16.7
2024-10-20 21:30:00,
2024-10-20 21:45:00,21.4
2024-10-20 22:00:00,17.4
2024-10-20 22:15:00,
2024-10-20 22:30:00,15.8
2024-10-20 22:45:00,18.7
2024-10-20 23:00:00,17.9
2024-10-20 23:15:00,20.6
2024-10-20 23:30:00,19.8
2024-10-20 23:45:00,16.4
2024-10-21 00:00:00,20.3
2024-10-21 00:15:00,21.8
2024-10-21 00:30:00,24.404023457868895
2024-10-21 00:45:00,26.504023457868897
2024-10-21 01:00:00,22.4
2024-10-21 01:15:00,17.3
2024-10-21 01:30:00,18.8
2024-10-21 01:45:00,21.4
2024-10-21 02:00:00,19.8
2024-10-21 02:15:00,19.9
2024-10-21 02:30:00,21.2
2024-10-21 02:45:00,18.8
2024-10-21 03:00:00,17.3
2024-10-21 03:15:00,18.9
2024-10-21 03:30:00,19.8
2024-10-21 03:45:00,15.8
2024-10-21 04:00:00,15.8
2024-10-21 04:15:00,15.4
2024-10-21 04:30:00,29.326030324596463
2024-10-21 04:45:00,
2024-10-21 05:00:00,19.3
2024-10-21 05:15:00,20.2
2024-10-21 05:30:00,19.1
2024-10-21 05:45:00,17.1
2024-10-21 06:00:00,18.6
2024-10-21 06:15:00,16.4
2024-10-21 06:30:00,14.7
2024-10-21 06:45:00,18.3
2024-10-21 07:00:00,18.1
2024-10-21 07:15:00,18.9
2024-10-21 07:30:00,20.2
2024-10-21 07:45:00,16.9
2024-10-21 08:00:00,19.6
2024-10-21 08:15:00,17.8
2024-10-21 08:30:00,20.6
2024-10-21 08:45:00,18.2
2024-10-21 09:00:00,18.2
2024-10-21 09:15:00,18.4
2024-10-21 09:30:00,18.2
2024-10-21 09:45:00,19.2
2024-10-21 10:00:00,18.9
2024-10-21 10:15:00,17.6
2024-10-21 10:30:00,23.2
2024-10-21 10:45:00,19.3
2024-10-21 11:00:00,16.9
2024-10-21 11:15:00,18.1
2024-10-21 11:30:00,
2024-10-21 11:45:00,18.2
2024-10-21 12:00:00,17.4
2024-10-21 12:15:00,22.3
2024-10-21 12:30:00,17.8
2024-10-21 12:45:00,21.3
2024-10-21 13:00:00,16.6
2024-10-21 13:15:00,
2024-10-21 13:30:00,
2024-10-21 13:45:00,
2024-10-21 14:00:00,
2024-10-21 14:15:00,
2024-10-21 14:30:00,
2024-10-21 14:45:00,
2024-10-21 15:00:00,21.3
2024-10-21 15:15:00,17.7
2024-10-21 15:30:00,
2024-10-21 15:45:00,17.4
2024-10-21 16:00:00,20.1
2024-10-21 16:15:00,20.1
2024-10-21 16:30:00,15.9
2024-10-21 16:45:00,19.6
2024-10-21 17:00:00,18.8
2024-10-21 17:15:00,
2024-10-21 17:30:00,19.3
2024-10-21 17:45:00,
2024-10-21 18:00:00,16.2
2024-10-21 18:15:00,16.2
2024-10-21 18:30:00,17.2
2024-10-21 18:45:00,17.7
2024-10-21 19:00:00,
2024-10-21 19:15:00,17.6
2024-10-21 19:30:00,20.0
2024-10-21 19:45:00,21.0
2024-10-21 20:00:00,
2024-10-21 20:15:00,17.1
2024-10-21 20:30:00,22.9
2024-10-21 20:45:00,20.8
2024-10-21 21:00:00,20.7
2024-10-21 21:15:00,19.5
2024-10-21 21:30:00,19.7
2024-10-21 21:45:00,21.1
2024-10-21 22:00:00,20.0
2024-10-21 22:15:00,17.7
2024-10-21 22:30:00,18.7
2024-10-21 22:45:00,20.7
2024-10-21 23:00:00,24.2
2024-10-21 23:15:00,24.0
2024-10-21 23:30:00,19.0
2024-10-21 23:45:00,22.1
2024-10-22 00:00:00,19.3
2024-10-22 00:15:00,19.7
2024-10-22 00:30:00,20.1
2024-10-22 00:45:00,20.4
2024-10-22 01:00:00,19.4
2024-10-22 01:15:00,17.7
2024-10-22 01:30:00,18.6
2024-10-22 01:45:00,17.7
2024-10-22 02:00:00,19.9
2024-10-22 02:15:00,21.0
2024-10-22 02:30:00,22.5
2024-10-22 02:45:00,20.2
2024-10-22 03:00:00,20.7
2024-10-22 03:15:00,
2024-10-22 03:30:00,21.2
2024-10-22 03:45:00,18.7
2024-10-22 04:00:00,19.7
2024-10-22 04:15:00,
2024-10-22 04:30:00,19.5
2024-10-22 04:45:00,18.0
2024-10-22 05:00:00,19.4
2024-10-22 05:15:00,20.7
2024-10-22 05:30:00,21.1
2024-10-22 05:45:00,17.3
2024-10-22 06:00:00,19.6
2024-10-22 06:15:00,21.0
2024-10-22 06:30:00,19.1
2024-10-22 06:45:00,
2024-10-22 07:00:00,18.4
2024-10-22 07:15:00,
2024-10-22 07:30:00,20.1
2024-10-22 07:45:00,21.3
2024-10-22 08:00:00,18.2
2024-10-22 08:15:00,23.3
2024-10-22 08:30:00,21.3
2024-10-22 08:45:00,19.5
2024-10-22 09:00:00,
2024-10-22 09:15:00,
2024-10-22 09:30:00,19.0
2024-10-22 09:45:00,21.4
2024-10-22 10:00:00,21.9
2024-10-22 10:15:00,19.2
2024-10-22 10:30:00,21.8
2024-10-22 10:45:00,17.1
2024-10-22 11:00:00,18.5
2024-10-22 11:15:00,
2024-10-22 11:30:00,17.2
2024-10-22 11:45:00,20.5
2024-10-22 12:00:00,
2024-10-22 12:15:00,19.8
2024-10-22 12:30:00,17.5
2024-10-22 12:45:00,20.1
2024-10-22 13:00:00,19.5
2024-10-22 13:15:00,
2024-10-22 13:30:00,22.5
2024-10-22 13:45:00,19.4
2024-10-22 14:00:00,
2024-10-22 14:15:00,
2024-10-22 14:30:00,
2024-10-22 14:45:00,
2024-10-22 15:00:00,21.4
2024-10-22 15:15:00,
2024-10-22 15:30:00,
2024-10-22 15:45:00,18.1
2024-10-22 16:00:00,17.2
2024-10-22 16:15:00,17.2
2024-10-22 16:30:00,24.8
2024-10-22 16:45:00,21.5
2024-10-22 17:00:00,18.8
2024-10-22 17:15:00,
2024-10-22 17:30:00,19.0
2024-10-22 17:45:00,18.0
2024-10-22 18:00:00,21.9
2024-10-22 18:15:00,
2024-10-22 18:30:00,18.5
2024-10-22 18:45:00,19.0
2024-10-22 19:00:00,
2024-10-22 19:15:00,21.0
2024-10-22 19:30:00,17.8
2024-10-22 19:45:00,
2024-10-22 20:00:00,17.4
2024-10-22 20:15:00,21.9
2024-10-22 20:30:00,19.5
2024-10-22 20:45:00,20.1
2024-10-22 21:00:00,22.5
2024-10-22 21:15:00,22.9
2024-10-22 21:30:00,22.2
2024-10-22 21:45:00,23.7
2024-10-22 22:00:00,
2024-10-22 22:15:00,21.4
2024-10-22 22:30:00,24.3
2024-10-22 22:45:00,20.5
2024-10-22 23:00:00,0.0
2024-10-22 23:15:00,
2024-10-22 23:30:00,19.8
2024-10-22 23:45:00,24.7
2024-10-23 00:00:00,20.8
2024-10-23 00:15:00,18.4
2024-10-23 00:30:00,18.4
2024-10-23 00:45:00,20.4
2024-10-23 01:00:00,18.9
2024-10-23 01:15:00,20.5
2024-10-23 01:30:00,23.1
2024-10-23 01:45:00,22.6
2024-10-23 02:00:00,
2024-10-23 02:15:00,19.2
2024-10-23 02:30:00,22.6
2024-10-23 02:45:00,20.3
2024-10-23 03:00:00,19.5
2024-10-23 03:15:00,20.2
2024-10-23 03:30:00,
2024-10-23 03:45:00,
2024-10-23 04:00:00,22.3
2024-10-23 04:15:00,19.7
2024-10-23 04:30:00,20.0
2024-10-23 04:45:00,18.5
2024-10-23 05:00:00,18.9
2024-10-23 05:15:00,
2024-10-23 05:30:00,20.3
2024-10-23 05:45:00,
2024-10-23 06:00:00,19.2
2024-10-23 06:15:00,20.0
2024-10-23 06:30:00,19.3
2024-10-23 06:45:00,19.3
2024-10-23 07:00:00,
2024-10-23 07:15:00,19.3
2024-10-23 07:30:00,19.3
2024-10-23 07:45:00,19.3
2024-10-23 08:00:00,19.3
2024-10-23 08:15:00,19.3
2024-10-23 08:30:00,19.3
2024-10-23 08:45:00,19.3
2024-10-23 09:00:00,19.3
2024-10-23 09:15:00,19.3
2024-10-23 09:30:00,19.3
2024-10-23 09:45:00,19.3
2024-10-23 10:00:00,19.3
2024-10-23 10:15:00,
2024-10-23 10:30:00,20.4
2024-10-23 10:45:00,22.4
2024-10-23 11:00:00,18.4
2024-10-23 11:15:00,18.9
2024-10-23 11:30:00,18.0
2024-10-23 11:45:00,23.3
2024-10-23 12:00:00,
2024-10-23 12:15:00,18.3
2024-10-23 12:30:00,21.6
2024-10-23 12:45:00,21.1
2024-10-23 13:00:00,23.5
2024-10-23 13:15:00,18.3
2024-10-23 13:30:00,21.6
2024-10-23 13:45:00,22.6
2024-10-23 14:00:00,21.6
2024-10-23 14:15:00,
2024-10-23 14:30:00,18.3
2024-10-23 14:45:00,23.1
2024-10-23 15:00:00,23.8
2024-10-23 15:15:00,17.9
2024-10-23 15:30:00,20.4
2024-10-23 15:45:00,
2024-10-23 16:00:00,44.56454537870108
2024-10-23 16:15:00,44.464545378701075
2024-10-23 16:30:00,22.0
2024-10-23 16:45:00,19.1
2024-10-23 17:00:00,20.1
2024-10-23 17:15:00,
2024-10-23 17:30:00,23.0
2024-10-23 17:45:00,21.7
2024-10-23 18:00:00,22.5
2024-10-23 18:15:00,21.1
2024-10-23 18:30:00,
2024-10-23 18:45:00,24.1
2024-10-23 19:00:00,21.0
2024-10-23 19:15:00,
2024-10-23 19:30:00,20.2
2024-10-23 19:45:00,21.3
2024-10-23 20:00:00,19.1
2024-10-23 20:15:00,24.0
2024-10-23 20:30:00,21.3
2024-10-23 20:45:00,20.6
2024-10-23 21:00:00,18.6
2024-10-23 21:15:00,20.2
2024-10-23 21:30:00,24.0
2024-10-23 21:45:00,19.1
2024-10-23 22:00:00,21.7
2024-10-23 22:15:00,23.6
2024-10-23 22:30:00,21.3
2024-10-23 22:45:00,
2024-10-23 23:00:00,19.9
2024-10-23 23:15:00,21.3
2024-10-23 23:30:00,22.1
2024-10-23 23:45:00,21.0
2024-10-24 00:00:00,20.6
2024-10-24 00:15:00,22.4
2024-10-24 00:30:00,18.1
2024-10-24 00:45:00,23.9
2024-10-24 01:00:00,20.1
2024-10-24 01:15:00,21.7
2024-10-24 01:30:00,20.3
2024-10-24 01:45:00,20.5
2024-10-24 02:00:00,17.4
2024-10-24 02:15:00,20.3
2024-10-24 02:30:00,19.1
2024-10-24 02:45:00,21.1
2024-10-24 03:00:00,19.1
2024-10-24 03:15:00,19.3
2024-10-24 03:30:00,18.3
2024-10-24 03:45:00,46.00844356411925
2024-10-24 04:00:00,42.908443564119246
2024-10-24 04:15:00,18.1
2024-10-24 04:30:00,
2024-10-24 04:45:00,24.4
2024-10-24 05:00:00,17.3
2024-10-24 05:15:00,
2024-10-24 05:30:00,21.2
2024-10-24 05:45:00,21.5
2024-10-24 06:00:00,23.5
2024-10-24 06:15:00,
2024-10-24 06:30:00,18.7
2024-10-24 06:45:00,23.0
2024-10-24 07:00:00,19.6
2024-10-24 07:15:00,17.9
2024-10-24 07:30:00,22.2
2024-10-24 07:45:00,
2024-10-24 08:00:00,31.957247910885254
2024-10-24 08:15:00,28.557247910885252
2024-10-24 08:30:00,31.557247910885252
2024-10-24 08:45:00,22.1
2024-10-24 09:00:00,19.6
2024-10-24 09:15:00,22.9
2024-10-24 09:30:00,20.6
2024-10-24 09:45:00,17.8
2024-10-24 10:00:00,17.3
2024-10-24 10:15:00,21.6
2024-10-24 10:30:00,22.5
2024-10-24 10:45:00,20.7
2024-10-24 11:00:00,21.5
2024-10-24 11:15:00,
2024-10-24 11:30:00,20.9
2024-10-24 11:45:00,19.0
2024-10-24 12:00:00,21.4
2024-10-24 12:15:00,19.5
2024-10-24 12:30:00,22.9
2024-10-24 12:45:00,17.8
2024-10-24 13:00:00,25.0
2024-10-24 13:15:00,18.1
2024-10-24 13:30:00,21.9
2024-10-24 13:45:00,
2024-10-24 14:00:00,24.4
2024-10-24 14:15:00,
2024-10-24 14:30:00,
2024-10-24 14:45:00,
2024-10-24 15:00:00,
2024-10-24 15:15:00,
2024-10-24 15:30:00,19.6
2024-10-24 15:45:00,17.7
2024-10-24 16:00:00,21.6
2024-10-24 16:15:00,20.7
2024-10-24 16:30:00,21.8
2024-10-24 16:45:00,19.2
2024-10-24 17:00:00,19.1
2024-10-24 17:15:00,19.7
2024-10-24 17:30:00,
2024-10-24 17:45:00,21.0
2024-10-24 18:00:00,22.3
2024-10-24 18:15:00,20.7
2024-10-24 18:30:00,17.5
2024-10-24 18:45:00,20.6
2024-10-24 19:00:00,20.0
2024-10-24 19:15:00,21.8
2024-10-24 19:30:00,18.7
2024-10-24 19:45:00,19.1
2024-10-24 20:00:00,20.8
2024-10-24 20:15:00,19.2
2024-10-24 20:30:00,
2024-10-24 20:45:00,19.0
2024-10-24 21:00:00,23.3
2024-10-24 21:15:00,20.6
2024-10-24 21:30:00,
2024-10-24 21:45:00,
2024-10-24 22:00:00,19.2
2024-10-24 22:15:00,25.1
2024-10-24 22:30:00,19.9
2024-10-24 22:45:00,
2024-10-24 23:00:00,
2024-10-24 23:15:00,18.9
2024-10-24 23:30:00,22.7
2024-10-24 23:45:00,18.7
2024-10-25 00:00:00,
2024-10-25 00:15:00,17.3
2024-10-25 00:30:00,20.5
2024-10-25 00:45:00,23.0
2024-10-25 01:00:00,19.6
2024-10-25 01:15:00,18.1
2024-10-25 01:30:00,17.9
2024-10-25 01:45:00,
2024-10-25 02:00:00,
2024-10-25 02:15:00,
2024-10-25 02:30:00,
2024-10-25 02:45:00,23.8
2024-10-25 03:00:00,21.5
2024-10-25 03:15:00,22.0
2024-10-25 03:30:00,22.2
2024-10-25 03:45:00,19.9
2024-10-25 04:00:00,22.8
2024-10-25 04:15:00,20.1
2024-10-25 04:30:00,20.5
2024-10-25 04:45:00,22.9
2024-10-25 05:00:00,
2024-10-25 05:15:00,18.5
2024-10-25 05:30:00,18.0
2024-10-25 05:45:00,21.8
2024-10-25 06:00:00,
2024-10-25 06:15:00,19.6
2024-10-25 06:30:00,19.5
2024-10-25 06:45:00,
2024-10-25 07:00:00,20.5
2024-10-25 07:15:00,
2024-10-25 07:30:00,21.8
2024-10-25 07:45:00,23.9
2024-10-25 08:00:00,20.9
2024-10-25 08:15:00,21.2
2024-10-25 08:30:00,25.3
2024-10-25 08:45:00,20.9
2024-10-25 09:00:00,20.4
2024-10-25 09:15:00,19.1
2024-10-25 09:30:00,20.7
2024-10-25 09:45:00,23.6
2024-10-25 10:00:00,18.8
2024-10-25 10:15:00,
2024-10-25 10:30:00,
2024-10-25 10:45:00,19.0
2024-10-25 11:00:00,
2024-10-25 11:15:00,22.2
2024-10-25 11:30:00,19.8
2024-10-25 11:45:00,17.9
2024-10-25 12:00:00,
2024-10-25 12:15:00,22.6
2024-10-25 12:30:00,19.3
2024-10-25 12:45:00,19.6
2024-10-25 13:00:00,21.3
2024-10-25 13:15:00,
2024-10-25 13:30:00,23.5
2024-10-25 13:45:00,23.6
2024-10-25 14:00:00,19.6
2024-10-25 14:15:00,22.2
2024-10-25 14:30:00,22.4
2024-10-25 14:45:00,
2024-10-25 15:00:00,22.9
2024-10-25 15:15:00,24.1
2024-10-25 15:30:00,20.4
2024-10-25 15:45:00,
2024-10-25 16:00:00,19.1
2024-10-25 16:15:00,19.8
2024-10-25 16:30:00,21.0
2024-10-25 16:45:00,18.6
2024-10-25 17:00:00,19.0
2024-10-25 17:15:00,18.0
2024-10-25 17:30:00,19.3
2024-10-25 17:45:00,17.6
2024-10-25 18:00:00,20.2
2024-10-25 18:15:00,20.5
2024-10-25 18:30:00,23.2
2024-10-25 18:45:00,45.40720759469323
2024-10-25 19:00:00,23.7
2024-10-25 19:15:00,20.3
2024-10-25 19:30:00,19.0
2024-10-25 19:45:00,17.0
2024-10-25 20:00:00,24.0
2024-10-25 20:15:00,18.4
2024-10-25 20:30:00,20.6
2024-10-25 20:45:00,21.6
2024-10-25 21:00:00,19.7
2024-10-25 21:15:00,19.8
2024-10-25 21:30:00,
2024-10-25 21:45:00,23.6
2024-10-25 22:00:00,21.4
2024-10-25 22:15:00,17.3
2024-10-25 22:30:00,
2024-10-25 22:45:00,19.4
2024-10-25 23:00:00,
2024-10-25 23:15:00,19.0
2024-10-25 23:30:00,19.0
2024-10-25 23:45:00,19.0
2024-10-26 00:00:00,19.0
2024-10-26 00:15:00,19.0
2024-10-26 00:30:00,19.0
2024-10-26 00:45:00,19.0
2024-10-26 01:00:00,19.0
2024-10-26 01:15:00,19.0
2024-10-26 01:30:00,19.0
2024-10-26 01:45:00,
2024-10-26 02:00:00,21.8
2024-10-26 02:15:00,17.9
2024-10-26 02:30:00,20.3
2024-10-26 02:45:00,15.4
2024-10-26 03:00:00,17.4
2024-10-26 03:15:00,16.5
2024-10-26 03:30:00,22.6
2024-10-26 03:45:00,18.3
2024-10-26 04:00:00,20.6
2024-10-26 04:15:00,19.7
2024-10-26 04:30:00,20.8
2024-10-26 04:45:00,18.5
2024-10-26 05:00:00,18.8
2024-10-26 05:15:00,22.7
2024-10-26 05:30:00,
2024-10-26 05:45:00,21.3
2024-10-26 06:00:00,20.7
2024-10-26 06:15:00,17.4
2024-10-26 06:30:00,22.7
2024-10-26 06:45:00,20.2
2024-10-26 07:00:00,22.4
2024-10-26 07:15:00,19.4
2024-10-26 07:30:00,
2024-10-26 07:45:00,17.9
2024-10-26 08:00:00,16.4
2024-10-26 08:15:00,14.223475510701537
2024-10-26 08:30:00,13.723475510701537
2024-10-26 08:45:00,10.323475510701535
2024-10-26 09:00:00,16.5
2024-10-26 09:15:00,20.1
2024-10-26 09:30:00,17.8
2024-10-26 09:45:00,18.3
2024-10-26 10:00:00,17.9
2024-10-26 10:15:00,14.9
2024-10-26 10:30:00,23.5
2024-10-26 10:45:00,
2024-10-26 11:00:00,18.7
2024-10-26 11:15:00,21.0
2024-10-26 11:30:00,18.7
2024-10-26 11:45:00,21.9
2024-10-26 12:00:00,19.8
2024-10-26 12:15:00,17.5
2024-10-26 12:30:00,15.2
2024-10-26 12:45:00,18.6
2024-10-26 13:00:00,21.7
2024-10-26 13:15:00,18.9
2024-10-26 13:30:00,15.4
2024-10-26 13:45:00,20.7
2024-10-26 14:00:00,14.9
2024-10-26 14:15:00,17.7
2024-10-26 14:30:00,16.9
2024-10-26 14:45:00,22.5
2024-10-26 15:00:00,17.9
2024-10-26 15:15:00,18.9
2024-10-26 15:30:00,15.9
2024-10-26 15:45:00,21.1
2024-10-26 16:00:00,20.7
2024-10-26 16:15:00,30.76299477961604
2024-10-26 16:30:00,20.0
2024-10-26 16:45:00,15.3
2024-10-26 17:00:00,17.9
2024-10-26 17:15:00,20.0
2024-10-26 17:30:00,22.2
2024-10-26 17:45:00,21.9
2024-10-26 18:00:00,
2024-10-26 18:15:00,50.74295923546691
2024-10-26 18:30:00,51.942959235466915
2024-10-26 18:45:00,54.54295923546691
2024-10-26 19:00:00,21.7
2024-10-26 19:15:00,20.9
2024-10-26 19:30:00,22.0
2024-10-26 19:45:00,16.1
2024-10-26 20:00:00,15.4
2024-10-26 20:15:00,
2024-10-26 20:30:00,16.9
2024-10-26 20:45:00,15.6
2024-10-26 21:00:00,22.9
2024-10-26 21:15:00,18.6
2024-10-26 21:30:00,17.7
2024-10-26 21:45:00,
2024-10-26 22:00:00,21.0
2024-10-26 22:15:00,22.12686847665647
2024-10-26 22:30:00,22.92686847665647
2024-10-26 22:45:00,18.2
2024-10-26 23:00:00,16.0
2024-10-26 23:15:00,
2024-10-26 23:30:00,17.0
2024-10-26 23:45:00,
2024-10-27 00:00:00,20.4
2024-10-27 00:15:00,
2024-10-27 00:30:00,15.3
2024-10-27 00:45:00,20.0
2024-10-27 01:00:00,20.7
2024-10-27 01:15:00,20.0
2024-10-27 01:30:00,19.5
2024-10-27 01:45:00,22.3
2024-10-27 02:00:00,
2024-10-27 02:15:00,18.6
2024-10-27 02:30:00,19.3
2024-10-27 02:45:00,
2024-10-27 03:00:00,16.5
2024-10-27 03:15:00,15.8
2024-10-27 03:30:00,
2024-10-27 03:45:00,18.2
2024-10-27 04:00:00,
2024-10-27 04:15:00,20.9
2024-10-27 04:30:00,15.9
2024-10-27 04:45:00,21.3
2024-10-27 05:00:00,16.7
2024-10-27 05:15:00,20.0
2024-10-27 05:30:00,17.1
2024-10-27 05:45:00,
2024-10-27 06:00:00,33.67397671987328
2024-10-27 06:15:00,16.7
2024-10-27 06:30:00,21.0
2024-10-27 06:45:00,18.5
2024-10-27 07:00:00,18.5
2024-10-27 07:15:00,21.9
2024-10-27 07:30:00,
2024-10-27 07:45:00,20.2
2024-10-27 08:00:00,21.0
2024-10-27 08:15:00,
2024-10-27 08:30:00,21.4
2024-10-27 08:45:00,20.1
2024-10-27 09:00:00,18.7
2024-10-27 09:15:00,17.7
2024-10-27 09:30:00,18.7
2024-10-27 09:45:00,19.5
2024-10-27 10:00:00,21.4
2024-10-27 10:15:00,19.2
2024-10-27 10:30:00,20.1
2024-10-27 10:45:00,
2024-10-27 11:00:00,18.6
2024-10-27 11:15:00,
2024-10-27 11:30:00,16.7
2024-10-27 11:45:00,17.3
2024-10-27 12:00:00,20.8
2024-10-27 12:15:00,17.7
2024-10-27 12:30:00,17.2
2024-10-27 12:45:00,17.2
2024-10-27 13:00:00,18.5
2024-10-27 13:15:00,17.7
2024-10-27 13:30:00,16.2
2024-10-27 13:45:00,21.4
2024-10-27 14:00:00,19.4
2024-10-27 14:15:00,21.3
2024-10-27 14:30:00,19.0
2024-10-27 14:45:00,18.7
2024-10-27 15:00:00,
2024-10-27 15:15:00,20.1
2024-10-27 15:30:00,18.7
2024-10-27 15:45:00,22.0
2024-10-27 16:00:00,19.8
2024-10-27 16:15:00,20.3
2024-10-27 16:30:00,20.0
2024-10-27 16:45:00,22.0
2024-10-27 17:00:00,18.5
2024-10-27 17:15:00,19.1
2024-10-27 17:30:00,21.3
2024-10-27 17:45:00,18.6
2024-10-27 18:00:00,
2024-10-27 18:15:00,18.7
2024-10-27 18:30:00,21.2
2024-10-27 18:45:00,16.1
2024-10-27 19:00:00,17.7
2024-10-27 19:15:00,16.6
2024-10-27 19:30:00,20.0
2024-10-27 19:45:00,
2024-10-27 20:00:00,
2024-10-27 20:15:00,16.2
2024-10-27 20:30:00,19.8
2024-10-27 20:45:00,
2024-10-27 21:00:00,19.3
2024-10-27 21:15:00,
2024-10-27 21:30:00,
2024-10-27 21:45:00,20.7
2024-10-27 22:00:00,18.6
2024-10-27 22:15:00,
2024-10-27 22:30:00,18.9
2024-10-27 22:45:00,18.5
2024-10-27 23:00:00,21.6
2024-10-27 23:15:00,19.1
2024-10-27 23:30:00,20.7
2024-10-27 23:45:00,20.4
2024-10-28 00:00:00,21.0
2024-10-28 00:15:00,
2024-10-28 00:30:00,
2024-10-28 00:45:00,20.7
2024-10-28 01:00:00,18.0
2024-10-28 01:15:00,
2024-10-28 01:30:00,16.5
2024-10-28 01:45:00,18.2
2024-10-28 02:00:00,19.0
2024-10-28 02:15:00,19.0
2024-10-28 02:30:00,22.7
2024-10-28 02:45:00,
2024-10-28 03:00:00,
2024-10-28 03:15:00,16.8
2024-10-28 03:30:00,
2024-10-28 03:45:00,22.8
2024-10-28 04:00:00,21.9
2024-10-28 04:15:00,18.2
2024-10-28 04:30:00,16.5
2024-10-28 04:45:00,18.5
2024-10-28 05:00:00,18.0
2024-10-28 05:15:00,17.9
2024-10-28 05:30:00,20.2
2024-10-28 05:45:00,20.0
2024-10-28 06:00:00,18.1
2024-10-28 06:15:00,16.6
2024-10-28 06:30:00,20.8
2024-10-28 06:45:00,19.0
2024-10-28 07:00:00,18.6
2024-10-28 07:15:00,23.1
2024-10-28 07:30:00,
2024-10-28 07:45:00,18.6
2024-10-28 08:00:00,22.0
2024-10-28 08:15:00,17.1
2024-10-28 08:30:00,20.3
2024-10-28 08:45:00,19.4
2024-10-28 09:00:00,22.589101876172872
2024-10-28 09:15:00,20.8
2024-10-28 09:30:00,
2024-10-28 09:45:00,19.0
2024-10-28 10:00:00,17.9
2024-10-28 10:15:00,19.9
2024-10-28 10:30:00,18.5
2024-10-28 10:45:00,19.2
2024-10-28 11:00:00,23.1
2024-10-28 11:15:00,21.5
2024-10-28 11:30:00,16.0
2024-10-28 11:45:00,19.3
2024-10-28 12:00:00,21.8
2024-10-28 12:15:00,16.9
2024-10-28 12:30:00,17.8
2024-10-28 12:45:00,
2024-10-28 13:00:00,
2024-10-28 13:15:00,20.9
2024-10-28 13:30:00,
2024-10-28 13:45:00,20.8
2024-10-28 14:00:00,19.5
2024-10-28 14:15:00,23.2
2024-10-28 14:30:00,
2024-10-28 14:45:00,18.6
2024-10-28 15:00:00,20.9
2024-10-28 15:15:00,17.1
2024-10-28 15:30:00,15.8
2024-10-28 15:45:00,18.0
2024-10-28 16:00:00,16.6
2024-10-28 16:15:00,16.2
2024-10-28 16:30:00,20.3
2024-10-28 16:45:00,19.2
2024-10-28 17:00:00,21.7
2024-10-28 17:15:00,22.5
2024-10-28 17:30:00,21.7
2024-10-28 17:45:00,18.7
2024-10-28 18:00:00,
2024-10-28 18:15:00,20.4
2024-10-28 18:30:00,21.0
2024-10-28 18:45:00,
2024-10-28 19:00:00,16.9
2024-10-28 19:15:00,19.8
2024-10-28 19:30:00,21.9
2024-10-28 19:45:00,
2024-10-28 20:00:00,16.5
2024-10-28 20:15:00,21.2
2024-10-28 20:30:00,19.8
2024-10-28 20:45:00,
2024-10-28 21:00:00,18.1
2024-10-28 21:15:00,17.0
2024-10-28 21:30:00,16.0
2024-10-28 21:45:00,16.7
2024-10-28 22:00:00,16.1
2024-10-28 22:15:00,17.8
2024-10-28 22:30:00,
2024-10-28 22:45:00,18.9
2024-10-28 23:00:00,16.4
2024-10-28 23:15:00,18.3
2024-10-28 23:30:00,15.7
2024-10-28 23:45:00,16.7
2024-10-29 00:00:00,
2024-10-29 00:15:00,
2024-10-29 00:30:00,
2024-10-29 00:45:00,
2024-10-29 01:00:00,18.9
2024-10-29 01:15:00,15.5
2024-10-29 01:30:00,16.0
2024-10-29 01:45:00,
2024-10-29 02:00:00,24.2
2024-10-29 02:15:00,
2024-10-29 02:30:00,23.3
2024-10-29 02:45:00,
2024-10-29 03:00:00,21.6
2024-10-29 03:15:00,19.6
2024-10-29 03:30:00,17.3
2024-10-29 03:45:00,19.3
2024-10-29 04:00:00,19.8
2024-10-29 04:15:00,
2024-10-29 04:30:00,19.4
2024-10-29 04:45:00,21.2
2024-10-29 05:00:00,17.7
2024-10-29 05:15:00,19.8
2024-10-29 05:30:00,21.2
2024-10-29 05:45:00,20.0
2024-10-29 06:00:00,21.5
2024-10-29 06:15:00,17.5
2024-10-29 06:30:00,16.2
2024-10-29 06:45:00,
2024-10-29 07:00:00,20.2
2024-10-29 07:15:00,16.9
2024-10-29 07:30:00,17.5
2024-10-29 07:45:00,21.2
2024-10-29 08:00:00,
2024-10-29 08:15:00,19.4
2024-10-29 08:30:00,20.7
2024-10-29 08:45:00,20.7
2024-10-29 09:00:00,
2024-10-29 09:15:00,17.1
2024-10-29 09:30:00,17.4
2024-10-29 09:45:00,20.3
2024-10-29 10:00:00,18.2
2024-10-29 10:15:00,16.5
2024-10-29 10:30:00,18.4
2024-10-29 10:45:00,
2024-10-29 11:00:00,21.4
2024-10-29 11:15:00,19.1
2024-10-29 11:30:00,17.5
2024-10-29 11:45:00,16.9
2024-10-29 12:00:00,
2024-10-29 12:15:00,15.7
2024-10-29 12:30:00,
2024-10-29 12:45:00,
2024-10-29 13:00:00,21.8
2024-10-29 13:15:00,20.9
2024-10-29 13:30:00,18.3
2024-10-29 13:45:00,23.0
2024-10-29 14:00:00,18.9
2024-10-29 14:15:00,17.8
2024-10-29 14:30:00,20.5
2024-10-29 14:45:00,19.0
2024-10-29 15:00:00,17.2
2024-10-29 15:15:00,19.5
2024-10-29 15:30:00,39.83426636610839
2024-10-29 15:45:00,40.53426636610838
2024-10-29 16:00:00,21.8
2024-10-29 16:15:00,20.5
2024-10-29 16:30:00,21.0
2024-10-29 16:45:00,19.2
2024-10-29 17:00:00,21.4
2024-10-29 17:15:00,
2024-10-29 17:30:00,18.4
2024-10-29 17:45:00,20.2
2024-10-29 18:00:00,21.8
2024-10-29 18:15:00,16.1
2024-10-29 18:30:00,23.3
2024-10-29 18:45:00,17.5
2024-10-29 19:00:00,
2024-10-29 19:15:00,16.9
2024-10-29 19:30:00,22.9
2024-10-29 19:45:00,27.956861684317225
2024-10-29 20:00:00,19.1
2024-10-29 20:15:00,22.4
2024-10-29 20:30:00,
2024-10-29 20:45:00,20.0
2024-10-29 21:00:00,
2024-10-29 21:15:00,23.6
2024-10-29 21:30:00,17.3
2024-10-29 21:45:00,21.8
2024-10-29 22:00:00,19.3
2024-10-29 22:15:00,19.9
2024-10-29 22:30:00,16.9
2024-10-29 22:45:00,20.1
2024-10-29 23:00:00,21.3
2024-10-29 23:15:00,21.3
2024-10-29 23:30:00,18.2
2024-10-29 23:45:00,17.4
2024-10-30 00:00:00,
2024-10-30 00:15:00,
2024-10-30 00:30:00,17.9
2024-10-30 00:45:00,20.3
2024-10-30 01:00:00,20.5
2024-10-30 01:15:00,
2024-10-30 01:30:00,22.4
2024-10-30 01:45:00,22.3
2024-10-30 02:00:00,17.9
2024-10-30 02:15:00,
2024-10-30 02:30:00,17.7
2024-10-30 02:45:00,
2024-10-30 03:00:00,
2024-10-30 03:15:00,
2024-10-30 03:30:00,
2024-10-30 03:45:00,
2024-10-30 04:00:00,
2024-10-30 04:15:00,
2024-10-30 04:30:00,
2024-10-30 04:45:00,
2024-10-30 05:00:00,
2024-10-30 05:15:00,
2024-10-30 05:30:00,
2024-10-30 05:45:00,20.1
2024-10-30 06:00:00,19.5
2024-10-30 06:15:00,18.1
2024-10-30 06:30:00,17.3
2024-10-30 06:45:00,18.3
2024-10-30 07:00:00,18.9
2024-10-30 07:15:00,16.3
2024-10-30 07:30:00,20.5
2024-10-30 07:45:00,19.4
2024-10-30 08:00:00,
2024-10-30 08:15:00,22.7
2024-10-30 08:30:00,19.9
2024-10-30 08:45:00,
2024-10-30 09:00:00,19.6
2024-10-30 09:15:00,20.5
2024-10-30 09:30:00,20.0
2024-10-30 09:45:00,20.5
2024-10-30 10:00:00,17.6
2024-10-30 10:15:00,20.1
2024-10-30 10:30:00,16.8
2024-10-30 10:45:00,
2024-10-30 11:00:00,15.7
2024-10-30 11:15:00,
2024-10-30 11:30:00,
2024-10-30 11:45:00,
2024-10-30 12:00:00,20.5
2024-10-30 12:15:00,
2024-10-30 12:30:00,
2024-10-30 12:45:00,16.8
2024-10-30 13:00:00,19.1
2024-10-30 13:15:00,20.5
2024-10-30 13:30:00,15.9
2024-10-30 13:45:00,18.2
2024-10-30 14:00:00,19.4
2024-10-30 14:15:00,22.5
2024-10-30 14:30:00,21.3
2024-10-30 14:45:00,
2024-10-30 15:00:00,25.2
2024-10-30 15:15:00,16.3
2024-10-30 15:30:00,17.2
2024-10-30 15:45:00,18.7
2024-10-30 16:00:00,
2024-10-30 16:15:00,22.6
2024-10-30 16:30:00,17.3
2024-10-30 16:45:00,18.5
2024-10-30 17:00:00,19.4
2024-10-30 17:15:00,
2024-10-30 17:30:00,21.4
2024-10-30 17:45:00,21.6
2024-10-30 18:00:00,19.4
2024-10-30 18:15:00,20.2
2024-10-30 18:30:00,18.6
2024-10-30 18:45:00,16.7
2024-10-30 19:00:00,22.0
2024-10-30 19:15:00,20.8
2024-10-30 19:30:00,29.71253374332951
2024-10-30 19:45:00,27.81253374332951
2024-10-30 20:00:00,
2024-10-30 20:15:00,20.8
2024-10-30 20:30:00,20.0
2024-10-30 20:45:00,29.2
2024-10-30 21:00:00,29.8
2024-10-30 21:15:00,29.2
2024-10-30 21:30:00,20.4
2024-10-30 21:45:00,
2024-10-30 22:00:00,16.6
2024-10-30 22:15:00,21.3
2024-10-30 22:30:00,19.0
2024-10-30 22:45:00,23.3
2024-10-30 23:00:00,
2024-10-30 23:15:00,17.7
2024-10-30 23:30:00,16.4
2024-10-30 23:45:00,18.4
2024-10-31 00:00:00,79.26656440972187
2024-10-31 00:15:00,66.2
2024-10-31 00:30:00,90.3
2024-10-31 00:45:00,50.1
2024-10-31 01:00:00,36.0
2024-10-31 01:15:00,23.4
2024-10-31 01:30:00,29.4
2024-10-31 01:45:00,26.6
2024-10-31 02:00:00,24.3
2024-10-31 02:15:00,33.4
2024-10-31 02:30:00,23.6
2024-10-31 02:45:00,26.5
2024-10-31 03:00:00,20.3
2024-10-31 03:15:00,33.5
2024-10-31 03:30:00,22.6
2024-10-31 03:45:00,29.0
2024-10-31 04:00:00,20.7
2024-10-31 04:15:00,20.7
2024-10-31 04:30:00,
2024-10-31 04:45:00,23.3
2024-10-31 05:00:00,36.8
2024-10-31 05:15:00,21.7
2024-10-31 05:30:00,28.9
2024-10-31 05:45:00,34.28954709563478
2024-10-31 06:00:00,39.689547095634786
2024-10-31 06:15:00,22.9
2024-10-31 06:30:00,52.5
2024-10-31 06:45:00,46.3
2024-10-31 07:00:00,38.3
2024-10-31 07:15:00,35.9
2024-10-31 07:30:00,29.1
2024-10-31 07:45:00,41.7
2024-10-31 08:00:00,50.8
2024-10-31 08:15:00,54.0
2024-10-31 08:30:00,60.1
2024-10-31 08:45:00,52.9
2024-10-31 09:00:00,47.5
2024-10-31 09:15:00,48.4
2024-10-31 09:30:00,55.4
2024-10-31 09:45:00,53.0
2024-10-31 10:00:00,47.3
2024-10-31 10:15:00,46.4
2024-10-31 10:30:00,42.7
2024-10-31 10:45:00,47.3
2024-10-31 11:00:00,57.5
2024-10-31 11:15:00,45.7
2024-10-31 11:30:00,32.9
2024-10-31 11:45:00,32.4
2024-10-31 12:00:00,40.3
2024-10-31 12:15:00,30.6
2024-10-31 12:30:00,46.7
2024-10-31 12:45:00,34.5
2024-10-31 13:00:00,32.9
2024-10-31 13:15:00,30.1
2024-10-31 13:30:00,33.5
2024-10-31 13:45:00,37.7
2024-10-31 14:00:00,49.2
2024-10-31 14:15:00,43.6
2024-10-31 14:30:00,32.6
2024-10-31 14:45:00,48.0
2024-10-31 15:00:00,37.3
2024-10-31 15:15:00,40.5
2024-10-31 15:30:00,27.3
2024-10-31 15:45:00,29.6
2024-10-31 16:00:00,
2024-10-31 16:15:00,
2024-10-31 16:30:00,38.1
2024-10-31 16:45:00,34.7
2024-10-31 17:00:00,28.8
2024-10-31 17:15:00,26.3
2024-10-31 17:30:00,
2024-10-31 17:45:00,
2024-10-31 18:00:00,
2024-10-31 18:15:00,26.0
2024-10-31 18:30:00,34.0
2024-10-31 18:45:00,
2024-10-31 19:00:00,
2024-10-31 19:15:00,30.9
2024-10-31 19:30:00,26.4
2024-10-31 19:45:00,26.4
2024-10-31 20:00:00,
2024-10-31 20:15:00,
2024-10-31 20:30:00,
2024-10-31 20:45:00,
2024-10-31 21:00:00,28.8
2024-10-31 21:15:00,26.9
2024-10-31 21:30:00,29.9
2024-10-31 21:45:00,25.1
2024-10-31 22:00:00,
2024-10-31 22:15:00,24.3
2024-10-31 22:30:00,
2024-10-31 22:45:00,28.7
2024-10-31 23:00:00,29.5
2024-10-31 23:15:00,30.8
2024-10-31 23:30:00,26.4
2024-10-31 23:45:00,28.1
2024-11-01 00:00:00,
2024-11-01 00:15:00,30.1
2024-11-01 00:30:00,22.9
2024-11-01 00:45:00,25.0
2024-11-01 01:00:00,24.0
2024-11-01 01:15:00,24.6
2024-11-01 01:30:00,28.2
2024-11-01 01:45:00,31.7
2024-11-01 02:00:00,22.8
2024-11-01 02:15:00,
2024-11-01 02:30:00,
2024-11-01 02:45:00,
2024-11-01 03:00:00,
2024-11-01 03:15:00,27.1
2024-11-01 03:30:00,25.6
2024-11-01 03:45:00,
2024-11-01 04:00:00,27.3
2024-11-01 04:15:00,
2024-11-01 04:30:00,
2024-11-01 04:45:00,
2024-11-01 05:00:00,
2024-11-01 05:15:00,26.7
2024-11-01 05:30:00,
2024-11-01 05:45:00,
2024-11-01 06:00:00,
2024-11-01 06:15:00,
2024-11-01 06:30:00,
2024-11-01 06:45:00,22.9
2024-11-01 07:00:00,27.1
2024-11-01 07:15:00,29.1
2024-11-01 07:30:00,
2024-11-01 07:45:00,29.3
2024-11-01 08:00:00,30.0
2024-11-01 08:15:00,0.0
2024-11-01 08:30:00,24.8
2024-11-01 08:45:00,22.9
2024-11-01 09:00:00,26.6
2024-11-01 09:15:00,27.1
2024-11-01 09:30:00,31.1
2024-11-01 09:45:00,29.1
2024-11-01 10:00:00,23.9
2024-11-01 10:15:00,
2024-11-01 10:30:00,
2024-11-01 10:45:00,
2024-11-01 11:00:00,21.7
2024-11-01 11:15:00,24.0
2024-11-01 11:30:00,22.1
2024-11-01 11:45:00,21.1
2024-11-01 12:00:00,29.9
2024-11-01 12:15:00,25.5
2024-11-01 12:30:00,28.0
2024-11-01 12:45:00,
2024-11-01 13:00:00,28.9
2024-11-01 13:15:00,24.8
2024-11-01 13:30:00,20.9
2024-11-01 13:45:00,
2024-11-01 14:00:00,23.0
2024-11-01 14:15:00,29.0
2024-11-01 14:30:00,21.2
2024-11-01 14:45:00,
2024-11-01 15:00:00,
2024-11-01 15:15:00,24.8
2024-11-01 15:30:00,25.4
2024-11-01 15:45:00,24.5
2024-11-01 16:00:00,26.1
2024-11-01 16:15:00,25.9
2024-11-01 16:30:00,27.9
2024-11-01 16:45:00,22.6
2024-11-01 17:00:00,24.1
2024-11-01 17:15:00,
2024-11-01 17:30:00,
2024-11-01 17:45:00,22.7
2024-11-01 18:00:00,20.5
2024-11-01 18:15:00,
2024-11-01 18:30:00,
2024-11-01 18:45:00,27.7
2024-11-01 19:00:00,
2024-11-01 19:15:00,23.5
2024-11-01 19:30:00,21.3
2024-11-01 19:45:00,21.9
2024-11-01 20:00:00,22.1
2024-11-01 20:15:00,26.2
2024-11-01 20:30:00,26.5
2024-11-01 20:45:00,26.1
2024-11-01 21:00:00,20.9
2024-11-01 21:15:00,21.2
2024-11-01 21:30:00,21.2
2024-11-01 21:45:00,25.6
2024-11-01 22:00:00,19.9
2024-11-01 22:15:00,
2024-11-01 22:30:00,
2024-11-01 22:45:00,25.7
2024-11-01 23:00:00,23.8
2024-11-01 23:15:00,
2024-11-01 23:30:00,
2024-11-01 23:45:00,
2024-11-02 00:00:00,19.0
2024-11-02 00:15:00,
2024-11-02 00:30:00,18.5
2024-11-02 00:45:00,24.7
2024-11-02 01:00:00,20.0
2024-11-02 01:15:00,
2024-11-02 01:30:00,
2024-11-02 01:45:00,19.9
2024-11-02 02:00:00,
2024-11-02 02:15:00,18.3
2024-11-02 02:30:00,
2024-11-02 02:45:00,19.1
2024-11-02 03:00:00,19.6
2024-11-02 03:15:00,
2024-11-02 03:30:00,19.0
2024-11-02 03:45:00,
2024-11-02 04:00:00,
2024-11-02 04:15:00,
2024-11-02 04:30:00,23.5
2024-11-02 04:45:00,
2024-11-02 05:00:00,24.0
2024-11-02 05:15:00,
2024-11-02 05:30:00,
2024-11-02 05:45:00,
2024-11-02 06:00:00,21.3
2024-11-02 06:15:00,21.6
2024-11-02 06:30:00,17.6
2024-11-02 06:45:00,21.7
2024-11-02 07:00:00,
2024-11-02 07:15:00,23.4
2024-11-02 07:30:00,19.3
2024-11-02 07:45:00,21.7
2024-11-02 08:00:00,20.8
2024-11-02 08:15:00,
2024-11-02 08:30:00,
2024-11-02 08:45:00,19.9
2024-11-02 09:00:00,
2024-11-02 09:15:00,20.7
2024-11-02 09:30:00,20.4
2024-11-02 09:45:00,
2024-11-02 10:00:00,19.1
2024-11-02 10:15:00,19.0
2024-11-02 10:30:00,
2024-11-02 10:45:00,19.8
2024-11-02 11:00:00,23.7
2024-11-02 11:15:00,22.6
2024-11-02 11:30:00,
2024-11-02 11:45:00,20.7
2024-11-02 12:00:00,
2024-11-02 12:15:00,18.7
2024-11-02 12:30:00,
2024-11-02 12:45:00,20.6
2024-11-02 13:00:00,19.3
2024-11-02 13:15:00,17.3
2024-11-02 13:30:00,22.1
2024-11-02 13:45:00,23.0
2024-11-02 14:00:00,18.6
2024-11-02 14:15:00,19.1
2024-11-02 14:30:00,
2024-11-02 14:45:00,16.7
2024-11-02 15:00:00,18.1
2024-11-02 15:15:00,42.59653469850538
2024-11-02 15:30:00,18.5
2024-11-02 15:45:00,19.3
2024-11-02 16:00:00,
2024-11-02 16:15:00,18.9
2024-11-02 16:30:00,19.3
2024-11-02 16:45:00,15.9
2024-11-02 17:00:00,18.9
2024-11-02 17:15:00,19.1
2024-11-02 17:30:00,17.2
2024-11-02 17:45:00,23.4
2024-11-02 18:00:00,
2024-11-02 18:15:00,
2024-11-02 18:30:00,23.0
2024-11-02 18:45:00,15.4
2024-11-02 19:00:00,24.3
2024-11-02 19:15:00,
2024-11-02 19:30:00,
2024-11-02 19:45:00,
2024-11-02 20:00:00,
2024-11-02 20:15:00,
2024-11-02 20:30:00,
2024-11-02 20:45:00,
2024-11-02 21:00:00,
2024-11-02 21:15:00,
2024-11-02 21:30:00,21.1
2024-11-02 21:45:00,
2024-11-02 22:00:00,22.5
2024-11-02 22:15:00,21.7
2024-11-02 22:30:00,17.7
2024-11-02 22:45:00,21.4
2024-11-02 23:00:00,21.0
2024-11-02 23:15:00,18.4
2024-11-02 23:30:00,21.0
2024-11-02 23:45:00,21.6
2024-11-03 00:00:00,17.9
2024-11-03 00:15:00,18.0
2024-11-03 00:30:00,21.5
2024-11-03 00:45:00,22.0
2024-11-03 01:00:00,21.9
2024-11-03 01:15:00,24.9
2024-11-03 01:30:00,18.9
2024-11-03 01:45:00,27.480474966946378
2024-11-03 02:00:00,19.9
2024-11-03 02:15:00,21.7
2024-11-03 02:30:00,23.4
2024-11-03 02:45:00,19.3
2024-11-03 03:00:00,
2024-11-03 03:15:00,15.8
2024-11-03 03:30:00,24.7
2024-11-03 03:45:00,22.4
2024-11-03 04:00:00,
2024-11-03 04:15:00,18.0
2024-11-03 04:30:00,24.1
2024-11-03 04:45:00,
2024-11-03 05:00:00,18.8
2024-11-03 05:15:00,20.7
2024-11-03 05:30:00,23.1
2024-11-03 05:45:00,18.8
2024-11-03 06:00:00,
2024-11-03 06:15:00,21.5
2024-11-03 06:30:00,
2024-11-03 06:45:00,19.2
2024-11-03 07:00:00,23.3
2024-11-03 07:15:00,23.3
2024-11-03 07:30:00,21.4
2024-11-03 07:45:00,23.7
2024-11-03 08:00:00,
2024-11-03 08:15:00,23.1
2024-11-03 08:30:00,20.1
2024-11-03 08:45:00,22.9
2024-11-03 09:00:00,16.7
2024-11-03 09:15:00,20.5
2024-11-03 09:30:00,24.4
2024-11-03 09:45:00,
2024-11-03 10:00:00,19.0
2024-11-03 10:15:00,18.4
2024-11-03 10:30:00,23.1
2024-11-03 10:45:00,
2024-11-03 11:00:00,24.4
2024-11-03 11:15:00,
2024-11-03 11:30:00,18.7
2024-11-03 11:45:00,16.7
2024-11-03 12:00:00,
2024-11-03 12:15:00,
2024-11-03 12:30:00,22.2
2024-11-03 12:45:00,21.3
2024-11-03 13:00:00,18.7
2024-11-03 13:15:00,19.4
2024-11-03 13:30:00,
2024-11-03 13:45:00,
2024-11-03 14:00:00,
2024-11-03 14:15:00,21.6
2024-11-03 14:30:00,17.8
2024-11-03 14:45:00,21.8
2024-11-03 15:00:00,20.7
2024-11-03 15:15:00,
2024-11-03 15:30:00,22.4
2024-11-03 15:45:00,21.0
2024-11-03 16:00:00,18.4
2024-11-03 16:15:00,18.9
2024-11-03 16:30:00,19.6
2024-11-03 16:45:00,
2024-11-03 17:00:00,22.7
2024-11-03 17:15:00,18.0
2024-11-03 17:30:00,
2024-11-03 17:45:00,43.16484640628599
2024-11-03 18:00:00,39.86484640628599
2024-11-03 18:15:00,43.76484640628599
2024-11-03 18:30:00,23.1
2024-11-03 18:45:00,
2024-11-03 19:00:00,18.9
2024-11-03 19:15:00,16.0
2024-11-03 19:30:00,19.8
2024-11-03 19:45:00,19.1
2024-11-03 20:00:00,21.7
2024-11-03 20:15:00,
2024-11-03 20:30:00,19.6
2024-11-03 20:45:00,22.0
2024-11-03 21:00:00,16.2
2024-11-03 21:15:00,18.7
2024-11-03 21:30:00,18.7
2024-11-03 21:45:00,
2024-11-03 22:00:00,21.9
2024-11-03 22:15:00,16.7
2024-11-03 22:30:00,20.8
2024-11-03 22:45:00,21.1
2024-11-03 23:00:00,18.2
2024-11-03 23:15:00,21.9
2024-11-03 23:30:00,
2024-11-03 23:45:00,
2024-11-04 00:00:00,
2024-11-04 00:15:00,21.7
2024-11-04 00:30:00,19.5
2024-11-04 00:45:00,19.3
2024-11-04 01:00:00,19.2
2024-11-04 01:15:00,22.8
2024-11-04 01:30:00,17.4
2024-11-04 01:45:00,
2024-11-04 02:00:00,23.6
2024-11-04 02:15:00,
2024-11-04 02:30:00,22.8
2024-11-04 02:45:00,18.6
2024-11-04 03:00:00,
2024-11-04 03:15:00,20.2
2024-11-04 03:30:00,
2024-11-04 03:45:00,23.6
2024-11-04 04:00:00,20.6
2024-11-04 04:15:00,
2024-11-04 04:30:00,
2024-11-04 04:45:00,18.6
2024-11-04 05:00:00,21.3
2024-11-04 05:15:00,
2024-11-04 05:30:00,
2024-11-04 05:45:00,
2024-11-04 06:00:00,17.7
2024-11-04 06:15:00,
2024-11-04 06:30:00,
2024-11-04 06:45:00,
2024-11-04 07:00:00,17.4
2024-11-04 07:15:00,
2024-11-04 07:30:00,21.0
2024-11-04 07:45:00,
2024-11-04 08:00:00,
2024-11-04 08:15:00,18.6
2024-11-04 08:30:00,
2024-11-04 08:45:00,21.6
2024-11-04 09:00:00,22.9
2024-11-04 09:15:00,18.4
2024-11-04 09:30:00,
2024-11-04 09:45:00,22.3
2024-11-04 10:00:00,20.8
2024-11-04 10:15:00,
2024-11-04 10:30:00,20.1
2024-11-04 10:45:00,19.6
2024-11-04 11:00:00,23.0
2024-11-04 11:15:00,
2024-11-04 11:30:00,19.2
2024-11-04 11:45:00,
2024-11-04 12:00:00,
2024-11-04 12:15:00,18.3
2024-11-04 12:30:00,18.4
2024-11-04 12:45:00,
2024-11-04 13:00:00,
2024-11-04 13:15:00,21.4
2024-11-04 13:30:00,21.4
2024-11-04 13:45:00,23.4
2024-11-04 14:00:00,
2024-11-04 14:15:00,23.5
2024-11-04 14:30:00,24.0
2024-11-04 14:45:00,21.3
2024-11-04 15:00:00,21.7
2024-11-04 15:15:00,23.6
2024-11-04 15:30:00,
2024-11-04 15:45:00,22.0
2024-11-04 16:00:00,
2024-11-04 16:15:00,
2024-11-04 16:30:00,
2024-11-04 16:45:00,
2024-11-04 17:00:00,23.7
2024-11-04 17:15:00,21.2
2024-11-04 17:30:00,
2024-11-04 17:45:00,
2024-11-04 18:00:00,
2024-11-04 18:15:00,
2024-11-04 18:30:00,19.9
2024-11-04 18:45:00,20.8
2024-11-04 19:00:00,
2024-11-04 19:15:00,21.2
2024-11-04 19:30:00,22.5
2024-11-04 19:45:00,21.2
2024-11-04 20:00:00,21.8
2024-11-04 20:15:00,
2024-11-04 20:30:00,
2024-11-04 20:45:00,
2024-11-04 21:00:00,21.5
2024-11-04 21:15:00,19.9
2024-11-04 21:30:00,19.0
2024-11-04 21:45:00,19.4
2024-11-04 22:00:00,20.1
2024-11-04 22:15:00,21.4
2024-11-04 22:30:00,20.5
2024-11-04 22:45:00,19.9
2024-11-04 23:00:00,
2024-11-04 23:15:00,20.6
2024-11-04 23:30:00,19.2
2024-11-04 23:45:00,20.3
2024-11-05 00:00:00,22.4
2024-11-05 00:15:00,19.9
2024-11-05 00:30:00,19.8
2024-11-05 00:45:00,18.7
2024-11-05 01:00:00,20.1
2024-11-05 01:15:00,21.1
2024-11-05 01:30:00,19.8
2024-11-05 01:45:00,20.1
2024-11-05 02:00:00,20.2
2024-11-05 02:15:00,20.1
2024-11-05 02:30:00,18.8
2024-11-05 02:45:00,20.2
2024-11-05 03:00:00,20.1
2024-11-05 03:15:00,
2024-11-05 03:30:00,21.0
2024-11-05 03:45:00,20.8
2024-11-05 04:00:00,19.2
2024-11-05 04:15:00,20.1
2024-11-05 04:30:00,19.6
2024-11-05 04:45:00,21.1
2024-11-05 05:00:00,20.3
2024-11-05 05:15:00,20.9
2024-11-05 05:30:00,20.3
2024-11-05 05:45:00,22.9
2024-11-05 06:00:00,20.1
2024-11-05 06:15:00,22.5
2024-11-05 06:30:00,19.9
2024-11-05 06:45:00,25.9
2024-11-05 07:00:00,26.0
2024-11-05 07:15:00,26.4
2024-11-05 07:30:00,25.9
2024-11-05 07:45:00,25.8
2024-11-05 08:00:00,25.2
2024-11-05 08:15:00,26.3
2024-11-05 08:30:00,27.1
2024-11-05 08:45:00,27.8
2024-11-05 09:00:00,
2024-11-05 09:15:00,28.6
2024-11-05 09:30:00,
2024-11-05 09:45:00,27.7
2024-11-05 10:00:00,26.9
2024-11-05 10:15:00,26.7
2024-11-05 10:30:00,28.2
2024-11-05 10:45:00,26.3
2024-11-05 11:00:00,25.8
2024-11-05 11:15:00,27.3
2024-11-05 11:30:00,28.5
2024-11-05 11:45:00,26.9
2024-11-05 12:00:00,26.6
2024-11-05 12:15:00,25.0
2024-11-05 12:30:00,25.7
2024-11-05 12:45:00,27.0
2024-11-05 13:00:00,
2024-11-05 13:15:00,26.8
2024-11-05 13:30:00,26.5
2024-11-05 13:45:00,25.7
2024-11-05 14:00:00,26.0
2024-11-05 14:15:00,
2024-11-05 14:30:00,24.2
2024-11-05 14:45:00,
2024-11-05 15:00:00,25.4
2024-11-05 15:15:00,
2024-11-05 15:30:00,
2024-11-05 15:45:00,25.0
2024-11-05 16:00:00,
2024-11-05 16:15:00,24.3
2024-11-05 16:30:00,
2024-11-05 16:45:00,23.4
2024-11-05 17:00:00,24.6
2024-11-05 17:15:00,25.0
2024-11-05 17:30:00,
2024-11-05 17:45:00,
2024-11-05 18:00:00,23.6
2024-11-05 18:15:00,
2024-11-05 18:30:00,24.5
2024-11-05 18:45:00,23.3
2024-11-05 19:00:00,23.6
2024-11-05 19:15:00,23.3
2024-11-05 19:30:00,24.0
2024-11-05 19:45:00,23.2
2024-11-05 20:00:00,22.8
2024-11-05 20:15:00,23.9
2024-11-05 20:30:00,23.7
2024-11-05 20:45:00,23.4
2024-11-05 21:00:00,24.1
2024-11-05 21:15:00,23.9
2024-11-05 21:30:00,23.2
2024-11-05 21:45:00,
2024-11-05 22:00:00,23.9
2024-11-05 22:15:00,23.4
2024-11-05 22:30:00,22.1
2024-11-05 22:45:00,22.8
2024-11-05 23:00:00,22.8
2024-11-05 23:15:00,23.8
2024-11-05 23:30:00,
2024-11-05 23:45:00,23.4
2024-11-06 00:00:00,23.4
2024-11-06 00:15:00,22.8
2024-11-06 00:30:00,
2024-11-06 00:45:00,23.7
2024-11-06 01:00:00,22.9
2024-11-06 01:15:00,22.1
2024-11-06 01:30:00,23.5
2024-11-06 01:45:00,23.2
2024-11-06 02:00:00,
2024-11-06 02:15:00,22.3
2024-11-06 02:30:00,23.7
2024-11-06 02:45:00,
2024-11-06 03:00:00,23.1
2024-11-06 03:15:00,22.1
2024-11-06 03:30:00,
2024-11-06 03:45:00,22.8
2024-11-06 04:00:00,23.0
2024-11-06 04:15:00,21.5
2024-11-06 04:30:00,22.3
2024-11-06 04:45:00,21.1
2024-11-06 05:00:00,22.6
2024-11-06 05:15:00,
2024-11-06 05:30:00,21.3
2024-11-06 05:45:00,
2024-11-06 06:00:00,20.9
2024-11-06 06:15:00,22.4
2024-11-06 06:30:00,
2024-11-06 06:45:00,21.6
2024-11-06 07:00:00,21.4
2024-11-06 07:15:00,21.2
2024-11-06 07:30:00,20.6
2024-11-06 07:45:00,22.5
2024-11-06 08:00:00,20.8
2024-11-06 08:15:00,
2024-11-06 08:30:00,
2024-11-06 08:45:00,20.9
2024-11-06 09:00:00,21.2
2024-11-06 09:15:00,21.9
2024-11-06 09:30:00,20.5
2024-11-06 09:45:00,20.6
2024-11-06 10:00:00,20.3
2024-11-06 10:15:00,21.3
2024-11-06 10:30:00,20.8
2024-11-06 10:45:00,22.7
2024-11-06 11:00:00,20.0
2024-11-06 11:15:00,20.3
2024-11-06 11:30:00,
2024-11-06 11:45:00,20.9
2024-11-06 12:00:00,19.8
2024-11-06 12:15:00,19.5
2024-11-06 12:30:00,22.0
2024-11-06 12:45:00,19.7
2024-11-06 13:00:00,
2024-11-06 13:15:00,19.5
2024-11-06 13:30:00,20.1
2024-11-06 13:45:00,
2024-11-06 14:00:00,22.66413766392212
2024-11-06 14:15:00,23.36413766392212
2024-11-06 14:30:00,21.0
2024-11-06 14:45:00,18.9
2024-11-06 15:00:00,20.6
2024-11-06 15:15:00,19.0
2024-11-06 15:30:00,23.1
2024-11-06 15:45:00,21.6
2024-11-06 16:00:00,22.1
2024-11-06 16:15:00,23.6
2024-11-06 16:30:00,23.9
2024-11-06 16:45:00,21.9
2024-11-06 17:00:00,20.7
2024-11-06 17:15:00,19.7
2024-11-06 17:30:00,20.6
2024-11-06 17:45:00,
2024-11-06 18:00:00,
2024-11-06 18:15:00,
2024-11-06 18:30:00,21.0
2024-11-06 18:45:00,20.9
2024-11-06 19:00:00,20.4
2024-11-06 19:15:00,
2024-11-06 19:30:00,
2024-11-06 19:45:00,20.5
2024-11-06 20:00:00,
2024-11-06 20:15:00,20.5
2024-11-06 20:30:00,19.9
2024-11-06 20:45:00,
2024-11-06 21:00:00,
2024-11-06 21:15:00,
2024-11-06 21:30:00,19.9
2024-11-06 21:45:00,
2024-11-06 22:00:00,19.0
2024-11-06 22:15:00,19.2
2024-11-06 22:30:00,18.5
2024-11-06 22:45:00,
2024-11-06 23:00:00,
2024-11-06 23:15:00,
2024-11-06 23:30:00,
2024-11-06 23:45:00,18.8
2024-11-07 00:00:00,20.4
2024-11-07 00:15:00,19.9
2024-11-07 00:30:00,
2024-11-07 00:45:00,20.3
2024-11-07 01:00:00,19.7
2024-11-07 01:15:00,19.8
2024-11-07 01:30:00,19.6
2024-11-07 01:45:00,
2024-11-07 02:00:00,
2024-11-07 02:15:00,19.3
2024-11-07 02:30:00,19.0
2024-11-07 02:45:00,19.6
2024-11-07 03:00:00,20.2
2024-11-07 03:15:00,19.7
2024-11-07 03:30:00,19.3
2024-11-07 03:45:00,
2024-11-07 04:00:00,
2024-11-07 04:15:00,19.1
2024-11-07 04:30:00,20.1
2024-11-07 04:45:00,20.1
2024-11-07 05:00:00,18.8
2024-11-07 05:15:00,19.7
2024-11-07 05:30:00,20.0
2024-11-07 05:45:00,18.4
2024-11-07 06:00:00,19.6
2024-11-07 06:15:00,19.7
2024-11-07 06:30:00,19.7
2024-11-07 06:45:00,19.2
2024-11-07 07:00:00,18.8
2024-11-07 07:15:00,
2024-11-07 07:30:00,19.9
2024-11-07 07:45:00,19.5
2024-11-07 08:00:00,18.8
2024-11-07 08:15:00,18.0
2024-11-07 08:30:00,17.8
2024-11-07 08:45:00,18.7
2024-11-07 09:00:00,18.5
2024-11-07 09:15:00,18.9
2024-11-07 09:30:00,
2024-11-07 09:45:00,22.46671701235978
2024-11-07 10:00:00,
2024-11-07 10:15:00,19.1
2024-11-07 10:30:00,18.8
2024-11-07 10:45:00,
2024-11-07 11:00:00,19.0
2024-11-07 11:15:00,19.5
2024-11-07 11:30:00,18.4
2024-11-07 11:45:00,18.1
2024-11-07 12:00:00,18.0
2024-11-07 12:15:00,19.3
2024-11-07 12:30:00,20.1
2024-11-07 12:45:00,19.1
2024-11-07 13:00:00,20.1
2024-11-07 13:15:00,19.2
2024-11-07 13:30:00,18.7
2024-11-07 13:45:00,20.0
2024-11-07 14:00:00,23.0
2024-11-07 14:15:00,29.6
2024-11-07 14:30:00,28.9
2024-11-07 14:45:00,20.6
2024-11-07 15:00:00,19.1
2024-11-07 15:15:00,
2024-11-07 15:30:00,19.0
2024-11-07 15:45:00,17.9
2024-11-07 16:00:00,21.6
2024-11-07 16:15:00,26.0
2024-11-07 16:30:00,23.5
2024-11-07 16:45:00,22.6
2024-11-07 17:00:00,22.2
2024-11-07 17:15:00,20.4
2024-11-07 17:30:00,18.8
2024-11-07 17:45:00,
2024-11-07 18:00:00,17.8
2024-11-07 18:15:00,
2024-11-07 18:30:00,24.6
2024-11-07 18:45:00,23.1
2024-11-07 19:00:00,
2024-11-07 19:15:00,21.8
2024-11-07 19:30:00,23.9
2024-11-07 19:45:00,22.5
2024-11-07 20:00:00,19.9
2024-11-07 20:15:00,18.9
2024-11-07 20:30:00,
2024-11-07 20:45:00,19.0
2024-11-07 21:00:00,18.9
2024-11-07 21:15:00,18.5
2024-11-07 21:30:00,18.0
2024-11-07 21:45:00,17.6
2024-11-07 22:00:00,18.5
2024-11-07 22:15:00,17.6
2024-11-07 22:30:00,
2024-11-07 22:45:00,18.0
2024-11-07 23:00:00,18.7
2024-11-07 23:15:00,18.4
2024-11-07 23:30:00,18.1
2024-11-07 23:45:00,17.8
2024-11-08 00:00:00,17.7
2024-11-08 00:15:00,18.1
2024-11-08 00:30:00,18.0
2024-11-08 00:45:00,18.2
2024-11-08 01:00:00,17.5
2024-11-08 01:15:00,18.7
2024-11-08 01:30:00,18.9
2024-11-08 01:45:00,
2024-11-08 02:00:00,
2024-11-08 02:15:00,
2024-11-08 02:30:00,18.0
2024-11-08 02:45:00,18.9
2024-11-08 03:00:00,19.2
2024-11-08 03:15:00,
2024-11-08 03:30:00,18.8
2024-11-08 03:45:00,
2024-11-08 04:00:00,
2024-11-08 04:15:00,18.4
2024-11-08 04:30:00,17.7
2024-11-08 04:45:00,
2024-11-08 05:00:00,18.6
2024-11-08 05:15:00,
2024-11-08 05:30:00,18.7
2024-11-08 05:45:00,18.4
2024-11-08 06:00:00,19.2
2024-11-08 06:15:00,18.1
2024-11-08 06:30:00,
2024-11-08 06:45:00,19.6
2024-11-08 07:00:00,
2024-11-08 07:15:00,
2024-11-08 07:30:00,19.1
2024-11-08 07:45:00,17.9
2024-11-08 08:00:00,20.1
2024-11-08 08:15:00,
2024-11-08 08:30:00,18.1
2024-11-08 08:45:00,17.6
2024-11-08 09:00:00,19.7
2024-11-08 09:15:00,19.6
2024-11-08 09:30:00,
2024-11-08 09:45:00,19.3
2024-11-08 10:00:00,19.2
2024-11-08 10:15:00,
2024-11-08 10:30:00,17.6
2024-11-08 10:45:00,19.1
2024-11-08 11:00:00,20.0
2024-11-08 11:15:00,19.7
2024-11-08 11:30:00,18.9
2024-11-08 11:45:00,19.4
2024-11-08 12:00:00,
2024-11-08 12:15:00,17.8
2024-11-08 12:30:00,18.6
2024-11-08 12:45:00,
2024-11-08 13:00:00,
2024-11-08 13:15:00,19.0
2024-11-08 13:30:00,20.2
2024-11-08 13:45:00,18.2
2024-11-08 14:00:00,18.1
2024-11-08 14:15:00,18.4
2024-11-08 14:30:00,
2024-11-08 14:45:00,17.8
2024-11-08 15:00:00,19.8
2024-11-08 15:15:00,18.7
2024-11-08 15:30:00,18.8
2024-11-08 15:45:00,17.7
2024-11-08 16:00:00,18.4
2024-11-08 16:15:00,18.5
2024-11-08 16:30:00,18.2
2024-11-08 16:45:00,18.1
2024-11-08 17:00:00,18.3
2024-11-08 17:15:00,17.7
2024-11-08 17:30:00,18.1
2024-11-08 17:45:00,17.9
2024-11-08 18:00:00,18.0
2024-11-08 18:15:00,18.4
2024-11-08 18:30:00,
2024-11-08 18:45:00,18.6
2024-11-08 19:00:00,
2024-11-08 19:15:00,
2024-11-08 19:30:00,17.8
2024-11-08 19:45:00,18.1
2024-11-08 20:00:00,
2024-11-08 20:15:00,17.7
2024-11-08 20:30:00,17.2
2024-11-08 20:45:00,18.1
2024-11-08 21:00:00,17.2
2024-11-08 21:15:00,18.6
2024-11-08 21:30:00,17.3
2024-11-08 21:45:00,
2024-11-08 22:00:00,18.1
2024-11-08 22:15:00,18.1
2024-11-08 22:30:00,17.6
2024-11-08 22:45:00,17.6
2024-11-08 23:00:00,18.0
2024-11-08 23:15:00,
2024-11-08 23:30:00,18.2
2024-11-08 23:45:00,17.0
2024-11-09 00:00:00,18.3
2024-11-09 00:15:00,17.7
2024-11-09 00:30:00,17.7
2024-11-09 00:45:00,17.1
2024-11-09 01:00:00,16.9
2024-11-09 01:15:00,
2024-11-09 01:30:00,16.9
2024-11-09 01:45:00,
2024-11-09 02:00:00,
2024-11-09 02:15:00,
2024-11-09 02:30:00,18.7
2024-11-09 02:45:00,17.1
2024-11-09 03:00:00,18.6
2024-11-09 03:15:00,18.3
2024-11-09 03:30:00,17.4
2024-11-09 03:45:00,
2024-11-09 04:00:00,17.9
2024-11-09 04:15:00,18.2
2024-11-09 04:30:00,17.1
2024-11-09 04:45:00,18.4
2024-11-09 05:00:00,19.2
2024-11-09 05:15:00,18.8
2024-11-09 05:30:00,16.4
2024-11-09 05:45:00,18.1
2024-11-09 06:00:00,24.097401689570205
2024-11-09 06:15:00,18.8
2024-11-09 06:30:00,16.9
2024-11-09 06:45:00,17.7
2024-11-09 07:00:00,16.2
2024-11-09 07:15:00,17.1
2024-11-09 07:30:00,17.2
2024-11-09 07:45:00,18.3
2024-11-09 08:00:00,16.7
2024-11-09 08:15:00,17.3
2024-11-09 08:30:00,17.7
2024-11-09 08:45:00,
2024-11-09 09:00:00,16.6
2024-11-09 09:15:00,17.3
2024-11-09 09:30:00,16.6
2024-11-09 09:45:00,16.4
2024-11-09 10:00:00,17.1
2024-11-09 10:15:00,19.8
2024-11-09 10:30:00,19.9
2024-11-09 10:45:00,19.7
2024-11-09 11:00:00,18.2
2024-11-09 11:15:00,18.7
2024-11-09 11:30:00,19.0
2024-11-09 11:45:00,18.7
2024-11-09 12:00:00,18.8
2024-11-09 12:15:00,16.7
2024-11-09 12:30:00,17.3
2024-11-09 12:45:00,16.3
2024-11-09 13:00:00,18.1
2024-11-09 13:15:00,18.0
2024-11-09 13:30:00,17.9
2024-11-09 13:45:00,17.3
2024-11-09 14:00:00,16.4
2024-11-09 14:15:00,16.4
2024-11-09 14:30:00,17.5
2024-11-09 14:45:00,17.2
2024-11-09 15:00:00,16.1
2024-11-09 15:15:00,17.4
2024-11-09 15:30:00,18.1
2024-11-09 15:45:00,16.2
2024-11-09 16:00:00,16.9
2024-11-09 16:15:00,18.6
2024-11-09 16:30:00,19.1
2024-11-09 16:45:00,18.1
2024-11-09 17:00:00,15.6
2024-11-09 17:15:00,16.6
2024-11-09 17:30:00,17.0
2024-11-09 17:45:00,16.7
2024-11-09 18:00:00,16.9
2024-11-09 18:15:00,17.3
2024-11-09 18:30:00,17.6
2024-11-09 18:45:00,15.8
2024-11-09 19:00:00,15.6
2024-11-09 19:15:00,15.6
2024-11-09 19:30:00,16.0
2024-11-09 19:45:00,
2024-11-09 20:00:00,17.4
2024-11-09 20:15:00,16.1
2024-11-09 20:30:00,15.4
2024-11-09 20:45:00,17.5
2024-11-09 21:00:00,16.8
2024-11-09 21:15:00,17.7
2024-11-09 21:30:00,16.7
2024-11-09 21:45:00,17.1
2024-11-09 22:00:00,18.3
2024-11-09 22:15:00,
2024-11-09 22:30:00,17.0
2024-11-09 22:45:00,17.8
2024-11-09 23:00:00,28.897624837762937
2024-11-09 23:15:00,27.197624837762937
2024-11-09 23:30:00,28.897624837762937
2024-11-09 23:45:00,16.9
2024-11-10 00:00:00,15.8
2024-11-10 00:15:00,
2024-11-10 00:30:00,
2024-11-10 00:45:00,16.0
2024-11-10 01:00:00,16.5
2024-11-10 01:15:00,17.9
2024-11-10 01:30:00,17.4
2024-11-10 01:45:00,17.3
2024-11-10 02:00:00,
2024-11-10 02:15:00,
2024-11-10 02:30:00,16.3
2024-11-10 02:45:00,16.2
2024-11-10 03:00:00,17.0
2024-11-10 03:15:00,16.3
2024-11-10 03:30:00,16.5
2024-11-10 03:45:00,16.1
2024-11-10 04:00:00,16.8
2024-11-10 04:15:00,16.6
2024-11-10 04:30:00,16.5
2024-11-10 04:45:00,17.0
2024-11-10 05:00:00,17.0
2024-11-10 05:15:00,
2024-11-10 05:30:00,23.671769916513682
2024-11-10 05:45:00,23.671769916513682
2024-11-10 06:00:00,16.8
2024-11-10 06:15:00,
2024-11-10 06:30:00,16.5
2024-11-10 06:45:00,16.2
2024-11-10 07:00:00,16.3
2024-11-10 07:15:00,
2024-11-10 07:30:00,16.5
2024-11-10 07:45:00,16.8
2024-11-10 08:00:00,16.4
2024-11-10 08:15:00,15.7
2024-11-10 08:30:00,16.7
2024-11-10 08:45:00,
2024-11-10 09:00:00,16.0
2024-11-10 09:15:00,16.6
2024-11-10 09:30:00,16.0
2024-11-10 09:45:00,17.1
2024-11-10 10:00:00,
2024-11-10 10:15:00,16.0
2024-11-10 10:30:00,18.967638775123532
2024-11-10 10:45:00,18.967638775123532
2024-11-10 11:00:00,16.5
2024-11-10 11:15:00,17.1
2024-11-10 11:30:00,16.5
2024-11-10 11:45:00,15.9
2024-11-10 12:00:00,
2024-11-10 12:15:00,17.0
2024-11-10 12:30:00,16.5
2024-11-10 12:45:00,17.2
2024-11-10 13:00:00,16.3
2024-11-10 13:15:00,16.6
2024-11-10 13:30:00,
2024-11-10 13:45:00,15.4
2024-11-10 14:00:00,16.8
2024-11-10 14:15:00,16.3
2024-11-10 14:30:00,
2024-11-10 14:45:00,16.6
2024-11-10 15:00:00,16.3
2024-11-10 15:15:00,16.1
2024-11-10 15:30:00,17.1
2024-11-10 15:45:00,16.5
2024-11-10 16:00:00,16.1
2024-11-10 16:15:00,15.4
2024-11-10 16:30:00,17.1
2024-11-10 16:45:00,16.2
2024-11-10 17:00:00,
2024-11-10 17:15:00,16.4
2024-11-10 17:30:00,
2024-11-10 17:45:00,
2024-11-10 18:00:00,16.0
2024-11-10 18:15:00,15.8
2024-11-10 18:30:00,15.4
2024-11-10 18:45:00,16.0
2024-11-10 19:00:00,15.4
2024-11-10 19:15:00,17.0
2024-11-10 19:30:00,16.0
2024-11-10 19:45:00,16.0
2024-11-10 20:00:00,16.0
2024-11-10 20:15:00,16.5
2024-11-10 20:30:00,16.2
2024-11-10 20:45:00,16.5
2024-11-10 21:00:00,16.5
2024-11-10 21:15:00,20.684668477470584
2024-11-10 21:30:00,15.4
2024-11-10 21:45:00,16.2
2024-11-10 22:00:00,16.5
2024-11-10 22:15:00,
2024-11-10 22:30:00,16.0
2024-11-10 22:45:00,
2024-11-10 23:00:00,
2024-11-10 23:15:00,
2024-11-10 23:30:00,
2024-11-10 23:45:00,
2024-11-11 00:00:00,
2024-11-11 00:15:00,
2024-11-11 00:30:00,
2024-11-11 00:45:00,
2024-11-11 01:00:00,
2024-11-11 01:15:00,
2024-11-11 01:30:00,
2024-11-11 01:45:00,15.7
2024-11-11 02:00:00,16.3
2024-11-11 02:15:00,15.9
2024-11-11 02:30:00,16.2
2024-11-11 02:45:00,16.4
2024-11-11 03:00:00,15.3
2024-11-11 03:15:00,15.5
2024-11-11 03:30:00,15.5
2024-11-11 03:45:00,15.1
2024-11-11 04:00:00,16.6
2024-11-11 04:15:00,
2024-11-11 04:30:00,14.8
2024-11-11 04:45:00,16.4
2024-11-11 05:00:00,
2024-11-11 05:15:00,16.2
2024-11-11 05:30:00,16.2
2024-11-11 05:45:00,15.7
2024-11-11 06:00:00,15.3
2024-11-11 06:15:00,15.7
2024-11-11 06:30:00,15.2
2024-11-11 06:45:00,15.5
2024-11-11 07:00:00,15.3
2024-11-11 07:15:00,14.7
2024-11-11 07:30:00,14.9
2024-11-11 07:45:00,16.8
2024-11-11 08:00:00,15.0
2024-11-11 08:15:00,15.6
2024-11-11 08:30:00,15.3
2024-11-11 08:45:00,15.5
2024-11-11 09:00:00,16.5
2024-11-11 09:15:00,15.2
2024-11-11 09:30:00,14.6
2024-11-11 09:45:00,
2024-11-11 10:00:00,16.1
2024-11-11 10:15:00,14.8
2024-11-11 10:30:00,15.0
2024-11-11 10:45:00,16.2
2024-11-11 11:00:00,15.5
2024-11-11 11:15:00,16.2
2024-11-11 11:30:00,15.2
2024-11-11 11:45:00,15.2
2024-11-11 12:00:00,14.9
2024-11-11 12:15:00,15.7
2024-11-11 12:30:00,16.2
2024-11-11 12:45:00,14.7
2024-11-11 13:00:00,14.5
2024-11-11 13:15:00,15.6
2024-11-11 13:30:00,14.7
2024-11-11 13:45:00,16.1
2024-11-11 14:00:00,16.1
2024-11-11 14:15:00,15.9
2024-11-11 14:30:00,15.9
2024-11-11 14:45:00,15.5
2024-11-11 15:00:00,16.2
2024-11-11 15:15:00,
2024-11-11 15:30:00,16.2
2024-11-11 15:45:00,15.4
2024-11-11 16:00:00,15.4
2024-11-11 16:15:00,
2024-11-11 16:30:00,15.1
2024-11-11 16:45:00,
2024-11-11 17:00:00,15.4
2024-11-11 17:15:00,15.0
2024-11-11 17:30:00,15.5
2024-11-11 17:45:00,16.6
2024-11-11 18:00:00,15.3
2024-11-11 18:15:00,
2024-11-11 18:30:00,
2024-11-11 18:45:00,
2024-11-11 19:00:00,15.5
2024-11-11 19:15:00,15.4
2024-11-11 19:30:00,15.0
2024-11-11 19:45:00,14.5
2024-11-11 20:00:00,15.0
2024-11-11 20:15:00,16.0
2024-11-11 20:30:00,
2024-11-11 20:45:00,
2024-11-11 21:00:00,
2024-11-11 21:15:00,
2024-11-11 21:30:00,16.1
2024-11-11 21:45:00,16.0
2024-11-11 22:00:00,15.8
2024-11-11 22:15:00,15.1
2024-11-11 22:30:00,
2024-11-11 22:45:00,14.9
2024-11-11 23:00:00,15.0
2024-11-11 23:15:00,15.3
2024-11-11 23:30:00,
2024-11-11 23:45:00,15.6
2024-11-12 00:00:00,16.3
2024-11-12 00:15:00,15.7
2024-11-12 00:30:00,16.3
2024-11-12 00:45:00,
2024-11-12 01:00:00,14.8
2024-11-12 01:15:00,15.9
2024-11-12 01:30:00,15.4
2024-11-12 01:45:00,15.5
2024-11-12 02:00:00,15.6
2024-11-12 02:15:00,14.9
2024-11-12 02:30:00,
2024-11-12 02:45:00,15.3
2024-11-12 03:00:00,15.3
2024-11-12 03:15:00,16.1
2024-11-12 03:30:00,15.9
2024-11-12 03:45:00,
2024-11-12 04:00:00,
2024-11-12 04:15:00,15.7
2024-11-12 04:30:00,15.1
2024-11-12 04:45:00,16.4
2024-11-12 05:00:00,16.3
2024-11-12 05:15:00,15.8
2024-11-12 05:30:00,15.7
2024-11-12 05:45:00,16.2
2024-11-12 06:00:00,15.9
2024-11-12 06:15:00,15.9
2024-11-12 06:30:00,15.4
2024-11-12 06:45:00,15.9
2024-11-12 07:00:00,25.79165723727624
2024-11-12 07:15:00,24.891657237276235
2024-11-12 07:30:00,25.79165723727624
2024-11-12 07:45:00,
2024-11-12 08:00:00,15.1
2024-11-12 08:15:00,15.5
2024-11-12 08:30:00,15.7
2024-11-12 08:45:00,15.4
2024-11-12 09:00:00,15.5
2024-11-12 09:15:00,
2024-11-12 09:30:00,
2024-11-12 09:45:00,15.7
2024-11-12 10:00:00,15.8
2024-11-12 10:15:00,14.9
2024-11-12 10:30:00,15.7
2024-11-12 10:45:00,15.8
2024-11-12 11:00:00,14.9
2024-11-12 11:15:00,
2024-11-12 11:30:00,15.6
2024-11-12 11:45:00,
2024-11-12 12:00:00,15.0
2024-11-12 12:15:00,15.4
2024-11-12 12:30:00,15.6
2024-11-12 12:45:00,
2024-11-12 13:00:00,15.7
2024-11-12 13:15:00,14.5
2024-11-12 13:30:00,15.4
2024-11-12 13:45:00,15.3
2024-11-12 14:00:00,15.6
2024-11-12 14:15:00,15.5
2024-11-12 14:30:00,
2024-11-12 14:45:00,15.7
2024-11-12 15:00:00,15.1
2024-11-12 15:15:00,
2024-11-12 15:30:00,15.9
2024-11-12 15:45:00,
2024-11-12 16:00:00,14.8
2024-11-12 16:15:00,15.6
2024-11-12 16:30:00,15.8
2024-11-12 16:45:00,14.9
2024-11-12 17:00:00,
2024-11-12 17:15:00,
2024-11-12 17:30:00,14.6
2024-11-12 17:45:00,
2024-11-12 18:00:00,
2024-11-12 18:15:00,15.7
2024-11-12 18:30:00,15.9
2024-11-12 18:45:00,
2024-11-12 19:00:00,16.0
2024-11-12 19:15:00,15.3
2024-11-12 19:30:00,15.3
2024-11-12 19:45:00,14.9
2024-11-12 20:00:00,14.7
2024-11-12 20:15:00,15.4
2024-11-12 20:30:00,15.5
2024-11-12 20:45:00,15.4
2024-11-12 21:00:00,15.5
2024-11-12 21:15:00,15.3
2024-11-12 21:30:00,14.5
2024-11-12 21:45:00,14.5
2024-11-12 22:00:00,16.0
2024-11-12 22:15:00,14.7
2024-11-12 22:30:00,15.4
2024-11-12 22:45:00,15.1
2024-11-12 23:00:00,
2024-11-12 23:15:00,
2024-11-12 23:30:00,
2024-11-12 23:45:00,14.9
2024-11-13 00:00:00,15.5
2024-11-13 00:15:00,16.1
2024-11-13 00:30:00,
2024-11-13 00:45:00,15.6
2024-11-13 01:00:00,
2024-11-13 01:15:00,15.8
2024-11-13 01:30:00,15.0
2024-11-13 01:45:00,15.7
2024-11-13 02:00:00,19.131944610296983
2024-11-13 02:15:00,16.1
2024-11-13 02:30:00,15.8
2024-11-13 02:45:00,15.4
2024-11-13 03:00:00,14.7
2024-11-13 03:15:00,14.9
2024-11-13 03:30:00,14.3
2024-11-13 03:45:00,15.8
2024-11-13 04:00:00,16.0
2024-11-13 04:15:00,16.4
2024-11-13 04:30:00,15.6
2024-11-13 04:45:00,16.2
2024-11-13 05:00:00,15.1
2024-11-13 05:15:00,15.3
2024-11-13 05:30:00,15.8
2024-11-13 05:45:00,14.4
2024-11-13 06:00:00,14.4
2024-11-13 06:15:00,
2024-11-13 06:30:00,15.8
2024-11-13 06:45:00,15.6
2024-11-13 07:00:00,
2024-11-13 07:15:00,15.6
2024-11-13 07:30:00,16.6
2024-11-13 07:45:00,15.5
2024-11-13 08:00:00,16.5
2024-11-13 08:15:00,16.0
2024-11-13 08:30:00,15.4
2024-11-13 08:45:00,15.6
2024-11-13 09:00:00,15.6
2024-11-13 09:15:00,19.398192315519115
2024-11-13 09:30:00,18.098192315519114
2024-11-13 09:45:00,18.898192315519115
2024-11-13 10:00:00,16.2
2024-11-13 10:15:00,14.9
2024-11-13 10:30:00,15.3
2024-11-13 10:45:00,15.0
2024-11-13 11:00:00,16.1
2024-11-13 11:15:00,16.6
2024-11-13 11:30:00,16.6
2024-11-13 11:45:00,15.8
2024-11-13 12:00:00,14.9
2024-11-13 12:15:00,15.7
2024-11-13 12:30:00,14.7
2024-11-13 12:45:00,14.4
2024-11-13 13:00:00,
2024-11-13 13:15:00,15.0
2024-11-13 13:30:00,15.8
2024-11-13 13:45:00,15.6
2024-11-13 14:00:00,15.8
2024-11-13 14:15:00,16.3
2024-11-13 14:30:00,14.9
2024-11-13 14:45:00,16.1
2024-11-13 15:00:00,15.5
2024-11-13 15:15:00,
2024-11-13 15:30:00,
2024-11-13 15:45:00,16.3
2024-11-13 16:00:00,17.0
2024-11-13 16:15:00,16.9
2024-11-13 16:30:00,17.0
2024-11-13 16:45:00,15.4
2024-11-13 17:00:00,16.4
2024-11-13 17:15:00,16.5
2024-11-13 17:30:00,15.2
2024-11-13 17:45:00,15.7
2024-11-13 18:00:00,16.4
2024-11-13 18:15:00,16.3
2024-11-13 18:30:00,16.0
2024-11-13 18:45:00,16.0
2024-11-13 19:00:00,16.0
2024-11-13 19:15:00,16.0
2024-11-13 19:30:00,
2024-11-13 19:45:00,16.0
2024-11-13 20:00:00,
2024-11-13 20:15:00,16.0
2024-11-13 20:30:00,16.0
2024-11-13 20:45:00,16.0
2024-11-13 21:00:00,16.0
2024-11-13 21:15:00,16.0
2024-11-13 21:30:00,16.0
2024-11-13 21:45:00,16.0
2024-11-13 22:00:00,16.0
2024-11-13 22:15:00,16.0
2024-11-13 22:30:00,16.0
2024-11-13 22:45:00,
2024-11-13 23:00:00,16.0
2024-11-13 23:15:00,16.0
2024-11-13 23:30:00,16.0
2024-11-13 23:45:00,16.0
2024-11-14 00:00:00,16.0
2024-11-14 00:15:00,16.0
2024-11-14 00:30:00,16.0
2024-11-14 00:45:00,16.0
2024-11-14 01:00:00,
2024-11-14 01:15:00,16.0
2024-11-14 01:30:00,
2024-11-14 01:45:00,16.0
2024-11-14 02:00:00,16.0
2024-11-14 02:15:00,16.0
2024-11-14 02:30:00,16.0
2024-11-14 02:45:00,
2024-11-14 03:00:00,16.0
2024-11-14 03:15:00,16.0
2024-11-14 03:30:00,16.1
2024-11-14 03:45:00,
2024-11-14 04:00:00,15.9
2024-11-14 04:15:00,16.4
2024-11-14 04:30:00,15.7
2024-11-14 04:45:00,15.2
2024-11-14 05:00:00,15.7
2024-11-14 05:15:00,16.5
2024-11-14 05:30:00,16.3
2024-11-14 05:45:00,16.1
2024-11-14 06:00:00,16.1
2024-11-14 06:15:00,15.7
2024-11-14 06:30:00,16.1
2024-11-14 06:45:00,
2024-11-14 07:00:00,16.2
2024-11-14 07:15:00,15.9
2024-11-14 07:30:00,15.2
2024-11-14 07:45:00,15.7
2024-11-14 08:00:00,16.4
2024-11-14 08:15:00,15.5
2024-11-14 08:30:00,16.0
2024-11-14 08:45:00,16.1
2024-11-14 09:00:00,16.3
2024-11-14 09:15:00,16.1
2024-11-14 09:30:00,15.7
2024-11-14 09:45:00,
2024-11-14 10:00:00,16.2
2024-11-14 10:15:00,15.8
2024-11-14 10:30:00,16.4
2024-11-14 10:45:00,15.2
2024-11-14 11:00:00,15.6
2024-11-14 11:15:00,15.8
2024-11-14 11:30:00,
2024-11-14 11:45:00,15.2
2024-11-14 12:00:00,15.9
2024-11-14 12:15:00,15.1
2024-11-14 12:30:00,16.0
2024-11-14 12:45:00,
2024-11-14 13:00:00,15.7
2024-11-14 13:15:00,16.0
2024-11-14 13:30:00,16.3
2024-11-14 13:45:00,
2024-11-14 14:00:00,
2024-11-14 14:15:00,16.0
2024-11-14 14:30:00,16.6
2024-11-14 14:45:00,16.2
2024-11-14 15:00:00,16.4
2024-11-14 15:15:00,15.8
2024-11-14 15:30:00,15.9
2024-11-14 15:45:00,15.0
2024-11-14 16:00:00,16.6
2024-11-14 16:15:00,15.0
2024-11-14 16:30:00,
2024-11-14 16:45:00,15.9
2024-11-14 17:00:00,15.7
2024-11-14 17:15:00,15.5
2024-11-14 17:30:00,16.4
2024-11-14 17:45:00,
2024-11-14 18:00:00,15.4
2024-11-14 18:15:00,
2024-11-14 18:30:00,15.9
2024-11-14 18:45:00,16.0
2024-11-14 19:00:00,15.3
2024-11-14 19:15:00,15.3
2024-11-14 19:30:00,
2024-11-14 19:45:00,15.2
2024-11-14 20:00:00,14.7
2024-11-14 20:15:00,
2024-11-14 20:30:00,15.4
2024-11-14 20:45:00,
2024-11-14 21:00:00,15.0
2024-11-14 21:15:00,
2024-11-14 21:30:00,15.1
2024-11-14 21:45:00,14.5
2024-11-14 22:00:00,14.4
2024-11-14 22:15:00,
2024-11-14 22:30:00,
2024-11-14 22:45:00,15.5
2024-11-14 23:00:00,
2024-11-14 23:15:00,
2024-11-14 23:30:00,15.1
2024-11-14 23:45:00,
2024-11-15 00:00:00,14.7
2024-11-15 00:15:00,15.3
2024-11-15 00:30:00,15.1
2024-11-15 00:45:00,15.0
2024-11-15 01:00:00,
2024-11-15 01:15:00,15.9
2024-11-15 01:30:00,15.8
2024-11-15 01:45:00,15.8
2024-11-15 02:00:00,14.7
2024-11-15 02:15:00,15.6
2024-11-15 02:30:00,15.2
2024-11-15 02:45:00,15.1
2024-11-15 03:00:00,14.5
2024-11-15 03:15:00,15.2
2024-11-15 03:30:00,15.3
2024-11-15 03:45:00,
2024-11-15 04:00:00,
2024-11-15 04:15:00,14.9
2024-11-15 04:30:00,15.1
2024-11-15 04:45:00,14.8
2024-11-15 05:00:00,
2024-11-15 05:15:00,14.5
2024-11-15 05:30:00,
2024-11-15 05:45:00,15.6
2024-11-15 06:00:00,14.5
2024-11-15 06:15:00,
2024-11-15 06:30:00,14.8
2024-11-15 06:45:00,14.3
2024-11-15 07:00:00,
2024-11-15 07:15:00,15.2
2024-11-15 07:30:00,
2024-11-15 07:45:00,0.7422554417538159
2024-11-15 08:00:00,2.5422554417538166
2024-11-15 08:15:00,2.3422554417538173
2024-11-15 08:30:00,15.2
2024-11-15 08:45:00,15.0
2024-11-15 09:00:00,14.9
2024-11-15 09:15:00,15.5
2024-11-15 09:30:00,16.0
2024-11-15 09:45:00,15.5
2024-11-15 10:00:00,15.8
2024-11-15 10:15:00,15.7
2024-11-15 10:30:00,15.5
2024-11-15 10:45:00,15.1
2024-11-15 11:00:00,15.4
2024-11-15 11:15:00,15.5
2024-11-15 11:30:00,15.5
2024-11-15 11:45:00,14.8
2024-11-15 12:00:00,15.5
2024-11-15 12:15:00,
2024-11-15 12:30:00,15.0
2024-11-15 12:45:00,15.4
2024-11-15 13:00:00,15.1
2024-11-15 13:15:00,
2024-11-15 13:30:00,
2024-11-15 13:45:00,14.9
2024-11-15 14:00:00,15.6
2024-11-15 14:15:00,15.6
2024-11-15 14:30:00,14.8
2024-11-15 14:45:00,14.5
2024-11-15 15:00:00,14.9
2024-11-15 15:15:00,
2024-11-15 15:30:00,15.1
2024-11-15 15:45:00,14.3
2024-11-15 16:00:00,15.2
2024-11-15 16:15:00,15.3
2024-11-15 16:30:00,14.9
2024-11-15 16:45:00,14.9
2024-11-15 17:00:00,14.9
2024-11-15 17:15:00,14.9
2024-11-15 17:30:00,14.9
2024-11-15 17:45:00,14.9
2024-11-15 18:00:00,14.9
2024-11-15 18:15:00,14.9
2024-11-15 18:30:00,
2024-11-15 18:45:00,
2024-11-15 19:00:00,14.9
2024-11-15 19:15:00,14.9
2024-11-15 19:30:00,14.9
2024-11-15 19:45:00,16.7
2024-11-15 20:00:00,
2024-11-15 20:15:00,14.8
2024-11-15 20:30:00,16.4
2024-11-15 20:45:00,15.6
2024-11-15 21:00:00,
2024-11-15 21:15:00,
2024-11-15 21:30:00,15.8
2024-11-15 21:45:00,15.5
2024-11-15 22:00:00,15.7
2024-11-15 22:15:00,16.0
2024-11-15 22:30:00,14.5
2024-11-15 22:45:00,14.8
2024-11-15 23:00:00,
2024-11-15 23:15:00,15.7
2024-11-15 23:30:00,15.1
2024-11-15 23:45:00,15.1
2024-11-16 00:00:00,
2024-11-16 00:15:00,16.2
2024-11-16 00:30:00,16.1
2024-11-16 00:45:00,15.3
2024-11-16 01:00:00,15.8
2024-11-16 01:15:00,16.4
2024-11-16 01:30:00,15.7
2024-11-16 01:45:00,15.3
2024-11-16 02:00:00,
2024-11-16 02:15:00,16.5
2024-11-16 02:30:00,
2024-11-16 02:45:00,17.6
2024-11-16 03:00:00,16.8
2024-11-16 03:15:00,16.6
2024-11-16 03:30:00,
2024-11-16 03:45:00,16.7
2024-11-16 04:00:00,16.5
2024-11-16 04:15:00,15.5
2024-11-16 04:30:00,16.5
2024-11-16 04:45:00,17.0
2024-11-16 05:00:00,15.9
2024-11-16 05:15:00,16.6
2024-11-16 05:30:00,
2024-11-16 05:45:00,16.6
2024-11-16 06:00:00,18.52686595555879
2024-11-16 06:15:00,17.52686595555879
2024-11-16 06:30:00,17.426865955558792
2024-11-16 06:45:00,16.5
2024-11-16 07:00:00,15.8
2024-11-16 07:15:00,16.0
2024-11-16 07:30:00,15.9
2024-11-16 07:45:00,17.1
2024-11-16 08:00:00,16.7
2024-11-16 08:15:00,15.7
2024-11-16 08:30:00,15.5
2024-11-16 08:45:00,15.4
2024-11-16 09:00:00,17.3
2024-11-16 09:15:00,16.3
2024-11-16 09:30:00,15.6
2024-11-16 09:45:00,
2024-11-16 10:00:00,16.1
2024-11-16 10:15:00,16.2
2024-11-16 10:30:00,15.2
2024-11-16 10:45:00,15.5
2024-11-16 11:00:00,15.9
2024-11-16 11:15:00,15.9
2024-11-16 11:30:00,16.6
2024-11-16 11:45:00,16.1
2024-11-16 12:00:00,15.3
2024-11-16 12:15:00,15.8
2024-11-16 12:30:00,15.7
2024-11-16 12:45:00,
2024-11-16 13:00:00,16.5
2024-11-16 13:15:00,16.0
2024-11-16 13:30:00,16.0
2024-11-16 13:45:00,16.5
2024-11-16 14:00:00,15.7
2024-11-16 14:15:00,15.6
2024-11-16 14:30:00,16.3
2024-11-16 14:45:00,16.1
2024-11-16 15:00:00,15.1
2024-11-16 15:15:00,15.2
2024-11-16 15:30:00,15.9
2024-11-16 15:45:00,15.4
2024-11-16 16:00:00,15.2
2024-11-16 16:15:00,16.1
2024-11-16 16:30:00,15.9
2024-11-16 16:45:00,16.0
2024-11-16 17:00:00,16.1
2024-11-16 17:15:00,15.5
2024-11-16 17:30:00,15.8
2024-11-16 17:45:00,15.8
2024-11-16 18:00:00,15.2
2024-11-16 18:15:00,14.6
2024-11-16 18:30:00,15.1
2024-11-16 18:45:00,15.6
2024-11-16 19:00:00,16.6
2024-11-16 19:15:00,16.7
2024-11-16 19:30:00,15.5
2024-11-16 19:45:00,15.1
2024-11-16 20:00:00,14.3
2024-11-16 20:15:00,14.4
2024-11-16 20:30:00,
2024-11-16 20:45:00,15.7
2024-11-16 21:00:00,15.0
2024-11-16 21:15:00,15.9
2024-11-16 21:30:00,
2024-11-16 21:45:00,15.9
2024-11-16 22:00:00,15.1
2024-11-16 22:15:00,15.4
2024-11-16 22:30:00,16.8
2024-11-16 22:45:00,14.5
2024-11-16 23:00:00,15.0
2024-11-16 23:15:00,15.0
2024-11-16 23:30:00,18.652585489422428
2024-11-16 23:45:00,18.45258548942243
2024-11-17 00:00:00,18.75258548942243
2024-11-17 00:15:00,15.4
2024-11-17 00:30:00,14.8
2024-11-17 00:45:00,14.9
2024-11-17 01:00:00,16.0
2024-11-17 01:15:00,14.5
2024-11-17 01:30:00,
2024-11-17 01:45:00,15.2
2024-11-17 02:00:00,14.8
2024-11-17 02:15:00,16.5
2024-11-17 02:30:00,14.4
2024-11-17 02:45:00,16.2
2024-11-17 03:00:00,15.9
2024-11-17 03:15:00,14.5
2024-11-17 03:30:00,15.5
2024-11-17 03:45:00,15.5
2024-11-17 04:00:00,14.5
2024-11-17 04:15:00,14.6
2024-11-17 04:30:00,15.0
2024-11-17 04:45:00,16.8
2024-11-17 05:00:00,15.3
2024-11-17 05:15:00,15.4
2024-11-17 05:30:00,15.0
2024-11-17 05:45:00,16.2
2024-11-17 06:00:00,14.8
2024-11-17 06:15:00,15.5
2024-11-17 06:30:00,14.4
2024-11-17 06:45:00,14.7
2024-11-17 07:00:00,14.5
2024-11-17 07:15:00,14.1
2024-11-17 07:30:00,14.4
2024-11-17 07:45:00,14.8
2024-11-17 08:00:00,16.4
2024-11-17 08:15:00,15.3
2024-11-17 08:30:00,15.8
2024-11-17 08:45:00,
2024-11-17 09:00:00,14.8
2024-11-17 09:15:00,15.3
2024-11-17 09:30:00,15.0
2024-11-17 09:45:00,15.0
2024-11-17 10:00:00,15.9
2024-11-17 10:15:00,14.5
2024-11-17 10:30:00,15.4
2024-11-17 10:45:00,
2024-11-17 11:00:00,18.392761301636323
2024-11-17 11:15:00,18.092761301636326
2024-11-17 11:30:00,18.592761301636326
2024-11-17 11:45:00,15.6
2024-11-17 12:00:00,14.6
2024-11-17 12:15:00,16.5
2024-11-17 12:30:00,14.6
2024-11-17 12:45:00,15.1
2024-11-17 13:00:00,
2024-11-17 13:15:00,
2024-11-17 13:30:00,15.6
2024-11-17 13:45:00,14.9
2024-11-17 14:00:00,15.8
2024-11-17 14:15:00,15.2
2024-11-17 14:30:00,
2024-11-17 14:45:00,14.8
2024-11-17 15:00:00,14.9
2024-11-17 15:15:00,14.9
2024-11-17 15:30:00,16.0
2024-11-17 15:45:00,15.2
2024-11-17 16:00:00,16.0
2024-11-17 16:15:00,
2024-11-17 16:30:00,16.0
2024-11-17 16:45:00,15.7
2024-11-17 17:00:00,
2024-11-17 17:15:00,15.7
2024-11-17 17:30:00,15.5
2024-11-17 17:45:00,15.5
2024-11-17 18:00:00,16.2
2024-11-17 18:15:00,15.0
2024-11-17 18:30:00,14.8
2024-11-17 18:45:00,14.9
2024-11-17 19:00:00,14.8
2024-11-17 19:15:00,15.1
2024-11-17 19:30:00,
2024-11-17 19:45:00,15.5
2024-11-17 20:00:00,15.3
2024-11-17 20:15:00,14.8
2024-11-17 20:30:00,15.9
2024-11-17 20:45:00,15.4
2024-11-17 21:00:00,15.5
2024-11-17 21:15:00,
2024-11-17 21:30:00,
2024-11-17 21:45:00,15.5
2024-11-17 22:00:00,15.7
2024-11-17 22:15:00,15.6
2024-11-17 22:30:00,15.4
2024-11-17 22:45:00,15.3
2024-11-17 23:00:00,
2024-11-17 23:15:00,
2024-11-17 23:30:00,15.8
2024-11-17 23:45:00,
2024-11-18 00:00:00,15.9
2024-11-18 00:15:00,
2024-11-18 00:30:00,15.2
2024-11-18 00:45:00,
2024-11-18 01:00:00,14.9
2024-11-18 01:15:00,15.0
2024-11-18 01:30:00,14.9
2024-11-18 01:45:00,
2024-11-18 02:00:00,
2024-11-18 02:15:00,15.3
2024-11-18 02:30:00,14.8
2024-11-18 02:45:00,15.4
2024-11-18 03:00:00,15.7
2024-11-18 03:15:00,
2024-11-18 03:30:00,15.5
2024-11-18 03:45:00,15.3
2024-11-18 04:00:00,14.8
2024-11-18 04:15:00,15.7
2024-11-18 04:30:00,15.3
2024-11-18 04:45:00,16.1
2024-11-18 05:00:00,
2024-11-18 05:15:00,15.0
2024-11-18 05:30:00,15.3
2024-11-18 05:45:00,15.8
2024-11-18 06:00:00,15.3
2024-11-18 06:15:00,
2024-11-18 06:30:00,15.5
2024-11-18 06:45:00,16.2
2024-11-18 07:00:00,15.1
2024-11-18 07:15:00,15.9
2024-11-18 07:30:00,16.5
2024-11-18 07:45:00,15.5
2024-11-18 08:00:00,16.2
2024-11-18 08:15:00,
2024-11-18 08:30:00,15.9
2024-11-18 08:45:00,15.7
2024-11-18 09:00:00,14.9
2024-11-18 09:15:00,15.5
2024-11-18 09:30:00,16.2
2024-11-18 09:45:00,
2024-11-18 10:00:00,
2024-11-18 10:15:00,15.8
2024-11-18 10:30:00,15.9
2024-11-18 10:45:00,15.6
2024-11-18 11:00:00,15.8
2024-11-18 11:15:00,
2024-11-18 11:30:00,15.9
2024-11-18 11:45:00,15.5
2024-11-18 12:00:00,15.9
2024-11-18 12:15:00,15.4
2024-11-18 12:30:00,15.3
2024-11-18 12:45:00,15.6
2024-11-18 13:00:00,15.4
2024-11-18 13:15:00,15.9
2024-11-18 13:30:00,
2024-11-18 13:45:00,18.2
2024-11-18 14:00:00,16.3
2024-11-18 14:15:00,16.9
2024-11-18 14:30:00,16.7
2024-11-18 14:45:00,15.6
2024-11-18 15:00:00,15.0
2024-11-18 15:15:00,16.3
2024-11-18 15:30:00,17.0
2024-11-18 15:45:00,15.0
2024-11-18 16:00:00,15.8
2024-11-18 16:15:00,14.7
2024-11-18 16:30:00,15.1
2024-11-18 16:45:00,16.3
2024-11-18 17:00:00,15.0
2024-11-18 17:15:00,15.1
2024-11-18 17:30:00,15.3
2024-11-18 17:45:00,16.2
2024-11-18 18:00:00,28.1
2024-11-18 18:15:00,20.1
2024-11-18 18:30:00,18.0
2024-11-18 18:45:00,17.0
2024-11-18 19:00:00,16.5
2024-11-18 19:15:00,17.4
2024-11-18 19:30:00,16.5
2024-11-18 19:45:00,15.5
2024-11-18 20:00:00,15.9
2024-11-18 20:15:00,16.1
2024-11-18 20:30:00,17.0
2024-11-18 20:45:00,15.4
2024-11-18 21:00:00,
2024-11-18 21:15:00,16.2
2024-11-18 21:30:00,16.0
2024-11-18 21:45:00,15.1
2024-11-18 22:00:00,
2024-11-18 22:15:00,15.3
2024-11-18 22:30:00,16.4
2024-11-18 22:45:00,16.6
2024-11-18 23:00:00,
2024-11-18 23:15:00,16.4
2024-11-18 23:30:00,
2024-11-18 23:45:00,16.4
2024-11-19 00:00:00,15.9
2024-11-19 00:15:00,
2024-11-19 00:30:00,15.9
2024-11-19 00:45:00,15.3
2024-11-19 01:00:00,16.0
2024-11-19 01:15:00,15.6
2024-11-19 01:30:00,16.1
2024-11-19 01:45:00,16.3
2024-11-19 02:00:00,16.2
2024-11-19 02:15:00,
2024-11-19 02:30:00,
2024-11-19 02:45:00,
2024-11-19 03:00:00,16.6
2024-11-19 03:15:00,15.6
2024-11-19 03:30:00,16.5
2024-11-19 03:45:00,
2024-11-19 04:00:00,15.8
2024-11-19 04:15:00,16.5
2024-11-19 04:30:00,
2024-11-19 04:45:00,15.6
2024-11-19 05:00:00,16.1
2024-11-19 05:15:00,16.3
2024-11-19 05:30:00,16.5
2024-11-19 05:45:00,
2024-11-19 06:00:00,15.7
2024-11-19 06:15:00,16.3
2024-11-19 06:30:00,
2024-11-19 06:45:00,15.5
2024-11-19 07:00:00,16.8
2024-11-19 07:15:00,16.5
2024-11-19 07:30:00,16.0
2024-11-19 07:45:00,
2024-11-19 08:00:00,16.1
2024-11-19 08:15:00,16.0
2024-11-19 08:30:00,
2024-11-19 08:45:00,16.2
2024-11-19 09:00:00,16.0
2024-11-19 09:15:00,15.9
2024-11-19 09:30:00,16.3
2024-11-19 09:45:00,16.1
2024-11-19 10:00:00,
2024-11-19 10:15:00,
2024-11-19 10:30:00,16.3
2024-11-19 10:45:00,16.9
2024-11-19 11:00:00,17.1
2024-11-19 11:15:00,16.2
2024-11-19 11:30:00,16.1
2024-11-19 11:45:00,16.9
2024-11-19 12:00:00,16.2
2024-11-19 12:15:00,
2024-11-19 12:30:00,
2024-11-19 12:45:00,16.4
2024-11-19 13:00:00,
2024-11-19 13:15:00,
2024-11-19 13:30:00,
2024-11-19 13:45:00,
2024-11-19 14:00:00,16.3
2024-11-19 14:15:00,
2024-11-19 14:30:00,17.1
2024-11-19 14:45:00,16.9
2024-11-19 15:00:00,
2024-11-19 15:15:00,16.5
2024-11-19 15:30:00,30.34421704369733
2024-11-19 15:45:00,17.3
2024-11-19 16:00:00,16.8
2024-11-19 16:15:00,16.2
2024-11-19 16:30:00,17.3
2024-11-19 16:45:00,16.2
2024-11-19 17:00:00,16.2
2024-11-19 17:15:00,16.8
2024-11-19 17:30:00,16.1
2024-11-19 17:45:00,16.1
2024-11-19 18:00:00,17.2
2024-11-19 18:15:00,16.6
2024-11-19 18:30:00,
2024-11-19 18:45:00,16.8
2024-11-19 19:00:00,
2024-11-19 19:15:00,16.3
2024-11-19 19:30:00,16.6
2024-11-19 19:45:00,16.4
2024-11-19 20:00:00,
2024-11-19 20:15:00,16.8
2024-11-19 20:30:00,16.8
2024-11-19 20:45:00,16.3
2024-11-19 21:00:00,17.0
2024-11-19 21:15:00,17.1
2024-11-19 21:30:00,
2024-11-19 21:45:00,16.2
2024-11-19 22:00:00,16.5
2024-11-19 22:15:00,16.4
2024-11-19 22:30:00,
2024-11-19 22:45:00,16.9
2024-11-19 23:00:00,
2024-11-19 23:15:00,15.8
2024-11-19 23:30:00,16.1
2024-11-19 23:45:00,16.0
2024-11-20 00:00:00,
2024-11-20 00:15:00,17.0
2024-11-20 00:30:00,16.2
2024-11-20 00:45:00,16.2
2024-11-20 01:00:00,15.7
2024-11-20 01:15:00,15.7
2024-11-20 01:30:00,
2024-11-20 01:45:00,17.3
2024-11-20 02:00:00,
2024-11-20 02:15:00,
2024-11-20 02:30:00,17.0
2024-11-20 02:45:00,16.4
2024-11-20 03:00:00,15.8
2024-11-20 03:15:00,16.3
2024-11-20 03:30:00,
2024-11-20 03:45:00,17.4
2024-11-20 04:00:00,15.9
2024-11-20 04:15:00,17.1
2024-11-20 04:30:00,16.1
2024-11-20 04:45:00,15.9
2024-11-20 05:00:00,17.6
2024-11-20 05:15:00,
2024-11-20 05:30:00,16.4
2024-11-20 05:45:00,16.1
2024-11-20 06:00:00,16.3
2024-11-20 06:15:00,16.9
2024-11-20 06:30:00,
2024-11-20 06:45:00,17.6
2024-11-20 07:00:00,16.8
2024-11-20 07:15:00,
2024-11-20 07:30:00,17.1
2024-11-20 07:45:00,17.3
2024-11-20 08:00:00,17.6
2024-11-20 08:15:00,16.1
2024-11-20 08:30:00,17.3
2024-11-20 08:45:00,
2024-11-20 09:00:00,17.3
2024-11-20 09:15:00,
2024-11-20 09:30:00,17.3
2024-11-20 09:45:00,
2024-11-20 10:00:00,17.9
2024-11-20 10:15:00,16.9
2024-11-20 10:30:00,16.3
2024-11-20 10:45:00,17.9
2024-11-20 11:00:00,
2024-11-20 11:15:00,17.5
2024-11-20 11:30:00,
2024-11-20 11:45:00,16.6
2024-11-20 12:00:00,17.0
2024-11-20 12:15:00,
2024-11-20 12:30:00,
2024-11-20 12:45:00,17.6
2024-11-20 13:00:00,17.3
2024-11-20 13:15:00,17.7
2024-11-20 13:30:00,18.1
2024-11-20 13:45:00,18.3
2024-11-20 14:00:00,18.2
2024-11-20 14:15:00,18.2
2024-11-20 14:30:00,31.657700827678276
2024-11-20 14:45:00,17.5
2024-11-20 15:00:00,18.1
2024-11-20 15:15:00,17.5
2024-11-20 15:30:00,17.3
2024-11-20 15:45:00,
2024-11-20 16:00:00,18.0
2024-11-20 16:15:00,18.4
2024-11-20 16:30:00,17.6
2024-11-20 16:45:00,17.8
2024-11-20 17:00:00,17.7
2024-11-20 17:15:00,18.5
2024-11-20 17:30:00,18.1
2024-11-20 17:45:00,18.5
2024-11-20 18:00:00,17.6
2024-11-20 18:15:00,
2024-11-20 18:30:00,
2024-11-20 18:45:00,17.3
2024-11-20 19:00:00,18.7
2024-11-20 19:15:00,17.6
2024-11-20 19:30:00,18.8
2024-11-20 19:45:00,
2024-11-20 20:00:00,18.4
2024-11-20 20:15:00,18.9
2024-11-20 20:30:00,18.4
2024-11-20 20:45:00,18.3
2024-11-20 21:00:00,19.0
2024-11-20 21:15:00,18.1
2024-11-20 21:30:00,
2024-11-20 21:45:00,18.3
2024-11-20 22:00:00,19.3
2024-11-20 22:15:00,19.3
2024-11-20 22:30:00,18.4
2024-11-20 22:45:00,18.5
2024-11-20 23:00:00,17.9
2024-11-20 23:15:00,
2024-11-20 23:30:00,18.1
2024-11-20 23:45:00,18.5
2024-11-21 00:00:00,18.9
2024-11-21 00:15:00,18.1
2024-11-21 00:30:00,18.6
2024-11-21 00:45:00,19.2
2024-11-21 01:00:00,18.8
2024-11-21 01:15:00,19.1
2024-11-21 01:30:00,19.7
2024-11-21 01:45:00,
2024-11-21 02:00:00,19.4
2024-11-21 02:15:00,19.6
2024-11-21 02:30:00,
2024-11-21 02:45:00,19.1
2024-11-21 03:00:00,20.5
2024-11-21 03:15:00,19.1
2024-11-21 03:30:00,20.5
2024-11-21 03:45:00,20.8
2024-11-21 04:00:00,19.6
2024-11-21 04:15:00,20.8
2024-11-21 04:30:00,21.4
2024-11-21 04:45:00,20.0
2024-11-21 05:00:00,20.7
2024-11-21 05:15:00,20.2
2024-11-21 05:30:00,20.8
2024-11-21 05:45:00,
2024-11-21 06:00:00,20.9
2024-11-21 06:15:00,20.8
2024-11-21 06:30:00,21.0
2024-11-21 06:45:00,21.4
2024-11-21 07:00:00,21.5
2024-11-21 07:15:00,21.3
2024-11-21 07:30:00,21.7
2024-11-21 07:45:00,
2024-11-21 08:00:00,
2024-11-21 08:15:00,22.0
2024-11-21 08:30:00,21.3
2024-11-21 08:45:00,21.2
2024-11-21 09:00:00,22.3
2024-11-21 09:15:00,21.3
2024-11-21 09:30:00,21.1
2024-11-21 09:45:00,
2024-11-21 10:00:00,21.6
2024-11-21 10:15:00,21.0
2024-11-21 10:30:00,
2024-11-21 10:45:00,21.3
2024-11-21 11:00:00,
2024-11-21 11:15:00,21.1
2024-11-21 11:30:00,
2024-11-21 11:45:00,20.5
2024-11-21 12:00:00,21.3
2024-11-21 12:15:00,
2024-11-21 12:30:00,20.7
2024-11-21 12:45:00,21.0
2024-11-21 13:00:00,
2024-11-21 13:15:00,20.9
2024-11-21 13:30:00,
2024-11-21 13:45:00,20.3
2024-11-21 14:00:00,
2024-11-21 14:15:00,20.2
2024-11-21 14:30:00,24.532572969143054
2024-11-21 14:45:00,25.232572969143053
2024-11-21 15:00:00,24.532572969143054
2024-11-21 15:15:00,19.9
2024-11-21 15:30:00,20.5
2024-11-21 15:45:00,
2024-11-21 16:00:00,19.8
2024-11-21 16:15:00,
2024-11-21 16:30:00,19.9
2024-11-21 16:45:00,20.0
2024-11-21 17:00:00,19.9
2024-11-21 17:15:00,19.5
2024-11-21 17:30:00,19.9
2024-11-21 17:45:00,20.4
2024-11-21 18:00:00,20.3
2024-11-21 18:15:00,
2024-11-21 18:30:00,
2024-11-21 18:45:00,
2024-11-21 19:00:00,
2024-11-21 19:15:00,19.5
2024-11-21 19:30:00,20.0
2024-11-21 19:45:00,20.4
2024-11-21 20:00:00,
2024-11-21 20:15:00,19.5
2024-11-21 20:30:00,19.7
2024-11-21 20:45:00,19.9
2024-11-21 21:00:00,19.7
2024-11-21 21:15:00,19.9
2024-11-21 21:30:00,
2024-11-21 21:45:00,19.3
2024-11-21 22:00:00,19.6
2024-11-21 22:15:00,19.0
2024-11-21 22:30:00,18.9
2024-11-21 22:45:00,
2024-11-21 23:00:00,19.9
2024-11-21 23:15:00,19.3
2024-11-21 23:30:00,19.4
2024-11-21 23:45:00,19.1
2024-11-22 00:00:00,19.7
2024-11-22 00:15:00,20.2
2024-11-22 00:30:00,20.2
2024-11-22 00:45:00,19.9
2024-11-22 01:00:00,
2024-11-22 01:15:00,
2024-11-22 01:30:00,19.8
2024-11-22 01:45:00,20.2
2024-11-22 02:00:00,
2024-11-22 02:15:00,20.4
2024-11-22 02:30:00,19.8
2024-11-22 02:45:00,19.8
2024-11-22 03:00:00,
2024-11-22 03:15:00,20.0
2024-11-22 03:30:00,19.8
2024-11-22 03:45:00,20.3
2024-11-22 04:00:00,20.6
2024-11-22 04:15:00,20.1
2024-11-22 04:30:00,
2024-11-22 04:45:00,
2024-11-22 05:00:00,
2024-11-22 05:15:00,
2024-11-22 05:30:00,
2024-11-22 05:45:00,
2024-11-22 06:00:00,
2024-11-22 06:15:00,
2024-11-22 06:30:00,
2024-11-22 06:45:00,
2024-11-22 07:00:00,
2024-11-22 07:15:00,20.1
2024-11-22 07:30:00,20.4
2024-11-22 07:45:00,20.9
2024-11-22 08:00:00,20.5
2024-11-22 08:15:00,
2024-11-22 08:30:00,20.4
2024-11-22 08:45:00,20.4
2024-11-22 09:00:00,20.4
2024-11-22 09:15:00,
2024-11-22 09:30:00,20.8
2024-11-22 09:45:00,20.1
2024-11-22 10:00:00,21.5
2024-11-22 10:15:00,20.9
2024-11-22 10:30:00,20.5
2024-11-22 10:45:00,21.0
2024-11-22 11:00:00,20.4
2024-11-22 11:15:00,20.8
2024-11-22 11:30:00,
2024-11-22 11:45:00,21.4
2024-11-22 12:00:00,20.6
2024-11-22 12:15:00,
2024-11-22 12:30:00,20.1
2024-11-22 12:45:00,
2024-11-22 13:00:00,20.5
2024-11-22 13:15:00,19.9
2024-11-22 13:30:00,20.0
2024-11-22 13:45:00,19.9
2024-11-22 14:00:00,19.9
2024-11-22 14:15:00,19.2
2024-11-22 14:30:00,
2024-11-22 14:45:00,
2024-11-22 15:00:00,20.2
2024-11-22 15:15:00,
2024-11-22 15:30:00,19.8
2024-11-22 15:45:00,20.0
2024-11-22 16:00:00,
2024-11-22 16:15:00,19.4
2024-11-22 16:30:00,19.8
2024-11-22 16:45:00,19.9
2024-11-22 17:00:00,19.6
2024-11-22 17:15:00,19.8
2024-11-22 17:30:00,
2024-11-22 17:45:00,
2024-11-22 18:00:00,19.1
2024-11-22 18:15:00,18.7
2024-11-22 18:30:00,19.4
2024-11-22 18:45:00,18.9
2024-11-22 19:00:00,
2024-11-22 19:15:00,19.6
2024-11-22 19:30:00,18.5
2024-11-22 19:45:00,19.3
2024-11-22 20:00:00,18.5
2024-11-22 20:15:00,19.3
2024-11-22 20:30:00,18.9
2024-11-22 20:45:00,18.5
2024-11-22 21:00:00,19.4
2024-11-22 21:15:00,
2024-11-22 21:30:00,19.3
2024-11-22 21:45:00,18.3
2024-11-22 22:00:00,
2024-11-22 22:15:00,18.3
2024-11-22 22:30:00,
2024-11-22 22:45:00,18.3
2024-11-22 23:00:00,18.8
2024-11-22 23:15:00,18.3
2024-11-22 23:30:00,
2024-11-22 23:45:00,18.9
2024-11-23 00:00:00,17.5
2024-11-23 00:15:00,
2024-11-23 00:30:00,18.1
2024-11-23 00:45:00,18.9
2024-11-23 01:00:00,17.6
2024-11-23 01:15:00,18.7
2024-11-23 01:30:00,17.7
2024-11-23 01:45:00,17.4
2024-11-23 02:00:00,18.4
2024-11-23 02:15:00,18.0
2024-11-23 02:30:00,19.0
2024-11-23 02:45:00,
2024-11-23 03:00:00,
2024-11-23 03:15:00,17.9
2024-11-23 03:30:00,18.3
2024-11-23 03:45:00,18.3
2024-11-23 04:00:00,18.1
2024-11-23 04:15:00,18.0
2024-11-23 04:30:00,17.9
2024-11-23 04:45:00,17.7
2024-11-23 05:00:00,
2024-11-23 05:15:00,17.4
2024-11-23 05:30:00,17.1
2024-11-23 05:45:00,18.1
2024-11-23 06:00:00,17.4
2024-11-23 06:15:00,16.8
2024-11-23 06:30:00,17.3
2024-11-23 06:45:00,23.97525764587148
2024-11-23 07:00:00,16.9
2024-11-23 07:15:00,
2024-11-23 07:30:00,17.4
2024-11-23 07:45:00,16.4
2024-11-23 08:00:00,17.7
2024-11-23 08:15:00,
2024-11-23 08:30:00,16.9
2024-11-23 08:45:00,
2024-11-23 09:00:00,17.1
2024-11-23 09:15:00,17.5
2024-11-23 09:30:00,
2024-11-23 09:45:00,16.1
2024-11-23 10:00:00,16.9
2024-11-23 10:15:00,16.0
2024-11-23 10:30:00,17.0
2024-11-23 10:45:00,16.3
2024-11-23 11:00:00,16.1
2024-11-23 11:15:00,16.7
2024-11-23 11:30:00,17.4
2024-11-23 11:45:00,17.3
2024-11-23 12:00:00,16.0
2024-11-23 12:15:00,16.9
2024-11-23 12:30:00,17.0
2024-11-23 12:45:00,15.9
2024-11-23 13:00:00,15.6
2024-11-23 13:15:00,17.0
2024-11-23 13:30:00,16.3
2024-11-23 13:45:00,
2024-11-23 14:00:00,
2024-11-23 14:15:00,17.3
2024-11-23 14:30:00,
2024-11-23 14:45:00,16.7
2024-11-23 15:00:00,
2024-11-23 15:15:00,16.6
2024-11-23 15:30:00,
2024-11-23 15:45:00,16.4
2024-11-23 16:00:00,17.3
2024-11-23 16:15:00,
2024-11-23 16:30:00,16.3
2024-11-23 16:45:00,16.6
2024-11-23 17:00:00,
2024-11-23 17:15:00,15.3
2024-11-23 17:30:00,16.0
2024-11-23 17:45:00,
2024-11-23 18:00:00,15.1
2024-11-23 18:15:00,15.9
2024-11-23 18:30:00,16.5
2024-11-23 18:45:00,
2024-11-23 19:00:00,15.6
2024-11-23 19:15:00,15.5
2024-11-23 19:30:00,15.0
2024-11-23 19:45:00,15.9
2024-11-23 20:00:00,16.5
2024-11-23 20:15:00,
2024-11-23 20:30:00,
2024-11-23 20:45:00,
2024-11-23 21:00:00,15.5
2024-11-23 21:15:00,
2024-11-23 21:30:00,
2024-11-23 21:45:00,15.3
2024-11-23 22:00:00,15.2
2024-11-23 22:15:00,15.4
2024-11-23 22:30:00,15.3
2024-11-23 22:45:00,
2024-11-23 23:00:00,15.3
2024-11-23 23:15:00,
2024-11-23 23:30:00,16.2
2024-11-23 23:45:00,14.8
2024-11-24 00:00:00,14.5
2024-11-24 00:15:00,
2024-11-24 00:30:00,
2024-11-24 00:45:00,14.4
2024-11-24 01:00:00,14.4
2024-11-24 01:15:00,14.4
2024-11-24 01:30:00,14.4
2024-11-24 01:45:00,14.4
2024-11-24 02:00:00,
2024-11-24 02:15:00,14.4
2024-11-24 02:30:00,14.4
2024-11-24 02:45:00,14.4
2024-11-24 03:00:00,14.4
2024-11-24 03:15:00,14.4
2024-11-24 03:30:00,14.4
2024-11-24 03:45:00,14.4
2024-11-24 04:00:00,14.4
2024-11-24 04:15:00,14.4
2024-11-24 04:30:00,
2024-11-24 04:45:00,14.4
2024-11-24 05:00:00,
2024-11-24 05:15:00,
2024-11-24 05:30:00,14.4
2024-11-24 05:45:00,14.4
2024-11-24 06:00:00,14.4
2024-11-24 06:15:00,14.4
2024-11-24 06:30:00,14.4
2024-11-24 06:45:00,14.4
2024-11-24 07:00:00,14.4
2024-11-24 07:15:00,
2024-11-24 07:30:00,14.4
2024-11-24 07:45:00,14.4
2024-11-24 08:00:00,
2024-11-24 08:15:00,14.4
2024-11-24 08:30:00,14.4
2024-11-24 08:45:00,14.4
2024-11-24 09:00:00,14.4
2024-11-24 09:15:00,15.8
2024-11-24 09:30:00,16.6
2024-11-24 09:45:00,15.9
2024-11-24 10:00:00,16.4
2024-11-24 10:15:00,15.9
2024-11-24 10:30:00,15.8
2024-11-24 10:45:00,16.0
2024-11-24 11:00:00,16.2
2024-11-24 11:15:00,
2024-11-24 11:30:00,16.8
2024-11-24 11:45:00,16.6
2024-11-24 12:00:00,
2024-11-24 12:15:00,15.5
2024-11-24 12:30:00,16.3
2024-11-24 12:45:00,
2024-11-24 13:00:00,17.4
2024-11-24 13:15:00,17.1
2024-11-24 13:30:00,15.3
2024-11-24 13:45:00,16.4
2024-11-24 14:00:00,16.4
2024-11-24 14:15:00,16.0
2024-11-24 14:30:00,15.5
2024-11-24 14:45:00,17.3
2024-11-24 15:00:00,16.0
2024-11-24 15:15:00,
2024-11-24 15:30:00,17.2
2024-11-24 15:45:00,16.2
2024-11-24 16:00:00,17.4
2024-11-24 16:15:00,
2024-11-24 16:30:00,17.1
2024-11-24 16:45:00,
2024-11-24 17:00:00,16.3
2024-11-24 17:15:00,
2024-11-24 17:30:00,16.7
2024-11-24 17:45:00,17.3
2024-11-24 18:00:00,18.10194523507822
2024-11-24 18:15:00,19.50194523507822
2024-11-24 18:30:00,19.10194523507822
2024-11-24 18:45:00,17.3
2024-11-24 19:00:00,
2024-11-24 19:15:00,17.1
2024-11-24 19:30:00,
2024-11-24 19:45:00,
2024-11-24 20:00:00,16.1
2024-11-24 20:15:00,
2024-11-24 20:30:00,
2024-11-24 20:45:00,16.6
2024-11-24 21:00:00,15.9
2024-11-24 21:15:00,17.3
2024-11-24 21:30:00,16.7
2024-11-24 21:45:00,16.8
2024-11-24 22:00:00,16.1
2024-11-24 22:15:00,16.2
2024-11-24 22:30:00,16.3
2024-11-24 22:45:00,16.8
2024-11-24 23:00:00,17.4
2024-11-24 23:15:00,16.6
2024-11-24 23:30:00,17.5
2024-11-24 23:45:00,16.4
2024-11-25 00:00:00,16.4
2024-11-25 00:15:00,
2024-11-25 00:30:00,17.5
2024-11-25 00:45:00,17.0
2024-11-25 01:00:00,17.6
2024-11-25 01:15:00,17.1
2024-11-25 01:30:00,
2024-11-25 01:45:00,
2024-11-25 02:00:00,17.8
2024-11-25 02:15:00,17.6
2024-11-25 02:30:00,18.5
2024-11-25 02:45:00,17.6
2024-11-25 03:00:00,18.6
2024-11-25 03:15:00,26.915184241435867
2024-11-25 03:30:00,27.715184241435868
2024-11-25 03:45:00,17.5
2024-11-25 04:00:00,18.4
2024-11-25 04:15:00,17.4
2024-11-25 04:30:00,18.1
2024-11-25 04:45:00,18.7
2024-11-25 05:00:00,17.9
2024-11-25 05:15:00,18.1
2024-11-25 05:30:00,18.4
2024-11-25 05:45:00,18.2
2024-11-25 06:00:00,17.9
2024-11-25 06:15:00,18.7
2024-11-25 06:30:00,18.2
2024-11-25 06:45:00,18.7
2024-11-25 07:00:00,18.4
2024-11-25 07:15:00,18.4
2024-11-25 07:30:00,19.0
2024-11-25 07:45:00,
2024-11-25 08:00:00,19.1
2024-11-25 08:15:00,19.9
2024-11-25 08:30:00,18.9
2024-11-25 08:45:00,25.31451537134848
2024-11-25 09:00:00,23.61451537134848
2024-11-25 09:15:00,24.21451537134848
2024-11-25 09:30:00,19.1
2024-11-25 09:45:00,19.5
2024-11-25 10:00:00,19.7
2024-11-25 10:15:00,19.1
2024-11-25 10:30:00,19.5
2024-11-25 10:45:00,20.0
2024-11-25 11:00:00,20.5
2024-11-25 11:15:00,
2024-11-25 11:30:00,20.3
2024-11-25 11:45:00,19.3
2024-11-25 12:00:00,20.3
2024-11-25 12:15:00,19.8
2024-11-25 12:30:00,21.3
2024-11-25 12:45:00,20.8
2024-11-25 13:00:00,
2024-11-25 13:15:00,20.0
2024-11-25 13:30:00,21.3
2024-11-25 13:45:00,22.0
2024-11-25 14:00:00,21.6
2024-11-25 14:15:00,21.2
2024-11-25 14:30:00,21.3
2024-11-25 14:45:00,23.2
2024-11-25 15:00:00,22.2
2024-11-25 15:15:00,26.9647813372476
2024-11-25 15:30:00,20.6
2024-11-25 15:45:00,21.4
2024-11-25 16:00:00,20.7
2024-11-25 16:15:00,22.0
2024-11-25 16:30:00,22.0
2024-11-25 16:45:00,23.1
2024-11-25 17:00:00,21.5
2024-11-25 17:15:00,22.4
2024-11-25 17:30:00,23.2
2024-11-25 17:45:00,22.7
2024-11-25 18:00:00,22.6
2024-11-25 18:15:00,23.7
2024-11-25 18:30:00,22.6
2024-11-25 18:45:00,23.0
2024-11-25 19:00:00,22.1
2024-11-25 19:15:00,23.3
2024-11-25 19:30:00,23.0
2024-11-25 19:45:00,23.2
2024-11-25 20:00:00,21.9
2024-11-25 20:15:00,22.8
2024-11-25 20:30:00,24.5
2024-11-25 20:45:00,30.519828498991508
2024-11-25 21:00:00,23.5
2024-11-25 21:15:00,24.0
2024-11-25 21:30:00,21.7
2024-11-25 21:45:00,21.5
2024-11-25 22:00:00,22.2
2024-11-25 22:15:00,24.0
2024-11-25 22:30:00,21.5
2024-11-25 22:45:00,23.8
2024-11-25 23:00:00,25.1
2024-11-25 23:15:00,23.1
2024-11-25 23:30:00,22.1
2024-11-25 23:45:00,23.4
2024-11-26 00:00:00,23.1
2024-11-26 00:15:00,21.6
2024-11-26 00:30:00,22.5
2024-11-26 00:45:00,23.8
2024-11-26 01:00:00,21.3
2024-11-26 01:15:00,21.4
2024-11-26 01:30:00,23.2
2024-11-26 01:45:00,22.5
2024-11-26 02:00:00,21.9
2024-11-26 02:15:00,22.8
2024-11-26 02:30:00,23.7
2024-11-26 02:45:00,27.668129914711113
2024-11-26 03:00:00,28.668129914711113
2024-11-26 03:15:00,23.3
2024-11-26 03:30:00,22.4
2024-11-26 03:45:00,22.5
2024-11-26 04:00:00,22.6
2024-11-26 04:15:00,
2024-11-26 04:30:00,21.7
2024-11-26 04:45:00,22.8
2024-11-26 05:00:00,
2024-11-26 05:15:00,22.9
2024-11-26 05:30:00,27.08210996544752
2024-11-26 05:45:00,22.1
2024-11-26 06:00:00,22.7
2024-11-26 06:15:00,22.7
2024-11-26 06:30:00,21.3
2024-11-26 06:45:00,21.1
2024-11-26 07:00:00,22.1
2024-11-26 07:15:00,20.8
2024-11-26 07:30:00,21.4
2024-11-26 07:45:00,21.8
2024-11-26 08:00:00,21.6
2024-11-26 08:15:00,22.7
2024-11-26 08:30:00,23.0
2024-11-26 08:45:00,22.0
2024-11-26 09:00:00,22.3
2024-11-26 09:15:00,22.3
2024-11-26 09:30:00,22.3
2024-11-26 09:45:00,21.7
2024-11-26 10:00:00,21.4
2024-11-26 10:15:00,
2024-11-26 10:30:00,23.1
2024-11-26 10:45:00,22.8
2024-11-26 11:00:00,23.2
2024-11-26 11:15:00,23.0
2024-11-26 11:30:00,21.9
2024-11-26 11:45:00,22.3
2024-11-26 12:00:00,21.3
2024-11-26 12:15:00,22.1
2024-11-26 12:30:00,23.3
2024-11-26 12:45:00,22.5
2024-11-26 13:00:00,23.2
2024-11-26 13:15:00,23.5
2024-11-26 13:30:00,23.3
2024-11-26 13:45:00,23.0
2024-11-26 14:00:00,22.9
2024-11-26 14:15:00,22.1
2024-11-26 14:30:00,
2024-11-26 14:45:00,27.540119120333337
2024-11-26 15:00:00,25.440119120333343
2024-11-26 15:15:00,26.64011912033334
2024-11-26 15:30:00,22.5
2024-11-26 15:45:00,23.9
2024-11-26 16:00:00,
2024-11-26 16:15:00,24.7
2024-11-26 16:30:00,24.9
2024-11-26 16:45:00,
2024-11-26 17:00:00,24.7
2024-11-26 17:15:00,24.8
2024-11-26 17:30:00,25.5
2024-11-26 17:45:00,
2024-11-26 18:00:00,25.9
2024-11-26 18:15:00,24.4
2024-11-26 18:30:00,25.9
2024-11-26 18:45:00,27.82014154578845
2024-11-26 19:00:00,27.62014154578845
2024-11-26 19:15:00,25.0
2024-11-26 19:30:00,26.4
2024-11-26 19:45:00,25.3
2024-11-26 20:00:00,24.8
2024-11-26 20:15:00,24.9
2024-11-26 20:30:00,
2024-11-26 20:45:00,25.4
2024-11-26 21:00:00,25.9
2024-11-26 21:15:00,25.6
2024-11-26 21:30:00,25.8
2024-11-26 21:45:00,
2024-11-26 22:00:00,24.5
2024-11-26 22:15:00,25.7
2024-11-26 22:30:00,25.7
2024-11-26 22:45:00,26.8
2024-11-26 23:00:00,25.1
2024-11-26 23:15:00,25.0
2024-11-26 23:30:00,25.7
2024-11-26 23:45:00,27.1
2024-11-27 00:00:00,26.5
2024-11-27 00:15:00,25.5
2024-11-27 00:30:00,25.9
2024-11-27 00:45:00,26.2
2024-11-27 01:00:00,26.0
2024-11-27 01:15:00,26.2
2024-11-27 01:30:00,
2024-11-27 01:45:00,26.5
2024-11-27 02:00:00,26.8
2024-11-27 02:15:00,
2024-11-27 02:30:00,25.1
2024-11-27 02:45:00,25.9
2024-11-27 03:00:00,25.4
2024-11-27 03:15:00,24.6
2024-11-27 03:30:00,
2024-11-27 03:45:00,25.6
2024-11-27 04:00:00,25.6
2024-11-27 04:15:00,25.3
2024-11-27 04:30:00,24.6
2024-11-27 04:45:00,25.4
2024-11-27 05:00:00,
2024-11-27 05:15:00,23.7
2024-11-27 05:30:00,25.0
2024-11-27 05:45:00,24.3
2024-11-27 06:00:00,23.3
2024-11-27 06:15:00,23.7
2024-11-27 06:30:00,23.7
2024-11-27 06:45:00,24.4
2024-11-27 07:00:00,
2024-11-27 07:15:00,22.9
2024-11-27 07:30:00,
2024-11-27 07:45:00,
2024-11-27 08:00:00,23.2
2024-11-27 08:15:00,22.1
2024-11-27 08:30:00,22.4
2024-11-27 08:45:00,23.6
2024-11-27 09:00:00,23.7
2024-11-27 09:15:00,23.1
2024-11-27 09:30:00,22.4
2024-11-27 09:45:00,22.5
2024-11-27 10:00:00,22.5
2024-11-27 10:15:00,22.1
2024-11-27 10:30:00,22.3
2024-11-27 10:45:00,21.1
2024-11-27 11:00:00,21.7
2024-11-27 11:15:00,21.8
2024-11-27 11:30:00,21.4
2024-11-27 11:45:00,22.7
2024-11-27 12:00:00,25.26498982683637
2024-11-27 12:15:00,21.5
2024-11-27 12:30:00,21.9
2024-11-27 12:45:00,21.4
2024-11-27 13:00:00,22.6
2024-11-27 13:15:00,21.7
2024-11-27 13:30:00,22.9
2024-11-27 13:45:00,22.9
2024-11-27 14:00:00,21.6
2024-11-27 14:15:00,21.9
2024-11-27 14:30:00,20.6
2024-11-27 14:45:00,20.4
2024-11-27 15:00:00,20.4
2024-11-27 15:15:00,20.7
2024-11-27 15:30:00,21.1
2024-11-27 15:45:00,20.8
2024-11-27 16:00:00,19.7
2024-11-27 16:15:00,
2024-11-27 16:30:00,
2024-11-27 16:45:00,19.9
2024-11-27 17:00:00,20.4
2024-11-27 17:15:00,20.3
2024-11-27 17:30:00,
2024-11-27 17:45:00,
2024-11-27 18:00:00,19.8
2024-11-27 18:15:00,
2024-11-27 18:30:00,
2024-11-27 18:45:00,19.9
2024-11-27 19:00:00,
2024-11-27 19:15:00,19.9
2024-11-27 19:30:00,20.0
2024-11-27 19:45:00,
2024-11-27 20:00:00,19.7
2024-11-27 20:15:00,
2024-11-27 20:30:00,19.6
2024-11-27 20:45:00,19.0
2024-11-27 21:00:00,
2024-11-27 21:15:00,19.8
2024-11-27 21:30:00,
2024-11-27 21:45:00,18.9
2024-11-27 22:00:00,
2024-11-27 22:15:00,19.4
2024-11-27 22:30:00,19.1
2024-11-27 22:45:00,18.7
2024-11-27 23:00:00,19.2
2024-11-27 23:15:00,19.3
2024-11-27 23:30:00,19.3
2024-11-27 23:45:00,19.4
2024-11-28 00:00:00,19.3
2024-11-28 00:15:00,18.9
2024-11-28 00:30:00,
2024-11-28 00:45:00,18.6
2024-11-28 01:00:00,
2024-11-28 01:15:00,18.9
2024-11-28 01:30:00,18.8
2024-11-28 01:45:00,18.4
2024-11-28 02:00:00,29.72869469847614
2024-11-28 02:15:00,29.42869469847614
2024-11-28 02:30:00,
2024-11-28 02:45:00,18.5
2024-11-28 03:00:00,18.4
2024-11-28 03:15:00,
2024-11-28 03:30:00,18.9
2024-11-28 03:45:00,18.9
2024-11-28 04:00:00,18.9
2024-11-28 04:15:00,18.5
2024-11-28 04:30:00,
2024-11-28 04:45:00,18.2
2024-11-28 05:00:00,17.9
2024-11-28 05:15:00,18.6
2024-11-28 05:30:00,
2024-11-28 05:45:00,17.4
2024-11-28 06:00:00,18.2
2024-11-28 06:15:00,
2024-11-28 06:30:00,17.6
2024-11-28 06:45:00,18.1
2024-11-28 07:00:00,18.0
2024-11-28 07:15:00,17.6
2024-11-28 07:30:00,17.8
2024-11-28 07:45:00,17.2
2024-11-28 08:00:00,
2024-11-28 08:15:00,17.8
2024-11-28 08:30:00,17.0
2024-11-28 08:45:00,18.1
2024-11-28 09:00:00,17.1
2024-11-28 09:15:00,17.2
2024-11-28 09:30:00,
2024-11-28 09:45:00,
2024-11-28 10:00:00,17.7
2024-11-28 10:15:00,17.3
2024-11-28 10:30:00,17.6
2024-11-28 10:45:00,
2024-11-28 11:00:00,16.8
2024-11-28 11:15:00,17.7
2024-11-28 11:30:00,17.0
2024-11-28 11:45:00,16.8
2024-11-28 12:00:00,17.2
2024-11-28 12:15:00,17.1
2024-11-28 12:30:00,32.056542676820214
2024-11-28 12:45:00,17.7
2024-11-28 13:00:00,16.9
2024-11-28 13:15:00,16.7
2024-11-28 13:30:00,17.0
2024-11-28 13:45:00,
2024-11-28 14:00:00,17.1
2024-11-28 14:15:00,16.4
2024-11-28 14:30:00,16.3
2024-11-28 14:45:00,16.9
2024-11-28 15:00:00,15.4
2024-11-28 15:15:00,15.5
2024-11-28 15:30:00,15.6
2024-11-28 15:45:00,16.8
2024-11-28 16:00:00,15.8
2024-11-28 16:15:00,17.1
2024-11-28 16:30:00,16.3
2024-11-28 16:45:00,15.7
2024-11-28 17:00:00,15.9
2024-11-28 17:15:00,16.5
2024-11-28 17:30:00,16.8
2024-11-28 17:45:00,16.2
2024-11-28 18:00:00,15.7
2024-11-28 18:15:00,16.0
2024-11-28 18:30:00,15.1
2024-11-28 18:45:00,
2024-11-28 19:00:00,12.084321163514042
2024-11-28 19:15:00,15.6
2024-11-28 19:30:00,15.7
2024-11-28 19:45:00,15.0
2024-11-28 20:00:00,16.0
2024-11-28 20:15:00,15.3
2024-11-28 20:30:00,15.7
2024-11-28 20:45:00,15.0
2024-11-28 21:00:00,16.1
2024-11-28 21:15:00,15.9
2024-11-28 21:30:00,15.3
2024-11-28 21:45:00,14.9
2024-11-28 22:00:00,15.3
2024-11-28 22:15:00,15.9
2024-11-28 22:30:00,15.4
2024-11-28 22:45:00,
2024-11-28 23:00:00,15.2
2024-11-28 23:15:00,15.0
2024-11-28 23:30:00,14.1
2024-11-28 23:45:00,14.2
2024-11-29 00:00:00,15.1
2024-11-29 00:15:00,14.8
2024-11-29 00:30:00,15.9
2024-11-29 00:45:00,15.3
2024-11-29 01:00:00,15.5
2024-11-29 01:15:00,15.1
2024-11-29 01:30:00,
2024-11-29 01:45:00,
2024-11-29 02:00:00,
2024-11-29 02:15:00,
2024-11-29 02:30:00,
2024-11-29 02:45:00,
2024-11-29 03:00:00,15.1
2024-11-29 03:15:00,15.3
2024-11-29 03:30:00,14.5
2024-11-29 03:45:00,14.7
2024-11-29 04:00:00,13.9
2024-11-29 04:15:00,14.3
2024-11-29 04:30:00,14.8
2024-11-29 04:45:00,14.1
2024-11-29 05:00:00,13.6
2024-11-29 05:15:00,
2024-11-29 05:30:00,
2024-11-29 05:45:00,14.4
2024-11-29 06:00:00,14.6
2024-11-29 06:15:00,15.4
2024-11-29 06:30:00,14.3
2024-11-29 06:45:00,14.0
2024-11-29 07:00:00,14.6
2024-11-29 07:15:00,13.3
2024-11-29 07:30:00,13.2
2024-11-29 07:45:00,14.8
2024-11-29 08:00:00,14.9
2024-11-29 08:15:00,14.0
2024-11-29 08:30:00,14.0
2024-11-29 08:45:00,14.0
2024-11-29 09:00:00,
2024-11-29 09:15:00,14.0
2024-11-29 09:30:00,14.0
2024-11-29 09:45:00,14.0
2024-11-29 10:00:00,14.0
2024-11-29 10:15:00,14.0
2024-11-29 10:30:00,14.0
2024-11-29 10:45:00,14.0
2024-11-29 11:00:00,14.0
2024-11-29 11:15:00,14.0
2024-11-29 11:30:00,14.0
2024-11-29 11:45:00,14.0
2024-11-29 12:00:00,14.0
2024-11-29 12:15:00,14.0
2024-11-29 12:30:00,14.0
2024-11-29 12:45:00,15.1
2024-11-29 13:00:00,14.4
2024-11-29 13:15:00,
2024-11-29 13:30:00,14.7
2024-11-29 13:45:00,13.7
2024-11-29 14:00:00,13.4
2024-11-29 14:15:00,14.5
2024-11-29 14:30:00,15.2
2024-11-29 14:45:00,14.3
2024-11-29 15:00:00,14.3
2024-11-29 15:15:00,15.3
2024-11-29 15:30:00,14.4
2024-11-29 15:45:00,
2024-11-29 16:00:00,14.4
2024-11-29 16:15:00,14.1
2024-11-29 16:30:00,14.2
2024-11-29 16:45:00,13.9
2024-11-29 17:00:00,15.1
2024-11-29 17:15:00,13.4
2024-11-29 17:30:00,14.1
2024-11-29 17:45:00,13.8
2024-11-29 18:00:00,14.2
2024-11-29 18:15:00,14.2
2024-11-29 18:30:00,13.7
2024-11-29 18:45:00,21.37178463657476
2024-11-29 19:00:00,14.6
2024-11-29 19:15:00,14.6
2024-11-29 19:30:00,14.1
2024-11-29 19:45:00,13.6
2024-11-29 20:00:00,13.3
2024-11-29 20:15:00,
2024-11-29 20:30:00,14.5
2024-11-29 20:45:00,14.1
2024-11-29 21:00:00,14.1
2024-11-29 21:15:00,14.1
2024-11-29 21:30:00,13.9
2024-11-29 21:45:00,14.0
2024-11-29 22:00:00,13.3
2024-11-29 22:15:00,13.8
2024-11-29 22:30:00,13.3
2024-11-29 22:45:00,14.3
2024-11-29 23:00:00,13.9
2024-11-29 23:15:00,13.8
2024-11-29 23:30:00,12.9
2024-11-29 23:45:00,14.4
2024-11-30 00:00:00,13.6
2024-11-30 00:15:00,14.4
2024-11-30 00:30:00,13.7
2024-11-30 00:45:00,13.8
2024-11-30 01:00:00,13.3
2024-11-30 01:15:00,13.7
2024-11-30 01:30:00,13.8
2024-11-30 01:45:00,14.1
2024-11-30 02:00:00,14.1
2024-11-30 02:15:00,13.5
2024-11-30 02:30:00,14.6
2024-11-30 02:45:00,14.1
2024-11-30 03:00:00,14.2
2024-11-30 03:15:00,14.0
2024-11-30 03:30:00,14.1
2024-11-30 03:45:00,13.7
2024-11-30 04:00:00,
2024-11-30 04:15:00,25.88818792425821
2024-11-30 04:30:00,25.38818792425821
2024-11-30 04:45:00,13.9
2024-11-30 05:00:00,13.2
2024-11-30 05:15:00,13.1
2024-11-30 05:30:00,13.5
2024-11-30 05:45:00,14.5
2024-11-30 06:00:00,13.9
2024-11-30 06:15:00,13.0
2024-11-30 06:30:00,13.0
2024-11-30 06:45:00,14.1
2024-11-30 07:00:00,14.2
2024-11-30 07:15:00,13.7
2024-11-30 07:30:00,12.7
2024-11-30 07:45:00,13.1
2024-11-30 08:00:00,13.8
2024-11-30 08:15:00,13.8
2024-11-30 08:30:00,13.8
2024-11-30 08:45:00,
2024-11-30 09:00:00,13.8
2024-11-30 09:15:00,13.8
2024-11-30 09:30:00,13.8
2024-11-30 09:45:00,13.8
2024-11-30 10:00:00,13.8
2024-11-30 10:15:00,
2024-11-30 10:30:00,13.8
2024-11-30 10:45:00,13.8
2024-11-30 11:00:00,13.8
2024-11-30 11:15:00,13.8
2024-11-30 11:30:00,
2024-11-30 11:45:00,13.8
2024-11-30 12:00:00,13.8
2024-11-30 12:15:00,13.8
2024-11-30 12:30:00,13.8
2024-11-30 12:45:00,13.8
2024-11-30 13:00:00,
2024-11-30 13:15:00,13.8
2024-11-30 13:30:00,13.8
2024-11-30 13:45:00,13.8
2024-11-30 14:00:00,13.8
2024-11-30 14:15:00,13.2
2024-11-30 14:30:00,13.2
2024-11-30 14:45:00,13.3
2024-11-30 15:00:00,13.5
2024-11-30 15:15:00,13.3
2024-11-30 15:30:00,13.7
2024-11-30 15:45:00,13.2
2024-11-30 16:00:00,13.7
2024-11-30 16:15:00,13.1
2024-11-30 16:30:00,12.9
2024-11-30 16:45:00,13.0
2024-11-30 17:00:00,13.3
2024-11-30 17:15:00,12.7
2024-11-30 17:30:00,13.6
2024-11-30 17:45:00,13.7
2024-11-30 18:00:00,13.1
2024-11-30 18:15:00,13.2
2024-11-30 18:30:00,13.8
2024-11-30 18:45:00,13.5
2024-11-30 19:00:00,12.4
2024-11-30 19:15:00,13.0
2024-11-30 19:30:00,13.5
2024-11-30 19:45:00,13.6
2024-11-30 20:00:00,13.6
2024-11-30 20:15:00,12.6
2024-11-30 20:30:00,13.3
2024-11-30 20:45:00,13.6
2024-11-30 21:00:00,13.7
2024-11-30 21:15:00,
2024-11-30 21:30:00,14.3
2024-11-30 21:45:00,13.4
2024-11-30 22:00:00,13.1
2024-11-30 22:15:00,13.5
2024-11-30 22:30:00,13.2
2024-11-30 22:45:00,13.2
2024-11-30 23:00:00,13.9
2024-11-30 23:15:00,
2024-11-30 23:30:00,13.5
2024-11-30 23:45:00,13.7
2024-12-01 00:00:00,13.8
2024-12-01 00:15:00,13.4
2024-12-01 00:30:00,13.4
2024-12-01 00:45:00,13.1
2024-12-01 01:00:00,13.8
2024-12-01 01:15:00,13.9
2024-12-01 01:30:00,13.7
2024-12-01 01:45:00,14.2
2024-12-01 02:00:00,13.8
2024-12-01 02:15:00,14.3
2024-12-01 02:30:00,13.8
2024-12-01 02:45:00,13.7
2024-12-01 03:00:00,14.3
2024-12-01 03:15:00,13.9
2024-12-01 03:30:00,13.1
2024-12-01 03:45:00,
2024-12-01 04:00:00,13.7
2024-12-01 04:15:00,14.3
2024-12-01 04:30:00,13.6
2024-12-01 04:45:00,14.3
2024-12-01 05:00:00,14.0
2024-12-01 05:15:00,14.3
2024-12-01 05:30:00,14.3
2024-12-01 05:45:00,13.6
2024-12-01 06:00:00,13.9
2024-12-01 06:15:00,13.7
2024-12-01 06:30:00,13.4
2024-12-01 06:45:00,22.507738135416478
2024-12-01 07:00:00,13.9
2024-12-01 07:15:00,13.9
2024-12-01 07:30:00,13.9
2024-12-01 07:45:00,13.7
2024-12-01 08:00:00,14.1
2024-12-01 08:15:00,13.3
2024-12-01 08:30:00,13.8
2024-12-01 08:45:00,13.1
2024-12-01 09:00:00,13.9
2024-12-01 09:15:00,13.7
2024-12-01 09:30:00,13.7
2024-12-01 09:45:00,13.8
2024-12-01 10:00:00,14.0
2024-12-01 10:15:00,13.6
2024-12-01 10:30:00,13.8
2024-12-01 10:45:00,13.4
2024-12-01 11:00:00,13.6
2024-12-01 11:15:00,
2024-12-01 11:30:00,13.2
2024-12-01 11:45:00,13.4
2024-12-01 12:00:00,13.2
2024-12-01 12:15:00,13.1
2024-12-01 12:30:00,13.2
2024-12-01 12:45:00,13.8
2024-12-01 13:00:00,13.5
2024-12-01 13:15:00,14.0
2024-12-01 13:30:00,13.2
2024-12-01 13:45:00,13.4
2024-12-01 14:00:00,13.1
2024-12-01 14:15:00,13.9
2024-12-01 14:30:00,
2024-12-01 14:45:00,14.1
2024-12-01 15:00:00,13.6
2024-12-01 15:15:00,
2024-12-01 15:30:00,14.1
2024-12-01 15:45:00,
2024-12-01 16:00:00,13.3
2024-12-01 16:15:00,13.6
2024-12-01 16:30:00,13.2
2024-12-01 16:45:00,15.385426724007116
2024-12-01 17:00:00,15.385426724007116
2024-12-01 17:15:00,15.585426724007116
2024-12-01 17:30:00,13.2
2024-12-01 17:45:00,13.4
2024-12-01 18:00:00,13.8
2024-12-01 18:15:00,13.6
2024-12-01 18:30:00,13.3
2024-12-01 18:45:00,13.6
2024-12-01 19:00:00,13.7
2024-12-01 19:15:00,
2024-12-01 19:30:00,13.4
2024-12-01 19:45:00,13.7
2024-12-01 20:00:00,13.9
2024-12-01 20:15:00,14.4
2024-12-01 20:30:00,14.5
2024-12-01 20:45:00,12.7
2024-12-01 21:00:00,13.2
2024-12-01 21:15:00,13.4
2024-12-01 21:30:00,13.7
2024-12-01 21:45:00,
2024-12-01 22:00:00,13.6
2024-12-01 22:15:00,13.5
2024-12-01 22:30:00,13.5
2024-12-01 22:45:00,13.5
2024-12-01 23:00:00,13.6
2024-12-01 23:15:00,13.4
2024-12-01 23:30:00,16.16077346578311
2024-12-01 23:45:00,13.2
2024-12-02 00:00:00,13.5
2024-12-02 00:15:00,13.6
2024-12-02 00:30:00,13.6
2024-12-02 00:45:00,13.7
2024-12-02 01:00:00,13.6
2024-12-02 01:15:00,13.0
2024-12-02 01:30:00,14.0
2024-12-02 01:45:00,13.5
2024-12-02 02:00:00,13.7
2024-12-02 02:15:00,
2024-12-02 02:30:00,13.5
2024-12-02 02:45:00,13.2
2024-12-02 03:00:00,13.4
2024-12-02 03:15:00,
2024-12-02 03:30:00,
2024-12-02 03:45:00,
2024-12-02 04:00:00,
2024-12-02 04:15:00,
2024-12-02 04:30:00,
2024-12-02 04:45:00,
2024-12-02 05:00:00,
2024-12-02 05:15:00,
2024-12-02 05:30:00,
2024-12-02 05:45:00,
2024-12-02 06:00:00,
2024-12-02 06:15:00,
2024-12-02 06:30:00,13.3
2024-12-02 06:45:00,13.1
2024-12-02 07:00:00,13.9
2024-12-02 07:15:00,13.2
2024-12-02 07:30:00,13.4
2024-12-02 07:45:00,13.6
2024-12-02 08:00:00,13.3
2024-12-02 08:15:00,13.6
2024-12-02 08:30:00,13.6
2024-12-02 08:45:00,13.6
2024-12-02 09:00:00,13.8
2024-12-02 09:15:00,14.0
2024-12-02 09:30:00,13.5
2024-12-02 09:45:00,13.6
2024-12-02 10:00:00,13.3
2024-12-02 10:15:00,13.6
2024-12-02 10:30:00,
2024-12-02 10:45:00,13.6
2024-12-02 11:00:00,13.7
2024-12-02 11:15:00,13.6
2024-12-02 11:30:00,13.2
2024-12-02 11:45:00,
2024-12-02 12:00:00,13.3
2024-12-02 12:15:00,13.6
2024-12-02 12:30:00,13.5
2024-12-02 12:45:00,
2024-12-02 13:00:00,13.3
2024-12-02 13:15:00,13.9
2024-12-02 13:30:00,13.9
2024-12-02 13:45:00,14.0
2024-12-02 14:00:00,13.5
2024-12-02 14:15:00,14.1
2024-12-02 14:30:00,14.1
2024-12-02 14:45:00,14.4
2024-12-02 15:00:00,
2024-12-02 15:15:00,14.0
2024-12-02 15:30:00,13.9
2024-12-02 15:45:00,13.5
2024-12-02 16:00:00,14.1
2024-12-02 16:15:00,14.1
2024-12-02 16:30:00,13.9
2024-12-02 16:45:00,14.1
2024-12-02 17:00:00,14.1
2024-12-02 17:15:00,14.6
2024-12-02 17:30:00,14.4
2024-12-02 17:45:00,13.7
2024-12-02 18:00:00,14.0
2024-12-02 18:15:00,14.1
2024-12-02 18:30:00,14.1
2024-12-02 18:45:00,14.6
2024-12-02 19:00:00,13.9
2024-12-02 19:15:00,14.3
2024-12-02 19:30:00,13.9
2024-12-02 19:45:00,13.8
2024-12-02 20:00:00,14.3
2024-12-02 20:15:00,
2024-12-02 20:30:00,13.6
2024-12-02 20:45:00,14.2
2024-12-02 21:00:00,13.9
2024-12-02 21:15:00,14.2
2024-12-02 21:30:00,13.5
2024-12-02 21:45:00,14.5
2024-12-02 22:00:00,13.8
2024-12-02 22:15:00,13.9
2024-12-02 22:30:00,13.9
2024-12-02 22:45:00,13.7
2024-12-02 23:00:00,14.2
2024-12-02 23:15:00,13.9
2024-12-02 23:30:00,13.8
2024-12-02 23:45:00,14.1
2024-12-03 00:00:00,14.0
2024-12-03 00:15:00,14.3
2024-12-03 00:30:00,14.4
2024-12-03 00:45:00,13.8
2024-12-03 01:00:00,14.2
2024-12-03 01:15:00,13.8
2024-12-03 01:30:00,14.2
2024-12-03 01:45:00,14.1
2024-12-03 02:00:00,14.2
2024-12-03 02:15:00,14.3
2024-12-03 02:30:00,13.8
2024-12-03 02:45:00,
2024-12-03 03:00:00,13.8
2024-12-03 03:15:00,13.9
2024-12-03 03:30:00,13.7
2024-12-03 03:45:00,
2024-12-03 04:00:00,
2024-12-03 04:15:00,14.2
2024-12-03 04:30:00,13.8
2024-12-03 04:45:00,
2024-12-03 05:00:00,13.3
2024-12-03 05:15:00,13.4
2024-12-03 05:30:00,13.6
2024-12-03 05:45:00,13.8
2024-12-03 06:00:00,
2024-12-03 06:15:00,13.9
2024-12-03 06:30:00,13.9
2024-12-03 06:45:00,13.9
2024-12-03 07:00:00,14.0
2024-12-03 07:15:00,14.0
2024-12-03 07:30:00,13.8
2024-12-03 07:45:00,22.53804032123731
2024-12-03 08:00:00,22.53804032123731
2024-12-03 08:15:00,13.6
2024-12-03 08:30:00,13.3
2024-12-03 08:45:00,13.4
2024-12-03 09:00:00,13.8
2024-12-03 09:15:00,13.8
2024-12-03 09:30:00,13.3
2024-12-03 09:45:00,
2024-12-03 10:00:00,13.7
2024-12-03 10:15:00,13.8
2024-12-03 10:30:00,14.1
2024-12-03 10:45:00,
2024-12-03 11:00:00,13.8
2024-12-03 11:15:00,13.6
2024-12-03 11:30:00,14.0
2024-12-03 11:45:00,14.0
2024-12-03 12:00:00,14.0
2024-12-03 12:15:00,13.6
2024-12-03 12:30:00,14.1
2024-12-03 12:45:00,14.0
2024-12-03 13:00:00,13.7
2024-12-03 13:15:00,14.0
2024-12-03 13:30:00,14.2
2024-12-03 13:45:00,
2024-12-03 14:00:00,14.4
2024-12-03 14:15:00,
2024-12-03 14:30:00,14.0
2024-12-03 14:45:00,14.2
2024-12-03 15:00:00,
2024-12-03 15:15:00,14.3
2024-12-03 15:30:00,14.3
2024-12-03 15:45:00,14.1
2024-12-03 16:00:00,
2024-12-03 16:15:00,14.7
2024-12-03 16:30:00,14.4
2024-12-03 16:45:00,14.6
2024-12-03 17:00:00,14.8
2024-12-03 17:15:00,15.4
2024-12-03 17:30:00,
2024-12-03 17:45:00,15.1
2024-12-03 18:00:00,
2024-12-03 18:15:00,
2024-12-03 18:30:00,
2024-12-03 18:45:00,
2024-12-03 19:00:00,
2024-12-03 19:15:00,15.8
2024-12-03 19:30:00,15.5
2024-12-03 19:45:00,16.0
2024-12-03 20:00:00,15.7
2024-12-03 20:15:00,
2024-12-03 20:30:00,16.0
2024-12-03 20:45:00,16.4
2024-12-03 21:00:00,16.4
2024-12-03 21:15:00,16.5
2024-12-03 21:30:00,16.3
2024-12-03 21:45:00,
2024-12-03 22:00:00,16.8
2024-12-03 22:15:00,16.5
2024-12-03 22:30:00,17.1
2024-12-03 22:45:00,
2024-12-03 23:00:00,17.7
2024-12-03 23:15:00,18.2
2024-12-03 23:30:00,17.8
2024-12-03 23:45:00,18.2
2024-12-04 00:00:00,18.4
2024-12-04 00:15:00,19.1
2024-12-04 00:30:00,19.3
2024-12-04 00:45:00,
2024-12-04 01:00:00,18.9
2024-12-04 01:15:00,19.2
2024-12-04 01:30:00,19.4
2024-12-04 01:45:00,
2024-12-04 02:00:00,19.6
2024-12-04 02:15:00,
2024-12-04 02:30:00,
2024-12-04 02:45:00,19.8
2024-12-04 03:00:00,19.8
2024-12-04 03:15:00,19.9
2024-12-04 03:30:00,20.0
2024-12-04 03:45:00,19.9
2024-12-04 04:00:00,19.9
2024-12-04 04:15:00,19.5
2024-12-04 04:30:00,18.9
2024-12-04 04:45:00,18.9
2024-12-04 05:00:00,23.38527491029236
2024-12-04 05:15:00,19.4
2024-12-04 05:30:00,19.3
2024-12-04 05:45:00,19.7
2024-12-04 06:00:00,20.0
2024-12-04 06:15:00,19.9
2024-12-04 06:30:00,20.0
2024-12-04 06:45:00,21.1
2024-12-04 07:00:00,20.6
2024-12-04 07:15:00,20.8
2024-12-04 07:30:00,20.8
2024-12-04 07:45:00,21.5
2024-12-04 08:00:00,21.1
2024-12-04 08:15:00,21.3
2024-12-04 08:30:00,21.4
2024-12-04 08:45:00,21.3
2024-12-04 09:00:00,20.9
2024-12-04 09:15:00,22.0
2024-12-04 09:30:00,22.5
2024-12-04 09:45:00,22.2
2024-12-04 10:00:00,22.6
2024-12-04 10:15:00,24.0
2024-12-04 10:30:00,22.8
2024-12-04 10:45:00,23.3
2024-12-04 11:00:00,22.9
2024-12-04 11:15:00,22.8
2024-12-04 11:30:00,22.8
2024-12-04 11:45:00,22.4
2024-12-04 12:00:00,22.2
2024-12-04 12:15:00,21.0
2024-12-04 12:30:00,21.0
2024-12-04 12:45:00,14.519217640719999
2024-12-04 13:00:00,14.31921764072
2024-12-04 13:15:00,14.219217640719998
2024-12-04 13:30:00,20.3
2024-12-04 13:45:00,20.5
2024-12-04 14:00:00,19.8
2024-12-04 14:15:00,20.2
2024-12-04 14:30:00,20.2
2024-12-04 14:45:00,20.4
2024-12-04 15:00:00,20.4
2024-12-04 15:15:00,20.6
2024-12-04 15:30:00,20.3
2024-12-04 15:45:00,20.2
2024-12-04 16:00:00,20.1
2024-12-04 16:15:00,20.1
2024-12-04 16:30:00,19.8
2024-12-04 16:45:00,20.1
2024-12-04 17:00:00,
2024-12-04 17:15:00,20.1
2024-12-04 17:30:00,20.2
2024-12-04 17:45:00,19.8
2024-12-04 18:00:00,19.7
2024-12-04 18:15:00,
2024-12-04 18:30:00,19.5
2024-12-04 18:45:00,19.3
2024-12-04 19:00:00,19.1
2024-12-04 19:15:00,19.0
2024-12-04 19:30:00,19.2
2024-12-04 19:45:00,18.8
2024-12-04 20:00:00,20.0
2024-12-04 20:15:00,
2024-12-04 20:30:00,19.6
2024-12-04 20:45:00,20.2
2024-12-04 21:00:00,20.5
2024-12-04 21:15:00,19.9
2024-12-04 21:30:00,19.8
2024-12-04 21:45:00,
2024-12-04 22:00:00,20.1
2024-12-04 22:15:00,20.0
2024-12-04 22:30:00,20.1
2024-12-04 22:45:00,
2024-12-04 23:00:00,
2024-12-04 23:15:00,19.6
2024-12-04 23:30:00,19.8
2024-12-04 23:45:00,19.3
2024-12-05 00:00:00,19.9
2024-12-05 00:15:00,19.6
2024-12-05 00:30:00,20.0
2024-12-05 00:45:00,19.5
2024-12-05 01:00:00,19.6
2024-12-05 01:15:00,20.5
2024-12-05 01:30:00,20.3
2024-12-05 01:45:00,19.3
2024-12-05 02:00:00,18.5
2024-12-05 02:15:00,18.6
2024-12-05 02:30:00,19.3
2024-12-05 02:45:00,19.8
2024-12-05 03:00:00,20.2
2024-12-05 03:15:00,
2024-12-05 03:30:00,20.2
2024-12-05 03:45:00,19.8
2024-12-05 04:00:00,20.0
2024-12-05 04:15:00,20.4
2024-12-05 04:30:00,
2024-12-05 04:45:00,20.2
2024-12-05 05:00:00,19.7
2024-12-05 05:15:00,20.2
2024-12-05 05:30:00,20.4
2024-12-05 05:45:00,19.9
2024-12-05 06:00:00,19.0
2024-12-05 06:15:00,19.3
2024-12-05 06:30:00,19.0
2024-12-05 06:45:00,19.1
2024-12-05 07:00:00,19.6
2024-12-05 07:15:00,18.9
2024-12-05 07:30:00,18.9
2024-12-05 07:45:00,19.0
2024-12-05 08:00:00,18.6
2024-12-05 08:15:00,18.8
2024-12-05 08:30:00,18.2
2024-12-05 08:45:00,17.9
2024-12-05 09:00:00,18.3
2024-12-05 09:15:00,18.6
2024-12-05 09:30:00,18.5
2024-12-05 09:45:00,18.3
2024-12-05 10:00:00,18.0
2024-12-05 10:15:00,17.8
2024-12-05 10:30:00,18.0
2024-12-05 10:45:00,17.9
2024-12-05 11:00:00,17.7
2024-12-05 11:15:00,17.4
2024-12-05 11:30:00,
2024-12-05 11:45:00,17.9
2024-12-05 12:00:00,17.4
2024-12-05 12:15:00,17.5
2024-12-05 12:30:00,17.2
2024-12-05 12:45:00,17.4
2024-12-05 13:00:00,
2024-12-05 13:15:00,
2024-12-05 13:30:00,17.4
2024-12-05 13:45:00,17.3
2024-12-05 14:00:00,17.2
2024-12-05 14:15:00,
2024-12-05 14:30:00,17.4
2024-12-05 14:45:00,17.1
2024-12-05 15:00:00,16.8
2024-12-05 15:15:00,
2024-12-05 15:30:00,16.7
2024-12-05 15:45:00,16.9
2024-12-05 16:00:00,16.8
2024-12-05 16:15:00,22.198405623769165
2024-12-05 16:30:00,16.7
2024-12-05 16:45:00,16.9
2024-12-05 17:00:00,17.2
2024-12-05 17:15:00,16.8
2024-12-05 17:30:00,17.0
2024-12-05 17:45:00,
2024-12-05 18:00:00,17.3
2024-12-05 18:15:00,
2024-12-05 18:30:00,17.0
2024-12-05 18:45:00,17.3
2024-12-05 19:00:00,17.4
2024-12-05 19:15:00,17.2
2024-12-05 19:30:00,17.0
2024-12-05 19:45:00,17.3
2024-12-05 20:00:00,17.3
2024-12-05 20:15:00,17.1
2024-12-05 20:30:00,
2024-12-05 20:45:00,
2024-12-05 21:00:00,17.4
2024-12-05 21:15:00,17.5
2024-12-05 21:30:00,
2024-12-05 21:45:00,17.2
2024-12-05 22:00:00,17.3
2024-12-05 22:15:00,17.4
2024-12-05 22:30:00,17.4
2024-12-05 22:45:00,
2024-12-05 23:00:00,17.0
2024-12-05 23:15:00,16.6
2024-12-05 23:30:00,16.8
2024-12-05 23:45:00,16.9
2024-12-06 00:00:00,16.6
2024-12-06 00:15:00,16.7
2024-12-06 00:30:00,16.8
2024-12-06 00:45:00,16.9
2024-12-06 01:00:00,
2024-12-06 01:15:00,16.5
2024-12-06 01:30:00,16.2
2024-12-06 01:45:00,16.8
2024-12-06 02:00:00,16.6
2024-12-06 02:15:00,16.7
2024-12-06 02:30:00,16.6
2024-12-06 02:45:00,16.1
2024-12-06 03:00:00,16.3
2024-12-06 03:15:00,16.5
2024-12-06 03:30:00,16.6
2024-12-06 03:45:00,16.6
2024-12-06 04:00:00,
2024-12-06 04:15:00,16.4
2024-12-06 04:30:00,16.4
2024-12-06 04:45:00,16.4
2024-12-06 05:00:00,16.3
2024-12-06 05:15:00,16.0
2024-12-06 05:30:00,16.0
2024-12-06 05:45:00,16.4
2024-12-06 06:00:00,15.8
2024-12-06 06:15:00,16.0
2024-12-06 06:30:00,16.0
2024-12-06 06:45:00,16.0
2024-12-06 07:00:00,16.0
2024-12-06 07:15:00,15.3
2024-12-06 07:30:00,15.7
2024-12-06 07:45:00,15.8
2024-12-06 08:00:00,
2024-12-06 08:15:00,
2024-12-06 08:30:00,15.8
2024-12-06 08:45:00,15.6
2024-12-06 09:00:00,
2024-12-06 09:15:00,15.3
2024-12-06 09:30:00,15.2
2024-12-06 09:45:00,
2024-12-06 10:00:00,15.5
2024-12-06 10:15:00,15.7
2024-12-06 10:30:00,15.3
2024-12-06 10:45:00,15.6
2024-12-06 11:00:00,15.7
2024-12-06 11:15:00,15.6
2024-12-06 11:30:00,16.1
2024-12-06 11:45:00,15.4
2024-12-06 12:00:00,15.5
2024-12-06 12:15:00,15.6
2024-12-06 12:30:00,15.4
2024-12-06 12:45:00,15.5
2024-12-06 13:00:00,15.4
2024-12-06 13:15:00,15.6
2024-12-06 13:30:00,15.6
2024-12-06 13:45:00,15.4
2024-12-06 14:00:00,15.6
2024-12-06 14:15:00,15.5
2024-12-06 14:30:00,15.9
2024-12-06 14:45:00,15.7
2024-12-06 15:00:00,15.6
2024-12-06 15:15:00,15.7
2024-12-06 15:30:00,
2024-12-06 15:45:00,15.3
2024-12-06 16:00:00,15.6
2024-12-06 16:15:00,15.6
2024-12-06 16:30:00,15.5
2024-12-06 16:45:00,15.5
2024-12-06 17:00:00,15.2
2024-12-06 17:15:00,15.3
2024-12-06 17:30:00,15.2
2024-12-06 17:45:00,15.2
2024-12-06 18:00:00,15.1
2024-12-06 18:15:00,15.1
2024-12-06 18:30:00,
2024-12-06 18:45:00,14.9
2024-12-06 19:00:00,15.1
2024-12-06 19:15:00,15.2
2024-12-06 19:30:00,14.7
2024-12-06 19:45:00,15.0
2024-12-06 20:00:00,15.0
2024-12-06 20:15:00,14.9
2024-12-06 20:30:00,
2024-12-06 20:45:00,14.7
2024-12-06 21:00:00,14.7
2024-12-06 21:15:00,14.8
2024-12-06 21:30:00,15.0
2024-12-06 21:45:00,14.8
2024-12-06 22:00:00,14.8
2024-12-06 22:15:00,14.8
2024-12-06 22:30:00,14.9
2024-12-06 22:45:00,14.9
2024-12-06 23:00:00,14.9
2024-12-06 23:15:00,
2024-12-06 23:30:00,15.0
2024-12-06 23:45:00,15.3
2024-12-07 00:00:00,14.8
2024-12-07 00:15:00,
2024-12-07 00:30:00,14.8
2024-12-07 00:45:00,15.3
2024-12-07 01:00:00,15.0
2024-12-07 01:15:00,14.9
2024-12-07 01:30:00,15.1
2024-12-07 01:45:00,15.5
2024-12-07 02:00:00,
2024-12-07 02:15:00,15.0
2024-12-07 02:30:00,15.0
2024-12-07 02:45:00,15.3
2024-12-07 03:00:00,15.5
2024-12-07 03:15:00,15.2
2024-12-07 03:30:00,15.3
2024-12-07 03:45:00,15.2
2024-12-07 04:00:00,
2024-12-07 04:15:00,15.4
2024-12-07 04:30:00,15.0
2024-12-07 04:45:00,15.2
2024-12-07 05:00:00,
2024-12-07 05:15:00,
2024-12-07 05:30:00,
2024-12-07 05:45:00,15.0
2024-12-07 06:00:00,15.8
2024-12-07 06:15:00,15.8
2024-12-07 06:30:00,15.9
2024-12-07 06:45:00,15.2
2024-12-07 07:00:00,15.4
2024-12-07 07:15:00,24.283203008370368
2024-12-07 07:30:00,15.7
2024-12-07 07:45:00,15.8
2024-12-07 08:00:00,
2024-12-07 08:15:00,15.7
2024-12-07 08:30:00,15.6
2024-12-07 08:45:00,15.7
2024-12-07 09:00:00,15.9
2024-12-07 09:15:00,15.7
2024-12-07 09:30:00,16.2
2024-12-07 09:45:00,15.9
2024-12-07 10:00:00,15.7
2024-12-07 10:15:00,15.4
2024-12-07 10:30:00,15.9
2024-12-07 10:45:00,
2024-12-07 11:00:00,15.7
2024-12-07 11:15:00,15.6
2024-12-07 11:30:00,15.8
2024-12-07 11:45:00,15.4
2024-12-07 12:00:00,
2024-12-07 12:15:00,15.6
2024-12-07 12:30:00,15.9
2024-12-07 12:45:00,15.7
2024-12-07 13:00:00,
2024-12-07 13:15:00,15.7
2024-12-07 13:30:00,16.0
2024-12-07 13:45:00,15.9
2024-12-07 14:00:00,16.1
2024-12-07 14:15:00,
2024-12-07 14:30:00,15.7
2024-12-07 14:45:00,16.0
2024-12-07 15:00:00,15.8
2024-12-07 15:15:00,15.3
2024-12-07 15:30:00,15.4
2024-12-07 15:45:00,15.5
2024-12-07 16:00:00,15.4
2024-12-07 16:15:00,15.6
2024-12-07 16:30:00,15.7
2024-12-07 16:45:00,15.4
2024-12-07 17:00:00,15.3
2024-12-07 17:15:00,15.6
2024-12-07 17:30:00,15.1
2024-12-07 17:45:00,15.4
2024-12-07 18:00:00,15.2
2024-12-07 18:15:00,15.5
2024-12-07 18:30:00,15.0
2024-12-07 18:45:00,15.4
2024-12-07 19:00:00,14.9
2024-12-07 19:15:00,15.3
2024-12-07 19:30:00,15.0
2024-12-07 19:45:00,15.0
2024-12-07 20:00:00,15.6
2024-12-07 20:15:00,15.2
2024-12-07 20:30:00,15.0
2024-12-07 20:45:00,15.0
2024-12-07 21:00:00,15.1
2024-12-07 21:15:00,
2024-12-07 21:30:00,
2024-12-07 21:45:00,
2024-12-07 22:00:00,
2024-12-07 22:15:00,
2024-12-07 22:30:00,
2024-12-07 22:45:00,
2024-12-07 23:00:00,16.1
2024-12-07 23:15:00,15.5
2024-12-07 23:30:00,15.5
2024-12-07 23:45:00,15.4
2024-12-08 00:00:00,15.7
2024-12-08 00:15:00,
2024-12-08 00:30:00,16.1
2024-12-08 00:45:00,16.6
2024-12-08 01:00:00,16.8
2024-12-08 01:15:00,17.0
2024-12-08 01:30:00,16.8
2024-12-08 01:45:00,17.1
2024-12-08 02:00:00,17.1
2024-12-08 02:15:00,17.3
2024-12-08 02:30:00,18.1
2024-12-08 02:45:00,17.9
2024-12-08 03:00:00,18.1
2024-12-08 03:15:00,18.8
2024-12-08 03:30:00,19.3
2024-12-08 03:45:00,19.3
2024-12-08 04:00:00,
2024-12-08 04:15:00,19.6
2024-12-08 04:30:00,20.2
2024-12-08 04:45:00,20.2
2024-12-08 05:00:00,19.9
2024-12-08 05:15:00,
2024-12-08 05:30:00,20.1
2024-12-08 05:45:00,20.1
2024-12-08 06:00:00,20.1
2024-12-08 06:15:00,
2024-12-08 06:30:00,19.9
2024-12-08 06:45:00,19.9
2024-12-08 07:00:00,20.0
2024-12-08 07:15:00,
2024-12-08 07:30:00,
2024-12-08 07:45:00,20.1
2024-12-08 08:00:00,20.0
2024-12-08 08:15:00,20.1
2024-12-08 08:30:00,20.2
2024-12-08 08:45:00,20.5
2024-12-08 09:00:00,20.2
2024-12-08 09:15:00,20.2
2024-12-08 09:30:00,20.1
2024-12-08 09:45:00,20.3
2024-12-08 10:00:00,20.0
2024-12-08 10:15:00,19.9
2024-12-08 10:30:00,19.9
2024-12-08 10:45:00,19.9
2024-12-08 11:00:00,
2024-12-08 11:15:00,19.9
2024-12-08 11:30:00,19.7
2024-12-08 11:45:00,
2024-12-08 12:00:00,20.0
2024-12-08 12:15:00,20.0
2024-12-08 12:30:00,
2024-12-08 12:45:00,19.6
2024-12-08 13:00:00,19.7
2024-12-08 13:15:00,
2024-12-08 13:30:00,19.8
2024-12-08 13:45:00,19.7
2024-12-08 14:00:00,
2024-12-08 14:15:00,19.8
2024-12-08 14:30:00,20.1
2024-12-08 14:45:00,19.6
2024-12-08 15:00:00,19.9
2024-12-08 15:15:00,20.2
2024-12-08 15:30:00,19.9
2024-12-08 15:45:00,19.9
2024-12-08 16:00:00,20.2
2024-12-08 16:15:00,20.2
2024-12-08 16:30:00,
2024-12-08 16:45:00,20.3
2024-12-08 17:00:00,20.4
2024-12-08 17:15:00,20.6
2024-12-08 17:30:00,20.5
2024-12-08 17:45:00,
2024-12-08 18:00:00,21.0
2024-12-08 18:15:00,20.8
2024-12-08 18:30:00,20.9
2024-12-08 18:45:00,
2024-12-08 19:00:00,20.8
2024-12-08 19:15:00,21.0
2024-12-08 19:30:00,
2024-12-08 19:45:00,21.4
2024-12-08 20:00:00,21.8
2024-12-08 20:15:00,
2024-12-08 20:30:00,
2024-12-08 20:45:00,22.0
2024-12-08 21:00:00,21.8
2024-12-08 21:15:00,22.2
2024-12-08 21:30:00,12.9918671411373
2024-12-08 21:45:00,
2024-12-08 22:00:00,21.9
2024-12-08 22:15:00,22.0
2024-12-08 22:30:00,
2024-12-08 22:45:00,22.1
2024-12-08 23:00:00,22.2
2024-12-08 23:15:00,
2024-12-08 23:30:00,22.2
2024-12-08 23:45:00,22.2
2024-12-09 00:00:00,22.0
2024-12-09 00:15:00,21.3
2024-12-09 00:30:00,21.5
2024-12-09 00:45:00,21.5
2024-12-09 01:00:00,21.3
2024-12-09 01:15:00,21.1
2024-12-09 01:30:00,21.5
2024-12-09 01:45:00,21.4
2024-12-09 02:00:00,21.1
2024-12-09 02:15:00,21.4
2024-12-09 02:30:00,21.3
2024-12-09 02:45:00,
2024-12-09 03:00:00,21.5
2024-12-09 03:15:00,21.1
2024-12-09 03:30:00,21.3
2024-12-09 03:45:00,21.3
2024-12-09 04:00:00,21.3
2024-12-09 04:15:00,21.3
2024-12-09 04:30:00,21.1
2024-12-09 04:45:00,21.6
2024-12-09 05:00:00,21.2
2024-12-09 05:15:00,33.801646373301935
2024-12-09 05:30:00,33.701646373301934
2024-12-09 05:45:00,21.1
2024-12-09 06:00:00,21.7
2024-12-09 06:15:00,21.7
2024-12-09 06:30:00,21.8
2024-12-09 06:45:00,21.2
2024-12-09 07:00:00,
2024-12-09 07:15:00,21.4
2024-12-09 07:30:00,21.4
2024-12-09 07:45:00,
2024-12-09 08:00:00,24.37410510999159
2024-12-09 08:15:00,21.1
2024-12-09 08:30:00,21.2
2024-12-09 08:45:00,21.3
2024-12-09 09:00:00,
2024-12-09 09:15:00,21.3
2024-12-09 09:30:00,21.0
2024-12-09 09:45:00,21.0
2024-12-09 10:00:00,21.3
2024-12-09 10:15:00,28.50709250849953
2024-12-09 10:30:00,28.90709250849953
2024-12-09 10:45:00,20.9
2024-12-09 11:00:00,20.6
2024-12-09 11:15:00,20.8
2024-12-09 11:30:00,20.9
2024-12-09 11:45:00,
2024-12-09 12:00:00,20.4
2024-12-09 12:15:00,20.9
2024-12-09 12:30:00,20.8
2024-12-09 12:45:00,24.768563078087286
2024-12-09 13:00:00,20.4
2024-12-09 13:15:00,20.6
2024-12-09 13:30:00,20.8
2024-12-09 13:45:00,20.4
2024-12-09 14:00:00,20.2
2024-12-09 14:15:00,20.0
2024-12-09 14:30:00,
2024-12-09 14:45:00,
2024-12-09 15:00:00,20.0
2024-12-09 15:15:00,
2024-12-09 15:30:00,19.8
2024-12-09 15:45:00,19.9
2024-12-09 16:00:00,
2024-12-09 16:15:00,19.8
2024-12-09 16:30:00,19.7
2024-12-09 16:45:00,19.8
2024-12-09 17:00:00,
2024-12-09 17:15:00,19.8
2024-12-09 17:30:00,20.1
2024-12-09 17:45:00,19.8
2024-12-09 18:00:00,
2024-12-09 18:15:00,20.1
2024-12-09 18:30:00,19.9
2024-12-09 18:45:00,20.0
2024-12-09 19:00:00,19.8
2024-12-09 19:15:00,19.8
2024-12-09 19:30:00,19.5
2024-12-09 19:45:00,19.5
2024-12-09 20:00:00,
2024-12-09 20:15:00,19.4
2024-12-09 20:30:00,19.3
2024-12-09 20:45:00,19.2
2024-12-09 21:00:00,
2024-12-09 21:15:00,
2024-12-09 21:30:00,19.3
2024-12-09 21:45:00,19.5
2024-12-09 22:00:00,19.2
2024-12-09 22:15:00,
2024-12-09 22:30:00,19.3
2024-12-09 22:45:00,
2024-12-09 23:00:00,
2024-12-09 23:15:00,19.1
2024-12-09 23:30:00,18.7
2024-12-09 23:45:00,19.2
2024-12-10 00:00:00,18.8
2024-12-10 00:15:00,
2024-12-10 00:30:00,18.6
2024-12-10 00:45:00,18.7
2024-12-10 01:00:00,19.3
2024-12-10 01:15:00,19.0
2024-12-10 01:30:00,19.4
2024-12-10 01:45:00,19.0
2024-12-10 02:00:00,19.3
2024-12-10 02:15:00,19.2
2024-12-10 02:30:00,19.4
2024-12-10 02:45:00,19.4
2024-12-10 03:00:00,
2024-12-10 03:15:00,
2024-12-10 03:30:00,
2024-12-10 03:45:00,
2024-12-10 04:00:00,19.3
2024-12-10 04:15:00,19.5
2024-12-10 04:30:00,19.0
2024-12-10 04:45:00,
2024-12-10 05:00:00,19.6
2024-12-10 05:15:00,
2024-12-10 05:30:00,19.4
2024-12-10 05:45:00,19.7
2024-12-10 06:00:00,19.3
2024-12-10 06:15:00,19.3
2024-12-10 06:30:00,20.0
2024-12-10 06:45:00,19.1
2024-12-10 07:00:00,
2024-12-10 07:15:00,19.8
2024-12-10 07:30:00,
2024-12-10 07:45:00,
2024-12-10 08:00:00,
2024-12-10 08:15:00,
2024-12-10 08:30:00,19.3
2024-12-10 08:45:00,19.2
2024-12-10 09:00:00,19.5
2024-12-10 09:15:00,19.7
2024-12-10 09:30:00,19.1
2024-12-10 09:45:00,19.4
2024-12-10 10:00:00,19.4
2024-12-10 10:15:00,
2024-12-10 10:30:00,19.9
2024-12-10 10:45:00,19.8
2024-12-10 11:00:00,19.4
2024-12-10 11:15:00,19.8
2024-12-10 11:30:00,19.3
2024-12-10 11:45:00,
2024-12-10 12:00:00,19.9
2024-12-10 12:15:00,19.8
2024-12-10 12:30:00,30.444843846729412
2024-12-10 12:45:00,30.144843846729415
2024-12-10 13:00:00,19.2
2024-12-10 13:15:00,19.4
2024-12-10 13:30:00,19.4
2024-12-10 13:45:00,19.4
2024-12-10 14:00:00,19.2
2024-12-10 14:15:00,19.3
2024-12-10 14:30:00,19.2
2024-12-10 14:45:00,19.1
2024-12-10 15:00:00,19.3
2024-12-10 15:15:00,19.3
2024-12-10 15:30:00,19.3
2024-12-10 15:45:00,19.2
2024-12-10 16:00:00,18.8
2024-12-10 16:15:00,19.2
2024-12-10 16:30:00,18.6
2024-12-10 16:45:00,18.7
2024-12-10 17:00:00,18.8
2024-12-10 17:15:00,19.0
2024-12-10 17:30:00,18.9
2024-12-10 17:45:00,18.6
2024-12-10 18:00:00,18.8
2024-12-10 18:15:00,18.9
2024-12-10 18:30:00,18.7
2024-12-10 18:45:00,18.7
2024-12-10 19:00:00,18.9
2024-12-10 19:15:00,18.5
2024-12-10 19:30:00,18.4
2024-12-10 19:45:00,
2024-12-10 20:00:00,18.6
2024-12-10 20:15:00,18.6
2024-12-10 20:30:00,18.4
2024-12-10 20:45:00,18.5
2024-12-10 21:00:00,18.4
2024-12-10 21:15:00,18.4
2024-12-10 21:30:00,18.4
2024-12-10 21:45:00,18.5
2024-12-10 22:00:00,17.9
2024-12-10 22:15:00,18.3
2024-12-10 22:30:00,18.3
2024-12-10 22:45:00,18.1
2024-12-10 23:00:00,17.9
2024-12-10 23:15:00,
2024-12-10 23:30:00,18.0
2024-12-10 23:45:00,17.8
2024-12-11 00:00:00,17.7
2024-12-11 00:15:00,17.9
2024-12-11 00:30:00,17.8
2024-12-11 00:45:00,18.0
2024-12-11 01:00:00,18.0
2024-12-11 01:15:00,17.7
2024-12-11 01:30:00,17.6
2024-12-11 01:45:00,17.8
2024-12-11 02:00:00,18.0
2024-12-11 02:15:00,17.8
2024-12-11 02:30:00,17.5
2024-12-11 02:45:00,17.6
2024-12-11 03:00:00,18.0
2024-12-11 03:15:00,18.0
2024-12-11 03:30:00,17.5
2024-12-11 03:45:00,17.4
2024-12-11 04:00:00,17.5
2024-12-11 04:15:00,17.7
2024-12-11 04:30:00,17.5
2024-12-11 04:45:00,17.6
2024-12-11 05:00:00,17.5
2024-12-11 05:15:00,17.4
2024-12-11 05:30:00,17.6
2024-12-11 05:45:00,17.8
2024-12-11 06:00:00,17.5
2024-12-11 06:15:00,17.5
2024-12-11 06:30:00,17.7
2024-12-11 06:45:00,17.8
2024-12-11 07:00:00,17.9
2024-12-11 07:15:00,17.8
2024-12-11 07:30:00,17.8
2024-12-11 07:45:00,
2024-12-11 08:00:00,17.5
2024-12-11 08:15:00,18.0
2024-12-11 08:30:00,18.0
2024-12-11 08:45:00,
2024-12-11 09:00:00,17.7
2024-12-11 09:15:00,17.6
2024-12-11 09:30:00,18.0
2024-12-11 09:45:00,18.3
2024-12-11 10:00:00,18.1
2024-12-11 10:15:00,18.5
2024-12-11 10:30:00,18.4
2024-12-11 10:45:00,18.6
2024-12-11 11:00:00,18.6
2024-12-11 11:15:00,18.9
2024-12-11 11:30:00,19.3
2024-12-11 11:45:00,19.4
2024-12-11 12:00:00,19.3
2024-12-11 12:15:00,19.0
2024-12-11 12:30:00,19.3
2024-12-11 12:45:00,19.4
2024-12-11 13:00:00,19.4
2024-12-11 13:15:00,19.4
2024-12-11 13:30:00,19.4
2024-12-11 13:45:00,19.9
2024-12-11 14:00:00,19.8
2024-12-11 14:15:00,19.7
2024-12-11 14:30:00,19.8
2024-12-11 14:45:00,20.1
2024-12-11 15:00:00,20.2
2024-12-11 15:15:00,19.8
2024-12-11 15:30:00,20.0
2024-12-11 15:45:00,26.90851401984785
2024-12-11 16:00:00,26.308514019847852
2024-12-11 16:15:00,
2024-12-11 16:30:00,20.3
2024-12-11 16:45:00,20.4
2024-12-11 17:00:00,
2024-12-11 17:15:00,20.3
2024-12-11 17:30:00,20.7
2024-12-11 17:45:00,20.7
2024-12-11 18:00:00,20.5
2024-12-11 18:15:00,20.6
2024-12-11 18:30:00,
2024-12-11 18:45:00,21.0
2024-12-11 19:00:00,21.0
2024-12-11 19:15:00,21.3
2024-12-11 19:30:00,21.0
2024-12-11 19:45:00,20.8
2024-12-11 20:00:00,20.8
2024-12-11 20:15:00,20.8
2024-12-11 20:30:00,21.2
2024-12-11 20:45:00,21.2
2024-12-11 21:00:00,21.4
2024-12-11 21:15:00,21.0
2024-12-11 21:30:00,21.2
2024-12-11 21:45:00,30.151793961042017
2024-12-11 22:00:00,21.1
2024-12-11 22:15:00,21.3
2024-12-11 22:30:00,21.4
2024-12-11 22:45:00,21.7
2024-12-11 23:00:00,21.8
2024-12-11 23:15:00,21.4
2024-12-11 23:30:00,21.8
2024-12-11 23:45:00,21.5
2024-12-12 00:00:00,21.3
2024-12-12 00:15:00,21.6
2024-12-12 00:30:00,21.7
2024-12-12 00:45:00,
2024-12-12 01:00:00,
2024-12-12 01:15:00,21.7
2024-12-12 01:30:00,21.4
2024-12-12 01:45:00,21.7
2024-12-12 02:00:00,
2024-12-12 02:15:00,
2024-12-12 02:30:00,21.6
2024-12-12 02:45:00,21.9
2024-12-12 03:00:00,
2024-12-12 03:15:00,21.6
2024-12-12 03:30:00,
2024-12-12 03:45:00,22.0
2024-12-12 04:00:00,21.9
2024-12-12 04:15:00,22.2
2024-12-12 04:30:00,
2024-12-12 04:45:00,
2024-12-12 05:00:00,21.9
2024-12-12 05:15:00,22.4
2024-12-12 05:30:00,22.1
2024-12-12 05:45:00,22.3
2024-12-12 06:00:00,22.4
2024-12-12 06:15:00,22.3
2024-12-12 06:30:00,22.7
2024-12-12 06:45:00,22.7
2024-12-12 07:00:00,
2024-12-12 07:15:00,22.7
2024-12-12 07:30:00,22.9
2024-12-12 07:45:00,22.7
2024-12-12 08:00:00,
2024-12-12 08:15:00,23.1
2024-12-12 08:30:00,22.9
2024-12-12 08:45:00,23.3
2024-12-12 09:00:00,
2024-12-12 09:15:00,23.2
2024-12-12 09:30:00,
2024-12-12 09:45:00,23.3
2024-12-12 10:00:00,23.4
2024-12-12 10:15:00,23.8
2024-12-12 10:30:00,23.6
2024-12-12 10:45:00,
2024-12-12 11:00:00,
2024-12-12 11:15:00,
2024-12-12 11:30:00,
2024-12-12 11:45:00,24.2
2024-12-12 12:00:00,
2024-12-12 12:15:00,
2024-12-12 12:30:00,
2024-12-12 12:45:00,24.5
2024-12-12 13:00:00,24.6
2024-12-12 13:15:00,24.7
2024-12-12 13:30:00,24.5
2024-12-12 13:45:00,24.7
2024-12-12 14:00:00,
2024-12-12 14:15:00,
2024-12-12 14:30:00,
2024-12-12 14:45:00,
2024-12-12 15:00:00,24.9
2024-12-12 15:15:00,25.3
2024-12-12 15:30:00,
2024-12-12 15:45:00,25.1
2024-12-12 16:00:00,25.4
2024-12-12 16:15:00,
2024-12-12 16:30:00,25.2
2024-12-12 16:45:00,25.5
2024-12-12 17:00:00,25.6
2024-12-12 17:15:00,
2024-12-12 17:30:00,26.0
2024-12-12 17:45:00,25.4
2024-12-12 18:00:00,25.3
2024-12-12 18:15:00,25.9
2024-12-12 18:30:00,25.7
2024-12-12 18:45:00,26.2
2024-12-12 19:00:00,25.7
2024-12-12 19:15:00,25.7
2024-12-12 19:30:00,
2024-12-12 19:45:00,26.2
2024-12-12 20:00:00,
2024-12-12 20:15:00,26.1
2024-12-12 20:30:00,26.0
2024-12-12 20:45:00,26.2
2024-12-12 21:00:00,26.4
2024-12-12 21:15:00,26.4
2024-12-12 21:30:00,25.8
2024-12-12 21:45:00,26.2
2024-12-12 22:00:00,26.2
2024-12-12 22:15:00,26.3
2024-12-12 22:30:00,26.3
2024-12-12 22:45:00,
2024-12-12 23:00:00,26.4
2024-12-12 23:15:00,26.6
2024-12-12 23:30:00,26.4
2024-12-12 23:45:00,26.1
2024-12-13 00:00:00,26.1
2024-12-13 00:15:00,26.3
2024-12-13 00:30:00,26.1
2024-12-13 00:45:00,
2024-12-13 01:00:00,25.7
2024-12-13 01:15:00,25.9
2024-12-13 01:30:00,25.7
2024-12-13 01:45:00,
2024-12-13 02:00:00,25.9
2024-12-13 02:15:00,25.5
2024-12-13 02:30:00,
2024-12-13 02:45:00,25.7
2024-12-13 03:00:00,25.4
2024-12-13 03:15:00,25.8
2024-12-13 03:30:00,25.6
2024-12-13 03:45:00,25.5
2024-12-13 04:00:00,25.2
2024-12-13 04:15:00,25.4
2024-12-13 04:30:00,24.9
2024-12-13 04:45:00,24.7
2024-12-13 05:00:00,25.5
2024-12-13 05:15:00,24.8
2024-12-13 05:30:00,25.1
2024-12-13 05:45:00,24.9
2024-12-13 06:00:00,24.7
2024-12-13 06:15:00,25.0
2024-12-13 06:30:00,24.6
2024-12-13 06:45:00,24.4
2024-12-13 07:00:00,24.5
2024-12-13 07:15:00,24.9
2024-12-13 07:30:00,24.7
2024-12-13 07:45:00,24.7
2024-12-13 08:00:00,
2024-12-13 08:15:00,24.4
2024-12-13 08:30:00,24.3
2024-12-13 08:45:00,24.2
2024-12-13 09:00:00,24.1
2024-12-13 09:15:00,24.1
2024-12-13 09:30:00,24.1
2024-12-13 09:45:00,24.2
2024-12-13 10:00:00,23.8
2024-12-13 10:15:00,24.2
2024-12-13 10:30:00,24.4
2024-12-13 10:45:00,24.3
2024-12-13 11:00:00,
2024-12-13 11:15:00,23.6
2024-12-13 11:30:00,
2024-12-13 11:45:00,23.9
2024-12-13 12:00:00,23.7
2024-12-13 12:15:00,
2024-12-13 12:30:00,23.7
2024-12-13 12:45:00,23.2
2024-12-13 13:00:00,23.4
2024-12-13 13:15:00,23.7
2024-12-13 13:30:00,23.3
2024-12-13 13:45:00,23.3
2024-12-13 14:00:00,
2024-12-13 14:15:00,25.96240776645052
2024-12-13 14:30:00,22.9
2024-12-13 14:45:00,
2024-12-13 15:00:00,23.0
2024-12-13 15:15:00,
2024-12-13 15:30:00,23.4
2024-12-13 15:45:00,
2024-12-13 16:00:00,23.0
2024-12-13 16:15:00,22.8
2024-12-13 16:30:00,23.1
2024-12-13 16:45:00,
2024-12-13 17:00:00,22.4
2024-12-13 17:15:00,
2024-12-13 17:30:00,
2024-12-13 17:45:00,22.9
2024-12-13 18:00:00,22.8
2024-12-13 18:15:00,22.8
2024-12-13 18:30:00,22.7
2024-12-13 18:45:00,
2024-12-13 19:00:00,22.4
2024-12-13 19:15:00,32.36909824585759
2024-12-13 19:30:00,32.36909824585759
2024-12-13 19:45:00,32.86909824585759
2024-12-13 20:00:00,22.7
2024-12-13 20:15:00,22.4
2024-12-13 20:30:00,22.9
2024-12-13 20:45:00,
2024-12-13 21:00:00,22.7
2024-12-13 21:15:00,22.7
2024-12-13 21:30:00,22.7
2024-12-13 21:45:00,22.5
2024-12-13 22:00:00,22.8
2024-12-13 22:15:00,23.0
2024-12-13 22:30:00,22.7
2024-12-13 22:45:00,23.0
2024-12-13 23:00:00,22.6
2024-12-13 23:15:00,22.1
2024-12-13 23:30:00,22.5
2024-12-13 23:45:00,22.4
2024-12-14 00:00:00,22.7
2024-12-14 00:15:00,22.5
2024-12-14 00:30:00,22.1
2024-12-14 00:45:00,22.2
2024-12-14 01:00:00,22.8
2024-12-14 01:15:00,22.8
2024-12-14 01:30:00,22.0
2024-12-14 01:45:00,22.2
2024-12-14 02:00:00,22.3
2024-12-14 02:15:00,22.1
2024-12-14 02:30:00,22.1
2024-12-14 02:45:00,21.9
2024-12-14 03:00:00,22.2
2024-12-14 03:15:00,22.0
2024-12-14 03:30:00,22.0
2024-12-14 03:45:00,21.7
2024-12-14 04:00:00,22.1
2024-12-14 04:15:00,21.6
2024-12-14 04:30:00,21.9
2024-12-14 04:45:00,22.0
2024-12-14 05:00:00,21.9
2024-12-14 05:15:00,
2024-12-14 05:30:00,
2024-12-14 05:45:00,
2024-12-14 06:00:00,
2024-12-14 06:15:00,
2024-12-14 06:30:00,
2024-12-14 06:45:00,
2024-12-14 07:00:00,
2024-12-14 07:15:00,21.5
2024-12-14 07:30:00,21.4
2024-12-14 07:45:00,21.9
2024-12-14 08:00:00,21.2
2024-12-14 08:15:00,21.2
2024-12-14 08:30:00,21.7
2024-12-14 08:45:00,21.1
2024-12-14 09:00:00,22.5
2024-12-14 09:15:00,22.5
2024-12-14 09:30:00,21.9
2024-12-14 09:45:00,21.1
2024-12-14 10:00:00,21.2
2024-12-14 10:15:00,21.3
2024-12-14 10:30:00,25.5
2024-12-14 10:45:00,23.5
2024-12-14 11:00:00,22.6
2024-12-14 11:15:00,
2024-12-14 11:30:00,
2024-12-14 11:45:00,21.7
2024-12-14 12:00:00,21.0
2024-12-14 12:15:00,20.8
2024-12-14 12:30:00,20.6
2024-12-14 12:45:00,20.6
2024-12-14 13:00:00,20.5
2024-12-14 13:15:00,20.7
2024-12-14 13:30:00,20.4
2024-12-14 13:45:00,20.6
2024-12-14 14:00:00,20.9
2024-12-14 14:15:00,20.1
2024-12-14 14:30:00,20.3
2024-12-14 14:45:00,19.6
2024-12-14 15:00:00,20.3
2024-12-14 15:15:00,20.8
2024-12-14 15:30:00,20.4
2024-12-14 15:45:00,19.7
2024-12-14 16:00:00,
2024-12-14 16:15:00,
2024-12-14 16:30:00,
2024-12-14 16:45:00,
2024-12-14 17:00:00,
2024-12-14 17:15:00,
2024-12-14 17:30:00,
2024-12-14 17:45:00,
2024-12-14 18:00:00,
2024-12-14 18:15:00,
2024-12-14 18:30:00,
2024-12-14 18:45:00,28.1
2024-12-14 19:00:00,25.7
2024-12-14 19:15:00,26.4
2024-12-14 19:30:00,24.3
2024-12-14 19:45:00,23.3
2024-12-14 20:00:00,23.4
2024-12-14 20:15:00,22.8
2024-12-14 20:30:00,24.8
2024-12-14 20:45:00,25.5
2024-12-14 21:00:00,25.1
2024-12-14 21:15:00,26.9
2024-12-14 21:30:00,22.5
2024-12-14 21:45:00,23.1
2024-12-14 22:00:00,22.1
2024-12-14 22:15:00,21.9
2024-12-14 22:30:00,22.9
2024-12-14 22:45:00,22.7
2024-12-14 23:00:00,22.3
2024-12-14 23:15:00,15.542320987698709
2024-12-14 23:30:00,15.242320987698708
2024-12-14 23:45:00,21.5
2024-12-15 00:00:00,21.2
2024-12-15 00:15:00,21.2
2024-12-15 00:30:00,21.6
2024-12-15 00:45:00,21.3
2024-12-15 01:00:00,20.9
2024-12-15 01:15:00,20.1
2024-12-15 01:30:00,20.5
2024-12-15 01:45:00,20.5
2024-12-15 02:00:00,20.6
2024-12-15 02:15:00,20.4
2024-12-15 02:30:00,20.2
2024-12-15 02:45:00,20.8
2024-12-15 03:00:00,21.0
2024-12-15 03:15:00,20.9
2024-12-15 03:30:00,31.674514751982052
2024-12-15 03:45:00,20.6
2024-12-15 04:00:00,20.9
2024-12-15 04:15:00,
2024-12-15 04:30:00,20.5
2024-12-15 04:45:00,20.3
2024-12-15 05:00:00,
2024-12-15 05:15:00,21.3
2024-12-15 05:30:00,21.2
2024-12-15 05:45:00,21.1
2024-12-15 06:00:00,21.6
2024-12-15 06:15:00,21.6
2024-12-15 06:30:00,21.5
2024-12-15 06:45:00,21.9
2024-12-15 07:00:00,21.4
2024-12-15 07:15:00,25.533077084120475
2024-12-15 07:30:00,25.633077084120472
2024-12-15 07:45:00,24.933077084120473
2024-12-15 08:00:00,21.3
2024-12-15 08:15:00,21.2
2024-12-15 08:30:00,21.2
2024-12-15 08:45:00,
2024-12-15 09:00:00,
2024-12-15 09:15:00,21.0
2024-12-15 09:30:00,21.2
2024-12-15 09:45:00,21.4
2024-12-15 10:00:00,21.3
2024-12-15 10:15:00,21.3
2024-12-15 10:30:00,
2024-12-15 10:45:00,21.2
2024-12-15 11:00:00,21.3
2024-12-15 11:15:00,21.7
2024-12-15 11:30:00,21.3
2024-12-15 11:45:00,21.3
2024-12-15 12:00:00,21.9
2024-12-15 12:15:00,21.8
2024-12-15 12:30:00,21.7
2024-12-15 12:45:00,21.5
2024-12-15 13:00:00,21.5
2024-12-15 13:15:00,22.4
2024-12-15 13:30:00,22.0
2024-12-15 13:45:00,22.1
2024-12-15 14:00:00,21.8
2024-12-15 14:15:00,22.0
2024-12-15 14:30:00,21.9
2024-12-15 14:45:00,22.1
2024-12-15 15:00:00,22.5
2024-12-15 15:15:00,22.0
2024-12-15 15:30:00,22.6
2024-12-15 15:45:00,22.2
2024-12-15 16:00:00,22.9
2024-12-15 16:15:00,22.7
2024-12-15 16:30:00,22.6
2024-12-15 16:45:00,22.6
2024-12-15 17:00:00,22.8
2024-12-15 17:15:00,22.8
2024-12-15 17:30:00,22.8
2024-12-15 17:45:00,22.9
2024-12-15 18:00:00,22.8
2024-12-15 18:15:00,22.9
2024-12-15 18:30:00,23.2
2024-12-15 18:45:00,23.0
2024-12-15 19:00:00,22.7
2024-12-15 19:15:00,22.8
2024-12-15 19:30:00,23.0
2024-12-15 19:45:00,23.1
2024-12-15 20:00:00,22.8
2024-12-15 20:15:00,22.6
2024-12-15 20:30:00,22.9
2024-12-15 20:45:00,22.3
2024-12-15 21:00:00,22.9
2024-12-15 21:15:00,22.7
2024-12-15 21:30:00,22.9
2024-12-15 21:45:00,
2024-12-15 22:00:00,22.2
2024-12-15 22:15:00,22.9
2024-12-15 22:30:00,22.3
2024-12-15 22:45:00,
2024-12-15 23:00:00,
2024-12-15 23:15:00,
2024-12-15 23:30:00,
2024-12-15 23:45:00,
2024-12-16 00:00:00,24.3
2024-12-16 00:15:00,24.6
2024-12-16 00:30:00,24.1
2024-12-16 00:45:00,24.9
2024-12-16 01:00:00,24.4
2024-12-16 01:15:00,24.2
2024-12-16 01:30:00,23.8
2024-12-16 01:45:00,24.2
2024-12-16 02:00:00,24.6
2024-12-16 02:15:00,24.3
2024-12-16 02:30:00,24.7
2024-12-16 02:45:00,24.6
2024-12-16 03:00:00,24.8
2024-12-16 03:15:00,24.5
2024-12-16 03:30:00,24.5
2024-12-16 03:45:00,24.4
2024-12-16 04:00:00,24.9
2024-12-16 04:15:00,25.1
2024-12-16 04:30:00,24.4
2024-12-16 04:45:00,24.4
2024-12-16 05:00:00,
2024-12-16 05:15:00,24.9
2024-12-16 05:30:00,
2024-12-16 05:45:00,24.9
2024-12-16 06:00:00,25.5
2024-12-16 06:15:00,25.5
2024-12-16 06:30:00,25.4
2024-12-16 06:45:00,25.3
2024-12-16 07:00:00,26.0
2024-12-16 07:15:00,25.7
2024-12-16 07:30:00,25.3
2024-12-16 07:45:00,25.1
2024-12-16 08:00:00,25.3
2024-12-16 08:15:00,25.5
2024-12-16 08:30:00,25.8
2024-12-16 08:45:00,25.9
2024-12-16 09:00:00,
2024-12-16 09:15:00,26.1
2024-12-16 09:30:00,26.0
2024-12-16 09:45:00,26.0
2024-12-16 10:00:00,25.8
2024-12-16 10:15:00,
2024-12-16 10:30:00,25.5
2024-12-16 10:45:00,26.1
2024-12-16 11:00:00,25.6
2024-12-16 11:15:00,
2024-12-16 11:30:00,25.6
2024-12-16 11:45:00,25.5
2024-12-16 12:00:00,26.1
2024-12-16 12:15:00,25.9
2024-12-16 12:30:00,28.339396032195648
2024-12-16 12:45:00,28.63939603219565
2024-12-16 13:00:00,26.1
2024-12-16 13:15:00,26.1
2024-12-16 13:30:00,25.5
2024-12-16 13:45:00,25.9
2024-12-16 14:00:00,25.8
2024-12-16 14:15:00,25.8
2024-12-16 14:30:00,25.6
2024-12-16 14:45:00,25.3
2024-12-16 15:00:00,
2024-12-16 15:15:00,25.0
2024-12-16 15:30:00,25.3
2024-12-16 15:45:00,24.9
2024-12-16 16:00:00,24.6
2024-12-16 16:15:00,25.2
2024-12-16 16:30:00,25.2
2024-12-16 16:45:00,
2024-12-16 17:00:00,
2024-12-16 17:15:00,
2024-12-16 17:30:00,
2024-12-16 17:45:00,
2024-12-16 18:00:00,
2024-12-16 18:15:00,
2024-12-16 18:30:00,26.6
2024-12-16 18:45:00,26.7
2024-12-16 19:00:00,
2024-12-16 19:15:00,26.7
2024-12-16 19:30:00,26.7
2024-12-16 19:45:00,27.3
2024-12-16 20:00:00,27.2
2024-12-16 20:15:00,28.4
2024-12-16 20:30:00,28.6
2024-12-16 20:45:00,28.9
2024-12-16 21:00:00,28.8
2024-12-16 21:15:00,30.0
2024-12-16 21:30:00,28.8
2024-12-16 21:45:00,28.2
2024-12-16 22:00:00,27.2
2024-12-16 22:15:00,27.2
2024-12-16 22:30:00,26.5
2024-12-16 22:45:00,26.7
2024-12-16 23:00:00,26.5
2024-12-16 23:15:00,25.8
2024-12-16 23:30:00,26.1
2024-12-16 23:45:00,26.2
2024-12-17 00:00:00,25.6
2024-12-17 00:15:00,26.1
2024-12-17 00:30:00,25.9
2024-12-17 00:45:00,25.8
2024-12-17 01:00:00,25.8
2024-12-17 01:15:00,25.8
2024-12-17 01:30:00,26.0
2024-12-17 01:45:00,25.4
2024-12-17 02:00:00,25.1
2024-12-17 02:15:00,25.2
2024-12-17 02:30:00,25.2
2024-12-17 02:45:00,25.9
2024-12-17 03:00:00,25.5
2024-12-17 03:15:00,25.3
2024-12-17 03:30:00,25.4
2024-12-17 03:45:00,25.4
2024-12-17 04:00:00,26.1
2024-12-17 04:15:00,
2024-12-17 04:30:00,
2024-12-17 04:45:00,
2024-12-17 05:00:00,
2024-12-17 05:15:00,
2024-12-17 05:30:00,24.9
2024-12-17 05:45:00,25.0
2024-12-17 06:00:00,24.7
2024-12-17 06:15:00,24.7
2024-12-17 06:30:00,24.5
2024-12-17 06:45:00,24.1
2024-12-17 07:00:00,24.3
2024-12-17 07:15:00,23.7
2024-12-17 07:30:00,23.4
2024-12-17 07:45:00,23.7
2024-12-17 08:00:00,23.2
2024-12-17 08:15:00,23.5
2024-12-17 08:30:00,23.5
2024-12-17 08:45:00,
2024-12-17 09:00:00,23.5
2024-12-17 09:15:00,23.2
2024-12-17 09:30:00,
2024-12-17 09:45:00,
2024-12-17 10:00:00,
2024-12-17 10:15:00,22.8
2024-12-17 10:30:00,22.7
2024-12-17 10:45:00,22.9
2024-12-17 11:00:00,
2024-12-17 11:15:00,22.9
2024-12-17 11:30:00,22.9
2024-12-17 11:45:00,22.6
2024-12-17 12:00:00,22.8
2024-12-17 12:15:00,22.5
2024-12-17 12:30:00,22.3
2024-12-17 12:45:00,22.4
2024-12-17 13:00:00,22.4
2024-12-17 13:15:00,22.7
2024-12-17 13:30:00,22.4
2024-12-17 13:45:00,22.3
2024-12-17 14:00:00,23.2
2024-12-17 14:15:00,22.7
2024-12-17 14:30:00,22.3
2024-12-17 14:45:00,22.3
2024-12-17 15:00:00,22.5
2024-12-17 15:15:00,22.8
2024-12-17 15:30:00,22.3
2024-12-17 15:45:00,22.7
2024-12-17 16:00:00,24.0
2024-12-17 16:15:00,23.4
2024-12-17 16:30:00,23.1
2024-12-17 16:45:00,22.1
2024-12-17 17:00:00,22.6
2024-12-17 17:15:00,22.3
2024-12-17 17:30:00,22.2
2024-12-17 17:45:00,22.1
2024-12-17 18:00:00,21.7
2024-12-17 18:15:00,21.8
2024-12-17 18:30:00,22.2
2024-12-17 18:45:00,21.9
2024-12-17 19:00:00,21.7
2024-12-17 19:15:00,
2024-12-17 19:30:00,22.0
2024-12-17 19:45:00,22.4
2024-12-17 20:00:00,
2024-12-17 20:15:00,22.3
2024-12-17 20:30:00,
2024-12-17 20:45:00,21.7
2024-12-17 21:00:00,21.8
2024-12-17 21:15:00,21.5
2024-12-17 21:30:00,22.1
2024-12-17 21:45:00,21.7
2024-12-17 22:00:00,21.5
2024-12-17 22:15:00,21.5
2024-12-17 22:30:00,21.3
2024-12-17 22:45:00,21.6
2024-12-17 23:00:00,21.2
2024-12-17 23:15:00,21.3
2024-12-17 23:30:00,21.1
2024-12-17 23:45:00,21.2
2024-12-18 00:00:00,20.9
2024-12-18 00:15:00,20.8
2024-12-18 00:30:00,
2024-12-18 00:45:00,20.3
2024-12-18 01:00:00,21.1
2024-12-18 01:15:00,
2024-12-18 01:30:00,20.7
2024-12-18 01:45:00,20.1
2024-12-18 02:00:00,20.4
2024-12-18 02:15:00,20.9
2024-12-18 02:30:00,20.8
2024-12-18 02:45:00,20.7
2024-12-18 03:00:00,21.0
2024-12-18 03:15:00,20.9
2024-12-18 03:30:00,20.8
2024-12-18 03:45:00,20.9
2024-12-18 04:00:00,20.6
2024-12-18 04:15:00,21.0
2024-12-18 04:30:00,20.7
2024-12-18 04:45:00,
2024-12-18 05:00:00,20.4
2024-12-18 05:15:00,20.4
2024-12-18 05:30:00,20.1
2024-12-18 05:45:00,20.3
2024-12-18 06:00:00,19.8
2024-12-18 06:15:00,20.0
2024-12-18 06:30:00,19.9
2024-12-18 06:45:00,20.0
2024-12-18 07:00:00,19.5
2024-12-18 07:15:00,19.7
2024-12-18 07:30:00,19.5
2024-12-18 07:45:00,20.0
2024-12-18 08:00:00,
2024-12-18 08:15:00,20.3
2024-12-18 08:30:00,20.3
2024-12-18 08:45:00,19.7
2024-12-18 09:00:00,19.4
2024-12-18 09:15:00,19.5
2024-12-18 09:30:00,19.5
2024-12-18 09:45:00,19.7
2024-12-18 10:00:00,19.5
2024-12-18 10:15:00,19.2
2024-12-18 10:30:00,19.4
2024-12-18 10:45:00,19.5
2024-12-18 11:00:00,19.1
2024-12-18 11:15:00,19.3
2024-12-18 11:30:00,19.0
2024-12-18 11:45:00,19.0
2024-12-18 12:00:00,19.4
2024-12-18 12:15:00,18.9
2024-12-18 12:30:00,19.1
2024-12-18 12:45:00,19.4
2024-12-18 13:00:00,18.9
2024-12-18 13:15:00,19.0
2024-12-18 13:30:00,18.9
2024-12-18 13:45:00,19.0
2024-12-18 14:00:00,
2024-12-18 14:15:00,19.1
2024-12-18 14:30:00,19.1
2024-12-18 14:45:00,19.4
2024-12-18 15:00:00,19.0
2024-12-18 15:15:00,19.2
2024-12-18 15:30:00,19.2
2024-12-18 15:45:00,20.2
2024-12-18 16:00:00,19.8
2024-12-18 16:15:00,19.5
2024-12-18 16:30:00,19.5
2024-12-18 16:45:00,19.1
2024-12-18 17:00:00,19.3
2024-12-18 17:15:00,18.9
2024-12-18 17:30:00,18.5
2024-12-18 17:45:00,18.6
2024-12-18 18:00:00,18.7
2024-12-18 18:15:00,
2024-12-18 18:30:00,
2024-12-18 18:45:00,18.7
2024-12-18 19:00:00,19.0
2024-12-18 19:15:00,18.3
2024-12-18 19:30:00,18.7
2024-12-18 19:45:00,
2024-12-18 20:00:00,
2024-12-18 20:15:00,18.6
2024-12-18 20:30:00,
2024-12-18 20:45:00,18.7
2024-12-18 21:00:00,18.6
2024-12-18 21:15:00,18.5
2024-12-18 21:30:00,
2024-12-18 21:45:00,
2024-12-18 22:00:00,18.4
2024-12-18 22:15:00,18.8
2024-12-18 22:30:00,18.6
2024-12-18 22:45:00,18.4
2024-12-18 23:00:00,18.7
2024-12-18 23:15:00,26.98564223644634
2024-12-18 23:30:00,26.98564223644634
2024-12-18 23:45:00,27.185642236446334
2024-12-19 00:00:00,18.5
2024-12-19 00:15:00,18.0
2024-12-19 00:30:00,18.3
2024-12-19 00:45:00,18.3
2024-12-19 01:00:00,17.7
2024-12-19 01:15:00,17.9
2024-12-19 01:30:00,18.0
2024-12-19 01:45:00,17.7
2024-12-19 02:00:00,18.1
2024-12-19 02:15:00,18.1
2024-12-19 02:30:00,18.0
2024-12-19 02:45:00,17.6
2024-12-19 03:00:00,17.8
2024-12-19 03:15:00,17.7
2024-12-19 03:30:00,17.8
2024-12-19 03:45:00,17.8
2024-12-19 04:00:00,18.1
2024-12-19 04:15:00,18.2
2024-12-19 04:30:00,17.9
2024-12-19 04:45:00,17.9
2024-12-19 05:00:00,18.3
2024-12-19 05:15:00,18.0
2024-12-19 05:30:00,
2024-12-19 05:45:00,18.0
2024-12-19 06:00:00,18.0
2024-12-19 06:15:00,17.8
2024-12-19 06:30:00,17.8
2024-12-19 06:45:00,17.9
2024-12-19 07:00:00,17.7
2024-12-19 07:15:00,
2024-12-19 07:30:00,17.8
2024-12-19 07:45:00,18.1
2024-12-19 08:00:00,
2024-12-19 08:15:00,18.0
2024-12-19 08:30:00,
2024-12-19 08:45:00,17.8
2024-12-19 09:00:00,17.8
2024-12-19 09:15:00,17.8
2024-12-19 09:30:00,18.2
2024-12-19 09:45:00,18.0
2024-12-19 10:00:00,21.12704679809115
2024-12-19 10:15:00,17.9
2024-12-19 10:30:00,18.0
2024-12-19 10:45:00,
2024-12-19 11:00:00,17.7
2024-12-19 11:15:00,17.9
2024-12-19 11:30:00,18.0
2024-12-19 11:45:00,
2024-12-19 12:00:00,17.3
2024-12-19 12:15:00,17.8
2024-12-19 12:30:00,18.0
2024-12-19 12:45:00,17.8
2024-12-19 13:00:00,17.5
2024-12-19 13:15:00,17.7
2024-12-19 13:30:00,17.7
2024-12-19 13:45:00,17.1
2024-12-19 14:00:00,17.5
2024-12-19 14:15:00,17.8
2024-12-19 14:30:00,17.9
2024-12-19 14:45:00,17.8
2024-12-19 15:00:00,17.9
2024-12-19 15:15:00,17.9
2024-12-19 15:30:00,18.0
2024-12-19 15:45:00,18.0
2024-12-19 16:00:00,18.0
2024-12-19 16:15:00,17.7
2024-12-19 16:30:00,17.9
2024-12-19 16:45:00,17.8
2024-12-19 17:00:00,17.7
2024-12-19 17:15:00,17.6
2024-12-19 17:30:00,17.3
2024-12-19 17:45:00,17.9
2024-12-19 18:00:00,17.7
2024-12-19 18:15:00,17.9
2024-12-19 18:30:00,17.1
2024-12-19 18:45:00,17.4
2024-12-19 19:00:00,17.7
2024-12-19 19:15:00,17.8
2024-12-19 19:30:00,
2024-12-19 19:45:00,
2024-12-19 20:00:00,
2024-12-19 20:15:00,
2024-12-19 20:30:00,
2024-12-19 20:45:00,
2024-12-19 21:00:00,
2024-12-19 21:15:00,
2024-12-19 21:30:00,
2024-12-19 21:45:00,
2024-12-19 22:00:00,
2024-12-19 22:15:00,
2024-12-19 22:30:00,18.2
2024-12-19 22:45:00,18.0
2024-12-19 23:00:00,18.4
2024-12-19 23:15:00,18.7
2024-12-19 23:30:00,
2024-12-19 23:45:00,
2024-12-20 00:00:00,18.9
2024-12-20 00:15:00,18.5
2024-12-20 00:30:00,
2024-12-20 00:45:00,19.7
2024-12-20 01:00:00,19.1
2024-12-20 01:15:00,19.0
2024-12-20 01:30:00,18.7
2024-12-20 01:45:00,19.6
2024-12-20 02:00:00,18.9
2024-12-20 02:15:00,18.7
2024-12-20 02:30:00,18.8
2024-12-20 02:45:00,19.5
2024-12-20 03:00:00,19.5
2024-12-20 03:15:00,18.8
2024-12-20 03:30:00,
2024-12-20 03:45:00,
2024-12-20 04:00:00,
2024-12-20 04:15:00,
2024-12-20 04:30:00,
2024-12-20 04:45:00,
2024-12-20 05:00:00,
2024-12-20 05:15:00,
2024-12-20 05:30:00,18.4
2024-12-20 05:45:00,
2024-12-20 06:00:00,18.8
2024-12-20 06:15:00,18.1
2024-12-20 06:30:00,17.8
2024-12-20 06:45:00,18.0
2024-12-20 07:00:00,18.2
2024-12-20 07:15:00,18.5
2024-12-20 07:30:00,18.1
2024-12-20 07:45:00,
2024-12-20 08:00:00,17.8
2024-12-20 08:15:00,
2024-12-20 08:30:00,18.3
2024-12-20 08:45:00,18.0
2024-12-20 09:00:00,17.6
2024-12-20 09:15:00,17.9
2024-12-20 09:30:00,20.4498635679987
2024-12-20 09:45:00,20.749863567998702
2024-12-20 10:00:00,20.549863567998703
2024-12-20 10:15:00,17.7
2024-12-20 10:30:00,17.8
2024-12-20 10:45:00,17.9
2024-12-20 11:00:00,17.3
2024-12-20 11:15:00,17.6
2024-12-20 11:30:00,17.3
2024-12-20 11:45:00,17.0
2024-12-20 12:00:00,17.8
2024-12-20 12:15:00,17.5
2024-12-20 12:30:00,17.5
2024-12-20 12:45:00,17.6
2024-12-20 13:00:00,17.6
2024-12-20 13:15:00,17.5
2024-12-20 13:30:00,17.6
2024-12-20 13:45:00,18.0
2024-12-20 14:00:00,18.0
2024-12-20 14:15:00,17.5
2024-12-20 14:30:00,17.4
2024-12-20 14:45:00,17.8
2024-12-20 15:00:00,17.3
2024-12-20 15:15:00,17.5
2024-12-20 15:30:00,17.6
2024-12-20 15:45:00,17.5
2024-12-20 16:00:00,17.3
2024-12-20 16:15:00,17.6
2024-12-20 16:30:00,17.5
2024-12-20 16:45:00,
2024-12-20 17:00:00,17.1
2024-12-20 17:15:00,17.6
2024-12-20 17:30:00,17.5
2024-12-20 17:45:00,17.1
2024-12-20 18:00:00,17.3
2024-12-20 18:15:00,17.6
2024-12-20 18:30:00,17.5
2024-12-20 18:45:00,17.3
2024-12-20 19:00:00,17.2
2024-12-20 19:15:00,17.6
2024-12-20 19:30:00,17.4
2024-12-20 19:45:00,17.8
2024-12-20 20:00:00,17.2
2024-12-20 20:15:00,
2024-12-20 20:30:00,19.810070287973296
2024-12-20 20:45:00,20.210070287973295
2024-12-20 21:00:00,18.1
2024-12-20 21:15:00,17.6
2024-12-20 21:30:00,17.8
2024-12-20 21:45:00,17.5
2024-12-20 22:00:00,17.7
2024-12-20 22:15:00,18.0
2024-12-20 22:30:00,17.5
2024-12-20 22:45:00,10.52351273527069
2024-12-20 23:00:00,17.8
2024-12-20 23:15:00,17.8
2024-12-20 23:30:00,17.3
2024-12-20 23:45:00,17.5
2024-12-21 00:00:00,17.5
2024-12-21 00:15:00,17.8
2024-12-21 00:30:00,17.7
2024-12-21 00:45:00,18.0
2024-12-21 01:00:00,17.6
2024-12-21 01:15:00,
2024-12-21 01:30:00,18.0
2024-12-21 01:45:00,
2024-12-21 02:00:00,17.8
2024-12-21 02:15:00,18.2
2024-12-21 02:30:00,
2024-12-21 02:45:00,18.4
2024-12-21 03:00:00,18.0
2024-12-21 03:15:00,18.0
2024-12-21 03:30:00,17.8
2024-12-21 03:45:00,18.3
2024-12-21 04:00:00,
2024-12-21 04:15:00,17.9
2024-12-21 04:30:00,17.9
2024-12-21 04:45:00,
2024-12-21 05:00:00,17.7
2024-12-21 05:15:00,
2024-12-21 05:30:00,17.8
2024-12-21 05:45:00,18.1
2024-12-21 06:00:00,17.8
2024-12-21 06:15:00,17.9
2024-12-21 06:30:00,18.1
2024-12-21 06:45:00,17.8
2024-12-21 07:00:00,18.2
2024-12-21 07:15:00,18.0
2024-12-21 07:30:00,17.9
2024-12-21 07:45:00,18.1
2024-12-21 08:00:00,18.2
2024-12-21 08:15:00,18.0
2024-12-21 08:30:00,18.0
2024-12-21 08:45:00,
2024-12-21 09:00:00,17.4
2024-12-21 09:15:00,17.3
2024-12-21 09:30:00,17.4
2024-12-21 09:45:00,18.4
2024-12-21 10:00:00,18.1
2024-12-21 10:15:00,
2024-12-21 10:30:00,18.1
2024-12-21 10:45:00,18.1
2024-12-21 11:00:00,17.9
2024-12-21 11:15:00,
2024-12-21 11:30:00,17.7
2024-12-21 11:45:00,17.6
2024-12-21 12:00:00,18.0
2024-12-21 12:15:00,
2024-12-21 12:30:00,17.9
2024-12-21 12:45:00,17.6
2024-12-21 13:00:00,18.2
2024-12-21 13:15:00,17.8
2024-12-21 13:30:00,17.8
2024-12-21 13:45:00,18.0
2024-12-21 14:00:00,
2024-12-21 14:15:00,
2024-12-21 14:30:00,18.3
2024-12-21 14:45:00,17.7
2024-12-21 15:00:00,18.2
2024-12-21 15:15:00,17.8
2024-12-21 15:30:00,18.0
2024-12-21 15:45:00,18.1
2024-12-21 16:00:00,18.3
2024-12-21 16:15:00,18.4
2024-12-21 16:30:00,
2024-12-21 16:45:00,17.9
2024-12-21 17:00:00,18.1
2024-12-21 17:15:00,18.1
2024-12-21 17:30:00,17.9
2024-12-21 17:45:00,
2024-12-21 18:00:00,17.6
2024-12-21 18:15:00,18.4
2024-12-21 18:30:00,17.7
2024-12-21 18:45:00,18.2
2024-12-21 19:00:00,17.7
2024-12-21 19:15:00,18.1
2024-12-21 19:30:00,17.9
2024-12-21 19:45:00,18.0
2024-12-21 20:00:00,18.2
2024-12-21 20:15:00,18.6
2024-12-21 20:30:00,
2024-12-21 20:45:00,18.1
2024-12-21 21:00:00,18.3
2024-12-21 21:15:00,18.5
2024-12-21 21:30:00,18.1
2024-12-21 21:45:00,
2024-12-21 22:00:00,17.9
2024-12-21 22:15:00,18.2
2024-12-21 22:30:00,
2024-12-21 22:45:00,18.6
2024-12-21 23:00:00,
2024-12-21 23:15:00,18.5
2024-12-21 23:30:00,18.6
2024-12-21 23:45:00,
2024-12-22 00:00:00,18.1
2024-12-22 00:15:00,18.3
2024-12-22 00:30:00,
2024-12-22 00:45:00,18.3
2024-12-22 01:00:00,18.4
2024-12-22 01:15:00,18.1
2024-12-22 01:30:00,17.3
2024-12-22 01:45:00,17.4
2024-12-22 02:00:00,
2024-12-22 02:15:00,18.3
2024-12-22 02:30:00,17.8
2024-12-22 02:45:00,17.8
2024-12-22 03:00:00,18.3
2024-12-22 03:15:00,17.6
2024-12-22 03:30:00,17.8
2024-12-22 03:45:00,17.8
2024-12-22 04:00:00,17.5
2024-12-22 04:15:00,17.3
2024-12-22 04:30:00,17.4
2024-12-22 04:45:00,17.4
2024-12-22 05:00:00,17.6
2024-12-22 05:15:00,17.2
2024-12-22 05:30:00,17.1
2024-12-22 05:45:00,17.2
2024-12-22 06:00:00,17.1
2024-12-22 06:15:00,17.2
2024-12-22 06:30:00,16.9
2024-12-22 06:45:00,17.4
2024-12-22 07:00:00,17.0
2024-12-22 07:15:00,17.0
2024-12-22 07:30:00,17.4
2024-12-22 07:45:00,17.5
2024-12-22 08:00:00,17.0
2024-12-22 08:15:00,16.9
2024-12-22 08:30:00,17.0
2024-12-22 08:45:00,16.8
2024-12-22 09:00:00,17.2
2024-12-22 09:15:00,16.9
2024-12-22 09:30:00,
2024-12-22 09:45:00,16.9
2024-12-22 10:00:00,17.0
2024-12-22 10:15:00,16.5
2024-12-22 10:30:00,16.6
2024-12-22 10:45:00,16.8
2024-12-22 11:00:00,16.7
2024-12-22 11:15:00,16.7
2024-12-22 11:30:00,
2024-12-22 11:45:00,16.8
2024-12-22 12:00:00,16.6
2024-12-22 12:15:00,16.9
2024-12-22 12:30:00,16.6
2024-12-22 12:45:00,16.7
2024-12-22 13:00:00,16.6
2024-12-22 13:15:00,16.8
2024-12-22 13:30:00,18.75374963392784
2024-12-22 13:45:00,16.7
2024-12-22 14:00:00,16.4
2024-12-22 14:15:00,16.4
2024-12-22 14:30:00,16.5
2024-12-22 14:45:00,
2024-12-22 15:00:00,16.7
2024-12-22 15:15:00,16.8
2024-12-22 15:30:00,
2024-12-22 15:45:00,
2024-12-22 16:00:00,16.8
2024-12-22 16:15:00,16.6
2024-12-22 16:30:00,16.2
2024-12-22 16:45:00,16.3
2024-12-22 17:00:00,16.6
2024-12-22 17:15:00,
2024-12-22 17:30:00,16.5
2024-12-22 17:45:00,
2024-12-22 18:00:00,16.5
2024-12-22 18:15:00,16.4
2024-12-22 18:30:00,16.7
2024-12-22 18:45:00,16.4
2024-12-22 19:00:00,16.4
2024-12-22 19:15:00,
2024-12-22 19:30:00,16.5
2024-12-22 19:45:00,16.5
2024-12-22 20:00:00,
2024-12-22 20:15:00,
2024-12-22 20:30:00,16.9
2024-12-22 20:45:00,16.8
2024-12-22 21:00:00,
2024-12-22 21:15:00,16.8
2024-12-22 21:30:00,16.9
2024-12-22 21:45:00,17.1
2024-12-22 22:00:00,17.1
2024-12-22 22:15:00,17.4
2024-12-22 22:30:00,17.2
2024-12-22 22:45:00,17.0
2024-12-22 23:00:00,17.0
2024-12-22 23:15:00,16.8
2024-12-22 23:30:00,17.0
2024-12-22 23:45:00,17.1
2024-12-23 00:00:00,16.9
2024-12-23 00:15:00,16.9
2024-12-23 00:30:00,17.3
2024-12-23 00:45:00,17.0
2024-12-23 01:00:00,16.8
2024-12-23 01:15:00,17.1
2024-12-23 01:30:00,16.7
2024-12-23 01:45:00,16.9
2024-12-23 02:00:00,16.6
2024-12-23 02:15:00,17.0
2024-12-23 02:30:00,16.7
2024-12-23 02:45:00,16.9
2024-12-23 03:00:00,16.5
2024-12-23 03:15:00,16.6
2024-12-23 03:30:00,17.0
2024-12-23 03:45:00,16.6
2024-12-23 04:00:00,16.3
2024-12-23 04:15:00,
2024-12-23 04:30:00,16.4
2024-12-23 04:45:00,16.7
2024-12-23 05:00:00,16.3
2024-12-23 05:15:00,16.2
2024-12-23 05:30:00,16.3
2024-12-23 05:45:00,16.8
2024-12-23 06:00:00,16.6
2024-12-23 06:15:00,16.8
2024-12-23 06:30:00,16.4
2024-12-23 06:45:00,16.7
2024-12-23 07:00:00,16.5
2024-12-23 07:15:00,16.8
2024-12-23 07:30:00,
2024-12-23 07:45:00,16.9
2024-12-23 08:00:00,
2024-12-23 08:15:00,17.1
2024-12-23 08:30:00,
2024-12-23 08:45:00,17.3
2024-12-23 09:00:00,17.1
2024-12-23 09:15:00,17.3
2024-12-23 09:30:00,17.2
2024-12-23 09:45:00,
2024-12-23 10:00:00,17.5
2024-12-23 10:15:00,
2024-12-23 10:30:00,
2024-12-23 10:45:00,
2024-12-23 11:00:00,
2024-12-23 11:15:00,
2024-12-23 11:30:00,
2024-12-23 11:45:00,
2024-12-23 12:00:00,
2024-12-23 12:15:00,
2024-12-23 12:30:00,
2024-12-23 12:45:00,
2024-12-23 13:00:00,
2024-12-23 13:15:00,17.7
2024-12-23 13:30:00,17.6
2024-12-23 13:45:00,18.1
2024-12-23 14:00:00,17.2
2024-12-23 14:15:00,18.1
2024-12-23 14:30:00,18.1
2024-12-23 14:45:00,18.1
2024-12-23 15:00:00,18.1
2024-12-23 15:15:00,18.0
2024-12-23 15:30:00,18.1
2024-12-23 15:45:00,18.4
2024-12-23 16:00:00,25.866970810117273
2024-12-23 16:15:00,25.366970810117273
2024-12-23 16:30:00,18.2
2024-12-23 16:45:00,18.3
2024-12-23 17:00:00,18.1
2024-12-23 17:15:00,18.1
2024-12-23 17:30:00,18.4
2024-12-23 17:45:00,18.3
2024-12-23 18:00:00,18.0
2024-12-23 18:15:00,18.4
2024-12-23 18:30:00,17.8
2024-12-23 18:45:00,18.4
2024-12-23 19:00:00,18.5
2024-12-23 19:15:00,18.5
2024-12-23 19:30:00,18.8
2024-12-23 19:45:00,18.9
2024-12-23 20:00:00,18.7
2024-12-23 20:15:00,18.8
2024-12-23 20:30:00,18.8
2024-12-23 20:45:00,
2024-12-23 21:00:00,19.1
2024-12-23 21:15:00,19.1
2024-12-23 21:30:00,19.5
2024-12-23 21:45:00,25.662782106107805
2024-12-23 22:00:00,26.062782106107804
2024-12-23 22:15:00,19.1
2024-12-23 22:30:00,19.2
2024-12-23 22:45:00,19.5
2024-12-23 23:00:00,19.4
2024-12-23 23:15:00,19.2
2024-12-23 23:30:00,19.0
2024-12-23 23:45:00,19.3
2024-12-24 00:00:00,19.3
2024-12-24 00:15:00,
2024-12-24 00:30:00,19.3
2024-12-24 00:45:00,19.4
2024-12-24 01:00:00,19.5
2024-12-24 01:15:00,19.5
2024-12-24 01:30:00,19.8
2024-12-24 01:45:00,19.5
2024-12-24 02:00:00,19.2
2024-12-24 02:15:00,19.5
2024-12-24 02:30:00,19.5
2024-12-24 02:45:00,19.3
2024-12-24 03:00:00,19.4
2024-12-24 03:15:00,19.3
2024-12-24 03:30:00,19.4
2024-12-24 03:45:00,19.3
2024-12-24 04:00:00,19.7
2024-12-24 04:15:00,
2024-12-24 04:30:00,19.1
2024-12-24 04:45:00,18.3
2024-12-24 05:00:00,19.1
2024-12-24 05:15:00,18.9
2024-12-24 05:30:00,19.0
2024-12-24 05:45:00,
2024-12-24 06:00:00,18.5
2024-12-24 06:15:00,18.5
2024-12-24 06:30:00,18.5
2024-12-24 06:45:00,18.2
2024-12-24 07:00:00,18.6
2024-12-24 07:15:00,19.0
2024-12-24 07:30:00,
2024-12-24 07:45:00,18.6
2024-12-24 08:00:00,
2024-12-24 08:15:00,18.9
2024-12-24 08:30:00,18.3
2024-12-24 08:45:00,17.9
2024-12-24 09:00:00,18.6
2024-12-24 09:15:00,18.2
2024-12-24 09:30:00,18.2
2024-12-24 09:45:00,18.3
2024-12-24 10:00:00,
2024-12-24 10:15:00,18.0
2024-12-24 10:30:00,18.2
2024-12-24 10:45:00,18.1
2024-12-24 11:00:00,17.3
2024-12-24 11:15:00,18.1
2024-12-24 11:30:00,18.7
2024-12-24 11:45:00,18.0
2024-12-24 12:00:00,
2024-12-24 12:15:00,17.4
2024-12-24 12:30:00,18.0
2024-12-24 12:45:00,17.8
2024-12-24 13:00:00,17.7
2024-12-24 13:15:00,17.8
2024-12-24 13:30:00,17.3
2024-12-24 13:45:00,17.5
2024-12-24 14:00:00,17.4
2024-12-24 14:15:00,17.6
2024-12-24 14:30:00,17.3
2024-12-24 14:45:00,17.6
2024-12-24 15:00:00,17.5
2024-12-24 15:15:00,17.2
2024-12-24 15:30:00,17.4
2024-12-24 15:45:00,16.5
2024-12-24 16:00:00,25.327924587630832
2024-12-24 16:15:00,17.0
2024-12-24 16:30:00,17.0
2024-12-24 16:45:00,17.0
2024-12-24 17:00:00,16.9
2024-12-24 17:15:00,16.9
2024-12-24 17:30:00,16.8
2024-12-24 17:45:00,16.6
2024-12-24 18:00:00,16.9
2024-12-24 18:15:00,16.5
2024-12-24 18:30:00,16.5
2024-12-24 18:45:00,16.4
2024-12-24 19:00:00,16.8
2024-12-24 19:15:00,16.5
2024-12-24 19:30:00,16.2
2024-12-24 19:45:00,16.4
2024-12-24 20:00:00,16.2
2024-12-24 20:15:00,16.4
2024-12-24 20:30:00,16.3
2024-12-24 20:45:00,16.3
2024-12-24 21:00:00,16.3
2024-12-24 21:15:00,16.9
2024-12-24 21:30:00,16.0
2024-12-24 21:45:00,15.4
2024-12-24 22:00:00,16.1
2024-12-24 22:15:00,16.2
2024-12-24 22:30:00,16.0
2024-12-24 22:45:00,16.0
2024-12-24 23:00:00,16.1
2024-12-24 23:15:00,15.8
2024-12-24 23:30:00,15.7
2024-12-24 23:45:00,
2024-12-25 00:00:00,
2024-12-25 00:15:00,
2024-12-25 00:30:00,
2024-12-25 00:45:00,
2024-12-25 01:00:00,
2024-12-25 01:15:00,
2024-12-25 01:30:00,
2024-12-25 01:45:00,
2024-12-25 02:00:00,
2024-12-25 02:15:00,
2024-12-25 02:30:00,15.7
2024-12-25 02:45:00,15.7
2024-12-25 03:00:00,15.7
2024-12-25 03:15:00,15.4
2024-12-25 03:30:00,15.4
2024-12-25 03:45:00,15.7
2024-12-25 04:00:00,15.7
2024-12-25 04:15:00,15.8
2024-12-25 04:30:00,15.5
2024-12-25 04:45:00,15.2
2024-12-25 05:00:00,15.5
2024-12-25 05:15:00,15.6
2024-12-25 05:30:00,15.4
2024-12-25 05:45:00,15.5
2024-12-25 06:00:00,15.7
2024-12-25 06:15:00,15.5
2024-12-25 06:30:00,15.2
2024-12-25 06:45:00,15.4
2024-12-25 07:00:00,15.3
2024-12-25 07:15:00,15.5
2024-12-25 07:30:00,15.3
2024-12-25 07:45:00,15.2
2024-12-25 08:00:00,15.1
2024-12-25 08:15:00,15.1
2024-12-25 08:30:00,15.3
2024-12-25 08:45:00,18.14078550450369
2024-12-25 09:00:00,17.84078550450369
2024-12-25 09:15:00,18.14078550450369
2024-12-25 09:30:00,15.4
2024-12-25 09:45:00,15.2
2024-12-25 10:00:00,15.5
2024-12-25 10:15:00,15.3
2024-12-25 10:30:00,15.6
2024-12-25 10:45:00,19.183124426183017
2024-12-25 11:00:00,14.8
2024-12-25 11:15:00,15.2
2024-12-25 11:30:00,15.2
2024-12-25 11:45:00,15.5
2024-12-25 12:00:00,21.827609160590654
2024-12-25 12:15:00,21.827609160590654
2024-12-25 12:30:00,15.7
2024-12-25 12:45:00,15.2
2024-12-25 13:00:00,16.3
2024-12-25 13:15:00,15.3
2024-12-25 13:30:00,15.3
2024-12-25 13:45:00,14.9
2024-12-25 14:00:00,15.4
2024-12-25 14:15:00,15.0
2024-12-25 14:30:00,15.6
2024-12-25 14:45:00,15.4
2024-12-25 15:00:00,15.5
2024-12-25 15:15:00,15.4
2024-12-25 15:30:00,
2024-12-25 15:45:00,15.5
2024-12-25 16:00:00,15.6
2024-12-25 16:15:00,15.5
2024-12-25 16:30:00,
2024-12-25 16:45:00,15.4
2024-12-25 17:00:00,15.3
2024-12-25 17:15:00,15.4
2024-12-25 17:30:00,15.3
2024-12-25 17:45:00,15.5
2024-12-25 18:00:00,15.4
2024-12-25 18:15:00,15.3
2024-12-25 18:30:00,15.4
2024-12-25 18:45:00,14.8
2024-12-25 19:00:00,
2024-12-25 19:15:00,15.3
2024-12-25 19:30:00,15.3
2024-12-25 19:45:00,15.4
2024-12-25 20:00:00,15.3
2024-12-25 20:15:00,15.1
2024-12-25 20:30:00,15.2
2024-12-25 20:45:00,14.9
2024-12-25 21:00:00,15.3
2024-12-25 21:15:00,14.6
2024-12-25 21:30:00,15.5
2024-12-25 21:45:00,15.4
2024-12-25 22:00:00,14.7
2024-12-25 22:15:00,15.1
2024-12-25 22:30:00,15.4
2024-12-25 22:45:00,15.4
2024-12-25 23:00:00,15.3
2024-12-25 23:15:00,15.3
2024-12-25 23:30:00,14.6
2024-12-25 23:45:00,15.2
2024-12-26 00:00:00,
2024-12-26 00:15:00,15.7
2024-12-26 00:30:00,15.5
2024-12-26 00:45:00,15.5
2024-12-26 01:00:00,15.5
2024-12-26 01:15:00,15.5
2024-12-26 01:30:00,15.5
2024-12-26 01:45:00,15.5
2024-12-26 02:00:00,15.5
2024-12-26 02:15:00,15.5
2024-12-26 02:30:00,15.5
2024-12-26 02:45:00,15.5
2024-12-26 03:00:00,15.5
2024-12-26 03:15:00,15.5
2024-12-26 03:30:00,15.5
2024-12-26 03:45:00,15.5
2024-12-26 04:00:00,15.5
2024-12-26 04:15:00,15.5
2024-12-26 04:30:00,15.5
2024-12-26 04:45:00,15.5
2024-12-26 05:00:00,15.5
2024-12-26 05:15:00,15.5
2024-12-26 05:30:00,15.5
2024-12-26 05:45:00,15.5
2024-12-26 06:00:00,15.5
2024-12-26 06:15:00,15.5
2024-12-26 06:30:00,15.5
2024-12-26 06:45:00,15.5
2024-12-26 07:00:00,15.5
2024-12-26 07:15:00,15.5
2024-12-26 07:30:00,15.5
2024-12-26 07:45:00,15.5
2024-12-26 08:00:00,15.5
2024-12-26 08:15:00,15.5
2024-12-26 08:30:00,15.5
2024-12-26 08:45:00,15.5
2024-12-26 09:00:00,15.5
2024-12-26 09:15:00,15.5
2024-12-26 09:30:00,15.5
2024-12-26 09:45:00,15.5
2024-12-26 10:00:00,15.5
2024-12-26 10:15:00,15.5
2024-12-26 10:30:00,15.5
2024-12-26 10:45:00,15.5
2024-12-26 11:00:00,15.5
2024-12-26 11:15:00,15.5
2024-12-26 11:30:00,15.5
2024-12-26 11:45:00,15.5
2024-12-26 12:00:00,15.6
2024-12-26 12:15:00,15.3
2024-12-26 12:30:00,15.6
2024-12-26 12:45:00,15.9
2024-12-26 13:00:00,16.0
2024-12-26 13:15:00,16.0
2024-12-26 13:30:00,16.9
2024-12-26 13:45:00,16.0
2024-12-26 14:00:00,15.8
2024-12-26 14:15:00,16.0
2024-12-26 14:30:00,15.1
2024-12-26 14:45:00,16.2
2024-12-26 15:00:00,16.0
2024-12-26 15:15:00,16.3
2024-12-26 15:30:00,16.3
2024-12-26 15:45:00,15.8
2024-12-26 16:00:00,16.1
2024-12-26 16:15:00,15.9
2024-12-26 16:30:00,16.1
2024-12-26 16:45:00,16.6
2024-12-26 17:00:00,15.9
2024-12-26 17:15:00,15.9
2024-12-26 17:30:00,16.7
2024-12-26 17:45:00,16.4
2024-12-26 18:00:00,16.6
2024-12-26 18:15:00,16.8
2024-12-26 18:30:00,16.6
2024-12-26 18:45:00,16.7
2024-12-26 19:00:00,16.9
2024-12-26 19:15:00,16.6
2024-12-26 19:30:00,18.864685856344636
2024-12-26 19:45:00,16.7
2024-12-26 20:00:00,16.6
2024-12-26 20:15:00,16.5
2024-12-26 20:30:00,16.7
2024-12-26 20:45:00,17.0
2024-12-26 21:00:00,17.1
2024-12-26 21:15:00,16.6
2024-12-26 21:30:00,16.7
2024-12-26 21:45:00,16.4
2024-12-26 22:00:00,16.5
2024-12-26 22:15:00,16.6
2024-12-26 22:30:00,16.3
2024-12-26 22:45:00,16.6
2024-12-26 23:00:00,16.2
2024-12-26 23:15:00,16.6
2024-12-26 23:30:00,16.5
2024-12-26 23:45:00,16.4
2024-12-27 00:00:00,17.0
2024-12-27 00:15:00,16.6
2024-12-27 00:30:00,17.3
2024-12-27 00:45:00,16.4
2024-12-27 01:00:00,16.5
2024-12-27 01:15:00,16.4
2024-12-27 01:30:00,16.3
2024-12-27 01:45:00,16.2
2024-12-27 02:00:00,16.7
2024-12-27 02:15:00,16.1
2024-12-27 02:30:00,16.7
2024-12-27 02:45:00,16.2
2024-12-27 03:00:00,16.5
2024-12-27 03:15:00,16.6
2024-12-27 03:30:00,16.1
2024-12-27 03:45:00,27.14325371236463
2024-12-27 04:00:00,27.043253712364628
2024-12-27 04:15:00,27.14325371236463
2024-12-27 04:30:00,16.0
2024-12-27 04:45:00,16.1
2024-12-27 05:00:00,
2024-12-27 05:15:00,16.4
2024-12-27 05:30:00,16.1
2024-12-27 05:45:00,15.9
2024-12-27 06:00:00,16.4
2024-12-27 06:15:00,15.9
2024-12-27 06:30:00,16.2
2024-12-27 06:45:00,16.0
2024-12-27 07:00:00,16.7
2024-12-27 07:15:00,16.1
2024-12-27 07:30:00,16.3
2024-12-27 07:45:00,16.3
2024-12-27 08:00:00,16.0
2024-12-27 08:15:00,15.9
2024-12-27 08:30:00,16.0
2024-12-27 08:45:00,15.8
2024-12-27 09:00:00,16.1
2024-12-27 09:15:00,16.1
2024-12-27 09:30:00,16.3
2024-12-27 09:45:00,16.3
2024-12-27 10:00:00,16.2
2024-12-27 10:15:00,16.2
2024-12-27 10:30:00,16.2
2024-12-27 10:45:00,15.7
2024-12-27 11:00:00,16.0
2024-12-27 11:15:00,16.3
2024-12-27 11:30:00,16.0
2024-12-27 11:45:00,16.1
2024-12-27 12:00:00,15.7
2024-12-27 12:15:00,16.4
2024-12-27 12:30:00,15.5
2024-12-27 12:45:00,15.8
2024-12-27 13:00:00,16.2
2024-12-27 13:15:00,15.5
2024-12-27 13:30:00,15.9
2024-12-27 13:45:00,16.1
2024-12-27 14:00:00,16.2
2024-12-27 14:15:00,15.8
2024-12-27 14:30:00,15.9
2024-12-27 14:45:00,15.9
2024-12-27 15:00:00,15.9
2024-12-27 15:15:00,15.6
2024-12-27 15:30:00,15.8
2024-12-27 15:45:00,15.8
2024-12-27 16:00:00,16.1
2024-12-27 16:15:00,15.7
2024-12-27 16:30:00,15.9
2024-12-27 16:45:00,15.6
2024-12-27 17:00:00,15.8
2024-12-27 17:15:00,15.4
2024-12-27 17:30:00,15.8
2024-12-27 17:45:00,15.7
2024-12-27 18:00:00,16.1
2024-12-27 18:15:00,19.5
2024-12-27 18:30:00,23.4
2024-12-27 18:45:00,24.7
2024-12-27 19:00:00,22.8
2024-12-27 19:15:00,21.2
2024-12-27 19:30:00,19.6
2024-12-27 19:45:00,18.6
2024-12-27 20:00:00,17.4
2024-12-27 20:15:00,17.1
2024-12-27 20:30:00,15.7
2024-12-27 20:45:00,16.0
2024-12-27 21:00:00,
2024-12-27 21:15:00,
2024-12-27 21:30:00,15.8
2024-12-27 21:45:00,15.6
2024-12-27 22:00:00,15.8
2024-12-27 22:15:00,15.8
2024-12-27 22:30:00,15.5
2024-12-27 22:45:00,15.9
2024-12-27 23:00:00,15.9
2024-12-27 23:15:00,15.6
2024-12-27 23:30:00,
2024-12-27 23:45:00,15.6
2024-12-28 00:00:00,15.6
2024-12-28 00:15:00,15.7
2024-12-28 00:30:00,15.6
2024-12-28 00:45:00,15.3
2024-12-28 01:00:00,15.3
2024-12-28 01:15:00,15.6
2024-12-28 01:30:00,15.7
2024-12-28 01:45:00,15.6
2024-12-28 02:00:00,15.6
2024-12-28 02:15:00,15.6
2024-12-28 02:30:00,15.7
2024-12-28 02:45:00,
2024-12-28 03:00:00,
2024-12-28 03:15:00,
2024-12-28 03:30:00,
2024-12-28 03:45:00,15.9
2024-12-28 04:00:00,15.4
2024-12-28 04:15:00,
2024-12-28 04:30:00,15.4
2024-12-28 04:45:00,15.5
2024-12-28 05:00:00,15.6
2024-12-28 05:15:00,15.5
2024-12-28 05:30:00,
2024-12-28 05:45:00,
2024-12-28 06:00:00,
2024-12-28 06:15:00,16.0
2024-12-28 06:30:00,15.5
2024-12-28 06:45:00,
2024-12-28 07:00:00,
2024-12-28 07:15:00,
2024-12-28 07:30:00,15.3
2024-12-28 07:45:00,15.6
2024-12-28 08:00:00,15.3
2024-12-28 08:15:00,15.6
2024-12-28 08:30:00,15.5
2024-12-28 08:45:00,15.3
2024-12-28 09:00:00,15.6
2024-12-28 09:15:00,15.6
2024-12-28 09:30:00,15.9
2024-12-28 09:45:00,15.1
2024-12-28 10:00:00,15.2
2024-12-28 10:15:00,15.4
2024-12-28 10:30:00,14.9
2024-12-28 10:45:00,15.9
2024-12-28 11:00:00,15.0
2024-12-28 11:15:00,11.766618452965854
2024-12-28 11:30:00,12.766618452965854
2024-12-28 11:45:00,15.2
2024-12-28 12:00:00,15.6
2024-12-28 12:15:00,15.4
2024-12-28 12:30:00,15.7
2024-12-28 12:45:00,14.9
2024-12-28 13:00:00,14.9
2024-12-28 13:15:00,18.40686942459872
2024-12-28 13:30:00,18.60686942459872
2024-12-28 13:45:00,15.4
2024-12-28 14:00:00,15.6
2024-12-28 14:15:00,15.6
2024-12-28 14:30:00,15.8
2024-12-28 14:45:00,16.0
2024-12-28 15:00:00,14.9
2024-12-28 15:15:00,16.2
2024-12-28 15:30:00,15.6
2024-12-28 15:45:00,15.6
2024-12-28 16:00:00,16.0
2024-12-28 16:15:00,26.173166269455052
2024-12-28 16:30:00,15.8
2024-12-28 16:45:00,15.8
2024-12-28 17:00:00,15.7
2024-12-28 17:15:00,16.5
2024-12-28 17:30:00,15.7
2024-12-28 17:45:00,16.2
2024-12-28 18:00:00,16.2
2024-12-28 18:15:00,16.5
2024-12-28 18:30:00,16.1
2024-12-28 18:45:00,16.3
2024-12-28 19:00:00,16.3
2024-12-28 19:15:00,16.3
2024-12-28 19:30:00,16.6
2024-12-28 19:45:00,15.4
2024-12-28 20:00:00,16.7
2024-12-28 20:15:00,16.6
2024-12-28 20:30:00,17.1
2024-12-28 20:45:00,17.0
2024-12-28 21:00:00,16.8
2024-12-28 21:15:00,16.4
2024-12-28 21:30:00,16.9
2024-12-28 21:45:00,17.2
2024-12-28 22:00:00,17.7
2024-12-28 22:15:00,17.5
2024-12-28 22:30:00,17.9
2024-12-28 22:45:00,17.3
2024-12-28 23:00:00,18.3
2024-12-28 23:15:00,17.7
2024-12-28 23:30:00,18.8
2024-12-28 23:45:00,17.8
2024-12-29 00:00:00,
2024-12-29 00:15:00,18.2
2024-12-29 00:30:00,18.3
2024-12-29 00:45:00,18.5
2024-12-29 01:00:00,18.3
2024-12-29 01:15:00,18.4
2024-12-29 01:30:00,18.5
2024-12-29 01:45:00,18.5
2024-12-29 02:00:00,21.45188909992466
2024-12-29 02:15:00,21.25188909992466
2024-12-29 02:30:00,18.5
2024-12-29 02:45:00,18.4
2024-12-29 03:00:00,18.9
2024-12-29 03:15:00,19.6
2024-12-29 03:30:00,19.0
2024-12-29 03:45:00,18.7
2024-12-29 04:00:00,18.9
2024-12-29 04:15:00,18.7
2024-12-29 04:30:00,19.0
2024-12-29 04:45:00,19.5
2024-12-29 05:00:00,19.1
2024-12-29 05:15:00,19.1
2024-12-29 05:30:00,19.5
2024-12-29 05:45:00,18.5
2024-12-29 06:00:00,19.0
2024-12-29 06:15:00,18.3
2024-12-29 06:30:00,19.1
2024-12-29 06:45:00,19.0
2024-12-29 07:00:00,18.9
2024-12-29 07:15:00,19.7
2024-12-29 07:30:00,18.8
2024-12-29 07:45:00,18.9
2024-12-29 08:00:00,19.0
2024-12-29 08:15:00,18.9
2024-12-29 08:30:00,19.1
2024-12-29 08:45:00,
2024-12-29 09:00:00,
2024-12-29 09:15:00,
2024-12-29 09:30:00,
2024-12-29 09:45:00,
2024-12-29 10:00:00,
2024-12-29 10:15:00,
2024-12-29 10:30:00,
2024-12-29 10:45:00,
2024-12-29 11:00:00,
2024-12-29 11:15:00,
2024-12-29 11:30:00,
2024-12-29 11:45:00,
2024-12-29 12:00:00,
2024-12-29 12:15:00,18.5
2024-12-29 12:30:00,18.6
2024-12-29 12:45:00,18.0
2024-12-29 13:00:00,18.1
2024-12-29 13:15:00,18.4
2024-12-29 13:30:00,18.1
2024-12-29 13:45:00,18.2
2024-12-29 14:00:00,22.56590450540667
2024-12-29 14:15:00,22.46590450540667
2024-12-29 14:30:00,22.46590450540667
2024-12-29 14:45:00,17.7
2024-12-29 15:00:00,18.1
2024-12-29 15:15:00,17.9
2024-12-29 15:30:00,18.2
2024-12-29 15:45:00,17.8
2024-12-29 16:00:00,17.7
2024-12-29 16:15:00,17.5
2024-12-29 16:30:00,17.4
2024-12-29 16:45:00,17.3
2024-12-29 17:00:00,17.6
2024-12-29 17:15:00,17.3
2024-12-29 17:30:00,
2024-12-29 17:45:00,
2024-12-29 18:00:00,
2024-12-29 18:15:00,
2024-12-29 18:30:00,
2024-12-29 18:45:00,
2024-12-29 19:00:00,
2024-12-29 19:15:00,
2024-12-29 19:30:00,
2024-12-29 19:45:00,
2024-12-29 20:00:00,
2024-12-29 20:15:00,
2024-12-29 20:30:00,
2024-12-29 20:45:00,
2024-12-29 21:00:00,
2024-12-29 21:15:00,
2024-12-29 21:30:00,
2024-12-29 21:45:00,16.5
2024-12-29 22:00:00,16.9
2024-12-29 22:15:00,17.2
2024-12-29 22:30:00,16.9
2024-12-29 22:45:00,17.0
2024-12-29 23:00:00,17.0
2024-12-29 23:15:00,
2024-12-29 23:30:00,17.1
2024-12-29 23:45:00,16.9
2024-12-30 00:00:00,16.9
2024-12-30 00:15:00,
2024-12-30 00:30:00,17.0
2024-12-30 00:45:00,16.9
2024-12-30 01:00:00,16.9
2024-12-30 01:15:00,17.3
2024-12-30 01:30:00,17.0
2024-12-30 01:45:00,16.6
2024-12-30 02:00:00,16.4
2024-12-30 02:15:00,17.2
2024-12-30 02:30:00,17.0
2024-12-30 02:45:00,17.0
2024-12-30 03:00:00,17.4
2024-12-30 03:15:00,16.7
2024-12-30 03:30:00,16.9
2024-12-30 03:45:00,16.6
2024-12-30 04:00:00,16.9
2024-12-30 04:15:00,29.742127314253658
2024-12-30 04:30:00,17.1
2024-12-30 04:45:00,17.1
2024-12-30 05:00:00,17.2
2024-12-30 05:15:00,16.9
2024-12-30 05:30:00,
2024-12-30 05:45:00,
2024-12-30 06:00:00,17.3
2024-12-30 06:15:00,16.6
2024-12-30 06:30:00,17.3
2024-12-30 06:45:00,17.2
2024-12-30 07:00:00,17.3
2024-12-30 07:15:00,17.0
2024-12-30 07:30:00,17.5
2024-12-30 07:45:00,17.4
2024-12-30 08:00:00,16.9
2024-12-30 08:15:00,17.4
2024-12-30 08:30:00,17.6
2024-12-30 08:45:00,17.6
2024-12-30 09:00:00,17.6
2024-12-30 09:15:00,17.6
2024-12-30 09:30:00,
2024-12-30 09:45:00,
2024-12-30 10:00:00,17.6
2024-12-30 10:15:00,17.6
2024-12-30 10:30:00,17.6
2024-12-30 10:45:00,17.6
2024-12-30 11:00:00,17.6
2024-12-30 11:15:00,17.6
2024-12-30 11:30:00,17.6
2024-12-30 11:45:00,17.6
2024-12-30 12:00:00,
2024-12-30 12:15:00,17.6
2024-12-30 12:30:00,17.6
2024-12-30 12:45:00,17.6
2024-12-30 13:00:00,17.6
2024-12-30 13:15:00,17.6
2024-12-30 13:30:00,17.6
2024-12-30 13:45:00,17.9
2024-12-30 14:00:00,17.8
2024-12-30 14:15:00,18.0
2024-12-30 14:30:00,17.7
2024-12-30 14:45:00,18.0
2024-12-30 15:00:00,17.8
2024-12-30 15:15:00,23.089420436628608
2024-12-30 15:30:00,18.0
2024-12-30 15:45:00,17.5
2024-12-30 16:00:00,18.0
2024-12-30 16:15:00,17.5
2024-12-30 16:30:00,
2024-12-30 16:45:00,18.0
2024-12-30 17:00:00,18.1
2024-12-30 17:15:00,18.0
2024-12-30 17:30:00,17.6
2024-12-30 17:45:00,17.9
2024-12-30 18:00:00,
2024-12-30 18:15:00,17.3
2024-12-30 18:30:00,17.8
2024-12-30 18:45:00,17.8
2024-12-30 19:00:00,18.4
2024-12-30 19:15:00,18.2
2024-12-30 19:30:00,18.2
2024-12-30 19:45:00,18.2
2024-12-30 20:00:00,
2024-12-30 20:15:00,
2024-12-30 20:30:00,
2024-12-30 20:45:00,
2024-12-30 21:00:00,
2024-12-30 21:15:00,
2024-12-30 21:30:00,
2024-12-30 21:45:00,
2024-12-30 22:00:00,
2024-12-30 22:15:00,
2024-12-30 22:30:00,
2024-12-30 22:45:00,
2024-12-30 23:00:00,
2024-12-30 23:15:00,
2024-12-30 23:30:00,
2024-12-30 23:45:00,
2024-12-31 00:00:00,
2024-12-31 00:15:00,
2024-12-31 00:30:00,
2024-12-31 00:45:00,
2024-12-31 01:00:00,21.3
2024-12-31 01:15:00,20.6
2024-12-31 01:30:00,20.1
2024-12-31 01:45:00,20.0
2024-12-31 02:00:00,18.3
2024-12-31 02:15:00,20.4
2024-12-31 02:30:00,19.2
2024-12-31 02:45:00,18.9
2024-12-31 03:00:00,
2024-12-31 03:15:00,19.3
2024-12-31 03:30:00,19.5
2024-12-31 03:45:00,19.5
2024-12-31 04:00:00,19.7
2024-12-31 04:15:00,19.5
2024-12-31 04:30:00,19.0
2024-12-31 04:45:00,18.9
2024-12-31 05:00:00,18.8
2024-12-31 05:15:00,19.0
2024-12-31 05:30:00,19.1
2024-12-31 05:45:00,17.8
2024-12-31 06:00:00,18.7
2024-12-31 06:15:00,18.9
2024-12-31 06:30:00,19.3
2024-12-31 06:45:00,18.9
2024-12-31 07:00:00,19.2
2024-12-31 07:15:00,
2024-12-31 07:30:00,19.4
2024-12-31 07:45:00,39.276735118590835
2024-12-31 08:00:00,39.47673511859084
2024-12-31 08:15:00,20.6
2024-12-31 08:30:00,21.4
2024-12-31 08:45:00,20.1
2024-12-31 09:00:00,20.7
2024-12-31 09:15:00,20.8
2024-12-31 09:30:00,21.5
2024-12-31 09:45:00,22.2
2024-12-31 10:00:00,22.3
2024-12-31 10:15:00,23.5
2024-12-31 10:30:00,24.3
2024-12-31 10:45:00,24.6
2024-12-31 11:00:00,25.7
2024-12-31 11:15:00,27.4
2024-12-31 11:30:00,28.4
2024-12-31 11:45:00,30.4
2024-12-31 12:00:00,30.3
2024-12-31 12:15:00,30.6
2024-12-31 12:30:00,31.4
2024-12-31 12:45:00,31.7
2024-12-31 13:00:00,32.0
2024-12-31 13:15:00,31.8
2024-12-31 13:30:00,32.0
2024-12-31 13:45:00,32.0
2024-12-31 14:00:00,30.7
2024-12-31 14:15:00,31.8
2024-12-31 14:30:00,31.4
2024-12-31 14:45:00,32.4
2024-12-31 15:00:00,32.1
2024-12-31 15:15:00,32.9
2024-12-31 15:30:00,31.7
2024-12-31 15:45:00,31.6
2024-12-31 16:00:00,30.2
2024-12-31 16:15:00,
2024-12-31 16:30:00,
2024-12-31 16:45:00,
2024-12-31 17:00:00,
2024-12-31 17:15:00,
2024-12-31 17:30:00,
2024-12-31 17:45:00,
2024-12-31 18:00:00,
2024-12-31 18:15:00,
2024-12-31 18:30:00,
2024-12-31 18:45:00,26.1
2024-12-31 19:00:00,24.7
2024-12-31 19:15:00,24.2
2024-12-31 19:30:00,24.5
2024-12-31 19:45:00,24.9
2024-12-31 20:00:00,23.4
2024-12-31 20:15:00,24.2
2024-12-31 20:30:00,22.9
2024-12-31 20:45:00,24.1
2024-12-31 21:00:00,23.6
2024-12-31 21:15:00,23.3
2024-12-31 21:30:00,23.7
2024-12-31 21:45:00,23.5
2024-12-31 22:00:00,24.4
2024-12-31 22:15:00,23.1
2024-12-31 22:30:00,23.5
2024-12-31 22:45:00,22.8
2024-12-31 23:00:00,23.1
2024-12-31 23:15:00,23.1
2024-12-31 23:30:00,
2024-12-31 23:45:00,22.7
2025-01-01 00:00:00,22.9
2025-01-01 00:15:00,22.7
2025-01-01 00:30:00,22.7
2025-01-01 00:45:00,22.9
2025-01-01 01:00:00,
2025-01-01 01:15:00,23.1
2025-01-01 01:30:00,22.5
2025-01-01 01:45:00,22.0
2025-01-01 02:00:00,22.4
2025-01-01 02:15:00,23.5
2025-01-01 02:30:00,22.5
2025-01-01 02:45:00,22.6
2025-01-01 03:00:00,22.2
2025-01-01 03:15:00,22.2
2025-01-01 03:30:00,22.2
2025-01-01 03:45:00,21.0
2025-01-01 04:00:00,
2025-01-01 04:15:00,21.4
2025-01-01 04:30:00,21.6
2025-01-01 04:45:00,22.1
2025-01-01 05:00:00,21.0
2025-01-01 05:15:00,21.5
2025-01-01 05:30:00,21.9
2025-01-01 05:45:00,21.4
2025-01-01 06:00:00,21.0
2025-01-01 06:15:00,21.0
2025-01-01 06:30:00,21.4
2025-01-01 06:45:00,21.4
2025-01-01 07:00:00,21.4
2025-01-01 07:15:00,21.2
2025-01-01 07:30:00,21.3
2025-01-01 07:45:00,21.3
2025-01-01 08:00:00,20.8
2025-01-01 08:15:00,21.2
2025-01-01 08:30:00,20.9
2025-01-01 08:45:00,20.7
2025-01-01 09:00:00,20.7
2025-01-01 09:15:00,21.1
2025-01-01 09:30:00,20.5
2025-01-01 09:45:00,20.6
2025-01-01 10:00:00,20.8
2025-01-01 10:15:00,20.7
2025-01-01 10:30:00,20.4
2025-01-01 10:45:00,20.7
2025-01-01 11:00:00,19.9
2025-01-01 11:15:00,19.8
2025-01-01 11:30:00,20.2
2025-01-01 11:45:00,19.9
2025-01-01 12:00:00,20.0
2025-01-01 12:15:00,20.0
2025-01-01 12:30:00,19.9
2025-01-01 12:45:00,20.1
2025-01-01 13:00:00,20.1
2025-01-01 13:15:00,19.4
2025-01-01 13:30:00,
2025-01-01 13:45:00,19.7
2025-01-01 14:00:00,20.2
2025-01-01 14:15:00,19.0
2025-01-01 14:30:00,20.0
2025-01-01 14:45:00,19.9
2025-01-01 15:00:00,20.0
2025-01-01 15:15:00,19.7
2025-01-01 15:30:00,20.0
2025-01-01 15:45:00,19.5
2025-01-01 16:00:00,32.521775657773226
2025-01-01 16:15:00,32.021775657773226
2025-01-01 16:30:00,20.0
2025-01-01 16:45:00,19.6
2025-01-01 17:00:00,19.5
2025-01-01 17:15:00,19.8
2025-01-01 17:30:00,19.9
2025-01-01 17:45:00,19.6
2025-01-01 18:00:00,19.4
2025-01-01 18:15:00,19.8
2025-01-01 18:30:00,19.7
2025-01-01 18:45:00,20.1
2025-01-01 19:00:00,19.4
2025-01-01 19:15:00,19.5
2025-01-01 19:30:00,19.3
2025-01-01 19:45:00,19.4
2025-01-01 20:00:00,19.6
2025-01-01 20:15:00,18.8
2025-01-01 20:30:00,
2025-01-01 20:45:00,19.5
2025-01-01 21:00:00,19.6
2025-01-01 21:15:00,19.9
2025-01-01 21:30:00,19.2
2025-01-01 21:45:00,19.5
2025-01-01 22:00:00,19.5
2025-01-01 22:15:00,19.5
2025-01-01 22:30:00,19.3
2025-01-01 22:45:00,19.5
2025-01-01 23:00:00,
2025-01-01 23:15:00,
2025-01-01 23:30:00,
2025-01-01 23:45:00,
2025-01-02 00:00:00,
2025-01-02 00:15:00,
2025-01-02 00:30:00,
2025-01-02 00:45:00,
2025-01-02 01:00:00,
2025-01-02 01:15:00,
2025-01-02 01:30:00,
2025-01-02 01:45:00,20.1
2025-01-02 02:00:00,20.2
2025-01-02 02:15:00,
2025-01-02 02:30:00,20.4
2025-01-02 02:45:00,
2025-01-02 03:00:00,20.3
2025-01-02 03:15:00,20.4
2025-01-02 03:30:00,20.0
2025-01-02 03:45:00,20.3
2025-01-02 04:00:00,20.1
2025-01-02 04:15:00,20.0
2025-01-02 04:30:00,20.4
2025-01-02 04:45:00,20.4
2025-01-02 05:00:00,20.7
2025-01-02 05:15:00,20.2
2025-01-02 05:30:00,20.3
2025-01-02 05:45:00,20.8
2025-01-02 06:00:00,20.3
2025-01-02 06:15:00,
2025-01-02 06:30:00,20.0
2025-01-02 06:45:00,
2025-01-02 07:00:00,20.1
2025-01-02 07:15:00,19.9
2025-01-02 07:30:00,20.5
2025-01-02 07:45:00,20.3
2025-01-02 08:00:00,20.1
2025-01-02 08:15:00,20.5
2025-01-02 08:30:00,20.2
2025-01-02 08:45:00,19.9
2025-01-02 09:00:00,20.4
2025-01-02 09:15:00,19.9
2025-01-02 09:30:00,20.0
2025-01-02 09:45:00,
2025-01-02 10:00:00,20.0
2025-01-02 10:15:00,19.7
2025-01-02 10:30:00,20.5
2025-01-02 10:45:00,19.8
2025-01-02 11:00:00,19.5
2025-01-02 11:15:00,19.9
2025-01-02 11:30:00,19.7
2025-01-02 11:45:00,20.0
2025-01-02 12:00:00,19.8
2025-01-02 12:15:00,20.2
2025-01-02 12:30:00,
2025-01-02 12:45:00,20.2
2025-01-02 13:00:00,19.8
2025-01-02 13:15:00,19.9
2025-01-02 13:30:00,20.0
2025-01-02 13:45:00,19.9
2025-01-02 14:00:00,19.8
2025-01-02 14:15:00,20.1
2025-01-02 14:30:00,
2025-01-02 14:45:00,19.8
2025-01-02 15:00:00,19.6
2025-01-02 15:15:00,19.5
2025-01-02 15:30:00,19.6
2025-01-02 15:45:00,19.9
2025-01-02 16:00:00,19.2
2025-01-02 16:15:00,19.7
2025-01-02 16:30:00,
2025-01-02 16:45:00,19.4
2025-01-02 17:00:00,19.4
2025-01-02 17:15:00,20.0
2025-01-02 17:30:00,19.4
2025-01-02 17:45:00,19.2
2025-01-02 18:00:00,20.1
2025-01-02 18:15:00,19.4
2025-01-02 18:30:00,19.5
2025-01-02 18:45:00,19.5
2025-01-02 19:00:00,19.6
2025-01-02 19:15:00,
2025-01-02 19:30:00,19.8
2025-01-02 19:45:00,13.998554931344696
2025-01-02 20:00:00,14.198554931344695
2025-01-02 20:15:00,20.1
2025-01-02 20:30:00,19.9
2025-01-02 20:45:00,19.9
2025-01-02 21:00:00,20.5
2025-01-02 21:15:00,21.0
2025-01-02 21:30:00,20.4
2025-01-02 21:45:00,20.2
2025-01-02 22:00:00,20.7
2025-01-02 22:15:00,20.2
2025-01-02 22:30:00,20.5
2025-01-02 22:45:00,20.8
2025-01-02 23:00:00,20.5
2025-01-02 23:15:00,20.3
2025-01-02 23:30:00,21.1
2025-01-02 23:45:00,21.5
2025-01-03 00:00:00,20.5
2025-01-03 00:15:00,20.5
2025-01-03 00:30:00,20.5
2025-01-03 00:45:00,20.5
2025-01-03 01:00:00,20.5
2025-01-03 01:15:00,20.5
2025-01-03 01:30:00,20.5
2025-01-03 01:45:00,20.5
2025-01-03 02:00:00,20.5
2025-01-03 02:15:00,20.5
2025-01-03 02:30:00,20.5
2025-01-03 02:45:00,20.5
2025-01-03 03:00:00,20.5
2025-01-03 03:15:00,20.5
2025-01-03 03:30:00,20.5
2025-01-03 03:45:00,20.5
2025-01-03 04:00:00,20.5
2025-01-03 04:15:00,20.5
2025-01-03 04:30:00,20.5
2025-01-03 04:45:00,20.5
2025-01-03 05:00:00,20.5
2025-01-03 05:15:00,20.5
2025-01-03 05:30:00,20.5
2025-01-03 05:45:00,20.5
2025-01-03 06:00:00,20.5
2025-01-03 06:15:00,20.5
2025-01-03 06:30:00,20.5
2025-01-03 06:45:00,20.5
2025-01-03 07:00:00,20.5
2025-01-03 07:15:00,20.5
2025-01-03 07:30:00,20.5
2025-01-03 07:45:00,20.5
2025-01-03 08:00:00,20.5
2025-01-03 08:15:00,20.5
2025-01-03 08:30:00,20.5
2025-01-03 08:45:00,19.6
2025-01-03 09:00:00,19.3
2025-01-03 09:15:00,18.9
2025-01-03 09:30:00,19.0
2025-01-03 09:45:00,19.0
2025-01-03 10:00:00,19.1
2025-01-03 10:15:00,18.7
2025-01-03 10:30:00,19.8
2025-01-03 10:45:00,19.9
2025-01-03 11:00:00,19.1
2025-01-03 11:15:00,18.8
2025-01-03 11:30:00,19.2
2025-01-03 11:45:00,18.4
2025-01-03 12:00:00,19.0
2025-01-03 12:15:00,18.6
2025-01-03 12:30:00,19.0
2025-01-03 12:45:00,18.1
2025-01-03 13:00:00,18.2
2025-01-03 13:15:00,18.4
2025-01-03 13:30:00,18.6
2025-01-03 13:45:00,18.2
2025-01-03 14:00:00,18.4
2025-01-03 14:15:00,18.6
2025-01-03 14:30:00,
2025-01-03 14:45:00,18.7
2025-01-03 15:00:00,18.5
2025-01-03 15:15:00,18.4
2025-01-03 15:30:00,18.6
2025-01-03 15:45:00,18.8
2025-01-03 16:00:00,18.4
2025-01-03 16:15:00,18.5
2025-01-03 16:30:00,19.4
2025-01-03 16:45:00,19.1
2025-01-03 17:00:00,18.6
2025-01-03 17:15:00,18.6
2025-01-03 17:30:00,18.5
2025-01-03 17:45:00,19.0
2025-01-03 18:00:00,19.6
2025-01-03 18:15:00,19.1
2025-01-03 18:30:00,18.8
2025-01-03 18:45:00,18.6
2025-01-03 19:00:00,19.1
2025-01-03 19:15:00,
2025-01-03 19:30:00,19.1
2025-01-03 19:45:00,19.1
2025-01-03 20:00:00,19.0
2025-01-03 20:15:00,19.2
2025-01-03 20:30:00,
2025-01-03 20:45:00,19.2
2025-01-03 21:00:00,19.2
2025-01-03 21:15:00,19.2
2025-01-03 21:30:00,19.2
2025-01-03 21:45:00,
2025-01-03 22:00:00,
2025-01-03 22:15:00,19.2
2025-01-03 22:30:00,19.2
2025-01-03 22:45:00,19.2
2025-01-03 23:00:00,19.2
2025-01-03 23:15:00,19.2
2025-01-03 23:30:00,19.2
2025-01-03 23:45:00,19.2
2025-01-04 00:00:00,19.2
2025-01-04 00:15:00,19.2
2025-01-04 00:30:00,19.2
2025-01-04 00:45:00,
2025-01-04 01:00:00,19.2
2025-01-04 01:15:00,19.2
2025-01-04 01:30:00,19.2
2025-01-04 01:45:00,18.6
2025-01-04 02:00:00,18.8
2025-01-04 02:15:00,18.8
2025-01-04 02:30:00,18.6
2025-01-04 02:45:00,18.7
2025-01-04 03:00:00,18.8
2025-01-04 03:15:00,18.9
2025-01-04 03:30:00,18.5
2025-01-04 03:45:00,18.7
2025-01-04 04:00:00,18.8
2025-01-04 04:15:00,18.5
2025-01-04 04:30:00,18.7
2025-01-04 04:45:00,18.3
2025-01-04 05:00:00,
2025-01-04 05:15:00,
2025-01-04 05:30:00,18.3
2025-01-04 05:45:00,18.3
2025-01-04 06:00:00,18.3
2025-01-04 06:15:00,18.1
2025-01-04 06:30:00,
2025-01-04 06:45:00,18.3
2025-01-04 07:00:00,18.4
2025-01-04 07:15:00,
2025-01-04 07:30:00,18.1
2025-01-04 07:45:00,18.1
2025-01-04 08:00:00,17.7
2025-01-04 08:15:00,17.8
2025-01-04 08:30:00,17.9
2025-01-04 08:45:00,17.8
2025-01-04 09:00:00,17.6
2025-01-04 09:15:00,17.9
2025-01-04 09:30:00,17.7
2025-01-04 09:45:00,17.5
2025-01-04 10:00:00,17.6
2025-01-04 10:15:00,17.5
2025-01-04 10:30:00,17.4
2025-01-04 10:45:00,
2025-01-04 11:00:00,20.498374473346082
2025-01-04 11:15:00,20.098374473346084
2025-01-04 11:30:00,20.498374473346082
2025-01-04 11:45:00,17.5
2025-01-04 12:00:00,17.2
2025-01-04 12:15:00,
2025-01-04 12:30:00,17.2
2025-01-04 12:45:00,17.1
2025-01-04 13:00:00,22.384810336768364
2025-01-04 13:15:00,17.4
2025-01-04 13:30:00,16.9
2025-01-04 13:45:00,17.1
2025-01-04 14:00:00,17.1
2025-01-04 14:15:00,16.9
2025-01-04 14:30:00,
2025-01-04 14:45:00,17.2
2025-01-04 15:00:00,17.4
2025-01-04 15:15:00,17.2
2025-01-04 15:30:00,17.0
2025-01-04 15:45:00,17.2
2025-01-04 16:00:00,17.2
2025-01-04 16:15:00,17.2
2025-01-04 16:30:00,17.2
2025-01-04 16:45:00,17.2
2025-01-04 17:00:00,17.2
2025-01-04 17:15:00,17.2
2025-01-04 17:30:00,17.2
2025-01-04 17:45:00,17.2
2025-01-04 18:00:00,17.2
2025-01-04 18:15:00,17.2
2025-01-04 18:30:00,17.2
2025-01-04 18:45:00,17.2
2025-01-04 19:00:00,17.2
2025-01-04 19:15:00,
2025-01-04 19:30:00,
2025-01-04 19:45:00,17.2
2025-01-04 20:00:00,17.2
2025-01-04 20:15:00,17.2
2025-01-04 20:30:00,17.2
2025-01-04 20:45:00,
2025-01-04 21:00:00,17.2
2025-01-04 21:15:00,17.2
2025-01-04 21:30:00,17.2
2025-01-04 21:45:00,17.2
2025-01-04 22:00:00,17.2
2025-01-04 22:15:00,17.2
2025-01-04 22:30:00,17.2
2025-01-04 22:45:00,17.2
2025-01-04 23:00:00,
2025-01-04 23:15:00,17.2
2025-01-04 23:30:00,17.2
2025-01-04 23:45:00,17.2
2025-01-05 00:00:00,17.2
2025-01-05 00:15:00,17.2
2025-01-05 00:30:00,17.2
2025-01-05 00:45:00,17.0
2025-01-05 01:00:00,
2025-01-05 01:15:00,
2025-01-05 01:30:00,16.8
2025-01-05 01:45:00,17.1
2025-01-05 02:00:00,17.0
2025-01-05 02:15:00,16.9
2025-01-05 02:30:00,16.8
2025-01-05 02:45:00,16.7
2025-01-05 03:00:00,17.5
2025-01-05 03:15:00,17.2
2025-01-05 03:30:00,16.9
2025-01-05 03:45:00,16.8
2025-01-05 04:00:00,17.0
2025-01-05 04:15:00,16.9
2025-01-05 04:30:00,16.3
2025-01-05 04:45:00,16.7
2025-01-05 05:00:00,16.9
2025-01-05 05:15:00,17.0
2025-01-05 05:30:00,16.4
2025-01-05 05:45:00,16.7
2025-01-05 06:00:00,16.6
2025-01-05 06:15:00,16.4
2025-01-05 06:30:00,16.6
2025-01-05 06:45:00,16.8
2025-01-05 07:00:00,16.6
2025-01-05 07:15:00,16.8
2025-01-05 07:30:00,16.5
2025-01-05 07:45:00,16.9
2025-01-05 08:00:00,16.8
2025-01-05 08:15:00,16.8
2025-01-05 08:30:00,16.8
2025-01-05 08:45:00,16.6
2025-01-05 09:00:00,16.8
2025-01-05 09:15:00,16.6
2025-01-05 09:30:00,16.8
2025-01-05 09:45:00,16.2
2025-01-05 10:00:00,16.6
2025-01-05 10:15:00,16.7
2025-01-05 10:30:00,16.8
2025-01-05 10:45:00,16.8
2025-01-05 11:00:00,17.3
2025-01-05 11:15:00,17.3
2025-01-05 11:30:00,17.5
2025-01-05 11:45:00,
2025-01-05 12:00:00,16.5
2025-01-05 12:15:00,17.3
2025-01-05 12:30:00,17.2
2025-01-05 12:45:00,17.1
2025-01-05 13:00:00,17.5
2025-01-05 13:15:00,17.1
2025-01-05 13:30:00,16.9
2025-01-05 13:45:00,16.8
2025-01-05 14:00:00,16.7
2025-01-05 14:15:00,17.1
2025-01-05 14:30:00,16.8
2025-01-05 14:45:00,16.9
2025-01-05 15:00:00,16.9
2025-01-05 15:15:00,16.6
2025-01-05 15:30:00,17.0
2025-01-05 15:45:00,16.7
2025-01-05 16:00:00,16.4
2025-01-05 16:15:00,16.2
2025-01-05 16:30:00,16.3
2025-01-05 16:45:00,16.6
2025-01-05 17:00:00,16.5
2025-01-05 17:15:00,
2025-01-05 17:30:00,16.6
2025-01-05 17:45:00,16.8
2025-01-05 18:00:00,
2025-01-05 18:15:00,16.6
2025-01-05 18:30:00,16.8
2025-01-05 18:45:00,16.8
2025-01-05 19:00:00,16.7
2025-01-05 19:15:00,16.7
2025-01-05 19:30:00,16.7
2025-01-05 19:45:00,16.5
2025-01-05 20:00:00,16.5
2025-01-05 20:15:00,16.9
2025-01-05 20:30:00,16.4
2025-01-05 20:45:00,16.5
2025-01-05 21:00:00,16.6
2025-01-05 21:15:00,16.7
2025-01-05 21:30:00,16.5
2025-01-05 21:45:00,16.4
2025-01-05 22:00:00,16.7
2025-01-05 22:15:00,16.6
2025-01-05 22:30:00,16.6
2025-01-05 22:45:00,16.7
2025-01-05 23:00:00,16.6
2025-01-05 23:15:00,16.5
2025-01-05 23:30:00,16.6
2025-01-05 23:45:00,16.5
2025-01-06 00:00:00,16.4
2025-01-06 00:15:00,16.6
2025-01-06 00:30:00,16.6
2025-01-06 00:45:00,16.3
2025-01-06 01:00:00,16.2
2025-01-06 01:15:00,15.3
2025-01-06 01:30:00,14.4
2025-01-06 01:45:00,15.1
2025-01-06 02:00:00,14.8
2025-01-06 02:15:00,14.8
2025-01-06 02:30:00,14.7
2025-01-06 02:45:00,14.3
2025-01-06 03:00:00,14.8
2025-01-06 03:15:00,14.2
2025-01-06 03:30:00,15.3
2025-01-06 03:45:00,14.7
2025-01-06 04:00:00,14.5
2025-01-06 04:15:00,14.5
2025-01-06 04:30:00,
2025-01-06 04:45:00,13.9
2025-01-06 05:00:00,12.9
2025-01-06 05:15:00,13.6
2025-01-06 05:30:00,13.0
2025-01-06 05:45:00,12.6
2025-01-06 06:00:00,13.7
2025-01-06 06:15:00,13.9
2025-01-06 06:30:00,12.6
2025-01-06 06:45:00,13.1
2025-01-06 07:00:00,12.3
2025-01-06 07:15:00,14.3
2025-01-06 07:30:00,12.8
2025-01-06 07:45:00,14.0
2025-01-06 08:00:00,12.1
2025-01-06 08:15:00,11.6
2025-01-06 08:30:00,11.5
2025-01-06 08:45:00,12.3
2025-01-06 09:00:00,12.1
2025-01-06 09:15:00,11.9
2025-01-06 09:30:00,12.4
2025-01-06 09:45:00,12.9
2025-01-06 10:00:00,12.8
2025-01-06 10:15:00,12.4
2025-01-06 10:30:00,15.376167918595963
2025-01-06 10:45:00,12.5
2025-01-06 11:00:00,13.2
2025-01-06 11:15:00,
2025-01-06 11:30:00,
2025-01-06 11:45:00,13.0
2025-01-06 12:00:00,13.4
2025-01-06 12:15:00,13.6
2025-01-06 12:30:00,13.4
2025-01-06 12:45:00,13.3
2025-01-06 13:00:00,13.2
2025-01-06 13:15:00,13.3
2025-01-06 13:30:00,12.9
2025-01-06 13:45:00,12.3
2025-01-06 14:00:00,12.4
2025-01-06 14:15:00,13.6
2025-01-06 14:30:00,12.8
2025-01-06 14:45:00,12.4
2025-01-06 15:00:00,12.6
2025-01-06 15:15:00,12.7
2025-01-06 15:30:00,
2025-01-06 15:45:00,12.8
2025-01-06 16:00:00,12.8
2025-01-06 16:15:00,
2025-01-06 16:30:00,11.6
2025-01-06 16:45:00,12.4
2025-01-06 17:00:00,13.0
2025-01-06 17:15:00,12.2
2025-01-06 17:30:00,12.8
2025-01-06 17:45:00,11.9
2025-01-06 18:00:00,12.4
2025-01-06 18:15:00,13.2
2025-01-06 18:30:00,12.5
2025-01-06 18:45:00,13.1
2025-01-06 19:00:00,13.5
2025-01-06 19:15:00,13.8
2025-01-06 19:30:00,13.5
2025-01-06 19:45:00,14.0
2025-01-06 20:00:00,14.1
2025-01-06 20:15:00,14.0
2025-01-06 20:30:00,15.1
2025-01-06 20:45:00,14.8
2025-01-06 21:00:00,15.8
2025-01-06 21:15:00,13.7
2025-01-06 21:30:00,14.2
2025-01-06 21:45:00,12.5
2025-01-06 22:00:00,11.7
2025-01-06 22:15:00,12.9
2025-01-06 22:30:00,11.9
2025-01-06 22:45:00,14.0
2025-01-06 23:00:00,14.1
2025-01-06 23:15:00,14.5
2025-01-06 23:30:00,14.1
2025-01-06 23:45:00,13.0
2025-01-07 00:00:00,13.6
2025-01-07 00:15:00,11.8
2025-01-07 00:30:00,13.1
2025-01-07 00:45:00,12.6
2025-01-07 01:00:00,11.9
2025-01-07 01:15:00,12.9
2025-01-07 01:30:00,12.2
2025-01-07 01:45:00,12.9
2025-01-07 02:00:00,23.37898212739411
2025-01-07 02:15:00,24.578982127394113
2025-01-07 02:30:00,12.3
2025-01-07 02:45:00,12.0
2025-01-07 03:00:00,12.0
2025-01-07 03:15:00,
2025-01-07 03:30:00,11.2
2025-01-07 03:45:00,10.8
2025-01-07 04:00:00,11.1
2025-01-07 04:15:00,10.5
2025-01-07 04:30:00,10.4
2025-01-07 04:45:00,10.1
2025-01-07 05:00:00,9.1
2025-01-07 05:15:00,11.6
2025-01-07 05:30:00,
2025-01-07 05:45:00,
2025-01-07 06:00:00,
2025-01-07 06:15:00,
2025-01-07 06:30:00,
2025-01-07 06:45:00,
2025-01-07 07:00:00,
2025-01-07 07:15:00,
2025-01-07 07:30:00,
2025-01-07 07:45:00,
2025-01-07 08:00:00,
2025-01-07 08:15:00,
2025-01-07 08:30:00,
2025-01-07 08:45:00,
2025-01-07 09:00:00,7.0
2025-01-07 09:15:00,6.7
2025-01-07 09:30:00,7.7
2025-01-07 09:45:00,7.0
2025-01-07 10:00:00,7.2
2025-01-07 10:15:00,6.3
2025-01-07 10:30:00,7.3
2025-01-07 10:45:00,7.4
2025-01-07 11:00:00,7.9
2025-01-07 11:15:00,8.2
2025-01-07 11:30:00,8.9
2025-01-07 11:45:00,8.2
2025-01-07 12:00:00,8.1
2025-01-07 12:15:00,8.1
2025-01-07 12:30:00,7.8
2025-01-07 12:45:00,8.7
2025-01-07 13:00:00,8.6
2025-01-07 13:15:00,8.5
2025-01-07 13:30:00,8.3
2025-01-07 13:45:00,7.5
2025-01-07 14:00:00,9.2
2025-01-07 14:15:00,9.3
2025-01-07 14:30:00,9.0
2025-01-07 14:45:00,8.1
2025-01-07 15:00:00,8.0
2025-01-07 15:15:00,7.7
2025-01-07 15:30:00,7.7
2025-01-07 15:45:00,6.6
2025-01-07 16:00:00,6.9
2025-01-07 16:15:00,7.6
2025-01-07 16:30:00,14.4
2025-01-07 16:45:00,12.5
2025-01-07 17:00:00,11.4
2025-01-07 17:15:00,10.8
2025-01-07 17:30:00,11.1
2025-01-07 17:45:00,10.4
2025-01-07 18:00:00,10.4
2025-01-07 18:15:00,10.9
2025-01-07 18:30:00,0.026273577667447867
2025-01-07 18:45:00,11.6
2025-01-07 19:00:00,11.3
2025-01-07 19:15:00,12.2
2025-01-07 19:30:00,12.1
2025-01-07 19:45:00,10.7
2025-01-07 20:00:00,11.3
2025-01-07 20:15:00,11.8
2025-01-07 20:30:00,8.2
2025-01-07 20:45:00,8.4
2025-01-07 21:00:00,7.6
2025-01-07 21:15:00,8.2
2025-01-07 21:30:00,8.6
2025-01-07 21:45:00,10.2
2025-01-07 22:00:00,9.5
2025-01-07 22:15:00,10.1
2025-01-07 22:30:00,9.5
2025-01-07 22:45:00,9.7
2025-01-07 23:00:00,9.7
2025-01-07 23:15:00,9.7
2025-01-07 23:30:00,10.0
2025-01-07 23:45:00,10.2
2025-01-08 00:00:00,10.2
2025-01-08 00:15:00,9.7
2025-01-08 00:30:00,9.7
2025-01-08 00:45:00,
2025-01-08 01:00:00,9.0
2025-01-08 01:15:00,9.2
2025-01-08 01:30:00,8.7
2025-01-08 01:45:00,8.9
2025-01-08 02:00:00,8.5
2025-01-08 02:15:00,
2025-01-08 02:30:00,
2025-01-08 02:45:00,
2025-01-08 03:00:00,
2025-01-08 03:15:00,7.4
2025-01-08 03:30:00,7.7
2025-01-08 03:45:00,7.3
2025-01-08 04:00:00,7.3
2025-01-08 04:15:00,8.1
2025-01-08 04:30:00,7.6
2025-01-08 04:45:00,7.3
2025-01-08 05:00:00,6.8
2025-01-08 05:15:00,6.2
2025-01-08 05:30:00,6.8
2025-01-08 05:45:00,6.1
2025-01-08 06:00:00,6.1
2025-01-08 06:15:00,5.9
2025-01-08 06:30:00,5.9
2025-01-08 06:45:00,5.8
2025-01-08 07:00:00,6.1
2025-01-08 07:15:00,6.0
2025-01-08 07:30:00,4.4
2025-01-08 07:45:00,4.5
2025-01-08 08:00:00,4.2
2025-01-08 08:15:00,
2025-01-08 08:30:00,4.3
2025-01-08 08:45:00,4.1
2025-01-08 09:00:00,
2025-01-08 09:15:00,
2025-01-08 09:30:00,4.9
2025-01-08 09:45:00,4.4
2025-01-08 10:00:00,
2025-01-08 10:15:00,4.3
2025-01-08 10:30:00,4.4
2025-01-08 10:45:00,4.2
2025-01-08 11:00:00,
2025-01-08 11:15:00,4.6
2025-01-08 11:30:00,4.1
2025-01-08 11:45:00,4.9
2025-01-08 12:00:00,
2025-01-08 12:15:00,
2025-01-08 12:30:00,4.6
2025-01-08 12:45:00,4.5
2025-01-08 13:00:00,4.1
2025-01-08 13:15:00,
2025-01-08 13:30:00,4.4
2025-01-08 13:45:00,
2025-01-08 14:00:00,4.3
2025-01-08 14:15:00,4.7
2025-01-08 14:30:00,4.9
2025-01-08 14:45:00,4.6
2025-01-08 15:00:00,4.8
2025-01-08 15:15:00,
2025-01-08 15:30:00,4.9
2025-01-08 15:45:00,4.8
2025-01-08 16:00:00,
2025-01-08 16:15:00,
2025-01-08 16:30:00,4.6
2025-01-08 16:45:00,5.2
2025-01-08 17:00:00,5.2
2025-01-08 17:15:00,5.0
2025-01-08 17:30:00,
2025-01-08 17:45:00,
2025-01-08 18:00:00,5.0
2025-01-08 18:15:00,
2025-01-08 18:30:00,
2025-01-08 18:45:00,4.4
2025-01-08 19:00:00,
2025-01-08 19:15:00,4.0
2025-01-08 19:30:00,4.2
2025-01-08 19:45:00,4.3
2025-01-08 20:00:00,
2025-01-08 20:15:00,
2025-01-08 20:30:00,4.3
2025-01-08 20:45:00,4.8
2025-01-08 21:00:00,5.1
2025-01-08 21:15:00,5.4
2025-01-08 21:30:00,5.6
2025-01-08 21:45:00,5.5
2025-01-08 22:00:00,5.7
2025-01-08 22:15:00,7.1816718490041165
2025-01-08 22:30:00,7.081671849004117
2025-01-08 22:45:00,5.4
2025-01-08 23:00:00,5.3
2025-01-08 23:15:00,5.3
2025-01-08 23:30:00,5.7
2025-01-08 23:45:00,5.2
2025-01-09 00:00:00,5.5
2025-01-09 00:15:00,5.2
2025-01-09 00:30:00,5.1
2025-01-09 00:45:00,7.096521744333154
2025-01-09 01:00:00,4.8
2025-01-09 01:15:00,5.2
2025-01-09 01:30:00,4.8
2025-01-09 01:45:00,
2025-01-09 02:00:00,
2025-01-09 02:15:00,4.7
2025-01-09 02:30:00,5.4
2025-01-09 02:45:00,5.2
2025-01-09 03:00:00,5.3
2025-01-09 03:15:00,
2025-01-09 03:30:00,5.0
2025-01-09 03:45:00,
2025-01-09 04:00:00,5.2
2025-01-09 04:15:00,5.2
2025-01-09 04:30:00,5.1
2025-01-09 04:45:00,
2025-01-09 05:00:00,
2025-01-09 05:15:00,4.5
2025-01-09 05:30:00,4.7
2025-01-09 05:45:00,4.3
2025-01-09 06:00:00,4.3
2025-01-09 06:15:00,4.1
2025-01-09 06:30:00,4.3
2025-01-09 06:45:00,4.1
2025-01-09 07:00:00,4.4
2025-01-09 07:15:00,
2025-01-09 07:30:00,4.5
2025-01-09 07:45:00,
2025-01-09 08:00:00,4.3
2025-01-09 08:15:00,6.925449660008281
2025-01-09 08:30:00,3.9
2025-01-09 08:45:00,4.2
2025-01-09 09:00:00,4.1
2025-01-09 09:15:00,4.1
2025-01-09 09:30:00,3.8
2025-01-09 09:45:00,3.8
2025-01-09 10:00:00,4.4
2025-01-09 10:15:00,
2025-01-09 10:30:00,4.0
2025-01-09 10:45:00,3.8
2025-01-09 11:00:00,4.0
2025-01-09 11:15:00,4.0
2025-01-09 11:30:00,
2025-01-09 11:45:00,3.8
2025-01-09 12:00:00,3.9
2025-01-09 12:15:00,
2025-01-09 12:30:00,13.33238379896362
2025-01-09 12:45:00,3.6
2025-01-09 13:00:00,3.8
2025-01-09 13:15:00,3.8
2025-01-09 13:30:00,3.8
2025-01-09 13:45:00,4.1
2025-01-09 14:00:00,4.1
2025-01-09 14:15:00,
2025-01-09 14:30:00,6.045341172643415
2025-01-09 14:45:00,6.3453411726434155
2025-01-09 15:00:00,3.6
2025-01-09 15:15:00,3.9
2025-01-09 15:30:00,4.3
2025-01-09 15:45:00,3.7
2025-01-09 16:00:00,3.9
2025-01-09 16:15:00,4.1
2025-01-09 16:30:00,3.8
2025-01-09 16:45:00,4.1
2025-01-09 17:00:00,3.9
2025-01-09 17:15:00,4.1
2025-01-09 17:30:00,3.9
2025-01-09 17:45:00,4.5
2025-01-09 18:00:00,4.3
2025-01-09 18:15:00,
2025-01-09 18:30:00,
2025-01-09 18:45:00,
2025-01-09 19:00:00,
2025-01-09 19:15:00,4.5
2025-01-09 19:30:00,4.4
2025-01-09 19:45:00,4.5
2025-01-09 20:00:00,4.3
2025-01-09 20:15:00,4.3
2025-01-09 20:30:00,4.2
2025-01-09 20:45:00,
2025-01-09 21:00:00,4.7
2025-01-09 21:15:00,4.4
2025-01-09 21:30:00,4.8
2025-01-09 21:45:00,5.0
2025-01-09 22:00:00,5.0
2025-01-09 22:15:00,4.7
2025-01-09 22:30:00,
2025-01-09 22:45:00,4.9
2025-01-09 23:00:00,
2025-01-09 23:15:00,4.2
2025-01-09 23:30:00,4.5
2025-01-09 23:45:00,4.6
2025-01-10 00:00:00,4.7
2025-01-10 00:15:00,4.6
2025-01-10 00:30:00,4.4
2025-01-10 00:45:00,4.2
2025-01-10 01:00:00,4.7
2025-01-10 01:15:00,4.8
2025-01-10 01:30:00,4.3
2025-01-10 01:45:00,4.9
2025-01-10 02:00:00,4.9
2025-01-10 02:15:00,4.6
2025-01-10 02:30:00,4.3
2025-01-10 02:45:00,4.8
2025-01-10 03:00:00,4.8
2025-01-10 03:15:00,
2025-01-10 03:30:00,0.0
2025-01-10 03:45:00,0.0
2025-01-10 04:00:00,4.9
2025-01-10 04:15:00,4.2
2025-01-10 04:30:00,4.4
2025-01-10 04:45:00,4.6
2025-01-10 05:00:00,4.9
2025-01-10 05:15:00,
2025-01-10 05:30:00,5.0
2025-01-10 05:45:00,4.8
2025-01-10 06:00:00,4.3
2025-01-10 06:15:00,4.5
2025-01-10 06:30:00,4.7
2025-01-10 06:45:00,4.5
2025-01-10 07:00:00,4.9
2025-01-10 07:15:00,4.5
2025-01-10 07:30:00,4.7
2025-01-10 07:45:00,4.4
2025-01-10 08:00:00,5.0
2025-01-10 08:15:00,
2025-01-10 08:30:00,4.7
2025-01-10 08:45:00,4.5
2025-01-10 09:00:00,4.4
2025-01-10 09:15:00,10.37936168491025
2025-01-10 09:30:00,10.87936168491025
2025-01-10 09:45:00,4.4
2025-01-10 10:00:00,4.7
2025-01-10 10:15:00,4.4
2025-01-10 10:30:00,
2025-01-10 10:45:00,4.3
2025-01-10 11:00:00,4.6
2025-01-10 11:15:00,4.4
2025-01-10 11:30:00,
2025-01-10 11:45:00,4.5
2025-01-10 12:00:00,4.7
2025-01-10 12:15:00,4.5
2025-01-10 12:30:00,
2025-01-10 12:45:00,4.5
2025-01-10 13:00:00,4.8
2025-01-10 13:15:00,4.9
2025-01-10 13:30:00,
2025-01-10 13:45:00,4.7
2025-01-10 14:00:00,
2025-01-10 14:15:00,4.4
2025-01-10 14:30:00,
2025-01-10 14:45:00,4.4
2025-01-10 15:00:00,4.5
2025-01-10 15:15:00,4.5
2025-01-10 15:30:00,4.3
2025-01-10 15:45:00,
2025-01-10 16:00:00,5.4
2025-01-10 16:15:00,4.9
2025-01-10 16:30:00,
2025-01-10 16:45:00,4.6
2025-01-10 17:00:00,10.24160529553722
2025-01-10 17:15:00,5.2
2025-01-10 17:30:00,4.9
2025-01-10 17:45:00,5.5
2025-01-10 18:00:00,5.5
2025-01-10 18:15:00,5.3
2025-01-10 18:30:00,5.5
2025-01-10 18:45:00,5.6
2025-01-10 19:00:00,7.1
2025-01-10 19:15:00,7.0
2025-01-10 19:30:00,7.8
2025-01-10 19:45:00,7.9
2025-01-10 20:00:00,10.5
2025-01-10 20:15:00,8.6
2025-01-10 20:30:00,9.8
2025-01-10 20:45:00,9.4
2025-01-10 21:00:00,9.8
2025-01-10 21:15:00,10.2
2025-01-10 21:30:00,11.6
2025-01-10 21:45:00,10.1
2025-01-10 22:00:00,10.3
2025-01-10 22:15:00,10.6
2025-01-10 22:30:00,10.7
2025-01-10 22:45:00,10.2
2025-01-10 23:00:00,12.8
2025-01-10 23:15:00,11.9
2025-01-10 23:30:00,15.171986143172703
2025-01-10 23:45:00,13.671986143172703
2025-01-11 00:00:00,9.8
2025-01-11 00:15:00,8.9
2025-01-11 00:30:00,8.8
2025-01-11 00:45:00,8.4
2025-01-11 01:00:00,9.1
2025-01-11 01:15:00,8.7
2025-01-11 01:30:00,9.2
2025-01-11 01:45:00,8.7
2025-01-11 02:00:00,8.0
2025-01-11 02:15:00,7.9
2025-01-11 02:30:00,8.0
2025-01-11 02:45:00,12.191834943327933
2025-01-11 03:00:00,12.291834943327935
2025-01-11 03:15:00,11.891834943327934
2025-01-11 03:30:00,7.8
2025-01-11 03:45:00,7.8
2025-01-11 04:00:00,7.9
2025-01-11 04:15:00,8.2
2025-01-11 04:30:00,7.7
2025-01-11 04:45:00,7.8
2025-01-11 05:00:00,7.7
2025-01-11 05:15:00,8.4
2025-01-11 05:30:00,7.4
2025-01-11 05:45:00,7.4
2025-01-11 06:00:00,7.5
2025-01-11 06:15:00,7.4
2025-01-11 06:30:00,6.9
2025-01-11 06:45:00,7.7
2025-01-11 07:00:00,7.5
2025-01-11 07:15:00,7.1
2025-01-11 07:30:00,6.8
2025-01-11 07:45:00,6.7
2025-01-11 08:00:00,6.9
2025-01-11 08:15:00,6.6
2025-01-11 08:30:00,7.1
2025-01-11 08:45:00,6.2
2025-01-11 09:00:00,6.0
2025-01-11 09:15:00,6.4
2025-01-11 09:30:00,6.1
2025-01-11 09:45:00,6.2
2025-01-11 10:00:00,
2025-01-11 10:15:00,6.1
2025-01-11 10:30:00,
2025-01-11 10:45:00,6.0
2025-01-11 11:00:00,
2025-01-11 11:15:00,
2025-01-11 11:30:00,
2025-01-11 11:45:00,5.9
2025-01-11 12:00:00,
2025-01-11 12:15:00,
2025-01-11 12:30:00,
2025-01-11 12:45:00,
2025-01-11 13:00:00,
2025-01-11 13:15:00,5.8
2025-01-11 13:30:00,
2025-01-11 13:45:00,5.7
2025-01-11 14:00:00,5.5
2025-01-11 14:15:00,5.2
2025-01-11 14:30:00,5.6
2025-01-11 14:45:00,5.6
2025-01-11 15:00:00,5.5
2025-01-11 15:15:00,5.1
2025-01-11 15:30:00,4.9
2025-01-11 15:45:00,5.0
2025-01-11 16:00:00,19.837037542679163
2025-01-11 16:15:00,5.3
2025-01-11 16:30:00,5.2
2025-01-11 16:45:00,5.6
2025-01-11 17:00:00,5.2
2025-01-11 17:15:00,5.8
2025-01-11 17:30:00,6.0
2025-01-11 17:45:00,6.3
2025-01-11 18:00:00,6.5
2025-01-11 18:15:00,8.1
2025-01-11 18:30:00,7.6
2025-01-11 18:45:00,8.1
2025-01-11 19:00:00,8.3
2025-01-11 19:15:00,8.8
2025-01-11 19:30:00,8.6
2025-01-11 19:45:00,
2025-01-11 20:00:00,9.3
2025-01-11 20:15:00,10.2
2025-01-11 20:30:00,10.5
2025-01-11 20:45:00,10.7
2025-01-11 21:00:00,11.3
2025-01-11 21:15:00,10.8
2025-01-11 21:30:00,10.7
2025-01-11 21:45:00,10.1
2025-01-11 22:00:00,
2025-01-11 22:15:00,10.3
2025-01-11 22:30:00,10.5
2025-01-11 22:45:00,10.3
2025-01-11 23:00:00,
2025-01-11 23:15:00,9.8
2025-01-11 23:30:00,10.1
2025-01-11 23:45:00,
2025-01-12 00:00:00,9.7
2025-01-12 00:15:00,9.9
2025-01-12 00:30:00,9.2
2025-01-12 00:45:00,9.5
2025-01-12 01:00:00,10.3
2025-01-12 01:15:00,9.7
2025-01-12 01:30:00,9.1
2025-01-12 01:45:00,9.2
2025-01-12 02:00:00,9.7
2025-01-12 02:15:00,9.3
2025-01-12 02:30:00,9.1
2025-01-12 02:45:00,9.0
2025-01-12 03:00:00,9.0
2025-01-12 03:15:00,9.3
2025-01-12 03:30:00,9.0
2025-01-12 03:45:00,9.1
2025-01-12 04:00:00,8.9
2025-01-12 04:15:00,8.8
2025-01-12 04:30:00,9.4
2025-01-12 04:45:00,8.9
2025-01-12 05:00:00,9.2
2025-01-12 05:15:00,8.8
2025-01-12 05:30:00,9.0
2025-01-12 05:45:00,9.0
2025-01-12 06:00:00,9.0
2025-01-12 06:15:00,9.5
2025-01-12 06:30:00,8.9
2025-01-12 06:45:00,8.8
2025-01-12 07:00:00,9.2
2025-01-12 07:15:00,9.5
2025-01-12 07:30:00,9.4
2025-01-12 07:45:00,9.1
2025-01-12 08:00:00,9.1
2025-01-12 08:15:00,9.1
2025-01-12 08:30:00,9.4
2025-01-12 08:45:00,9.3
2025-01-12 09:00:00,9.3
2025-01-12 09:15:00,9.1
2025-01-12 09:30:00,9.0
2025-01-12 09:45:00,14.605060667495426
2025-01-12 10:00:00,14.805060667495427
2025-01-12 10:15:00,9.4
2025-01-12 10:30:00,9.6
2025-01-12 10:45:00,9.2
2025-01-12 11:00:00,9.1
2025-01-12 11:15:00,9.3
2025-01-12 11:30:00,9.3
2025-01-12 11:45:00,9.5
2025-01-12 12:00:00,9.5
2025-01-12 12:15:00,9.2
2025-01-12 12:30:00,9.3
2025-01-12 12:45:00,9.5
2025-01-12 13:00:00,9.2
2025-01-12 13:15:00,9.5
2025-01-12 13:30:00,9.0
2025-01-12 13:45:00,9.2
2025-01-12 14:00:00,9.4
2025-01-12 14:15:00,9.1
2025-01-12 14:30:00,9.2
2025-01-12 14:45:00,14.748457167034015
2025-01-12 15:00:00,14.648457167034017
2025-01-12 15:15:00,14.548457167034016
2025-01-12 15:30:00,8.9
2025-01-12 15:45:00,9.2
2025-01-12 16:00:00,9.2
2025-01-12 16:15:00,9.1
2025-01-12 16:30:00,9.5
2025-01-12 16:45:00,9.3
2025-01-12 17:00:00,9.5
2025-01-12 17:15:00,9.3
2025-01-12 17:30:00,9.2
2025-01-12 17:45:00,9.2
2025-01-12 18:00:00,9.3
2025-01-12 18:15:00,9.4
2025-01-12 18:30:00,9.7
2025-01-12 18:45:00,9.8
2025-01-12 19:00:00,9.5
2025-01-12 19:15:00,9.4
2025-01-12 19:30:00,9.4
2025-01-12 19:45:00,9.4
2025-01-12 20:00:00,9.7
2025-01-12 20:15:00,9.5
2025-01-12 20:30:00,9.8
2025-01-12 20:45:00,9.6
2025-01-12 21:00:00,1.4715935525178523
2025-01-12 21:15:00,9.6
2025-01-12 21:30:00,9.2
2025-01-12 21:45:00,9.4
2025-01-12 22:00:00,9.7
2025-01-12 22:15:00,9.9
2025-01-12 22:30:00,9.7
2025-01-12 22:45:00,9.9
2025-01-12 23:00:00,10.1
2025-01-12 23:15:00,10.2
2025-01-12 23:30:00,9.9
2025-01-12 23:45:00,9.7
2025-01-13 00:00:00,9.5
2025-01-13 00:15:00,9.8
2025-01-13 00:30:00,9.5
2025-01-13 00:45:00,9.7
2025-01-13 01:00:00,9.3
2025-01-13 01:15:00,9.9
2025-01-13 01:30:00,9.9
2025-01-13 01:45:00,9.7
2025-01-13 02:00:00,9.8
2025-01-13 02:15:00,10.0
2025-01-13 02:30:00,9.9
2025-01-13 02:45:00,9.8
2025-01-13 03:00:00,9.8
2025-01-13 03:15:00,10.0
2025-01-13 03:30:00,9.9
2025-01-13 03:45:00,9.9
2025-01-13 04:00:00,9.8
2025-01-13 04:15:00,9.6
2025-01-13 04:30:00,9.5
2025-01-13 04:45:00,9.9
2025-01-13 05:00:00,9.8
2025-01-13 05:15:00,9.6
2025-01-13 05:30:00,9.9
2025-01-13 05:45:00,9.6
2025-01-13 06:00:00,17.99190763850486
2025-01-13 06:15:00,17.69190763850486
2025-01-13 06:30:00,9.7
2025-01-13 06:45:00,9.8
2025-01-13 07:00:00,9.7
2025-01-13 07:15:00,9.9
2025-01-13 07:30:00,9.9
2025-01-13 07:45:00,9.8
2025-01-13 08:00:00,9.7
2025-01-13 08:15:00,9.8
2025-01-13 08:30:00,9.7
2025-01-13 08:45:00,9.6
2025-01-13 09:00:00,9.6
2025-01-13 09:15:00,9.6
2025-01-13 09:30:00,9.7
2025-01-13 09:45:00,9.7
2025-01-13 10:00:00,9.6
2025-01-13 10:15:00,9.6
2025-01-13 10:30:00,9.6
2025-01-13 10:45:00,8.8
2025-01-13 11:00:00,8.3
2025-01-13 11:15:00,8.1
2025-01-13 11:30:00,7.5
2025-01-13 11:45:00,
2025-01-13 12:00:00,
2025-01-13 12:15:00,6.9
2025-01-13 12:30:00,7.6
2025-01-13 12:45:00,7.4
2025-01-13 13:00:00,6.7
2025-01-13 13:15:00,7.2
2025-01-13 13:30:00,6.8
2025-01-13 13:45:00,6.8
2025-01-13 14:00:00,6.6
2025-01-13 14:15:00,6.4
2025-01-13 14:30:00,6.5
2025-01-13 14:45:00,
2025-01-13 15:00:00,
2025-01-13 15:15:00,
2025-01-13 15:30:00,
2025-01-13 15:45:00,7.2
2025-01-13 16:00:00,6.9
2025-01-13 16:15:00,
2025-01-13 16:30:00,7.1
2025-01-13 16:45:00,7.1
2025-01-13 17:00:00,6.5
2025-01-13 17:15:00,
2025-01-13 17:30:00,
2025-01-13 17:45:00,
2025-01-13 18:00:00,7.0
2025-01-13 18:15:00,7.3
2025-01-13 18:30:00,7.4
2025-01-13 18:45:00,
2025-01-13 19:00:00,8.7
2025-01-13 19:15:00,8.9
2025-01-13 19:30:00,8.9
2025-01-13 19:45:00,9.3
2025-01-13 20:00:00,8.9
2025-01-13 20:15:00,8.9
2025-01-13 20:30:00,9.0
2025-01-13 20:45:00,8.9
2025-01-13 21:00:00,8.9
2025-01-13 21:15:00,8.9
2025-01-13 21:30:00,8.8
2025-01-13 21:45:00,8.9
2025-01-13 22:00:00,8.7
2025-01-13 22:15:00,8.8
2025-01-13 22:30:00,8.9
2025-01-13 22:45:00,8.8
2025-01-13 23:00:00,4.634018011890603
2025-01-13 23:15:00,4.734018011890603
2025-01-13 23:30:00,4.834018011890603
2025-01-13 23:45:00,8.9
2025-01-14 00:00:00,8.9
2025-01-14 00:15:00,8.9
2025-01-14 00:30:00,8.9
2025-01-14 00:45:00,9.1
2025-01-14 01:00:00,8.9
2025-01-14 01:15:00,8.9
2025-01-14 01:30:00,8.8
2025-01-14 01:45:00,8.8
2025-01-14 02:00:00,9.1
2025-01-14 02:15:00,9.0
2025-01-14 02:30:00,8.8
2025-01-14 02:45:00,9.1
2025-01-14 03:00:00,17.954527825800916
2025-01-14 03:15:00,8.9
2025-01-14 03:30:00,9.0
2025-01-14 03:45:00,8.9
2025-01-14 04:00:00,8.9
2025-01-14 04:15:00,8.9
2025-01-14 04:30:00,9.0
2025-01-14 04:45:00,9.1
2025-01-14 05:00:00,9.1
2025-01-14 05:15:00,8.8
2025-01-14 05:30:00,9.0
2025-01-14 05:45:00,9.0
2025-01-14 06:00:00,8.9
2025-01-14 06:15:00,9.1
2025-01-14 06:30:00,9.0
2025-01-14 06:45:00,8.9
2025-01-14 07:00:00,
2025-01-14 07:15:00,
2025-01-14 07:30:00,
2025-01-14 07:45:00,
2025-01-14 08:00:00,8.7
2025-01-14 08:15:00,8.7
2025-01-14 08:30:00,8.2
2025-01-14 08:45:00,8.2
2025-01-14 09:00:00,7.7
2025-01-14 09:15:00,
2025-01-14 09:30:00,7.8
2025-01-14 09:45:00,
2025-01-14 10:00:00,
2025-01-14 10:15:00,
2025-01-14 10:30:00,7.6
2025-01-14 10:45:00,7.8
2025-01-14 11:00:00,6.8
2025-01-14 11:15:00,
2025-01-14 11:30:00,6.7
2025-01-14 11:45:00,
2025-01-14 12:00:00,
2025-01-14 12:15:00,
2025-01-14 12:30:00,
2025-01-14 12:45:00,6.1
2025-01-14 13:00:00,6.0
2025-01-14 13:15:00,5.7
2025-01-14 13:30:00,5.9
2025-01-14 13:45:00,
2025-01-14 14:00:00,5.6
2025-01-14 14:15:00,5.2
2025-01-14 14:30:00,
2025-01-14 14:45:00,5.3
2025-01-14 15:00:00,5.5
2025-01-14 15:15:00,5.2
2025-01-14 15:30:00,5.2
2025-01-14 15:45:00,4.6
2025-01-14 16:00:00,4.2
2025-01-14 16:15:00,
2025-01-14 16:30:00,3.9
2025-01-14 16:45:00,
2025-01-14 17:00:00,
2025-01-14 17:15:00,4.2
2025-01-14 17:30:00,
2025-01-14 17:45:00,
2025-01-14 18:00:00,5.0
2025-01-14 18:15:00,
2025-01-14 18:30:00,4.8
2025-01-14 18:45:00,5.2
2025-01-14 19:00:00,5.4
2025-01-14 19:15:00,
2025-01-14 19:30:00,5.8
2025-01-14 19:45:00,6.6
2025-01-14 20:00:00,8.0
2025-01-14 20:15:00,9.7
2025-01-14 20:30:00,9.5
2025-01-14 20:45:00,9.1
2025-01-14 21:00:00,10.1
2025-01-14 21:15:00,9.3
2025-01-14 21:30:00,8.9
2025-01-14 21:45:00,9.3
2025-01-14 22:00:00,8.8
2025-01-14 22:15:00,8.9
2025-01-14 22:30:00,8.9
2025-01-14 22:45:00,8.7
2025-01-14 23:00:00,8.8
2025-01-14 23:15:00,8.8
2025-01-14 23:30:00,8.6
2025-01-14 23:45:00,8.7
2025-01-15 00:00:00,8.7
2025-01-15 00:15:00,8.7
2025-01-15 00:30:00,8.5
2025-01-15 00:45:00,8.6
2025-01-15 01:00:00,8.8
2025-01-15 01:15:00,8.7
2025-01-15 01:30:00,8.6
2025-01-15 01:45:00,8.5
2025-01-15 02:00:00,8.6
2025-01-15 02:15:00,8.6
2025-01-15 02:30:00,8.5
2025-01-15 02:45:00,8.6
2025-01-15 03:00:00,8.6
2025-01-15 03:15:00,8.6
2025-01-15 03:30:00,8.8
2025-01-15 03:45:00,8.6
2025-01-15 04:00:00,8.5
2025-01-15 04:15:00,8.7
2025-01-15 04:30:00,8.8
2025-01-15 04:45:00,8.6
2025-01-15 05:00:00,8.9
2025-01-15 05:15:00,8.7
2025-01-15 05:30:00,8.5
2025-01-15 05:45:00,8.7
2025-01-15 06:00:00,8.7
2025-01-15 06:15:00,8.4
2025-01-15 06:30:00,11.352764037179277
2025-01-15 06:45:00,8.7
2025-01-15 07:00:00,8.5
2025-01-15 07:15:00,8.5
2025-01-15 07:30:00,8.7
2025-01-15 07:45:00,8.5
2025-01-15 08:00:00,8.5
2025-01-15 08:15:00,8.7
2025-01-15 08:30:00,8.6
2025-01-15 08:45:00,8.6
2025-01-15 09:00:00,8.7
2025-01-15 09:15:00,8.6
2025-01-15 09:30:00,8.4
2025-01-15 09:45:00,8.6
2025-01-15 10:00:00,8.7
2025-01-15 10:15:00,8.8
2025-01-15 10:30:00,8.1
2025-01-15 10:45:00,8.3
2025-01-15 11:00:00,
2025-01-15 11:15:00,7.8
2025-01-15 11:30:00,7.8
2025-01-15 11:45:00,6.3
2025-01-15 12:00:00,5.5
2025-01-15 12:15:00,
2025-01-15 12:30:00,5.3
2025-01-15 12:45:00,5.0
2025-01-15 13:00:00,
2025-01-15 13:15:00,5.8
2025-01-15 13:30:00,
2025-01-15 13:45:00,5.9
2025-01-15 14:00:00,
2025-01-15 14:15:00,
2025-01-15 14:30:00,5.8
2025-01-15 14:45:00,
2025-01-15 15:00:00,5.5
2025-01-15 15:15:00,8.2
2025-01-15 15:30:00,8.1
2025-01-15 15:45:00,8.5
2025-01-15 16:00:00,
2025-01-15 16:15:00,8.1
2025-01-15 16:30:00,8.2
2025-01-15 16:45:00,8.6
2025-01-15 17:00:00,8.6
2025-01-15 17:15:00,8.8
2025-01-15 17:30:00,8.7
2025-01-15 17:45:00,9.2
2025-01-15 18:00:00,9.0
2025-01-15 18:15:00,9.4
2025-01-15 18:30:00,9.9
2025-01-15 18:45:00,9.1
2025-01-15 19:00:00,
2025-01-15 19:15:00,8.7
2025-01-15 19:30:00,8.7
2025-01-15 19:45:00,8.7
2025-01-15 20:00:00,8.8
2025-01-15 20:15:00,8.9
2025-01-15 20:30:00,8.9
2025-01-15 20:45:00,9.0
2025-01-15 21:00:00,9.1
2025-01-15 21:15:00,8.8
2025-01-15 21:30:00,9.0
2025-01-15 21:45:00,9.1
2025-01-15 22:00:00,8.9
2025-01-15 22:15:00,8.9
2025-01-15 22:30:00,6.028022345703368
2025-01-15 22:45:00,8.7
2025-01-15 23:00:00,9.1
2025-01-15 23:15:00,9.0
2025-01-15 23:30:00,8.9
2025-01-15 23:45:00,8.9
2025-01-16 00:00:00,9.0
2025-01-16 00:15:00,8.8
2025-01-16 00:30:00,8.8
2025-01-16 00:45:00,9.0
2025-01-16 01:00:00,13.025541084523926
2025-01-16 01:15:00,13.025541084523926
2025-01-16 01:30:00,13.025541084523926
2025-01-16 01:45:00,8.9
2025-01-16 02:00:00,8.9
2025-01-16 02:15:00,8.9
2025-01-16 02:30:00,8.8
2025-01-16 02:45:00,8.8
2025-01-16 03:00:00,8.7
2025-01-16 03:15:00,8.9
2025-01-16 03:30:00,8.8
2025-01-16 03:45:00,8.8
2025-01-16 04:00:00,8.7
2025-01-16 04:15:00,8.7
2025-01-16 04:30:00,8.8
2025-01-16 04:45:00,8.7
2025-01-16 05:00:00,8.7
2025-01-16 05:15:00,8.9
2025-01-16 05:30:00,8.6
2025-01-16 05:45:00,8.8
2025-01-16 06:00:00,8.7
2025-01-16 06:15:00,8.8
2025-01-16 06:30:00,8.7
2025-01-16 06:45:00,11.089228197235975
2025-01-16 07:00:00,10.989228197235976
2025-01-16 07:15:00,8.8
2025-01-16 07:30:00,8.8
2025-01-16 07:45:00,8.7
2025-01-16 08:00:00,8.9
2025-01-16 08:15:00,8.8
2025-01-16 08:30:00,8.9
2025-01-16 08:45:00,8.6
2025-01-16 09:00:00,8.8
2025-01-16 09:15:00,8.7
2025-01-16 09:30:00,8.6
2025-01-16 09:45:00,8.9
2025-01-16 10:00:00,8.7
2025-01-16 10:15:00,8.7
2025-01-16 10:30:00,8.7
2025-01-16 10:45:00,8.8
2025-01-16 11:00:00,8.4
2025-01-16 11:15:00,8.2
2025-01-16 11:30:00,
2025-01-16 11:45:00,
2025-01-16 12:00:00,7.9
2025-01-16 12:15:00,
2025-01-16 12:30:00,7.8
2025-01-16 12:45:00,
2025-01-16 13:00:00,7.7
2025-01-16 13:15:00,7.7
2025-01-16 13:30:00,
2025-01-16 13:45:00,
2025-01-16 14:00:00,
2025-01-16 14:15:00,7.9
2025-01-16 14:30:00,
2025-01-16 14:45:00,7.9
2025-01-16 15:00:00,8.5
2025-01-16 15:15:00,
2025-01-16 15:30:00,
2025-01-16 15:45:00,8.6
2025-01-16 16:00:00,
2025-01-16 16:15:00,8.5
2025-01-16 16:30:00,8.7
2025-01-16 16:45:00,
2025-01-16 17:00:00,8.9
2025-01-16 17:15:00,8.8
2025-01-16 17:30:00,8.9
2025-01-16 17:45:00,8.7
2025-01-16 18:00:00,8.7
2025-01-16 18:15:00,8.8
2025-01-16 18:30:00,8.8
2025-01-16 18:45:00,8.7
2025-01-16 19:00:00,8.7
2025-01-16 19:15:00,8.8
2025-01-16 19:30:00,9.1
2025-01-16 19:45:00,8.8
2025-01-16 20:00:00,8.8
2025-01-16 20:15:00,8.9
2025-01-16 20:30:00,9.0
2025-01-16 20:45:00,8.8
2025-01-16 21:00:00,9.0
2025-01-16 21:15:00,9.1
2025-01-16 21:30:00,8.9
2025-01-16 21:45:00,9.1
2025-01-16 22:00:00,2.6928277796037605
2025-01-16 22:15:00,2.6928277796037605
2025-01-16 22:30:00,8.7
2025-01-16 22:45:00,8.8
2025-01-16 23:00:00,8.8
2025-01-16 23:15:00,9.0
2025-01-16 23:30:00,8.9
2025-01-16 23:45:00,9.0
2025-01-17 00:00:00,8.9
2025-01-17 00:15:00,8.8
2025-01-17 00:30:00,9.1
2025-01-17 00:45:00,9.0
2025-01-17 01:00:00,8.8
2025-01-17 01:15:00,9.0
2025-01-17 01:30:00,9.0
2025-01-17 01:45:00,8.9
2025-01-17 02:00:00,8.8
2025-01-17 02:15:00,17.31290898705851
2025-01-17 02:30:00,17.212908987058512
2025-01-17 02:45:00,17.31290898705851
2025-01-17 03:00:00,8.8
2025-01-17 03:15:00,8.9
2025-01-17 03:30:00,9.0
2025-01-17 03:45:00,9.0
2025-01-17 04:00:00,8.9
2025-01-17 04:15:00,8.9
2025-01-17 04:30:00,9.1
2025-01-17 04:45:00,9.0
2025-01-17 05:00:00,9.0
2025-01-17 05:15:00,9.2
2025-01-17 05:30:00,8.9
2025-01-17 05:45:00,9.2
2025-01-17 06:00:00,9.0
2025-01-17 06:15:00,9.0
2025-01-17 06:30:00,9.1
2025-01-17 06:45:00,9.1
2025-01-17 07:00:00,9.1
2025-01-17 07:15:00,9.0
2025-01-17 07:30:00,9.2
2025-01-17 07:45:00,9.3
2025-01-17 08:00:00,9.3
2025-01-17 08:15:00,9.2
2025-01-17 08:30:00,9.3
2025-01-17 08:45:00,9.3
2025-01-17 09:00:00,9.2
2025-01-17 09:15:00,9.3
2025-01-17 09:30:00,9.2
2025-01-17 09:45:00,9.2
2025-01-17 10:00:00,9.3
2025-01-17 10:15:00,9.3
2025-01-17 10:30:00,9.4
2025-01-17 10:45:00,9.3
2025-01-17 11:00:00,9.3
2025-01-17 11:15:00,9.3
2025-01-17 11:30:00,9.3
2025-01-17 11:45:00,9.4
2025-01-17 12:00:00,
2025-01-17 12:15:00,
2025-01-17 12:30:00,
2025-01-17 12:45:00,
2025-01-17 13:00:00,
2025-01-17 13:15:00,
2025-01-17 13:30:00,
2025-01-17 13:45:00,
2025-01-17 14:00:00,
2025-01-17 14:15:00,
2025-01-17 14:30:00,
2025-01-17 14:45:00,
2025-01-17 15:00:00,
2025-01-17 15:15:00,
2025-01-17 15:30:00,
2025-01-17 15:45:00,
2025-01-17 16:00:00,
2025-01-17 16:15:00,
2025-01-17 16:30:00,
2025-01-17 16:45:00,
2025-01-17 17:00:00,9.3
2025-01-17 17:15:00,9.3
2025-01-17 17:30:00,9.5
2025-01-17 17:45:00,9.5
2025-01-17 18:00:00,9.5
2025-01-17 18:15:00,9.6
2025-01-17 18:30:00,9.5
2025-01-17 18:45:00,9.6
2025-01-17 19:00:00,9.7
2025-01-17 19:15:00,9.6
2025-01-17 19:30:00,9.5
2025-01-17 19:45:00,
2025-01-17 20:00:00,
2025-01-17 20:15:00,
2025-01-17 20:30:00,
2025-01-17 20:45:00,
2025-01-17 21:00:00,
2025-01-17 21:15:00,
2025-01-17 21:30:00,
2025-01-17 21:45:00,9.9
2025-01-17 22:00:00,10.2
2025-01-17 22:15:00,9.9
2025-01-17 22:30:00,9.9
2025-01-17 22:45:00,9.7
2025-01-17 23:00:00,9.8
2025-01-17 23:15:00,9.8
2025-01-17 23:30:00,10.0
2025-01-17 23:45:00,21.402431094686662
2025-01-18 00:00:00,21.402431094686662
2025-01-18 00:15:00,9.8
2025-01-18 00:30:00,9.8
2025-01-18 00:45:00,9.9
2025-01-18 01:00:00,9.9
2025-01-18 01:15:00,9.8
2025-01-18 01:30:00,10.3
2025-01-18 01:45:00,10.4
2025-01-18 02:00:00,
2025-01-18 02:15:00,10.2
2025-01-18 02:30:00,10.4
2025-01-18 02:45:00,10.2
2025-01-18 03:00:00,10.1
2025-01-18 03:15:00,10.2
2025-01-18 03:30:00,
2025-01-18 03:45:00,10.2
2025-01-18 04:00:00,10.1
2025-01-18 04:15:00,5.283841914714901
2025-01-18 04:30:00,5.683841914714901
2025-01-18 04:45:00,5.383841914714902
2025-01-18 05:00:00,10.3
2025-01-18 05:15:00,10.6
2025-01-18 05:30:00,10.5
2025-01-18 05:45:00,10.4
2025-01-18 06:00:00,10.5
2025-01-18 06:15:00,
2025-01-18 06:30:00,10.2
2025-01-18 06:45:00,
2025-01-18 07:00:00,10.6
2025-01-18 07:15:00,10.5
2025-01-18 07:30:00,10.4
2025-01-18 07:45:00,
2025-01-18 08:00:00,
2025-01-18 08:15:00,10.6
2025-01-18 08:30:00,10.7
2025-01-18 08:45:00,10.3
2025-01-18 09:00:00,10.5
2025-01-18 09:15:00,10.4
2025-01-18 09:30:00,10.6
2025-01-18 09:45:00,10.9
2025-01-18 10:00:00,11.1
2025-01-18 10:15:00,11.1
2025-01-18 10:30:00,11.3
2025-01-18 10:45:00,10.9
2025-01-18 11:00:00,10.7
2025-01-18 11:15:00,11.1
2025-01-18 11:30:00,10.4
2025-01-18 11:45:00,10.6
2025-01-18 12:00:00,10.6
2025-01-18 12:15:00,10.9
2025-01-18 12:30:00,10.7
2025-01-18 12:45:00,10.5
2025-01-18 13:00:00,10.6
2025-01-18 13:15:00,10.5
2025-01-18 13:30:00,10.6
2025-01-18 13:45:00,10.5
2025-01-18 14:00:00,10.6
2025-01-18 14:15:00,10.7
2025-01-18 14:30:00,10.6
2025-01-18 14:45:00,10.0
2025-01-18 15:00:00,10.5
2025-01-18 15:15:00,9.9
2025-01-18 15:30:00,10.4
2025-01-18 15:45:00,10.0
2025-01-18 16:00:00,9.9
2025-01-18 16:15:00,10.3
2025-01-18 16:30:00,9.9
2025-01-18 16:45:00,10.3
2025-01-18 17:00:00,10.2
2025-01-18 17:15:00,10.3
2025-01-18 17:30:00,
2025-01-18 17:45:00,10.9
2025-01-18 18:00:00,10.6
2025-01-18 18:15:00,10.9
2025-01-18 18:30:00,10.7
2025-01-18 18:45:00,10.9
2025-01-18 19:00:00,10.9
2025-01-18 19:15:00,10.7
2025-01-18 19:30:00,10.9
2025-01-18 19:45:00,11.0
2025-01-18 20:00:00,10.9
2025-01-18 20:15:00,10.7
2025-01-18 20:30:00,10.8
2025-01-18 20:45:00,10.8
2025-01-18 21:00:00,10.9
2025-01-18 21:15:00,10.9
2025-01-18 21:30:00,10.7
2025-01-18 21:45:00,10.7
2025-01-18 22:00:00,10.9
2025-01-18 22:15:00,10.7
2025-01-18 22:30:00,10.8
2025-01-18 22:45:00,11.0
2025-01-18 23:00:00,10.7
2025-01-18 23:15:00,10.8
2025-01-18 23:30:00,10.9
2025-01-18 23:45:00,
2025-01-19 00:00:00,
2025-01-19 00:15:00,
2025-01-19 00:30:00,
2025-01-19 00:45:00,
2025-01-19 01:00:00,
2025-01-19 01:15:00,
2025-01-19 01:30:00,
2025-01-19 01:45:00,10.6
2025-01-19 02:00:00,10.7
2025-01-19 02:15:00,10.9
2025-01-19 02:30:00,10.9
2025-01-19 02:45:00,10.8
2025-01-19 03:00:00,10.6
2025-01-19 03:15:00,10.1
2025-01-19 03:30:00,9.0
2025-01-19 03:45:00,
2025-01-19 04:00:00,8.5
2025-01-19 04:15:00,7.3
2025-01-19 04:30:00,
2025-01-19 04:45:00,7.2
2025-01-19 05:00:00,7.4
2025-01-19 05:15:00,9.4
2025-01-19 05:30:00,8.4
2025-01-19 05:45:00,9.6
2025-01-19 06:00:00,9.3
2025-01-19 06:15:00,9.1
2025-01-19 06:30:00,9.3
2025-01-19 06:45:00,9.8
2025-01-19 07:00:00,9.3
2025-01-19 07:15:00,8.7
2025-01-19 07:30:00,9.4
2025-01-19 07:45:00,8.5
2025-01-19 08:00:00,8.1
2025-01-19 08:15:00,8.6
2025-01-19 08:30:00,8.9
2025-01-19 08:45:00,8.2
2025-01-19 09:00:00,8.1
2025-01-19 09:15:00,6.5
2025-01-19 09:30:00,6.6
2025-01-19 09:45:00,6.3
2025-01-19 10:00:00,7.0
2025-01-19 10:15:00,13.432805454022866
2025-01-19 10:30:00,13.132805454022867
2025-01-19 10:45:00,13.632805454022867
2025-01-19 11:00:00,6.2
2025-01-19 11:15:00,6.8
2025-01-19 11:30:00,6.3
2025-01-19 11:45:00,6.8
2025-01-19 12:00:00,6.4
2025-01-19 12:15:00,7.3
2025-01-19 12:30:00,7.5
2025-01-19 12:45:00,7.1
2025-01-19 13:00:00,8.4
2025-01-19 13:15:00,7.8
2025-01-19 13:30:00,7.9
2025-01-19 13:45:00,7.9
2025-01-19 14:00:00,7.6
2025-01-19 14:15:00,8.0
2025-01-19 14:30:00,
2025-01-19 14:45:00,7.8
2025-01-19 15:00:00,8.8
2025-01-19 15:15:00,8.1
2025-01-19 15:30:00,7.5
2025-01-19 15:45:00,8.3
2025-01-19 16:00:00,
2025-01-19 16:15:00,8.2
2025-01-19 16:30:00,14.57716190190468
2025-01-19 16:45:00,14.177161901904679
2025-01-19 17:00:00,8.4
2025-01-19 17:15:00,8.5
2025-01-19 17:30:00,
2025-01-19 17:45:00,8.3
2025-01-19 18:00:00,9.0
2025-01-19 18:15:00,8.1
2025-01-19 18:30:00,8.0
2025-01-19 18:45:00,9.1
2025-01-19 19:00:00,8.1
2025-01-19 19:15:00,8.4
2025-01-19 19:30:00,8.6
2025-01-19 19:45:00,
2025-01-19 20:00:00,8.8
2025-01-19 20:15:00,9.4
2025-01-19 20:30:00,8.7
2025-01-19 20:45:00,9.5
2025-01-19 21:00:00,9.3
2025-01-19 21:15:00,11.5
2025-01-19 21:30:00,11.1
2025-01-19 21:45:00,11.1
2025-01-19 22:00:00,11.7
2025-01-19 22:15:00,11.6
2025-01-19 22:30:00,11.5
2025-01-19 22:45:00,11.2
2025-01-19 23:00:00,10.9
2025-01-19 23:15:00,9.9
2025-01-19 23:30:00,10.5
2025-01-19 23:45:00,9.8
2025-01-20 00:00:00,9.9
2025-01-20 00:15:00,10.2
2025-01-20 00:30:00,9.5
2025-01-20 00:45:00,9.0
2025-01-20 01:00:00,
2025-01-20 01:15:00,
2025-01-20 01:30:00,
2025-01-20 01:45:00,
2025-01-20 02:00:00,
2025-01-20 02:15:00,
2025-01-20 02:30:00,
2025-01-20 02:45:00,
2025-01-20 03:00:00,
2025-01-20 03:15:00,
2025-01-20 03:30:00,
2025-01-20 03:45:00,7.4
2025-01-20 04:00:00,7.7
2025-01-20 04:15:00,6.5
2025-01-20 04:30:00,
2025-01-20 04:45:00,6.9
2025-01-20 05:00:00,6.6
2025-01-20 05:15:00,
2025-01-20 05:30:00,6.6
2025-01-20 05:45:00,
2025-01-20 06:00:00,6.4
2025-01-20 06:15:00,6.7
2025-01-20 06:30:00,6.3
2025-01-20 06:45:00,6.6
2025-01-20 07:00:00,7.4
2025-01-20 07:15:00,7.9
2025-01-20 07:30:00,7.8
2025-01-20 07:45:00,7.6
2025-01-20 08:00:00,6.9
2025-01-20 08:15:00,7.2
2025-01-20 08:30:00,7.4
2025-01-20 08:45:00,7.7
2025-01-20 09:00:00,6.9
2025-01-20 09:15:00,7.3
2025-01-20 09:30:00,7.2
2025-01-20 09:45:00,7.9
2025-01-20 10:00:00,7.6
2025-01-20 10:15:00,7.9
2025-01-20 10:30:00,7.6
2025-01-20 10:45:00,8.1
2025-01-20 11:00:00,7.3
2025-01-20 11:15:00,6.7
2025-01-20 11:30:00,7.1
2025-01-20 11:45:00,7.0
2025-01-20 12:00:00,7.0
2025-01-20 12:15:00,6.6
2025-01-20 12:30:00,6.6
2025-01-20 12:45:00,7.5
2025-01-20 13:00:00,7.1
2025-01-20 13:15:00,6.9
2025-01-20 13:30:00,6.7
2025-01-20 13:45:00,7.3
2025-01-20 14:00:00,6.8
2025-01-20 14:15:00,
2025-01-20 14:30:00,7.4
2025-01-20 14:45:00,6.8
2025-01-20 15:00:00,7.4
2025-01-20 15:15:00,7.1
2025-01-20 15:30:00,7.5
2025-01-20 15:45:00,6.7
2025-01-20 16:00:00,7.4
2025-01-20 16:15:00,7.2
2025-01-20 16:30:00,7.3
2025-01-20 16:45:00,7.9
2025-01-20 17:00:00,8.0
2025-01-20 17:15:00,6.7
2025-01-20 17:30:00,7.4
2025-01-20 17:45:00,7.3
2025-01-20 18:00:00,7.7
2025-01-20 18:15:00,8.5
2025-01-20 18:30:00,
2025-01-20 18:45:00,7.6
2025-01-20 19:00:00,6.9
2025-01-20 19:15:00,7.5
2025-01-20 19:30:00,8.1
2025-01-20 19:45:00,9.9
2025-01-20 20:00:00,8.5
2025-01-20 20:15:00,8.7
2025-01-20 20:30:00,8.4
2025-01-20 20:45:00,9.4
2025-01-20 21:00:00,9.2
2025-01-20 21:15:00,10.1
2025-01-20 21:30:00,10.4
2025-01-20 21:45:00,10.0
2025-01-20 22:00:00,8.6
2025-01-20 22:15:00,7.9
2025-01-20 22:30:00,9.4
2025-01-20 22:45:00,10.2
2025-01-20 23:00:00,9.0
2025-01-20 23:15:00,8.0
2025-01-20 23:30:00,8.1
2025-01-20 23:45:00,
2025-01-21 00:00:00,8.7
2025-01-21 00:15:00,7.4
2025-01-21 00:30:00,9.0
2025-01-21 00:45:00,8.1
2025-01-21 01:00:00,5.7
2025-01-21 01:15:00,5.3
2025-01-21 01:30:00,
2025-01-21 01:45:00,6.1
2025-01-21 02:00:00,5.1
2025-01-21 02:15:00,4.9
2025-01-21 02:30:00,4.8
2025-01-21 02:45:00,5.1
2025-01-21 03:00:00,6.4
2025-01-21 03:15:00,6.9
2025-01-21 03:30:00,6.9
2025-01-21 03:45:00,6.9
2025-01-21 04:00:00,6.9
2025-01-21 04:15:00,6.9
2025-01-21 04:30:00,6.9
2025-01-21 04:45:00,6.9
2025-01-21 05:00:00,6.9
2025-01-21 05:15:00,6.9
2025-01-21 05:30:00,6.9
2025-01-21 05:45:00,6.9
2025-01-21 06:00:00,6.9
2025-01-21 06:15:00,6.9
2025-01-21 06:30:00,
2025-01-21 06:45:00,6.9
2025-01-21 07:00:00,6.9
2025-01-21 07:15:00,6.9
2025-01-21 07:30:00,6.9
2025-01-21 07:45:00,6.9
2025-01-21 08:00:00,
2025-01-21 08:15:00,
2025-01-21 08:30:00,6.9
2025-01-21 08:45:00,6.9
2025-01-21 09:00:00,6.9
2025-01-21 09:15:00,6.9
2025-01-21 09:30:00,6.9
2025-01-21 09:45:00,6.9
2025-01-21 10:00:00,6.9
2025-01-21 10:15:00,6.9
2025-01-21 10:30:00,
2025-01-21 10:45:00,
2025-01-21 11:00:00,6.9
2025-01-21 11:15:00,6.0
2025-01-21 11:30:00,6.6
2025-01-21 11:45:00,7.0
2025-01-21 12:00:00,6.9
2025-01-21 12:15:00,
2025-01-21 12:30:00,6.7
2025-01-21 12:45:00,7.2
2025-01-21 13:00:00,
2025-01-21 13:15:00,7.2
2025-01-21 13:30:00,
2025-01-21 13:45:00,7.3
2025-01-21 14:00:00,7.4
2025-01-21 14:15:00,7.3
2025-01-21 14:30:00,
2025-01-21 14:45:00,7.3
2025-01-21 15:00:00,
2025-01-21 15:15:00,7.1
2025-01-21 15:30:00,
2025-01-21 15:45:00,6.4
2025-01-21 16:00:00,
2025-01-21 16:15:00,6.9
2025-01-21 16:30:00,7.0
2025-01-21 16:45:00,7.1
2025-01-21 17:00:00,7.5
2025-01-21 17:15:00,6.9
2025-01-21 17:30:00,7.1
2025-01-21 17:45:00,
2025-01-21 18:00:00,
2025-01-21 18:15:00,7.0
2025-01-21 18:30:00,6.8
2025-01-21 18:45:00,6.7
2025-01-21 19:00:00,7.1
2025-01-21 19:15:00,7.2
2025-01-21 19:30:00,7.2
2025-01-21 19:45:00,7.3
2025-01-21 20:00:00,7.7
2025-01-21 20:15:00,7.6
2025-01-21 20:30:00,8.0
2025-01-21 20:45:00,
2025-01-21 21:00:00,
2025-01-21 21:15:00,7.3
2025-01-21 21:30:00,8.0
2025-01-21 21:45:00,7.7
2025-01-21 22:00:00,7.6
2025-01-21 22:15:00,7.2
2025-01-21 22:30:00,
2025-01-21 22:45:00,7.4
2025-01-21 23:00:00,9.736502697152982
2025-01-21 23:15:00,8.836502697152984
2025-01-21 23:30:00,8.636502697152983
2025-01-21 23:45:00,
2025-01-22 00:00:00,6.6
2025-01-22 00:15:00,7.2
2025-01-22 00:30:00,6.8
2025-01-22 00:45:00,6.6
2025-01-22 01:00:00,6.6
2025-01-22 01:15:00,6.7
2025-01-22 01:30:00,7.1
2025-01-22 01:45:00,6.5
2025-01-22 02:00:00,
2025-01-22 02:15:00,7.1
2025-01-22 02:30:00,7.2
2025-01-22 02:45:00,
2025-01-22 03:00:00,6.5
2025-01-22 03:15:00,7.0
2025-01-22 03:30:00,7.0
2025-01-22 03:45:00,
2025-01-22 04:00:00,6.6
2025-01-22 04:15:00,6.7
2025-01-22 04:30:00,
2025-01-22 04:45:00,6.4
2025-01-22 05:00:00,7.0
2025-01-22 05:15:00,6.6
2025-01-22 05:30:00,
2025-01-22 05:45:00,6.7
2025-01-22 06:00:00,6.9
2025-01-22 06:15:00,6.8
2025-01-22 06:30:00,6.2
2025-01-22 06:45:00,6.7
2025-01-22 07:00:00,
2025-01-22 07:15:00,6.7
2025-01-22 07:30:00,5.8
2025-01-22 07:45:00,
2025-01-22 08:00:00,6.0
2025-01-22 08:15:00,6.7
2025-01-22 08:30:00,6.2
2025-01-22 08:45:00,6.4
2025-01-22 09:00:00,6.1
2025-01-22 09:15:00,6.2
2025-01-22 09:30:00,6.8
2025-01-22 09:45:00,6.3
2025-01-22 10:00:00,6.7
2025-01-22 10:15:00,6.5
2025-01-22 10:30:00,6.3
2025-01-22 10:45:00,6.2
2025-01-22 11:00:00,
2025-01-22 11:15:00,
2025-01-22 11:30:00,
2025-01-22 11:45:00,
2025-01-22 12:00:00,
2025-01-22 12:15:00,
2025-01-22 12:30:00,
2025-01-22 12:45:00,
2025-01-22 13:00:00,
2025-01-22 13:15:00,
2025-01-22 13:30:00,
2025-01-22 13:45:00,
2025-01-22 14:00:00,
2025-01-22 14:15:00,
2025-01-22 14:30:00,
2025-01-22 14:45:00,
2025-01-22 15:00:00,7.0
2025-01-22 15:15:00,7.3
2025-01-22 15:30:00,
2025-01-22 15:45:00,6.9
2025-01-22 16:00:00,6.8
2025-01-22 16:15:00,7.4
2025-01-22 16:30:00,6.8
2025-01-22 16:45:00,6.5
2025-01-22 17:00:00,
2025-01-22 17:15:00,6.7
2025-01-22 17:30:00,
2025-01-22 17:45:00,6.8
2025-01-22 18:00:00,6.8
2025-01-22 18:15:00,7.4
2025-01-22 18:30:00,
2025-01-22 18:45:00,7.4
2025-01-22 19:00:00,7.4
2025-01-22 19:15:00,7.4
2025-01-22 19:30:00,7.4
2025-01-22 19:45:00,7.4
2025-01-22 20:00:00,7.4
2025-01-22 20:15:00,7.4
2025-01-22 20:30:00,7.4
2025-01-22 20:45:00,7.4
2025-01-22 21:00:00,7.4
2025-01-22 21:15:00,7.4
2025-01-22 21:30:00,7.4
2025-01-22 21:45:00,7.4
2025-01-22 22:00:00,
2025-01-22 22:15:00,7.4
2025-01-22 22:30:00,7.4
2025-01-22 22:45:00,7.4
2025-01-22 23:00:00,7.4
2025-01-22 23:15:00,7.4
2025-01-22 23:30:00,7.4
2025-01-22 23:45:00,7.4
2025-01-23 00:00:00,7.4
2025-01-23 00:15:00,7.4
2025-01-23 00:30:00,7.4
2025-01-23 00:45:00,7.4
2025-01-23 01:00:00,7.4
2025-01-23 01:15:00,7.4
2025-01-23 01:30:00,7.4
2025-01-23 01:45:00,7.4
2025-01-23 02:00:00,7.4
2025-01-23 02:15:00,7.4
2025-01-23 02:30:00,7.4
2025-01-23 02:45:00,7.4
2025-01-23 03:00:00,7.4
2025-01-23 03:15:00,7.4
2025-01-23 03:30:00,7.4
2025-01-23 03:45:00,7.4
2025-01-23 04:00:00,7.4
2025-01-23 04:15:00,7.4
2025-01-23 04:30:00,7.4
2025-01-23 04:45:00,7.4
2025-01-23 05:00:00,6.6
2025-01-23 05:15:00,4.9
2025-01-23 05:30:00,4.8
2025-01-23 05:45:00,5.4
2025-01-23 06:00:00,5.0
2025-01-23 06:15:00,4.9
2025-01-23 06:30:00,5.7
2025-01-23 06:45:00,4.4
2025-01-23 07:00:00,4.8
2025-01-23 07:15:00,4.7
2025-01-23 07:30:00,6.2
2025-01-23 07:45:00,5.4
2025-01-23 08:00:00,6.0
2025-01-23 08:15:00,5.5
2025-01-23 08:30:00,5.5
2025-01-23 08:45:00,5.8
2025-01-23 09:00:00,5.8
2025-01-23 09:15:00,5.4
2025-01-23 09:30:00,5.8
2025-01-23 09:45:00,5.6
2025-01-23 10:00:00,5.4
2025-01-23 10:15:00,5.5
2025-01-23 10:30:00,5.1
2025-01-23 10:45:00,6.0
2025-01-23 11:00:00,
2025-01-23 11:15:00,
2025-01-23 11:30:00,5.8
2025-01-23 11:45:00,6.0
2025-01-23 12:00:00,5.9
2025-01-23 12:15:00,6.0
2025-01-23 12:30:00,5.1
2025-01-23 12:45:00,5.4
2025-01-23 13:00:00,5.4
2025-01-23 13:15:00,5.5
2025-01-23 13:30:00,5.3
2025-01-23 13:45:00,6.1
2025-01-23 14:00:00,6.3
2025-01-23 14:15:00,5.7
2025-01-23 14:30:00,5.5
2025-01-23 14:45:00,5.9
2025-01-23 15:00:00,5.7
2025-01-23 15:15:00,5.3
2025-01-23 15:30:00,6.1
2025-01-23 15:45:00,6.5
2025-01-23 16:00:00,6.4
2025-01-23 16:15:00,6.4
2025-01-23 16:30:00,6.8
2025-01-23 16:45:00,5.4
2025-01-23 17:00:00,5.7
2025-01-23 17:15:00,6.8
2025-01-23 17:30:00,5.6
2025-01-23 17:45:00,8.1
2025-01-23 18:00:00,5.5
2025-01-23 18:15:00,6.9
2025-01-23 18:30:00,8.7
2025-01-23 18:45:00,9.8
2025-01-23 19:00:00,9.3
