datetime,value
2023-12-26 19:30:00,2.9
2023-12-26 19:45:00,2.8
2023-12-26 20:00:00,
2023-12-26 20:15:00,
2023-12-26 20:30:00,
2023-12-26 20:45:00,2.8
2023-12-26 21:00:00,3.0
2023-12-26 21:15:00,2.9
2023-12-26 21:30:00,2.6
2023-12-26 21:45:00,2.8
2023-12-26 22:00:00,2.8
2023-12-26 22:15:00,2.7
2023-12-26 22:30:00,2.7
2023-12-26 22:45:00,
2023-12-26 23:00:00,
2023-12-26 23:15:00,
2023-12-26 23:30:00,
2023-12-26 23:45:00,
2023-12-27 00:00:00,
2023-12-27 00:15:00,
2023-12-27 00:30:00,2.9
2023-12-27 00:45:00,3.0
2023-12-27 01:00:00,3.0
2023-12-27 01:15:00,2.9
2023-12-27 01:30:00,3.0
2023-12-27 01:45:00,2.9
2023-12-27 02:00:00,2.9
2023-12-27 02:15:00,2.8
2023-12-27 02:30:00,2.8
2023-12-27 02:45:00,2.9
2023-12-27 03:00:00,2.7
2023-12-27 03:15:00,2.8
2023-12-27 03:30:00,2.8
2023-12-27 03:45:00,2.8
2023-12-27 04:00:00,2.6
2023-12-27 04:15:00,2.7
2023-12-27 04:30:00,2.6
2023-12-27 04:45:00,2.8
2023-12-27 05:00:00,2.7
2023-12-27 05:15:00,2.7
2023-12-27 05:30:00,2.7
2023-12-27 05:45:00,2.6
2023-12-27 06:00:00,2.6
2023-12-27 06:15:00,2.7
2023-12-27 06:30:00,2.7
2023-12-27 06:45:00,2.7
2023-12-27 07:00:00,2.7
2023-12-27 07:15:00,2.6
2023-12-27 07:30:00,2.7
2023-12-27 07:45:00,2.7
2023-12-27 08:00:00,2.6
2023-12-27 08:15:00,2.6
2023-12-27 08:30:00,2.9
2023-12-27 08:45:00,2.5
2023-12-27 09:00:00,2.5
2023-12-27 09:15:00,2.5
2023-12-27 09:30:00,2.6
2023-12-27 09:45:00,2.7
2023-12-27 10:00:00,2.7
2023-12-27 10:15:00,2.4
2023-12-27 10:30:00,2.7
2023-12-27 10:45:00,2.5
2023-12-27 11:00:00,2.6
2023-12-27 11:15:00,2.7
2023-12-27 11:30:00,2.6
2023-12-27 11:45:00,2.6
2023-12-27 12:00:00,2.6
2023-12-27 12:15:00,2.7
2023-12-27 12:30:00,2.6
2023-12-27 12:45:00,2.6
2023-12-27 13:00:00,2.6
2023-12-27 13:15:00,2.5
2023-12-27 13:30:00,2.7
2023-12-27 13:45:00,2.7
2023-12-27 14:00:00,2.5
2023-12-27 14:15:00,2.7
2023-12-27 14:30:00,2.7
2023-12-27 14:45:00,2.8
2023-12-27 15:00:00,2.7
2023-12-27 15:15:00,4.03578642700364
2023-12-27 15:30:00,3.9357864270036407
2023-12-27 15:45:00,3.9357864270036407
2023-12-27 16:00:00,2.6
2023-12-27 16:15:00,2.7
2023-12-27 16:30:00,2.7
2023-12-27 16:45:00,2.6
2023-12-27 17:00:00,2.6
2023-12-27 17:15:00,2.7
2023-12-27 17:30:00,2.8
2023-12-27 17:45:00,2.6
2023-12-27 18:00:00,2.7
2023-12-27 18:15:00,2.7
2023-12-27 18:30:00,2.6
2023-12-27 18:45:00,2.7
2023-12-27 19:00:00,2.6
2023-12-27 19:15:00,2.7
2023-12-27 19:30:00,2.6
2023-12-27 19:45:00,2.7
2023-12-27 20:00:00,2.6
2023-12-27 20:15:00,2.6
2023-12-27 20:30:00,2.7
2023-12-27 20:45:00,2.8
2023-12-27 21:00:00,2.7
2023-12-27 21:15:00,2.7
2023-12-27 21:30:00,2.6
2023-12-27 21:45:00,2.7
2023-12-27 22:00:00,2.7
2023-12-27 22:15:00,2.7
2023-12-27 22:30:00,2.7
2023-12-27 22:45:00,2.6
2023-12-27 23:00:00,
2023-12-27 23:15:00,2.6
2023-12-27 23:30:00,2.7
2023-12-27 23:45:00,2.7
2023-12-28 00:00:00,2.7
2023-12-28 00:15:00,2.6
2023-12-28 00:30:00,2.7
2023-12-28 00:45:00,2.7
2023-12-28 01:00:00,2.7
2023-12-28 01:15:00,
2023-12-28 01:30:00,
2023-12-28 01:45:00,
2023-12-28 02:00:00,
2023-12-28 02:15:00,
2023-12-28 02:30:00,
2023-12-28 02:45:00,
2023-12-28 03:00:00,
2023-12-28 03:15:00,
2023-12-28 03:30:00,
2023-12-28 03:45:00,
2023-12-28 04:00:00,
2023-12-28 04:15:00,
2023-12-28 04:30:00,
2023-12-28 04:45:00,
2023-12-28 05:00:00,
2023-12-28 05:15:00,
2023-12-28 05:30:00,
2023-12-28 05:45:00,
2023-12-28 06:00:00,
2023-12-28 06:15:00,
2023-12-28 06:30:00,
2023-12-28 06:45:00,
2023-12-28 07:00:00,2.5
2023-12-28 07:15:00,2.6
2023-12-28 07:30:00,2.5
2023-12-28 07:45:00,2.5
2023-12-28 08:00:00,2.6
2023-12-28 08:15:00,2.6
2023-12-28 08:30:00,2.6
2023-12-28 08:45:00,2.5
2023-12-28 09:00:00,2.5
2023-12-28 09:15:00,2.5
2023-12-28 09:30:00,2.4
2023-12-28 09:45:00,2.4
2023-12-28 10:00:00,2.5
2023-12-28 10:15:00,2.4
2023-12-28 10:30:00,2.5
2023-12-28 10:45:00,2.5
2023-12-28 11:00:00,2.5
2023-12-28 11:15:00,
2023-12-28 11:30:00,2.5
2023-12-28 11:45:00,2.7
2023-12-28 12:00:00,2.5
2023-12-28 12:15:00,2.6
2023-12-28 12:30:00,2.7
2023-12-28 12:45:00,2.7
2023-12-28 13:00:00,
2023-12-28 13:15:00,2.5
2023-12-28 13:30:00,2.6
2023-12-28 13:45:00,2.5
2023-12-28 14:00:00,2.6
2023-12-28 14:15:00,2.5
2023-12-28 14:30:00,2.5
2023-12-28 14:45:00,2.6
2023-12-28 15:00:00,2.5
2023-12-28 15:15:00,2.5
2023-12-28 15:30:00,3.2
2023-12-28 15:45:00,2.8
2023-12-28 16:00:00,2.7
2023-12-28 16:15:00,2.7
2023-12-28 16:30:00,2.6
2023-12-28 16:45:00,2.6
2023-12-28 17:00:00,2.6
2023-12-28 17:15:00,2.6
2023-12-28 17:30:00,2.6
2023-12-28 17:45:00,2.6
2023-12-28 18:00:00,2.5
2023-12-28 18:15:00,2.5
2023-12-28 18:30:00,2.7
2023-12-28 18:45:00,3.5895489442765314
2023-12-28 19:00:00,3.6895489442765315
2023-12-28 19:15:00,3.6895489442765315
2023-12-28 19:30:00,2.8
2023-12-28 19:45:00,2.8
2023-12-28 20:00:00,2.7
2023-12-28 20:15:00,2.7
2023-12-28 20:30:00,2.9
2023-12-28 20:45:00,2.8
2023-12-28 21:00:00,2.8
2023-12-28 21:15:00,2.8
2023-12-28 21:30:00,2.8
2023-12-28 21:45:00,2.7
2023-12-28 22:00:00,2.9
2023-12-28 22:15:00,2.8
2023-12-28 22:30:00,2.8
2023-12-28 22:45:00,2.9
2023-12-28 23:00:00,2.9
2023-12-28 23:15:00,2.7
2023-12-28 23:30:00,2.9
2023-12-28 23:45:00,2.8
2023-12-29 00:00:00,2.9
2023-12-29 00:15:00,2.8
2023-12-29 00:30:00,2.7
2023-12-29 00:45:00,2.8
2023-12-29 01:00:00,2.8
2023-12-29 01:15:00,2.8
2023-12-29 01:30:00,2.8
2023-12-29 01:45:00,2.7
2023-12-29 02:00:00,2.8
2023-12-29 02:15:00,2.9
2023-12-29 02:30:00,2.8
2023-12-29 02:45:00,2.9
2023-12-29 03:00:00,2.8
2023-12-29 03:15:00,2.7
2023-12-29 03:30:00,2.8
2023-12-29 03:45:00,2.8
2023-12-29 04:00:00,2.7
2023-12-29 04:15:00,2.8
2023-12-29 04:30:00,2.9
2023-12-29 04:45:00,2.8
2023-12-29 05:00:00,2.7
2023-12-29 05:15:00,2.7
2023-12-29 05:30:00,2.9
2023-12-29 05:45:00,2.7
2023-12-29 06:00:00,2.6
2023-12-29 06:15:00,2.7
2023-12-29 06:30:00,2.8
2023-12-29 06:45:00,2.7
2023-12-29 07:00:00,2.8
2023-12-29 07:15:00,2.6
2023-12-29 07:30:00,2.6
2023-12-29 07:45:00,2.7
2023-12-29 08:00:00,2.6
2023-12-29 08:15:00,2.7
2023-12-29 08:30:00,3.0
2023-12-29 08:45:00,2.7
2023-12-29 09:00:00,2.6
2023-12-29 09:15:00,2.6
2023-12-29 09:30:00,2.6
2023-12-29 09:45:00,2.7
2023-12-29 10:00:00,2.6
2023-12-29 10:15:00,2.7
2023-12-29 10:30:00,2.7
2023-12-29 10:45:00,2.6
2023-12-29 11:00:00,2.7
2023-12-29 11:15:00,2.6
2023-12-29 11:30:00,2.6
2023-12-29 11:45:00,2.7
2023-12-29 12:00:00,2.6
2023-12-29 12:15:00,2.6
2023-12-29 12:30:00,2.6
2023-12-29 12:45:00,2.6
2023-12-29 13:00:00,2.7
2023-12-29 13:15:00,2.6
2023-12-29 13:30:00,2.6
2023-12-29 13:45:00,2.6
2023-12-29 14:00:00,2.7
2023-12-29 14:15:00,2.6
2023-12-29 14:30:00,2.6
2023-12-29 14:45:00,2.6
2023-12-29 15:00:00,2.5
2023-12-29 15:15:00,2.7
2023-12-29 15:30:00,
2023-12-29 15:45:00,2.7
2023-12-29 16:00:00,
2023-12-29 16:15:00,2.8
2023-12-29 16:30:00,2.6
2023-12-29 16:45:00,2.6
2023-12-29 17:00:00,2.6
2023-12-29 17:15:00,2.6
2023-12-29 17:30:00,2.6
2023-12-29 17:45:00,2.5
2023-12-29 18:00:00,2.6
2023-12-29 18:15:00,2.6
2023-12-29 18:30:00,2.5
2023-12-29 18:45:00,2.4
2023-12-29 19:00:00,2.4
2023-12-29 19:15:00,2.5
2023-12-29 19:30:00,2.4
2023-12-29 19:45:00,2.5
2023-12-29 20:00:00,2.4
2023-12-29 20:15:00,2.4
2023-12-29 20:30:00,2.4
2023-12-29 20:45:00,2.4
2023-12-29 21:00:00,2.4
2023-12-29 21:15:00,2.4
2023-12-29 21:30:00,2.3
2023-12-29 21:45:00,2.4
2023-12-29 22:00:00,2.4
2023-12-29 22:15:00,2.4
2023-12-29 22:30:00,2.4
2023-12-29 22:45:00,2.4
2023-12-29 23:00:00,2.4
2023-12-29 23:15:00,2.5
2023-12-29 23:30:00,2.4
2023-12-29 23:45:00,2.4
2023-12-30 00:00:00,2.4
2023-12-30 00:15:00,2.5
2023-12-30 00:30:00,3.2394673015985553
2023-12-30 00:45:00,2.5
2023-12-30 01:00:00,2.4
2023-12-30 01:15:00,2.4
2023-12-30 01:30:00,2.4
2023-12-30 01:45:00,2.5
2023-12-30 02:00:00,2.5
2023-12-30 02:15:00,2.5
2023-12-30 02:30:00,2.5
2023-12-30 02:45:00,2.7
2023-12-30 03:00:00,2.6
2023-12-30 03:15:00,2.6
2023-12-30 03:30:00,2.7
2023-12-30 03:45:00,2.7
2023-12-30 04:00:00,2.7
2023-12-30 04:15:00,2.6
2023-12-30 04:30:00,2.7
2023-12-30 04:45:00,2.7
2023-12-30 05:00:00,2.6
2023-12-30 05:15:00,2.7
2023-12-30 05:30:00,2.6
2023-12-30 05:45:00,2.5
2023-12-30 06:00:00,2.7
2023-12-30 06:15:00,2.6
2023-12-30 06:30:00,2.8
2023-12-30 06:45:00,2.5
2023-12-30 07:00:00,2.5
2023-12-30 07:15:00,2.5
2023-12-30 07:30:00,2.5
2023-12-30 07:45:00,2.5
2023-12-30 08:00:00,2.5
2023-12-30 08:15:00,
2023-12-30 08:30:00,2.5
2023-12-30 08:45:00,2.5
2023-12-30 09:00:00,2.5
2023-12-30 09:15:00,2.6
2023-12-30 09:30:00,2.6
2023-12-30 09:45:00,2.6
2023-12-30 10:00:00,2.6
2023-12-30 10:15:00,2.5
2023-12-30 10:30:00,2.6
2023-12-30 10:45:00,2.6
2023-12-30 11:00:00,2.5
2023-12-30 11:15:00,2.4
2023-12-30 11:30:00,2.5
2023-12-30 11:45:00,2.5
2023-12-30 12:00:00,2.5
2023-12-30 12:15:00,2.5
2023-12-30 12:30:00,2.4
2023-12-30 12:45:00,2.6
2023-12-30 13:00:00,2.5
2023-12-30 13:15:00,2.5
2023-12-30 13:30:00,2.4
2023-12-30 13:45:00,2.5
2023-12-30 14:00:00,2.3
2023-12-30 14:15:00,2.4
2023-12-30 14:30:00,2.5
2023-12-30 14:45:00,2.4
2023-12-30 15:00:00,2.5
2023-12-30 15:15:00,2.4
2023-12-30 15:30:00,2.3
2023-12-30 15:45:00,
2023-12-30 16:00:00,2.8
2023-12-30 16:15:00,2.6
2023-12-30 16:30:00,
2023-12-30 16:45:00,
2023-12-30 17:00:00,2.7
2023-12-30 17:15:00,2.5
2023-12-30 17:30:00,2.3
2023-12-30 17:45:00,2.3
2023-12-30 18:00:00,2.4
2023-12-30 18:15:00,2.3
2023-12-30 18:30:00,2.3
2023-12-30 18:45:00,2.3
2023-12-30 19:00:00,2.3
2023-12-30 19:15:00,2.3
2023-12-30 19:30:00,2.3
2023-12-30 19:45:00,2.4
2023-12-30 20:00:00,2.3
2023-12-30 20:15:00,2.2
2023-12-30 20:30:00,2.3
2023-12-30 20:45:00,2.3
2023-12-30 21:00:00,2.4
2023-12-30 21:15:00,2.3
2023-12-30 21:30:00,2.3
2023-12-30 21:45:00,2.2
2023-12-30 22:00:00,2.3
2023-12-30 22:15:00,2.3
2023-12-30 22:30:00,2.3
2023-12-30 22:45:00,2.4
2023-12-30 23:00:00,2.3
2023-12-30 23:15:00,2.4
2023-12-30 23:30:00,2.6
2023-12-30 23:45:00,2.4
2023-12-31 00:00:00,2.3
2023-12-31 00:15:00,2.3
2023-12-31 00:30:00,2.3
2023-12-31 00:45:00,2.1
2023-12-31 01:00:00,
2023-12-31 01:15:00,
2023-12-31 01:30:00,
2023-12-31 01:45:00,2.3
2023-12-31 02:00:00,2.3
2023-12-31 02:15:00,2.2
2023-12-31 02:30:00,2.2
2023-12-31 02:45:00,2.3
2023-12-31 03:00:00,2.2
2023-12-31 03:15:00,2.1
2023-12-31 03:30:00,2.2
2023-12-31 03:45:00,2.3
2023-12-31 04:00:00,2.3
2023-12-31 04:15:00,2.4
2023-12-31 04:30:00,2.2
2023-12-31 04:45:00,2.2
2023-12-31 05:00:00,2.2
2023-12-31 05:15:00,2.2
2023-12-31 05:30:00,2.2
2023-12-31 05:45:00,2.4
2023-12-31 06:00:00,2.2
2023-12-31 06:15:00,2.4
2023-12-31 06:30:00,2.2
2023-12-31 06:45:00,2.3
2023-12-31 07:00:00,2.3
2023-12-31 07:15:00,2.3
2023-12-31 07:30:00,2.2
2023-12-31 07:45:00,2.2
2023-12-31 08:00:00,2.2
2023-12-31 08:15:00,2.2
2023-12-31 08:30:00,2.2
2023-12-31 08:45:00,2.1
2023-12-31 09:00:00,2.2
2023-12-31 09:15:00,2.2
2023-12-31 09:30:00,2.1
2023-12-31 09:45:00,2.3
2023-12-31 10:00:00,2.2
2023-12-31 10:15:00,2.1
2023-12-31 10:30:00,2.3
2023-12-31 10:45:00,2.2
2023-12-31 11:00:00,2.2
2023-12-31 11:15:00,2.2
2023-12-31 11:30:00,2.2
2023-12-31 11:45:00,2.2
2023-12-31 12:00:00,2.2
2023-12-31 12:15:00,2.3
2023-12-31 12:30:00,3.706417449173187
2023-12-31 12:45:00,3.706417449173187
2023-12-31 13:00:00,3.706417449173187
2023-12-31 13:15:00,2.2
2023-12-31 13:30:00,2.2
2023-12-31 13:45:00,2.3
2023-12-31 14:00:00,2.2
2023-12-31 14:15:00,2.2
2023-12-31 14:30:00,2.2
2023-12-31 14:45:00,2.3
2023-12-31 15:00:00,2.2
2023-12-31 15:15:00,2.2
2023-12-31 15:30:00,2.4
2023-12-31 15:45:00,2.5
2023-12-31 16:00:00,
2023-12-31 16:15:00,
2023-12-31 16:30:00,
2023-12-31 16:45:00,2.5
2023-12-31 17:00:00,2.2
2023-12-31 17:15:00,2.2
2023-12-31 17:30:00,2.3
2023-12-31 17:45:00,4.696443664791998
2023-12-31 18:00:00,4.7964436647919975
2023-12-31 18:15:00,2.1
2023-12-31 18:30:00,2.1
2023-12-31 18:45:00,2.2
2023-12-31 19:00:00,2.1
2023-12-31 19:15:00,2.2
2023-12-31 19:30:00,2.1
2023-12-31 19:45:00,2.1
2023-12-31 20:00:00,2.2
2023-12-31 20:15:00,2.2
2023-12-31 20:30:00,2.0
2023-12-31 20:45:00,2.1
2023-12-31 21:00:00,2.1
2023-12-31 21:15:00,2.1
2023-12-31 21:30:00,2.1
2023-12-31 21:45:00,2.1
2023-12-31 22:00:00,2.1
2023-12-31 22:15:00,2.2
2023-12-31 22:30:00,2.1
2023-12-31 22:45:00,2.0
2023-12-31 23:00:00,2.1
2023-12-31 23:15:00,2.1
2023-12-31 23:30:00,2.1
2023-12-31 23:45:00,2.2
2024-01-01 00:00:00,2.2
2024-01-01 00:15:00,2.2
2024-01-01 00:30:00,2.1
2024-01-01 00:45:00,2.1
2024-01-01 01:00:00,2.2
2024-01-01 01:15:00,2.3
2024-01-01 01:30:00,2.2
2024-01-01 01:45:00,2.1
2024-01-01 02:00:00,2.1
2024-01-01 02:15:00,2.1
2024-01-01 02:30:00,2.1
2024-01-01 02:45:00,2.2
2024-01-01 03:00:00,2.1
2024-01-01 03:15:00,2.0
2024-01-01 03:30:00,2.1
2024-01-01 03:45:00,2.2
2024-01-01 04:00:00,2.0
2024-01-01 04:15:00,2.1
2024-01-01 04:30:00,2.1
2024-01-01 04:45:00,2.4
2024-01-01 05:00:00,2.1
2024-01-01 05:15:00,2.0
2024-01-01 05:30:00,7.302947321211345
2024-01-01 05:45:00,7.302947321211345
2024-01-01 06:00:00,2.3
2024-01-01 06:15:00,2.2
2024-01-01 06:30:00,2.1
2024-01-01 06:45:00,2.1
2024-01-01 07:00:00,2.1
2024-01-01 07:15:00,2.2
2024-01-01 07:30:00,2.1
2024-01-01 07:45:00,2.1
2024-01-01 08:00:00,2.0
2024-01-01 08:15:00,1.9
2024-01-01 08:30:00,2.2
2024-01-01 08:45:00,2.2
2024-01-01 09:00:00,2.0
2024-01-01 09:15:00,2.0
2024-01-01 09:30:00,2.0
2024-01-01 09:45:00,2.1
2024-01-01 10:00:00,2.0
2024-01-01 10:15:00,2.1
2024-01-01 10:30:00,1.9
2024-01-01 10:45:00,2.1
2024-01-01 11:00:00,2.2
2024-01-01 11:15:00,2.1
2024-01-01 11:30:00,2.1
2024-01-01 11:45:00,2.0
2024-01-01 12:00:00,2.1
2024-01-01 12:15:00,2.1
2024-01-01 12:30:00,2.2
2024-01-01 12:45:00,2.1
2024-01-01 13:00:00,2.0
2024-01-01 13:15:00,2.0
2024-01-01 13:30:00,2.0
2024-01-01 13:45:00,2.0
2024-01-01 14:00:00,2.1
2024-01-01 14:15:00,2.0
2024-01-01 14:30:00,2.0
2024-01-01 14:45:00,2.3
2024-01-01 15:00:00,2.5
2024-01-01 15:15:00,2.1
2024-01-01 15:30:00,2.1
2024-01-01 15:45:00,
2024-01-01 16:00:00,2.6
2024-01-01 16:15:00,2.2
2024-01-01 16:30:00,2.1
2024-01-01 16:45:00,2.1
2024-01-01 17:00:00,1.9
2024-01-01 17:15:00,2.0
2024-01-01 17:30:00,2.0
2024-01-01 17:45:00,2.0
2024-01-01 18:00:00,1.9
2024-01-01 18:15:00,2.0
2024-01-01 18:30:00,2.0
2024-01-01 18:45:00,2.0
2024-01-01 19:00:00,2.0
2024-01-01 19:15:00,2.0
2024-01-01 19:30:00,1.9
2024-01-01 19:45:00,1.9
2024-01-01 20:00:00,1.9
2024-01-01 20:15:00,1.9
2024-01-01 20:30:00,1.9
2024-01-01 20:45:00,1.9
2024-01-01 21:00:00,1.9
2024-01-01 21:15:00,2.0
2024-01-01 21:30:00,1.9
2024-01-01 21:45:00,1.9
2024-01-01 22:00:00,2.0
2024-01-01 22:15:00,1.9
2024-01-01 22:30:00,1.9
2024-01-01 22:45:00,1.9
2024-01-01 23:00:00,1.9
2024-01-01 23:15:00,1.9
2024-01-01 23:30:00,1.9
2024-01-01 23:45:00,1.9
2024-01-02 00:00:00,1.9
2024-01-02 00:15:00,1.9
2024-01-02 00:30:00,2.2
2024-01-02 00:45:00,2.2
2024-01-02 01:00:00,1.9
2024-01-02 01:15:00,1.8
2024-01-02 01:30:00,1.9
2024-01-02 01:45:00,1.9
2024-01-02 02:00:00,1.9
2024-01-02 02:15:00,1.9
2024-01-02 02:30:00,2.0
2024-01-02 02:45:00,1.9
2024-01-02 03:00:00,1.9
2024-01-02 03:15:00,1.9
2024-01-02 03:30:00,1.9
2024-01-02 03:45:00,2.3
2024-01-02 04:00:00,1.9
2024-01-02 04:15:00,2.0
2024-01-02 04:30:00,1.9
2024-01-02 04:45:00,1.9
2024-01-02 05:00:00,1.8
2024-01-02 05:15:00,1.9
2024-01-02 05:30:00,1.9
2024-01-02 05:45:00,1.9
2024-01-02 06:00:00,1.9
2024-01-02 06:15:00,1.9
2024-01-02 06:30:00,1.8
2024-01-02 06:45:00,1.9
2024-01-02 07:00:00,1.8
2024-01-02 07:15:00,1.9
2024-01-02 07:30:00,1.9
2024-01-02 07:45:00,1.9
2024-01-02 08:00:00,1.8
2024-01-02 08:15:00,1.8
2024-01-02 08:30:00,1.7
2024-01-02 08:45:00,1.7
2024-01-02 09:00:00,1.8
2024-01-02 09:15:00,1.9
2024-01-02 09:30:00,1.9
2024-01-02 09:45:00,1.9
2024-01-02 10:00:00,1.9
2024-01-02 10:15:00,2.1
2024-01-02 10:30:00,1.8
2024-01-02 10:45:00,2.2
2024-01-02 11:00:00,1.8
2024-01-02 11:15:00,1.8
2024-01-02 11:30:00,1.9
2024-01-02 11:45:00,1.8
2024-01-02 12:00:00,1.9
2024-01-02 12:15:00,1.9
2024-01-02 12:30:00,2.0
2024-01-02 12:45:00,1.9
2024-01-02 13:00:00,1.8
2024-01-02 13:15:00,1.9
2024-01-02 13:30:00,1.9
2024-01-02 13:45:00,1.8
2024-01-02 14:00:00,1.8
2024-01-02 14:15:00,1.7
2024-01-02 14:30:00,1.8
2024-01-02 14:45:00,1.7
2024-01-02 15:00:00,1.7
2024-01-02 15:15:00,1.9
2024-01-02 15:30:00,2.1
2024-01-02 15:45:00,
2024-01-02 16:00:00,2.3
2024-01-02 16:15:00,2.3
2024-01-02 16:30:00,2.1
2024-01-02 16:45:00,1.9
2024-01-02 17:00:00,1.0486384065922048
2024-01-02 17:15:00,0.8486384065922046
2024-01-02 17:30:00,1.9
2024-01-02 17:45:00,1.8
2024-01-02 18:00:00,1.7
2024-01-02 18:15:00,1.8
2024-01-02 18:30:00,1.7
2024-01-02 18:45:00,1.8
2024-01-02 19:00:00,1.7
2024-01-02 19:15:00,1.7
2024-01-02 19:30:00,1.8
2024-01-02 19:45:00,1.8
2024-01-02 20:00:00,1.7
2024-01-02 20:15:00,1.8
2024-01-02 20:30:00,1.7
2024-01-02 20:45:00,1.7
2024-01-02 21:00:00,1.8
2024-01-02 21:15:00,1.8
2024-01-02 21:30:00,1.8
2024-01-02 21:45:00,1.7
2024-01-02 22:00:00,1.8
2024-01-02 22:15:00,1.8
2024-01-02 22:30:00,1.7
2024-01-02 22:45:00,1.7
2024-01-02 23:00:00,1.8
2024-01-02 23:15:00,1.8
2024-01-02 23:30:00,1.9
2024-01-02 23:45:00,1.9
2024-01-03 00:00:00,1.8
2024-01-03 00:15:00,1.9
2024-01-03 00:30:00,1.8
2024-01-03 00:45:00,1.9
2024-01-03 01:00:00,1.8
2024-01-03 01:15:00,1.8
2024-01-03 01:30:00,1.8
2024-01-03 01:45:00,1.8
2024-01-03 02:00:00,1.8
2024-01-03 02:15:00,1.8
2024-01-03 02:30:00,1.8
2024-01-03 02:45:00,2.797623567976241
2024-01-03 03:00:00,2.8976235679762414
2024-01-03 03:15:00,1.8
2024-01-03 03:30:00,1.8
2024-01-03 03:45:00,1.8
2024-01-03 04:00:00,1.7
2024-01-03 04:15:00,1.8
2024-01-03 04:30:00,1.7
2024-01-03 04:45:00,1.8
2024-01-03 05:00:00,1.9
2024-01-03 05:15:00,1.9
2024-01-03 05:30:00,1.9
2024-01-03 05:45:00,1.7
2024-01-03 06:00:00,1.8
2024-01-03 06:15:00,1.8
2024-01-03 06:30:00,1.8
2024-01-03 06:45:00,1.8
2024-01-03 07:00:00,1.8
2024-01-03 07:15:00,1.8
2024-01-03 07:30:00,1.8
2024-01-03 07:45:00,1.8
2024-01-03 08:00:00,1.8
2024-01-03 08:15:00,1.8
2024-01-03 08:30:00,1.8
2024-01-03 08:45:00,1.8
2024-01-03 09:00:00,1.8
2024-01-03 09:15:00,1.8
2024-01-03 09:30:00,1.8
2024-01-03 09:45:00,1.8
2024-01-03 10:00:00,1.8
2024-01-03 10:15:00,1.7
2024-01-03 10:30:00,1.7
2024-01-03 10:45:00,1.7
2024-01-03 11:00:00,1.7
2024-01-03 11:15:00,1.7
2024-01-03 11:30:00,1.7
2024-01-03 11:45:00,1.8
2024-01-03 12:00:00,1.8
2024-01-03 12:15:00,1.8
2024-01-03 12:30:00,1.8
2024-01-03 12:45:00,1.7
2024-01-03 13:00:00,1.8
2024-01-03 13:15:00,1.8
2024-01-03 13:30:00,1.8
2024-01-03 13:45:00,1.8
2024-01-03 14:00:00,1.8
2024-01-03 14:15:00,1.8
2024-01-03 14:30:00,1.8
2024-01-03 14:45:00,1.8
2024-01-03 15:00:00,1.7
2024-01-03 15:15:00,
2024-01-03 15:30:00,
2024-01-03 15:45:00,
2024-01-03 16:00:00,2.1
2024-01-03 16:15:00,
2024-01-03 16:30:00,
2024-01-03 16:45:00,1.8
2024-01-03 17:00:00,1.8
2024-01-03 17:15:00,1.7
2024-01-03 17:30:00,1.8
2024-01-03 17:45:00,1.8
2024-01-03 18:00:00,1.8
2024-01-03 18:15:00,
2024-01-03 18:30:00,1.8
2024-01-03 18:45:00,1.9
2024-01-03 19:00:00,1.9
2024-01-03 19:15:00,1.8
2024-01-03 19:30:00,1.9
2024-01-03 19:45:00,1.8
2024-01-03 20:00:00,1.9
2024-01-03 20:15:00,1.9
2024-01-03 20:30:00,1.7
2024-01-03 20:45:00,1.8
2024-01-03 21:00:00,1.8
2024-01-03 21:15:00,1.8
2024-01-03 21:30:00,0.0
2024-01-03 21:45:00,0.0
2024-01-03 22:00:00,1.8
2024-01-03 22:15:00,1.7
2024-01-03 22:30:00,1.9
2024-01-03 22:45:00,1.7
2024-01-03 23:00:00,1.9
2024-01-03 23:15:00,1.8
2024-01-03 23:30:00,1.9
2024-01-03 23:45:00,1.8
2024-01-04 00:00:00,1.8
2024-01-04 00:15:00,1.7
2024-01-04 00:30:00,1.9
2024-01-04 00:45:00,2.3
2024-01-04 01:00:00,1.8
2024-01-04 01:15:00,1.8
2024-01-04 01:30:00,1.8
2024-01-04 01:45:00,1.8
2024-01-04 02:00:00,1.8
2024-01-04 02:15:00,
2024-01-04 02:30:00,
2024-01-04 02:45:00,
2024-01-04 03:00:00,
2024-01-04 03:15:00,
2024-01-04 03:30:00,
2024-01-04 03:45:00,
2024-01-04 04:00:00,
2024-01-04 04:15:00,
2024-01-04 04:30:00,
2024-01-04 04:45:00,
2024-01-04 05:00:00,
2024-01-04 05:15:00,
2024-01-04 05:30:00,1.8
2024-01-04 05:45:00,1.7
2024-01-04 06:00:00,1.7
2024-01-04 06:15:00,1.8
2024-01-04 06:30:00,1.7
2024-01-04 06:45:00,1.8
2024-01-04 07:00:00,1.6
2024-01-04 07:15:00,1.8
2024-01-04 07:30:00,1.8
2024-01-04 07:45:00,1.8
2024-01-04 08:00:00,1.7
2024-01-04 08:15:00,1.7
2024-01-04 08:30:00,1.7
2024-01-04 08:45:00,0.8367770177772715
2024-01-04 09:00:00,1.9
2024-01-04 09:15:00,2.0
2024-01-04 09:30:00,1.8
2024-01-04 09:45:00,1.7
2024-01-04 10:00:00,1.7
2024-01-04 10:15:00,1.8
2024-01-04 10:30:00,1.7
2024-01-04 10:45:00,1.6
2024-01-04 11:00:00,1.8
2024-01-04 11:15:00,1.8
2024-01-04 11:30:00,1.8
2024-01-04 11:45:00,1.7
2024-01-04 12:00:00,1.8
2024-01-04 12:15:00,1.8
2024-01-04 12:30:00,1.7
2024-01-04 12:45:00,1.8
2024-01-04 13:00:00,2.5248116123869986
2024-01-04 13:15:00,1.8
2024-01-04 13:30:00,1.7
2024-01-04 13:45:00,1.7
2024-01-04 14:00:00,1.7
2024-01-04 14:15:00,1.7
2024-01-04 14:30:00,1.8
2024-01-04 14:45:00,2.1
2024-01-04 15:00:00,1.8
2024-01-04 15:15:00,2.1
2024-01-04 15:30:00,2.1
2024-01-04 15:45:00,
2024-01-04 16:00:00,2.1
2024-01-04 16:15:00,
2024-01-04 16:30:00,2.2
2024-01-04 16:45:00,2.1
2024-01-04 17:00:00,1.9
2024-01-04 17:15:00,1.7
2024-01-04 17:30:00,1.9
2024-01-04 17:45:00,1.8
2024-01-04 18:00:00,2.0
2024-01-04 18:15:00,1.9
2024-01-04 18:30:00,1.8
2024-01-04 18:45:00,1.8
2024-01-04 19:00:00,1.8
2024-01-04 19:15:00,
2024-01-04 19:30:00,
2024-01-04 19:45:00,
2024-01-04 20:00:00,
2024-01-04 20:15:00,
2024-01-04 20:30:00,
2024-01-04 20:45:00,
2024-01-04 21:00:00,
2024-01-04 21:15:00,
2024-01-04 21:30:00,
2024-01-04 21:45:00,
2024-01-04 22:00:00,
2024-01-04 22:15:00,
2024-01-04 22:30:00,
2024-01-04 22:45:00,
2024-01-04 23:00:00,
2024-01-04 23:15:00,
2024-01-04 23:30:00,
2024-01-04 23:45:00,1.7
2024-01-05 00:00:00,1.8
2024-01-05 00:15:00,1.7
2024-01-05 00:30:00,1.8
2024-01-05 00:45:00,1.7
2024-01-05 01:00:00,1.7
2024-01-05 01:15:00,1.7
2024-01-05 01:30:00,1.7
2024-01-05 01:45:00,1.7
2024-01-05 02:00:00,1.7
2024-01-05 02:15:00,1.7
2024-01-05 02:30:00,1.7
2024-01-05 02:45:00,1.7
2024-01-05 03:00:00,1.7
2024-01-05 03:15:00,1.7
2024-01-05 03:30:00,1.7
2024-01-05 03:45:00,1.7
2024-01-05 04:00:00,1.7
2024-01-05 04:15:00,1.7
2024-01-05 04:30:00,1.7
2024-01-05 04:45:00,1.7
2024-01-05 05:00:00,1.7
2024-01-05 05:15:00,1.7
2024-01-05 05:30:00,1.7
2024-01-05 05:45:00,1.7
2024-01-05 06:00:00,1.7
2024-01-05 06:15:00,1.7
2024-01-05 06:30:00,1.7
2024-01-05 06:45:00,1.7
2024-01-05 07:00:00,1.7
2024-01-05 07:15:00,1.7
2024-01-05 07:30:00,1.7
2024-01-05 07:45:00,1.7
2024-01-05 08:00:00,1.7
2024-01-05 08:15:00,1.7
2024-01-05 08:30:00,1.7
2024-01-05 08:45:00,1.7
2024-01-05 09:00:00,1.7
2024-01-05 09:15:00,1.7
2024-01-05 09:30:00,1.7
2024-01-05 09:45:00,1.7
2024-01-05 10:00:00,1.7
2024-01-05 10:15:00,1.7
2024-01-05 10:30:00,1.8
2024-01-05 10:45:00,1.7
2024-01-05 11:00:00,1.7
2024-01-05 11:15:00,1.7
2024-01-05 11:30:00,1.8
2024-01-05 11:45:00,1.7
2024-01-05 12:00:00,1.7
2024-01-05 12:15:00,1.7
2024-01-05 12:30:00,1.8
2024-01-05 12:45:00,1.7
2024-01-05 13:00:00,1.8
2024-01-05 13:15:00,1.7
2024-01-05 13:30:00,1.8
2024-01-05 13:45:00,1.8
2024-01-05 14:00:00,1.8
2024-01-05 14:15:00,1.7
2024-01-05 14:30:00,1.8
2024-01-05 14:45:00,1.8
2024-01-05 15:00:00,1.7
2024-01-05 15:15:00,1.8
2024-01-05 15:30:00,
2024-01-05 15:45:00,
2024-01-05 16:00:00,
2024-01-05 16:15:00,
2024-01-05 16:30:00,
2024-01-05 16:45:00,2.0
2024-01-05 17:00:00,1.9
2024-01-05 17:15:00,1.9
2024-01-05 17:30:00,1.8
2024-01-05 17:45:00,1.8
2024-01-05 18:00:00,1.8
2024-01-05 18:15:00,1.6
2024-01-05 18:30:00,1.7
2024-01-05 18:45:00,1.8
2024-01-05 19:00:00,1.7
2024-01-05 19:15:00,1.6
2024-01-05 19:30:00,1.7
2024-01-05 19:45:00,
2024-01-05 20:00:00,
2024-01-05 20:15:00,
2024-01-05 20:30:00,
2024-01-05 20:45:00,
2024-01-05 21:00:00,
2024-01-05 21:15:00,
2024-01-05 21:30:00,
2024-01-05 21:45:00,
2024-01-05 22:00:00,
2024-01-05 22:15:00,
2024-01-05 22:30:00,
2024-01-05 22:45:00,
2024-01-05 23:00:00,
2024-01-05 23:15:00,
2024-01-05 23:30:00,
2024-01-05 23:45:00,
2024-01-06 00:00:00,
2024-01-06 00:15:00,1.7
2024-01-06 00:30:00,1.8
2024-01-06 00:45:00,1.7
2024-01-06 01:00:00,2.0
2024-01-06 01:15:00,1.8
2024-01-06 01:30:00,1.8
2024-01-06 01:45:00,1.8
2024-01-06 02:00:00,1.8
2024-01-06 02:15:00,1.8
2024-01-06 02:30:00,1.8
2024-01-06 02:45:00,1.8
2024-01-06 03:00:00,1.8
2024-01-06 03:15:00,1.8
2024-01-06 03:30:00,1.8
2024-01-06 03:45:00,1.7
2024-01-06 04:00:00,1.7
2024-01-06 04:15:00,1.8
2024-01-06 04:30:00,1.8
2024-01-06 04:45:00,1.9
2024-01-06 05:00:00,1.7
2024-01-06 05:15:00,1.8
2024-01-06 05:30:00,1.7
2024-01-06 05:45:00,3.251120692938467
2024-01-06 06:00:00,3.351120692938467
2024-01-06 06:15:00,3.151120692938467
2024-01-06 06:30:00,1.7
2024-01-06 06:45:00,1.7
2024-01-06 07:00:00,1.8
2024-01-06 07:15:00,1.7
2024-01-06 07:30:00,1.8
2024-01-06 07:45:00,1.7
2024-01-06 08:00:00,1.9
2024-01-06 08:15:00,1.7
2024-01-06 08:30:00,1.7
2024-01-06 08:45:00,1.7
2024-01-06 09:00:00,1.7
2024-01-06 09:15:00,1.8
2024-01-06 09:30:00,1.7
2024-01-06 09:45:00,1.8
2024-01-06 10:00:00,1.7
2024-01-06 10:15:00,1.7
2024-01-06 10:30:00,1.8
2024-01-06 10:45:00,1.6
2024-01-06 11:00:00,1.7
2024-01-06 11:15:00,1.8
2024-01-06 11:30:00,
2024-01-06 11:45:00,1.9
2024-01-06 12:00:00,1.9
2024-01-06 12:15:00,1.7
2024-01-06 12:30:00,1.9
2024-01-06 12:45:00,1.9
2024-01-06 13:00:00,4.012485982350597
2024-01-06 13:15:00,1.9
2024-01-06 13:30:00,1.7
2024-01-06 13:45:00,1.8
2024-01-06 14:00:00,2.1
2024-01-06 14:15:00,2.0
2024-01-06 14:30:00,1.7
2024-01-06 14:45:00,1.7
2024-01-06 15:00:00,1.7
2024-01-06 15:15:00,1.7
2024-01-06 15:30:00,1.9
2024-01-06 15:45:00,1.9
2024-01-06 16:00:00,1.8
2024-01-06 16:15:00,1.7
2024-01-06 16:30:00,1.7
2024-01-06 16:45:00,1.7
2024-01-06 17:00:00,1.7
2024-01-06 17:15:00,1.7
2024-01-06 17:30:00,1.9
2024-01-06 17:45:00,1.9
2024-01-06 18:00:00,1.8
2024-01-06 18:15:00,1.7
2024-01-06 18:30:00,1.8
2024-01-06 18:45:00,1.7
2024-01-06 19:00:00,1.7
2024-01-06 19:15:00,1.7
2024-01-06 19:30:00,1.7
2024-01-06 19:45:00,1.6
2024-01-06 20:00:00,1.7
2024-01-06 20:15:00,1.9
2024-01-06 20:30:00,1.8
2024-01-06 20:45:00,1.6
2024-01-06 21:00:00,1.7
2024-01-06 21:15:00,1.7
2024-01-06 21:30:00,1.8
2024-01-06 21:45:00,1.6
2024-01-06 22:00:00,1.6
2024-01-06 22:15:00,1.7
2024-01-06 22:30:00,1.8
2024-01-06 22:45:00,1.9
2024-01-06 23:00:00,1.7
2024-01-06 23:15:00,1.9
2024-01-06 23:30:00,2.1
2024-01-06 23:45:00,
2024-01-07 00:00:00,
2024-01-07 00:15:00,
2024-01-07 00:30:00,
2024-01-07 00:45:00,1.9
2024-01-07 01:00:00,
2024-01-07 01:15:00,1.7
2024-01-07 01:30:00,1.6
2024-01-07 01:45:00,1.8
2024-01-07 02:00:00,1.7
2024-01-07 02:15:00,1.7
2024-01-07 02:30:00,1.6
2024-01-07 02:45:00,1.7
2024-01-07 03:00:00,1.7
2024-01-07 03:15:00,1.8
2024-01-07 03:30:00,1.7
2024-01-07 03:45:00,1.7
2024-01-07 04:00:00,1.7
2024-01-07 04:15:00,1.6
2024-01-07 04:30:00,1.9
2024-01-07 04:45:00,1.7
2024-01-07 05:00:00,1.7
2024-01-07 05:15:00,1.7
2024-01-07 05:30:00,1.6
2024-01-07 05:45:00,1.6
2024-01-07 06:00:00,1.7
2024-01-07 06:15:00,1.7
2024-01-07 06:30:00,1.7
2024-01-07 06:45:00,1.7
2024-01-07 07:00:00,1.7
2024-01-07 07:15:00,1.8
2024-01-07 07:30:00,1.8
2024-01-07 07:45:00,1.8
2024-01-07 08:00:00,1.8
2024-01-07 08:15:00,1.8
2024-01-07 08:30:00,1.8
2024-01-07 08:45:00,1.8
2024-01-07 09:00:00,1.8
2024-01-07 09:15:00,1.8
2024-01-07 09:30:00,1.8
2024-01-07 09:45:00,1.8
2024-01-07 10:00:00,1.8
2024-01-07 10:15:00,1.8
2024-01-07 10:30:00,1.8
2024-01-07 10:45:00,1.8
2024-01-07 11:00:00,1.8
2024-01-07 11:15:00,1.8
2024-01-07 11:30:00,1.8
2024-01-07 11:45:00,1.8
2024-01-07 12:00:00,1.8
2024-01-07 12:15:00,1.8
2024-01-07 12:30:00,1.8
2024-01-07 12:45:00,1.8
2024-01-07 13:00:00,1.8
2024-01-07 13:15:00,1.8
2024-01-07 13:30:00,1.8
2024-01-07 13:45:00,1.8
2024-01-07 14:00:00,1.8
2024-01-07 14:15:00,1.8
2024-01-07 14:30:00,1.8
2024-01-07 14:45:00,1.8
2024-01-07 15:00:00,1.8
2024-01-07 15:15:00,1.8
2024-01-07 15:30:00,1.9
2024-01-07 15:45:00,2.3
2024-01-07 16:00:00,2.2
2024-01-07 16:15:00,1.9
2024-01-07 16:30:00,2.0
2024-01-07 16:45:00,1.8
2024-01-07 17:00:00,1.9
2024-01-07 17:15:00,1.8
2024-01-07 17:30:00,1.8
2024-01-07 17:45:00,1.8
2024-01-07 18:00:00,1.9
2024-01-07 18:15:00,1.8
2024-01-07 18:30:00,1.8
2024-01-07 18:45:00,1.8
2024-01-07 19:00:00,1.8
2024-01-07 19:15:00,1.9
2024-01-07 19:30:00,2.1
2024-01-07 19:45:00,2.0
2024-01-07 20:00:00,1.9
2024-01-07 20:15:00,1.8
2024-01-07 20:30:00,2.0
2024-01-07 20:45:00,1.8
2024-01-07 21:00:00,1.8
2024-01-07 21:15:00,1.7
2024-01-07 21:30:00,1.8
2024-01-07 21:45:00,1.7
2024-01-07 22:00:00,
2024-01-07 22:15:00,
2024-01-07 22:30:00,
2024-01-07 22:45:00,
2024-01-07 23:00:00,
2024-01-07 23:15:00,
2024-01-07 23:30:00,
2024-01-07 23:45:00,1.8
2024-01-08 00:00:00,2.0
2024-01-08 00:15:00,1.8
2024-01-08 00:30:00,1.7
2024-01-08 00:45:00,1.8
2024-01-08 01:00:00,1.8
2024-01-08 01:15:00,1.9
2024-01-08 01:30:00,1.8
2024-01-08 01:45:00,1.6
2024-01-08 02:00:00,1.6
2024-01-08 02:15:00,1.9
2024-01-08 02:30:00,1.9
2024-01-08 02:45:00,1.8
2024-01-08 03:00:00,1.8
2024-01-08 03:15:00,1.8
2024-01-08 03:30:00,1.7
2024-01-08 03:45:00,1.7
2024-01-08 04:00:00,1.8
2024-01-08 04:15:00,1.6
2024-01-08 04:30:00,1.9
2024-01-08 04:45:00,2.0
2024-01-08 05:00:00,1.9
2024-01-08 05:15:00,1.8
2024-01-08 05:30:00,1.8
2024-01-08 05:45:00,1.9
2024-01-08 06:00:00,1.9
2024-01-08 06:15:00,1.9
2024-01-08 06:30:00,1.8
2024-01-08 06:45:00,1.9
2024-01-08 07:00:00,1.8
2024-01-08 07:15:00,1.8
2024-01-08 07:30:00,1.8
2024-01-08 07:45:00,1.8
2024-01-08 08:00:00,1.8
2024-01-08 08:15:00,1.8
2024-01-08 08:30:00,2.0
2024-01-08 08:45:00,1.9
2024-01-08 09:00:00,1.8
2024-01-08 09:15:00,1.8
2024-01-08 09:30:00,1.7
2024-01-08 09:45:00,1.7
2024-01-08 10:00:00,1.9
2024-01-08 10:15:00,1.9
2024-01-08 10:30:00,2.0
2024-01-08 10:45:00,2.0
2024-01-08 11:00:00,1.9
2024-01-08 11:15:00,2.0
2024-01-08 11:30:00,1.9
2024-01-08 11:45:00,1.8
2024-01-08 12:00:00,2.0
2024-01-08 12:15:00,1.8
2024-01-08 12:30:00,1.9
2024-01-08 12:45:00,2.0
2024-01-08 13:00:00,2.0
2024-01-08 13:15:00,2.0
2024-01-08 13:30:00,2.0
2024-01-08 13:45:00,2.0
2024-01-08 14:00:00,1.9
2024-01-08 14:15:00,2.0
2024-01-08 14:30:00,1.9
2024-01-08 14:45:00,1.9
2024-01-08 15:00:00,2.0
2024-01-08 15:15:00,2.0
2024-01-08 15:30:00,2.0
2024-01-08 15:45:00,
2024-01-08 16:00:00,2.3
2024-01-08 16:15:00,2.0
2024-01-08 16:30:00,2.2
2024-01-08 16:45:00,2.1
2024-01-08 17:00:00,2.0
2024-01-08 17:15:00,2.0
2024-01-08 17:30:00,2.0
2024-01-08 17:45:00,1.9
2024-01-08 18:00:00,2.1
2024-01-08 18:15:00,2.1
2024-01-08 18:30:00,2.0
2024-01-08 18:45:00,2.1
2024-01-08 19:00:00,2.0
2024-01-08 19:15:00,2.1
2024-01-08 19:30:00,2.1
2024-01-08 19:45:00,2.1
2024-01-08 20:00:00,2.0
2024-01-08 20:15:00,2.1
2024-01-08 20:30:00,1.9
2024-01-08 20:45:00,2.0
2024-01-08 21:00:00,2.1
2024-01-08 21:15:00,2.0
2024-01-08 21:30:00,2.0
2024-01-08 21:45:00,2.1
2024-01-08 22:00:00,2.1
2024-01-08 22:15:00,1.9
2024-01-08 22:30:00,2.0
2024-01-08 22:45:00,2.1
2024-01-08 23:00:00,2.1
2024-01-08 23:15:00,2.0
2024-01-08 23:30:00,2.0
2024-01-08 23:45:00,2.2
2024-01-09 00:00:00,2.1
2024-01-09 00:15:00,2.0
2024-01-09 00:30:00,2.1
2024-01-09 00:45:00,2.0
2024-01-09 01:00:00,2.0
2024-01-09 01:15:00,2.0
2024-01-09 01:30:00,2.0
2024-01-09 01:45:00,2.0
2024-01-09 02:00:00,2.0
2024-01-09 02:15:00,2.0
2024-01-09 02:30:00,2.0
2024-01-09 02:45:00,2.0
2024-01-09 03:00:00,2.0
2024-01-09 03:15:00,2.0
2024-01-09 03:30:00,2.0
2024-01-09 03:45:00,
2024-01-09 04:00:00,2.0
2024-01-09 04:15:00,2.0
2024-01-09 04:30:00,2.0
2024-01-09 04:45:00,2.0
2024-01-09 05:00:00,2.0
2024-01-09 05:15:00,2.0
2024-01-09 05:30:00,2.0
2024-01-09 05:45:00,2.0
2024-01-09 06:00:00,2.0
2024-01-09 06:15:00,2.0
2024-01-09 06:30:00,2.0
2024-01-09 06:45:00,2.0
2024-01-09 07:00:00,2.0
2024-01-09 07:15:00,2.0
2024-01-09 07:30:00,2.0
2024-01-09 07:45:00,2.0
2024-01-09 08:00:00,2.0
2024-01-09 08:15:00,2.0
2024-01-09 08:30:00,2.0
2024-01-09 08:45:00,2.0
2024-01-09 09:00:00,2.0
2024-01-09 09:15:00,2.0
2024-01-09 09:30:00,2.0
2024-01-09 09:45:00,2.0
2024-01-09 10:00:00,2.0
2024-01-09 10:15:00,2.1
2024-01-09 10:30:00,2.0
2024-01-09 10:45:00,2.1
2024-01-09 11:00:00,2.0
2024-01-09 11:15:00,2.0
2024-01-09 11:30:00,2.1
2024-01-09 11:45:00,2.2
2024-01-09 12:00:00,2.1
2024-01-09 12:15:00,2.1
2024-01-09 12:30:00,2.1
2024-01-09 12:45:00,2.1
2024-01-09 13:00:00,2.1
2024-01-09 13:15:00,2.2
2024-01-09 13:30:00,2.0
2024-01-09 13:45:00,2.2
2024-01-09 14:00:00,2.1
2024-01-09 14:15:00,2.3
2024-01-09 14:30:00,2.2
2024-01-09 14:45:00,2.2
2024-01-09 15:00:00,2.6
2024-01-09 15:15:00,2.2
2024-01-09 15:30:00,2.2
2024-01-09 15:45:00,2.1
2024-01-09 16:00:00,2.0
2024-01-09 16:15:00,2.2
2024-01-09 16:30:00,2.2
2024-01-09 16:45:00,2.2
2024-01-09 17:00:00,2.2
2024-01-09 17:15:00,2.2
2024-01-09 17:30:00,2.2
2024-01-09 17:45:00,2.2
2024-01-09 18:00:00,2.3
2024-01-09 18:15:00,2.1
2024-01-09 18:30:00,2.1
2024-01-09 18:45:00,2.1
2024-01-09 19:00:00,2.2
2024-01-09 19:15:00,2.1
2024-01-09 19:30:00,2.1
2024-01-09 19:45:00,2.2
2024-01-09 20:00:00,2.0
2024-01-09 20:15:00,2.2
2024-01-09 20:30:00,2.1
2024-01-09 20:45:00,2.4
2024-01-09 21:00:00,
2024-01-09 21:15:00,
2024-01-09 21:30:00,
2024-01-09 21:45:00,
2024-01-09 22:00:00,
2024-01-09 22:15:00,2.5
2024-01-09 22:30:00,2.2
2024-01-09 22:45:00,2.7
2024-01-09 23:00:00,2.5
2024-01-09 23:15:00,2.3
2024-01-09 23:30:00,2.1
2024-01-09 23:45:00,2.3
2024-01-10 00:00:00,2.2
2024-01-10 00:15:00,0.008806944252383264
2024-01-10 00:30:00,0.008806944252383264
2024-01-10 00:45:00,0.10880694425238291
2024-01-10 01:00:00,2.2
2024-01-10 01:15:00,2.2
2024-01-10 01:30:00,2.2
2024-01-10 01:45:00,2.2
2024-01-10 02:00:00,2.3
2024-01-10 02:15:00,2.1
2024-01-10 02:30:00,2.2
2024-01-10 02:45:00,2.6
2024-01-10 03:00:00,2.1
2024-01-10 03:15:00,2.2
2024-01-10 03:30:00,2.0
2024-01-10 03:45:00,2.2
2024-01-10 04:00:00,2.1
2024-01-10 04:15:00,2.5
2024-01-10 04:30:00,2.2
2024-01-10 04:45:00,2.0
2024-01-10 05:00:00,2.2
2024-01-10 05:15:00,2.2
2024-01-10 05:30:00,2.3
2024-01-10 05:45:00,2.1
2024-01-10 06:00:00,2.3
2024-01-10 06:15:00,2.2
2024-01-10 06:30:00,2.1
2024-01-10 06:45:00,2.2
2024-01-10 07:00:00,2.1
2024-01-10 07:15:00,2.2
2024-01-10 07:30:00,2.3
2024-01-10 07:45:00,2.1
2024-01-10 08:00:00,2.2
2024-01-10 08:15:00,2.2
2024-01-10 08:30:00,2.3
2024-01-10 08:45:00,2.3
2024-01-10 09:00:00,2.3
2024-01-10 09:15:00,2.3
2024-01-10 09:30:00,2.2
2024-01-10 09:45:00,2.4
2024-01-10 10:00:00,2.4
2024-01-10 10:15:00,2.3
2024-01-10 10:30:00,2.4
2024-01-10 10:45:00,2.4
2024-01-10 11:00:00,2.4
2024-01-10 11:15:00,2.4
2024-01-10 11:30:00,2.3
2024-01-10 11:45:00,2.5
2024-01-10 12:00:00,2.5
2024-01-10 12:15:00,2.5
2024-01-10 12:30:00,2.5
2024-01-10 12:45:00,2.5
2024-01-10 13:00:00,2.5
2024-01-10 13:15:00,2.5
2024-01-10 13:30:00,2.6
2024-01-10 13:45:00,2.7
2024-01-10 14:00:00,2.6
2024-01-10 14:15:00,2.7
2024-01-10 14:30:00,2.8
2024-01-10 14:45:00,2.5
2024-01-10 15:00:00,2.8
2024-01-10 15:15:00,
2024-01-10 15:30:00,
2024-01-10 15:45:00,3.2
2024-01-10 16:00:00,
2024-01-10 16:15:00,
2024-01-10 16:30:00,2.8
2024-01-10 16:45:00,2.6
2024-01-10 17:00:00,2.6
2024-01-10 17:15:00,2.5
2024-01-10 17:30:00,2.5
2024-01-10 17:45:00,2.6
2024-01-10 18:00:00,2.5
2024-01-10 18:15:00,2.7
2024-01-10 18:30:00,2.5
2024-01-10 18:45:00,2.6
2024-01-10 19:00:00,2.7
2024-01-10 19:15:00,2.6
2024-01-10 19:30:00,2.6
2024-01-10 19:45:00,2.6
2024-01-10 20:00:00,2.7
2024-01-10 20:15:00,
2024-01-10 20:30:00,
2024-01-10 20:45:00,2.7
2024-01-10 21:00:00,
2024-01-10 21:15:00,2.9
2024-01-10 21:30:00,2.4
2024-01-10 21:45:00,2.6
2024-01-10 22:00:00,2.5
2024-01-10 22:15:00,2.4
2024-01-10 22:30:00,2.6
2024-01-10 22:45:00,2.5
2024-01-10 23:00:00,2.4
2024-01-10 23:15:00,2.6
2024-01-10 23:30:00,2.3
2024-01-10 23:45:00,2.5
2024-01-11 00:00:00,2.4
2024-01-11 00:15:00,2.5
2024-01-11 00:30:00,2.5
2024-01-11 00:45:00,2.6
2024-01-11 01:00:00,2.5
2024-01-11 01:15:00,2.5
2024-01-11 01:30:00,2.4
2024-01-11 01:45:00,2.4
2024-01-11 02:00:00,2.3
2024-01-11 02:15:00,2.6
2024-01-11 02:30:00,2.3
2024-01-11 02:45:00,2.1
2024-01-11 03:00:00,2.3
2024-01-11 03:15:00,2.5
2024-01-11 03:30:00,2.4
2024-01-11 03:45:00,2.6
2024-01-11 04:00:00,2.5
2024-01-11 04:15:00,2.4
2024-01-11 04:30:00,2.6
2024-01-11 04:45:00,2.9
2024-01-11 05:00:00,2.6
2024-01-11 05:15:00,2.7
2024-01-11 05:30:00,2.6
2024-01-11 05:45:00,2.5
2024-01-11 06:00:00,2.4
2024-01-11 06:15:00,2.3
2024-01-11 06:30:00,2.3
2024-01-11 06:45:00,2.4
2024-01-11 07:00:00,2.5
2024-01-11 07:15:00,8.373470404149794
2024-01-11 07:30:00,8.473470404149793
2024-01-11 07:45:00,2.5
2024-01-11 08:00:00,2.6
2024-01-11 08:15:00,2.5
2024-01-11 08:30:00,2.4
2024-01-11 08:45:00,2.4
2024-01-11 09:00:00,2.6
2024-01-11 09:15:00,
2024-01-11 09:30:00,
2024-01-11 09:45:00,
2024-01-11 10:00:00,
2024-01-11 10:15:00,
2024-01-11 10:30:00,2.3
2024-01-11 10:45:00,2.4
2024-01-11 11:00:00,2.4
2024-01-11 11:15:00,2.7
2024-01-11 11:30:00,2.6
2024-01-11 11:45:00,2.5
2024-01-11 12:00:00,2.5
2024-01-11 12:15:00,2.5
2024-01-11 12:30:00,2.5
2024-01-11 12:45:00,2.6
2024-01-11 13:00:00,3.2
2024-01-11 13:15:00,3.5
2024-01-11 13:30:00,2.6
2024-01-11 13:45:00,2.7
2024-01-11 14:00:00,2.9
2024-01-11 14:15:00,2.9
2024-01-11 14:30:00,3.0
2024-01-11 14:45:00,2.7
2024-01-11 15:00:00,3.1
2024-01-11 15:15:00,2.9
2024-01-11 15:30:00,2.8
2024-01-11 15:45:00,2.6
2024-01-11 16:00:00,2.8
2024-01-11 16:15:00,2.7
2024-01-11 16:30:00,2.7
2024-01-11 16:45:00,2.7
2024-01-11 17:00:00,2.6
2024-01-11 17:15:00,2.6
2024-01-11 17:30:00,2.7
2024-01-11 17:45:00,2.6
2024-01-11 18:00:00,2.7
2024-01-11 18:15:00,2.6
2024-01-11 18:30:00,2.7
2024-01-11 18:45:00,2.5
2024-01-11 19:00:00,2.7
2024-01-11 19:15:00,2.8
2024-01-11 19:30:00,2.6
2024-01-11 19:45:00,2.7
2024-01-11 20:00:00,2.6
2024-01-11 20:15:00,2.8
2024-01-11 20:30:00,2.7
2024-01-11 20:45:00,2.7
2024-01-11 21:00:00,2.9
2024-01-11 21:15:00,2.6
2024-01-11 21:30:00,2.8
2024-01-11 21:45:00,2.8
2024-01-11 22:00:00,2.9
2024-01-11 22:15:00,2.9
2024-01-11 22:30:00,2.8
2024-01-11 22:45:00,
2024-01-11 23:00:00,2.7
2024-01-11 23:15:00,2.8
2024-01-11 23:30:00,3.2
2024-01-11 23:45:00,3.2
2024-01-12 00:00:00,3.0
2024-01-12 00:15:00,2.9
2024-01-12 00:30:00,3.1
2024-01-12 00:45:00,3.0
2024-01-12 01:00:00,3.0
2024-01-12 01:15:00,2.9
2024-01-12 01:30:00,2.9
2024-01-12 01:45:00,3.0
2024-01-12 02:00:00,3.2
2024-01-12 02:15:00,3.2
2024-01-12 02:30:00,3.0
2024-01-12 02:45:00,3.1
2024-01-12 03:00:00,3.2
2024-01-12 03:15:00,0.0
2024-01-12 03:30:00,0.0
2024-01-12 03:45:00,3.2
2024-01-12 04:00:00,3.2
2024-01-12 04:15:00,
2024-01-12 04:30:00,3.3
2024-01-12 04:45:00,3.3
2024-01-12 05:00:00,3.3
2024-01-12 05:15:00,3.1
2024-01-12 05:30:00,3.3
2024-01-12 05:45:00,3.3
2024-01-12 06:00:00,3.2
2024-01-12 06:15:00,3.3
2024-01-12 06:30:00,3.4
2024-01-12 06:45:00,3.2
2024-01-12 07:00:00,3.2
2024-01-12 07:15:00,3.2
2024-01-12 07:30:00,3.3
2024-01-12 07:45:00,3.1
2024-01-12 08:00:00,3.6
2024-01-12 08:15:00,
2024-01-12 08:30:00,3.5
2024-01-12 08:45:00,3.4
2024-01-12 09:00:00,3.5
2024-01-12 09:15:00,3.5
2024-01-12 09:30:00,3.4
2024-01-12 09:45:00,3.3
2024-01-12 10:00:00,3.6
2024-01-12 10:15:00,3.5
2024-01-12 10:30:00,3.6
2024-01-12 10:45:00,3.5
2024-01-12 11:00:00,3.5
2024-01-12 11:15:00,3.3
2024-01-12 11:30:00,3.8
2024-01-12 11:45:00,3.6
2024-01-12 12:00:00,3.8
2024-01-12 12:15:00,4.0
2024-01-12 12:30:00,3.7
2024-01-12 12:45:00,3.6
2024-01-12 13:00:00,
2024-01-12 13:15:00,3.9
2024-01-12 13:30:00,3.8
2024-01-12 13:45:00,3.3
2024-01-12 14:00:00,4.0
2024-01-12 14:15:00,
2024-01-12 14:30:00,3.5
2024-01-12 14:45:00,3.5
2024-01-12 15:00:00,3.4
2024-01-12 15:15:00,3.3
2024-01-12 15:30:00,3.2
2024-01-12 15:45:00,3.4
2024-01-12 16:00:00,3.4
2024-01-12 16:15:00,3.3
2024-01-12 16:30:00,3.3
2024-01-12 16:45:00,3.3
2024-01-12 17:00:00,3.1
2024-01-12 17:15:00,3.2
2024-01-12 17:30:00,3.3
2024-01-12 17:45:00,3.0
2024-01-12 18:00:00,3.2
2024-01-12 18:15:00,3.4
2024-01-12 18:30:00,3.1
2024-01-12 18:45:00,3.3
2024-01-12 19:00:00,3.4
2024-01-12 19:15:00,3.2
2024-01-12 19:30:00,3.2
2024-01-12 19:45:00,3.3
2024-01-12 20:00:00,3.4
2024-01-12 20:15:00,
2024-01-12 20:30:00,
2024-01-12 20:45:00,
2024-01-12 21:00:00,
2024-01-12 21:15:00,
2024-01-12 21:30:00,
2024-01-12 21:45:00,
2024-01-12 22:00:00,
2024-01-12 22:15:00,
2024-01-12 22:30:00,
2024-01-12 22:45:00,
2024-01-12 23:00:00,
2024-01-12 23:15:00,
2024-01-12 23:30:00,
2024-01-12 23:45:00,
2024-01-13 00:00:00,3.7
2024-01-13 00:15:00,3.7
2024-01-13 00:30:00,3.5
2024-01-13 00:45:00,3.5
2024-01-13 01:00:00,3.7
2024-01-13 01:15:00,3.7
2024-01-13 01:30:00,3.5
2024-01-13 01:45:00,3.5
2024-01-13 02:00:00,3.6
2024-01-13 02:15:00,3.4
2024-01-13 02:30:00,3.6
2024-01-13 02:45:00,3.6
2024-01-13 03:00:00,3.7
2024-01-13 03:15:00,3.6
2024-01-13 03:30:00,3.7
2024-01-13 03:45:00,3.5
2024-01-13 04:00:00,3.5
2024-01-13 04:15:00,3.2
2024-01-13 04:30:00,3.4
2024-01-13 04:45:00,3.5
2024-01-13 05:00:00,3.4
2024-01-13 05:15:00,3.2
2024-01-13 05:30:00,3.2
2024-01-13 05:45:00,3.4
2024-01-13 06:00:00,3.4
2024-01-13 06:15:00,3.3
2024-01-13 06:30:00,3.4
2024-01-13 06:45:00,3.1
2024-01-13 07:00:00,3.2
2024-01-13 07:15:00,3.5
2024-01-13 07:30:00,3.2
2024-01-13 07:45:00,3.2
2024-01-13 08:00:00,
2024-01-13 08:15:00,3.4
2024-01-13 08:30:00,3.5
2024-01-13 08:45:00,3.2
2024-01-13 09:00:00,8.959455497580311
2024-01-13 09:15:00,3.2
2024-01-13 09:30:00,3.2
2024-01-13 09:45:00,3.3
2024-01-13 10:00:00,3.2
2024-01-13 10:15:00,3.1
2024-01-13 10:30:00,3.3
2024-01-13 10:45:00,3.3
2024-01-13 11:00:00,3.3
2024-01-13 11:15:00,3.3
2024-01-13 11:30:00,3.3
2024-01-13 11:45:00,3.4
2024-01-13 12:00:00,3.2
2024-01-13 12:15:00,3.2
2024-01-13 12:30:00,3.3
2024-01-13 12:45:00,3.3
2024-01-13 13:00:00,3.2
2024-01-13 13:15:00,3.3
2024-01-13 13:30:00,3.5
2024-01-13 13:45:00,3.3
2024-01-13 14:00:00,3.3
2024-01-13 14:15:00,3.2
2024-01-13 14:30:00,3.4
2024-01-13 14:45:00,3.7
2024-01-13 15:00:00,3.3
2024-01-13 15:15:00,3.4
2024-01-13 15:30:00,3.4
2024-01-13 15:45:00,3.5
2024-01-13 16:00:00,3.5
2024-01-13 16:15:00,3.4
2024-01-13 16:30:00,3.4
2024-01-13 16:45:00,3.6
2024-01-13 17:00:00,3.6
2024-01-13 17:15:00,3.7
2024-01-13 17:30:00,3.6
2024-01-13 17:45:00,
2024-01-13 18:00:00,
2024-01-13 18:15:00,
2024-01-13 18:30:00,
2024-01-13 18:45:00,3.8
2024-01-13 19:00:00,3.7
2024-01-13 19:15:00,3.7
2024-01-13 19:30:00,3.8
2024-01-13 19:45:00,3.6
2024-01-13 20:00:00,3.8
2024-01-13 20:15:00,3.9
2024-01-13 20:30:00,3.7
2024-01-13 20:45:00,3.7
2024-01-13 21:00:00,3.8
2024-01-13 21:15:00,3.9
2024-01-13 21:30:00,4.1
2024-01-13 21:45:00,4.1
2024-01-13 22:00:00,3.9
2024-01-13 22:15:00,4.1
2024-01-13 22:30:00,4.0
2024-01-13 22:45:00,4.0
2024-01-13 23:00:00,
2024-01-13 23:15:00,
2024-01-13 23:30:00,
2024-01-13 23:45:00,
2024-01-14 00:00:00,
2024-01-14 00:15:00,
2024-01-14 00:30:00,
2024-01-14 00:45:00,
2024-01-14 01:00:00,
2024-01-14 01:15:00,
2024-01-14 01:30:00,
2024-01-14 01:45:00,
2024-01-14 02:00:00,4.0
2024-01-14 02:15:00,3.7
2024-01-14 02:30:00,4.0
2024-01-14 02:45:00,3.9
2024-01-14 03:00:00,3.8
2024-01-14 03:15:00,3.7
2024-01-14 03:30:00,3.8
2024-01-14 03:45:00,3.9
2024-01-14 04:00:00,3.7
2024-01-14 04:15:00,3.7
2024-01-14 04:30:00,3.6
2024-01-14 04:45:00,3.9
2024-01-14 05:00:00,3.9
2024-01-14 05:15:00,4.6
2024-01-14 05:30:00,4.0
2024-01-14 05:45:00,3.7
2024-01-14 06:00:00,4.3
2024-01-14 06:15:00,4.0
2024-01-14 06:30:00,3.9
2024-01-14 06:45:00,4.1
2024-01-14 07:00:00,3.9
2024-01-14 07:15:00,4.1
2024-01-14 07:30:00,4.1
2024-01-14 07:45:00,4.2
2024-01-14 08:00:00,4.0
2024-01-14 08:15:00,4.3
2024-01-14 08:30:00,4.0
2024-01-14 08:45:00,4.1
2024-01-14 09:00:00,4.2
2024-01-14 09:15:00,4.2
2024-01-14 09:30:00,4.6
2024-01-14 09:45:00,4.2
2024-01-14 10:00:00,4.4
2024-01-14 10:15:00,4.1
2024-01-14 10:30:00,4.6
2024-01-14 10:45:00,4.6
2024-01-14 11:00:00,4.1
2024-01-14 11:15:00,4.8
2024-01-14 11:30:00,10.67251845248357
2024-01-14 11:45:00,10.072518452483571
2024-01-14 12:00:00,9.97251845248357
2024-01-14 12:15:00,4.5
2024-01-14 12:30:00,4.4
2024-01-14 12:45:00,4.2
2024-01-14 13:00:00,4.1
2024-01-14 13:15:00,4.2
2024-01-14 13:30:00,4.2
2024-01-14 13:45:00,4.0
2024-01-14 14:00:00,4.2
2024-01-14 14:15:00,4.1
2024-01-14 14:30:00,4.5
2024-01-14 14:45:00,4.3
2024-01-14 15:00:00,4.6
2024-01-14 15:15:00,4.3
2024-01-14 15:30:00,4.3
2024-01-14 15:45:00,4.6
2024-01-14 16:00:00,4.3
2024-01-14 16:15:00,4.3
2024-01-14 16:30:00,4.3
2024-01-14 16:45:00,4.3
2024-01-14 17:00:00,4.3
2024-01-14 17:15:00,4.2
2024-01-14 17:30:00,4.4
2024-01-14 17:45:00,4.6
2024-01-14 18:00:00,4.6
2024-01-14 18:15:00,2.044488035050723
2024-01-14 18:30:00,4.5
2024-01-14 18:45:00,4.3
2024-01-14 19:00:00,4.4
2024-01-14 19:15:00,4.3
2024-01-14 19:30:00,4.4
2024-01-14 19:45:00,4.3
2024-01-14 20:00:00,4.1
2024-01-14 20:15:00,4.3
2024-01-14 20:30:00,4.3
2024-01-14 20:45:00,4.4
2024-01-14 21:00:00,4.1
2024-01-14 21:15:00,3.9
2024-01-14 21:30:00,4.3
2024-01-14 21:45:00,4.1
2024-01-14 22:00:00,4.0
2024-01-14 22:15:00,4.2
2024-01-14 22:30:00,4.3
2024-01-14 22:45:00,4.2
2024-01-14 23:00:00,4.0
2024-01-14 23:15:00,4.4
2024-01-14 23:30:00,4.4
2024-01-14 23:45:00,4.2
2024-01-15 00:00:00,4.6
2024-01-15 00:15:00,4.2
2024-01-15 00:30:00,4.3
2024-01-15 00:45:00,4.5
2024-01-15 01:00:00,4.4
2024-01-15 01:15:00,6.699110647880939
2024-01-15 01:30:00,6.199110647880939
2024-01-15 01:45:00,4.3
2024-01-15 02:00:00,4.2
2024-01-15 02:15:00,4.1
2024-01-15 02:30:00,4.2
2024-01-15 02:45:00,4.3
2024-01-15 03:00:00,4.1
2024-01-15 03:15:00,4.1
2024-01-15 03:30:00,4.1
2024-01-15 03:45:00,3.8
2024-01-15 04:00:00,4.0
2024-01-15 04:15:00,4.2
2024-01-15 04:30:00,3.9
2024-01-15 04:45:00,3.8
2024-01-15 05:00:00,3.9
2024-01-15 05:15:00,3.6
2024-01-15 05:30:00,3.7
2024-01-15 05:45:00,3.7
2024-01-15 06:00:00,3.5
2024-01-15 06:15:00,3.7
2024-01-15 06:30:00,4.5
2024-01-15 06:45:00,
2024-01-15 07:00:00,
2024-01-15 07:15:00,4.9
2024-01-15 07:30:00,4.2
2024-01-15 07:45:00,4.0
2024-01-15 08:00:00,3.7
2024-01-15 08:15:00,3.4
2024-01-15 08:30:00,3.6
2024-01-15 08:45:00,3.5
2024-01-15 09:00:00,
2024-01-15 09:15:00,3.7
2024-01-15 09:30:00,3.5
2024-01-15 09:45:00,3.9
2024-01-15 10:00:00,3.5
2024-01-15 10:15:00,3.5
2024-01-15 10:30:00,3.5
2024-01-15 10:45:00,3.3
2024-01-15 11:00:00,3.6
2024-01-15 11:15:00,3.4
2024-01-15 11:30:00,3.5
2024-01-15 11:45:00,3.4
2024-01-15 12:00:00,3.6
2024-01-15 12:15:00,3.7
2024-01-15 12:30:00,3.7
2024-01-15 12:45:00,3.6
2024-01-15 13:00:00,3.5
2024-01-15 13:15:00,3.8
2024-01-15 13:30:00,5.318094540049249
2024-01-15 13:45:00,3.7
2024-01-15 14:00:00,3.6
2024-01-15 14:15:00,3.8
2024-01-15 14:30:00,3.6
2024-01-15 14:45:00,3.8
2024-01-15 15:00:00,3.7
2024-01-15 15:15:00,3.7
2024-01-15 15:30:00,3.7
2024-01-15 15:45:00,3.7
2024-01-15 16:00:00,3.7
2024-01-15 16:15:00,3.8
2024-01-15 16:30:00,3.8
2024-01-15 16:45:00,3.9
2024-01-15 17:00:00,3.8
2024-01-15 17:15:00,3.9
2024-01-15 17:30:00,4.0
2024-01-15 17:45:00,4.1
2024-01-15 18:00:00,4.2
2024-01-15 18:15:00,4.3
2024-01-15 18:30:00,
2024-01-15 18:45:00,4.4
2024-01-15 19:00:00,4.2
2024-01-15 19:15:00,4.3
2024-01-15 19:30:00,4.1
2024-01-15 19:45:00,4.0
2024-01-15 20:00:00,4.0
2024-01-15 20:15:00,4.2
2024-01-15 20:30:00,4.0
2024-01-15 20:45:00,3.8
2024-01-15 21:00:00,4.1
2024-01-15 21:15:00,3.7
2024-01-15 21:30:00,4.0
2024-01-15 21:45:00,4.3
2024-01-15 22:00:00,3.9
2024-01-15 22:15:00,3.7
2024-01-15 22:30:00,4.1
2024-01-15 22:45:00,4.0
2024-01-15 23:00:00,3.9
2024-01-15 23:15:00,3.9
2024-01-15 23:30:00,4.0
2024-01-15 23:45:00,3.8
2024-01-16 00:00:00,4.1
2024-01-16 00:15:00,4.6
2024-01-16 00:30:00,4.5
2024-01-16 00:45:00,4.2
2024-01-16 01:00:00,
2024-01-16 01:15:00,4.0
2024-01-16 01:30:00,3.9
2024-01-16 01:45:00,4.1
2024-01-16 02:00:00,4.1
2024-01-16 02:15:00,4.1
2024-01-16 02:30:00,4.0
2024-01-16 02:45:00,4.0
2024-01-16 03:00:00,4.2
2024-01-16 03:15:00,4.6
2024-01-16 03:30:00,4.0
2024-01-16 03:45:00,4.2
2024-01-16 04:00:00,4.2
2024-01-16 04:15:00,4.0
2024-01-16 04:30:00,4.1
2024-01-16 04:45:00,4.2
2024-01-16 05:00:00,4.0
2024-01-16 05:15:00,4.5
2024-01-16 05:30:00,4.3
2024-01-16 05:45:00,4.0
2024-01-16 06:00:00,4.1
2024-01-16 06:15:00,4.1
2024-01-16 06:30:00,
2024-01-16 06:45:00,4.8
2024-01-16 07:00:00,3.8
2024-01-16 07:15:00,4.0
2024-01-16 07:30:00,4.2
2024-01-16 07:45:00,4.0
2024-01-16 08:00:00,4.0
2024-01-16 08:15:00,3.8
2024-01-16 08:30:00,4.0
2024-01-16 08:45:00,4.0
2024-01-16 09:00:00,4.1
2024-01-16 09:15:00,3.9
2024-01-16 09:30:00,3.8
2024-01-16 09:45:00,3.8
2024-01-16 10:00:00,3.7
2024-01-16 10:15:00,3.7
2024-01-16 10:30:00,3.9
2024-01-16 10:45:00,3.8
2024-01-16 11:00:00,3.8
2024-01-16 11:15:00,3.8
2024-01-16 11:30:00,3.7
2024-01-16 11:45:00,3.7
2024-01-16 12:00:00,3.8
2024-01-16 12:15:00,
2024-01-16 12:30:00,3.9
2024-01-16 12:45:00,4.1
2024-01-16 13:00:00,3.8
2024-01-16 13:15:00,3.6
2024-01-16 13:30:00,3.7
2024-01-16 13:45:00,3.9
2024-01-16 14:00:00,3.7
2024-01-16 14:15:00,4.0
2024-01-16 14:30:00,3.9
2024-01-16 14:45:00,3.7
2024-01-16 15:00:00,4.0
2024-01-16 15:15:00,
2024-01-16 15:30:00,
2024-01-16 15:45:00,
2024-01-16 16:00:00,
2024-01-16 16:15:00,
2024-01-16 16:30:00,
2024-01-16 16:45:00,
2024-01-16 17:00:00,
2024-01-16 17:15:00,
2024-01-16 17:30:00,
2024-01-16 17:45:00,
2024-01-16 18:00:00,
2024-01-16 18:15:00,
2024-01-16 18:30:00,4.1
2024-01-16 18:45:00,3.7
2024-01-16 19:00:00,4.1
2024-01-16 19:15:00,3.8
2024-01-16 19:30:00,3.9
2024-01-16 19:45:00,4.0
2024-01-16 20:00:00,4.1
2024-01-16 20:15:00,4.1
2024-01-16 20:30:00,4.0
2024-01-16 20:45:00,4.2
2024-01-16 21:00:00,4.0
2024-01-16 21:15:00,4.1
2024-01-16 21:30:00,4.0
2024-01-16 21:45:00,4.0
2024-01-16 22:00:00,4.0
2024-01-16 22:15:00,3.9
2024-01-16 22:30:00,4.0
2024-01-16 22:45:00,4.1
2024-01-16 23:00:00,4.1
2024-01-16 23:15:00,4.0
2024-01-16 23:30:00,3.9
2024-01-16 23:45:00,3.9
2024-01-17 00:00:00,3.8
2024-01-17 00:15:00,3.8
2024-01-17 00:30:00,3.9
2024-01-17 00:45:00,4.0
2024-01-17 01:00:00,3.8
2024-01-17 01:15:00,3.9
2024-01-17 01:30:00,3.8
2024-01-17 01:45:00,3.8
2024-01-17 02:00:00,3.8
2024-01-17 02:15:00,3.8
2024-01-17 02:30:00,3.9
2024-01-17 02:45:00,3.8
2024-01-17 03:00:00,3.8
2024-01-17 03:15:00,3.8
2024-01-17 03:30:00,3.9
2024-01-17 03:45:00,3.8
2024-01-17 04:00:00,3.8
2024-01-17 04:15:00,3.8
2024-01-17 04:30:00,3.9
2024-01-17 04:45:00,3.9
2024-01-17 05:00:00,3.9
2024-01-17 05:15:00,4.0
2024-01-17 05:30:00,3.8
2024-01-17 05:45:00,3.8
2024-01-17 06:00:00,3.8
2024-01-17 06:15:00,3.8
2024-01-17 06:30:00,3.8
2024-01-17 06:45:00,3.9
2024-01-17 07:00:00,3.8
2024-01-17 07:15:00,3.8
2024-01-17 07:30:00,3.9
2024-01-17 07:45:00,3.8
2024-01-17 08:00:00,3.7
2024-01-17 08:15:00,3.8
2024-01-17 08:30:00,3.7
2024-01-17 08:45:00,3.8
2024-01-17 09:00:00,3.8
2024-01-17 09:15:00,3.8
2024-01-17 09:30:00,5.77843177224002
2024-01-17 09:45:00,5.97843177224002
2024-01-17 10:00:00,3.8
2024-01-17 10:15:00,3.8
2024-01-17 10:30:00,3.7
2024-01-17 10:45:00,3.8
2024-01-17 11:00:00,3.7
2024-01-17 11:15:00,3.8
2024-01-17 11:30:00,3.7
2024-01-17 11:45:00,3.7
2024-01-17 12:00:00,5.624057615289015
2024-01-17 12:15:00,5.7240576152890155
2024-01-17 12:30:00,3.8
2024-01-17 12:45:00,3.7
2024-01-17 13:00:00,3.6
2024-01-17 13:15:00,3.8
2024-01-17 13:30:00,3.7
2024-01-17 13:45:00,3.8
2024-01-17 14:00:00,3.6
2024-01-17 14:15:00,3.6
2024-01-17 14:30:00,3.8
2024-01-17 14:45:00,3.9
2024-01-17 15:00:00,3.8
2024-01-17 15:15:00,
2024-01-17 15:30:00,3.8
2024-01-17 15:45:00,3.8
2024-01-17 16:00:00,3.7
2024-01-17 16:15:00,3.8
2024-01-17 16:30:00,3.8
2024-01-17 16:45:00,4.0
2024-01-17 17:00:00,3.8
2024-01-17 17:15:00,3.6
2024-01-17 17:30:00,3.6
2024-01-17 17:45:00,3.7
2024-01-17 18:00:00,3.5
2024-01-17 18:15:00,3.7
2024-01-17 18:30:00,3.6
2024-01-17 18:45:00,3.6
2024-01-17 19:00:00,3.6
2024-01-17 19:15:00,3.6
2024-01-17 19:30:00,3.7
2024-01-17 19:45:00,3.8
2024-01-17 20:00:00,3.8
2024-01-17 20:15:00,3.8
2024-01-17 20:30:00,3.7
2024-01-17 20:45:00,3.9
2024-01-17 21:00:00,3.9
2024-01-17 21:15:00,4.1
2024-01-17 21:30:00,3.8
2024-01-17 21:45:00,3.8
2024-01-17 22:00:00,3.7
2024-01-17 22:15:00,3.7
2024-01-17 22:30:00,3.7
2024-01-17 22:45:00,3.6
2024-01-17 23:00:00,3.6
2024-01-17 23:15:00,3.5
2024-01-17 23:30:00,3.6
2024-01-17 23:45:00,3.5
2024-01-18 00:00:00,3.5
2024-01-18 00:15:00,3.5
2024-01-18 00:30:00,3.7
2024-01-18 00:45:00,3.5
2024-01-18 01:00:00,3.5
2024-01-18 01:15:00,3.6
2024-01-18 01:30:00,3.7
2024-01-18 01:45:00,3.6
2024-01-18 02:00:00,3.6
2024-01-18 02:15:00,3.7
2024-01-18 02:30:00,3.5
2024-01-18 02:45:00,3.7
2024-01-18 03:00:00,3.7
2024-01-18 03:15:00,3.7
2024-01-18 03:30:00,3.6
2024-01-18 03:45:00,3.6
2024-01-18 04:00:00,3.6
2024-01-18 04:15:00,3.5
2024-01-18 04:30:00,3.5
2024-01-18 04:45:00,3.3
2024-01-18 05:00:00,3.5
2024-01-18 05:15:00,3.4
2024-01-18 05:30:00,3.5
2024-01-18 05:45:00,3.3
2024-01-18 06:00:00,3.4
2024-01-18 06:15:00,3.4
2024-01-18 06:30:00,3.3
2024-01-18 06:45:00,3.4
2024-01-18 07:00:00,3.4
2024-01-18 07:15:00,3.4
2024-01-18 07:30:00,3.4
2024-01-18 07:45:00,3.4
2024-01-18 08:00:00,3.4
2024-01-18 08:15:00,3.3
2024-01-18 08:30:00,3.3
2024-01-18 08:45:00,3.4
2024-01-18 09:00:00,3.3
2024-01-18 09:15:00,3.2
2024-01-18 09:30:00,3.4
2024-01-18 09:45:00,3.3
2024-01-18 10:00:00,3.3
2024-01-18 10:15:00,3.3
2024-01-18 10:30:00,3.4
2024-01-18 10:45:00,3.3
2024-01-18 11:00:00,3.3
2024-01-18 11:15:00,3.5
2024-01-18 11:30:00,3.4
2024-01-18 11:45:00,3.5
2024-01-18 12:00:00,3.4
2024-01-18 12:15:00,3.5
2024-01-18 12:30:00,3.4
2024-01-18 12:45:00,3.9
2024-01-18 13:00:00,3.6
2024-01-18 13:15:00,3.5
2024-01-18 13:30:00,3.6
2024-01-18 13:45:00,3.7
2024-01-18 14:00:00,3.5
2024-01-18 14:15:00,3.7
2024-01-18 14:30:00,3.7
2024-01-18 14:45:00,3.7
2024-01-18 15:00:00,3.8
2024-01-18 15:15:00,3.7
2024-01-18 15:30:00,4.3
2024-01-18 15:45:00,4.3
2024-01-18 16:00:00,3.8
2024-01-18 16:15:00,3.8
2024-01-18 16:30:00,3.8
2024-01-18 16:45:00,3.7
2024-01-18 17:00:00,3.9
2024-01-18 17:15:00,3.8
2024-01-18 17:30:00,3.8
2024-01-18 17:45:00,3.8
2024-01-18 18:00:00,3.7
2024-01-18 18:15:00,3.8
2024-01-18 18:30:00,3.8
2024-01-18 18:45:00,3.9
2024-01-18 19:00:00,3.9
2024-01-18 19:15:00,3.9
2024-01-18 19:30:00,3.7
2024-01-18 19:45:00,3.8
2024-01-18 20:00:00,3.7
2024-01-18 20:15:00,3.7
2024-01-18 20:30:00,3.8
2024-01-18 20:45:00,3.6
2024-01-18 21:00:00,3.8
2024-01-18 21:15:00,3.7
2024-01-18 21:30:00,3.6
2024-01-18 21:45:00,3.6
2024-01-18 22:00:00,3.6
2024-01-18 22:15:00,3.7
2024-01-18 22:30:00,3.6
2024-01-18 22:45:00,3.5
2024-01-18 23:00:00,3.6
2024-01-18 23:15:00,3.4
2024-01-18 23:30:00,3.5
2024-01-18 23:45:00,3.3
2024-01-19 00:00:00,3.4
2024-01-19 00:15:00,3.4
2024-01-19 00:30:00,3.4
2024-01-19 00:45:00,3.3
2024-01-19 01:00:00,3.4
2024-01-19 01:15:00,3.5
2024-01-19 01:30:00,3.4
2024-01-19 01:45:00,3.4
2024-01-19 02:00:00,3.3
2024-01-19 02:15:00,3.4
2024-01-19 02:30:00,3.3
2024-01-19 02:45:00,3.5
2024-01-19 03:00:00,3.4
2024-01-19 03:15:00,3.4
2024-01-19 03:30:00,3.3
2024-01-19 03:45:00,3.3
2024-01-19 04:00:00,3.3
2024-01-19 04:15:00,3.2
2024-01-19 04:30:00,3.2
2024-01-19 04:45:00,3.2
2024-01-19 05:00:00,3.3
2024-01-19 05:15:00,3.2
2024-01-19 05:30:00,8.085249237196537
2024-01-19 05:45:00,8.085249237196537
2024-01-19 06:00:00,8.185249237196537
2024-01-19 06:15:00,3.2
2024-01-19 06:30:00,3.1
2024-01-19 06:45:00,3.3
2024-01-19 07:00:00,3.3
2024-01-19 07:15:00,3.2
2024-01-19 07:30:00,3.2
2024-01-19 07:45:00,3.5
2024-01-19 08:00:00,3.0
2024-01-19 08:15:00,3.1
2024-01-19 08:30:00,3.1
2024-01-19 08:45:00,3.4
2024-01-19 09:00:00,3.2
2024-01-19 09:15:00,3.2
2024-01-19 09:30:00,3.1
2024-01-19 09:45:00,3.2
2024-01-19 10:00:00,3.3
2024-01-19 10:15:00,3.1
2024-01-19 10:30:00,3.1
2024-01-19 10:45:00,3.3
2024-01-19 11:00:00,3.2
2024-01-19 11:15:00,3.0
2024-01-19 11:30:00,3.1
2024-01-19 11:45:00,3.0
2024-01-19 12:00:00,3.1
2024-01-19 12:15:00,3.1
2024-01-19 12:30:00,3.2
2024-01-19 12:45:00,3.1
2024-01-19 13:00:00,3.1
2024-01-19 13:15:00,3.1
2024-01-19 13:30:00,3.1
2024-01-19 13:45:00,3.1
2024-01-19 14:00:00,3.1
2024-01-19 14:15:00,3.1
2024-01-19 14:30:00,3.0
2024-01-19 14:45:00,3.1
2024-01-19 15:00:00,3.1
2024-01-19 15:15:00,3.2
2024-01-19 15:30:00,3.3
2024-01-19 15:45:00,3.4
2024-01-19 16:00:00,3.1
2024-01-19 16:15:00,3.2
2024-01-19 16:30:00,3.1
2024-01-19 16:45:00,3.2
2024-01-19 17:00:00,3.1
2024-01-19 17:15:00,3.2
2024-01-19 17:30:00,3.2
2024-01-19 17:45:00,3.1
2024-01-19 18:00:00,3.0
2024-01-19 18:15:00,3.1
2024-01-19 18:30:00,3.1
2024-01-19 18:45:00,3.0
2024-01-19 19:00:00,3.0
2024-01-19 19:15:00,3.0
2024-01-19 19:30:00,3.1
2024-01-19 19:45:00,3.1
2024-01-19 20:00:00,3.2
2024-01-19 20:15:00,3.0
2024-01-19 20:30:00,3.2
2024-01-19 20:45:00,3.2
2024-01-19 21:00:00,3.1
2024-01-19 21:15:00,3.2
2024-01-19 21:30:00,3.1
2024-01-19 21:45:00,3.0
2024-01-19 22:00:00,3.0
2024-01-19 22:15:00,3.1
2024-01-19 22:30:00,3.0
2024-01-19 22:45:00,3.1
2024-01-19 23:00:00,2.9
2024-01-19 23:15:00,3.1
2024-01-19 23:30:00,3.0
2024-01-19 23:45:00,3.0
2024-01-20 00:00:00,2.9
2024-01-20 00:15:00,3.1
2024-01-20 00:30:00,3.0
2024-01-20 00:45:00,6.359411693112161
2024-01-20 01:00:00,6.359411693112161
2024-01-20 01:15:00,6.359411693112161
2024-01-20 01:30:00,3.1
2024-01-20 01:45:00,3.1
2024-01-20 02:00:00,2.9
2024-01-20 02:15:00,3.1
2024-01-20 02:30:00,3.0
2024-01-20 02:45:00,3.1
2024-01-20 03:00:00,3.0
2024-01-20 03:15:00,3.4
2024-01-20 03:30:00,3.2
2024-01-20 03:45:00,3.0
2024-01-20 04:00:00,3.0
2024-01-20 04:15:00,3.2
2024-01-20 04:30:00,3.2
2024-01-20 04:45:00,3.1
2024-01-20 05:00:00,3.1
2024-01-20 05:15:00,3.1
2024-01-20 05:30:00,3.0
2024-01-20 05:45:00,3.2
2024-01-20 06:00:00,3.2
2024-01-20 06:15:00,3.1
2024-01-20 06:30:00,3.2
2024-01-20 06:45:00,3.2
2024-01-20 07:00:00,3.1
2024-01-20 07:15:00,3.1
2024-01-20 07:30:00,3.0
2024-01-20 07:45:00,3.2
2024-01-20 08:00:00,3.1
2024-01-20 08:15:00,3.1
2024-01-20 08:30:00,3.1
2024-01-20 08:45:00,3.0
2024-01-20 09:00:00,3.3
2024-01-20 09:15:00,3.0
2024-01-20 09:30:00,3.1
2024-01-20 09:45:00,3.0
2024-01-20 10:00:00,3.2
2024-01-20 10:15:00,3.0
2024-01-20 10:30:00,3.0
2024-01-20 10:45:00,3.0
2024-01-20 11:00:00,3.0
2024-01-20 11:15:00,3.0
2024-01-20 11:30:00,3.0
2024-01-20 11:45:00,7.705338551902592
2024-01-20 12:00:00,3.0
2024-01-20 12:15:00,3.1
2024-01-20 12:30:00,3.2
2024-01-20 12:45:00,3.1
2024-01-20 13:00:00,3.1
2024-01-20 13:15:00,3.0
2024-01-20 13:30:00,3.0
2024-01-20 13:45:00,3.0
2024-01-20 14:00:00,3.1
2024-01-20 14:15:00,3.1
2024-01-20 14:30:00,3.1
2024-01-20 14:45:00,3.0
2024-01-20 15:00:00,3.1
2024-01-20 15:15:00,3.2
2024-01-20 15:30:00,3.0
2024-01-20 15:45:00,3.2
2024-01-20 16:00:00,3.1
2024-01-20 16:15:00,3.1
2024-01-20 16:30:00,3.2
2024-01-20 16:45:00,3.1
2024-01-20 17:00:00,3.2
2024-01-20 17:15:00,3.1
2024-01-20 17:30:00,3.1
2024-01-20 17:45:00,3.1
2024-01-20 18:00:00,3.1
2024-01-20 18:15:00,3.1
2024-01-20 18:30:00,3.1
2024-01-20 18:45:00,3.1
2024-01-20 19:00:00,3.1
2024-01-20 19:15:00,3.1
2024-01-20 19:30:00,3.0
2024-01-20 19:45:00,2.9
2024-01-20 20:00:00,3.0
2024-01-20 20:15:00,3.0
2024-01-20 20:30:00,3.0
2024-01-20 20:45:00,3.1
2024-01-20 21:00:00,3.0
2024-01-20 21:15:00,3.1
2024-01-20 21:30:00,3.0
2024-01-20 21:45:00,2.9
2024-01-20 22:00:00,2.9
2024-01-20 22:15:00,2.9
2024-01-20 22:30:00,2.8
2024-01-20 22:45:00,2.9
2024-01-20 23:00:00,2.9
2024-01-20 23:15:00,2.9
2024-01-20 23:30:00,2.9
2024-01-20 23:45:00,3.0
2024-01-21 00:00:00,2.9
2024-01-21 00:15:00,3.2
2024-01-21 00:30:00,3.0
2024-01-21 00:45:00,2.9
2024-01-21 01:00:00,3.1
2024-01-21 01:15:00,3.0
2024-01-21 01:30:00,3.1
2024-01-21 01:45:00,3.0
2024-01-21 02:00:00,2.9
2024-01-21 02:15:00,3.0
2024-01-21 02:30:00,3.0
2024-01-21 02:45:00,4.2
2024-01-21 03:00:00,3.3
2024-01-21 03:15:00,3.0
2024-01-21 03:30:00,6.892654930981438
2024-01-21 03:45:00,6.892654930981438
2024-01-21 04:00:00,3.0
2024-01-21 04:15:00,3.0
2024-01-21 04:30:00,3.0
2024-01-21 04:45:00,3.1
2024-01-21 05:00:00,3.0
2024-01-21 05:15:00,3.0
2024-01-21 05:30:00,3.0
2024-01-21 05:45:00,3.0
2024-01-21 06:00:00,3.0
2024-01-21 06:15:00,3.0
2024-01-21 06:30:00,3.1
2024-01-21 06:45:00,3.0
2024-01-21 07:00:00,2.9
2024-01-21 07:15:00,2.9
2024-01-21 07:30:00,3.0
2024-01-21 07:45:00,2.9
2024-01-21 08:00:00,3.0
2024-01-21 08:15:00,3.0
2024-01-21 08:30:00,3.0
2024-01-21 08:45:00,3.2
2024-01-21 09:00:00,3.0
2024-01-21 09:15:00,3.0
2024-01-21 09:30:00,2.9
2024-01-21 09:45:00,3.0
2024-01-21 10:00:00,2.9
2024-01-21 10:15:00,2.9
2024-01-21 10:30:00,2.9
2024-01-21 10:45:00,2.9
2024-01-21 11:00:00,2.8
2024-01-21 11:15:00,2.9
2024-01-21 11:30:00,2.9
2024-01-21 11:45:00,2.8
2024-01-21 12:00:00,3.0
2024-01-21 12:15:00,3.0
2024-01-21 12:30:00,2.9
2024-01-21 12:45:00,2.9
2024-01-21 13:00:00,3.2
2024-01-21 13:15:00,3.0
2024-01-21 13:30:00,3.0
2024-01-21 13:45:00,3.1
2024-01-21 14:00:00,3.0
2024-01-21 14:15:00,4.935951085474106
2024-01-21 14:30:00,5.035951085474107
2024-01-21 14:45:00,5.135951085474106
2024-01-21 15:00:00,3.1
2024-01-21 15:15:00,3.2
2024-01-21 15:30:00,3.0
2024-01-21 15:45:00,2.9
2024-01-21 16:00:00,2.9
2024-01-21 16:15:00,3.1
2024-01-21 16:30:00,3.0
2024-01-21 16:45:00,3.1
2024-01-21 17:00:00,3.2
2024-01-21 17:15:00,3.4
2024-01-21 17:30:00,3.0
2024-01-21 17:45:00,3.2
2024-01-21 18:00:00,3.1
2024-01-21 18:15:00,3.0
2024-01-21 18:30:00,3.1
2024-01-21 18:45:00,3.0
2024-01-21 19:00:00,3.0
2024-01-21 19:15:00,3.1
2024-01-21 19:30:00,3.1
2024-01-21 19:45:00,3.0
2024-01-21 20:00:00,4.255151466100925
2024-01-21 20:15:00,4.155151466100925
2024-01-21 20:30:00,4.255151466100925
2024-01-21 20:45:00,3.0
2024-01-21 21:00:00,3.0
2024-01-21 21:15:00,2.9
2024-01-21 21:30:00,3.0
2024-01-21 21:45:00,2.9
2024-01-21 22:00:00,3.0
2024-01-21 22:15:00,3.0
2024-01-21 22:30:00,2.9
2024-01-21 22:45:00,3.0
2024-01-21 23:00:00,3.0
2024-01-21 23:15:00,3.1
2024-01-21 23:30:00,2.9
2024-01-21 23:45:00,3.0
2024-01-22 00:00:00,3.0
2024-01-22 00:15:00,3.1
2024-01-22 00:30:00,3.0
2024-01-22 00:45:00,3.0
2024-01-22 01:00:00,3.1
2024-01-22 01:15:00,3.1
2024-01-22 01:30:00,3.1
2024-01-22 01:45:00,3.1
2024-01-22 02:00:00,3.5
2024-01-22 02:15:00,3.1
2024-01-22 02:30:00,3.3
2024-01-22 02:45:00,3.2
2024-01-22 03:00:00,3.2
2024-01-22 03:15:00,3.2
2024-01-22 03:30:00,3.2
2024-01-22 03:45:00,3.3
2024-01-22 04:00:00,3.2
2024-01-22 04:15:00,3.3
2024-01-22 04:30:00,3.2
2024-01-22 04:45:00,3.3
2024-01-22 05:00:00,3.3
2024-01-22 05:15:00,3.3
2024-01-22 05:30:00,3.4
2024-01-22 05:45:00,3.4
2024-01-22 06:00:00,3.4
2024-01-22 06:15:00,3.3
2024-01-22 06:30:00,3.3
2024-01-22 06:45:00,3.4
2024-01-22 07:00:00,3.4
2024-01-22 07:15:00,3.4
2024-01-22 07:30:00,3.5
2024-01-22 07:45:00,3.4
2024-01-22 08:00:00,3.4
2024-01-22 08:15:00,3.5
2024-01-22 08:30:00,3.4
2024-01-22 08:45:00,3.4
2024-01-22 09:00:00,3.4
2024-01-22 09:15:00,3.4
2024-01-22 09:30:00,3.4
2024-01-22 09:45:00,3.4
2024-01-22 10:00:00,3.5
2024-01-22 10:15:00,3.4
2024-01-22 10:30:00,3.5
2024-01-22 10:45:00,3.5
2024-01-22 11:00:00,3.5
2024-01-22 11:15:00,3.5
2024-01-22 11:30:00,3.5
2024-01-22 11:45:00,3.5
2024-01-22 12:00:00,3.5
2024-01-22 12:15:00,3.6
2024-01-22 12:30:00,3.6
2024-01-22 12:45:00,3.7
2024-01-22 13:00:00,3.4
2024-01-22 13:15:00,3.5
2024-01-22 13:30:00,3.7
2024-01-22 13:45:00,3.6
2024-01-22 14:00:00,4.1
2024-01-22 14:15:00,3.7
2024-01-22 14:30:00,3.8
2024-01-22 14:45:00,4.8
2024-01-22 15:00:00,3.8
2024-01-22 15:15:00,3.8
2024-01-22 15:30:00,3.7
2024-01-22 15:45:00,3.6
2024-01-22 16:00:00,7.170969262001911
2024-01-22 16:15:00,6.670969262001911
2024-01-22 16:30:00,3.6
2024-01-22 16:45:00,3.4
2024-01-22 17:00:00,3.5
2024-01-22 17:15:00,3.4
2024-01-22 17:30:00,3.3
2024-01-22 17:45:00,3.4
2024-01-22 18:00:00,3.3
2024-01-22 18:15:00,3.4
2024-01-22 18:30:00,3.4
2024-01-22 18:45:00,3.3
2024-01-22 19:00:00,3.3
2024-01-22 19:15:00,3.3
2024-01-22 19:30:00,3.3
2024-01-22 19:45:00,3.2
2024-01-22 20:00:00,3.4
2024-01-22 20:15:00,3.3
2024-01-22 20:30:00,3.3
2024-01-22 20:45:00,3.3
2024-01-22 21:00:00,3.2
2024-01-22 21:15:00,3.2
2024-01-22 21:30:00,5.6671966744924
2024-01-22 21:45:00,5.567196674492401
2024-01-22 22:00:00,5.6671966744924
2024-01-22 22:15:00,3.3
2024-01-22 22:30:00,3.4
2024-01-22 22:45:00,3.4
2024-01-22 23:00:00,3.5
2024-01-22 23:15:00,3.4
2024-01-22 23:30:00,3.5
2024-01-22 23:45:00,3.5
2024-01-23 00:00:00,3.6
2024-01-23 00:15:00,3.4
2024-01-23 00:30:00,3.6
2024-01-23 00:45:00,3.6
2024-01-23 01:00:00,3.6
2024-01-23 01:15:00,3.7
2024-01-23 01:30:00,3.6
2024-01-23 01:45:00,3.8
2024-01-23 02:00:00,3.8
2024-01-23 02:15:00,3.8
2024-01-23 02:30:00,3.8
2024-01-23 02:45:00,4.1
2024-01-23 03:00:00,3.9
2024-01-23 03:15:00,4.0
2024-01-23 03:30:00,4.0
2024-01-23 03:45:00,4.0
2024-01-23 04:00:00,4.0
2024-01-23 04:15:00,4.0
2024-01-23 04:30:00,4.0
2024-01-23 04:45:00,4.0
2024-01-23 05:00:00,4.1
2024-01-23 05:15:00,4.2
2024-01-23 05:30:00,4.2
2024-01-23 05:45:00,4.3
2024-01-23 06:00:00,4.2
2024-01-23 06:15:00,4.2
2024-01-23 06:30:00,4.2
2024-01-23 06:45:00,4.2
2024-01-23 07:00:00,4.3
2024-01-23 07:15:00,4.3
2024-01-23 07:30:00,4.3
2024-01-23 07:45:00,4.2
2024-01-23 08:00:00,4.2
2024-01-23 08:15:00,4.2
2024-01-23 08:30:00,5.310332010844737
2024-01-23 08:45:00,4.4
2024-01-23 09:00:00,4.3
2024-01-23 09:15:00,4.2
2024-01-23 09:30:00,4.2
2024-01-23 09:45:00,4.3
2024-01-23 10:00:00,4.4
2024-01-23 10:15:00,4.4
2024-01-23 10:30:00,4.2
2024-01-23 10:45:00,4.2
2024-01-23 11:00:00,4.1
2024-01-23 11:15:00,4.2
2024-01-23 11:30:00,4.3
2024-01-23 11:45:00,4.4
2024-01-23 12:00:00,4.2
2024-01-23 12:15:00,4.4
2024-01-23 12:30:00,4.4
2024-01-23 12:45:00,4.2
2024-01-23 13:00:00,4.2
2024-01-23 13:15:00,4.4
2024-01-23 13:30:00,4.2
2024-01-23 13:45:00,4.3
2024-01-23 14:00:00,4.2
2024-01-23 14:15:00,4.3
2024-01-23 14:30:00,4.1
2024-01-23 14:45:00,4.3
2024-01-23 15:00:00,4.3
2024-01-23 15:15:00,4.4
2024-01-23 15:30:00,4.6
2024-01-23 15:45:00,4.3
2024-01-23 16:00:00,4.2
2024-01-23 16:15:00,4.3
2024-01-23 16:30:00,4.3
2024-01-23 16:45:00,4.4
2024-01-23 17:00:00,4.3
2024-01-23 17:15:00,4.3
2024-01-23 17:30:00,4.3
2024-01-23 17:45:00,4.3
2024-01-23 18:00:00,4.3
2024-01-23 18:15:00,4.3
2024-01-23 18:30:00,4.4
2024-01-23 18:45:00,4.4
2024-01-23 19:00:00,4.4
2024-01-23 19:15:00,4.4
2024-01-23 19:30:00,4.6
2024-01-23 19:45:00,4.5
2024-01-23 20:00:00,4.5
2024-01-23 20:15:00,6.774220819167597
2024-01-23 20:30:00,6.774220819167597
2024-01-23 20:45:00,4.7
2024-01-23 21:00:00,4.6
2024-01-23 21:15:00,4.6
2024-01-23 21:30:00,4.8
2024-01-23 21:45:00,4.7
2024-01-23 22:00:00,4.7
2024-01-23 22:15:00,4.8
2024-01-23 22:30:00,4.9
2024-01-23 22:45:00,4.8
2024-01-23 23:00:00,4.9
2024-01-23 23:15:00,4.9
2024-01-23 23:30:00,4.9
2024-01-23 23:45:00,5.0
2024-01-24 00:00:00,5.1
2024-01-24 00:15:00,5.2
2024-01-24 00:30:00,5.2
2024-01-24 00:45:00,5.3
2024-01-24 01:00:00,5.4
2024-01-24 01:15:00,5.4
2024-01-24 01:30:00,5.3
2024-01-24 01:45:00,5.4
2024-01-24 02:00:00,5.5
2024-01-24 02:15:00,5.5
2024-01-24 02:30:00,5.5
2024-01-24 02:45:00,5.6
2024-01-24 03:00:00,5.7
2024-01-24 03:15:00,5.9
2024-01-24 03:30:00,5.7
2024-01-24 03:45:00,5.7
2024-01-24 04:00:00,5.8
2024-01-24 04:15:00,5.8
2024-01-24 04:30:00,5.9
2024-01-24 04:45:00,5.7
2024-01-24 05:00:00,5.8
2024-01-24 05:15:00,5.6
2024-01-24 05:30:00,5.6
2024-01-24 05:45:00,5.9
2024-01-24 06:00:00,5.7
2024-01-24 06:15:00,5.7
2024-01-24 06:30:00,5.7
2024-01-24 06:45:00,5.8
2024-01-24 07:00:00,5.7
2024-01-24 07:15:00,5.8
2024-01-24 07:30:00,5.8
2024-01-24 07:45:00,5.8
2024-01-24 08:00:00,6.0
2024-01-24 08:15:00,5.7
2024-01-24 08:30:00,6.0
2024-01-24 08:45:00,5.9
2024-01-24 09:00:00,5.9
2024-01-24 09:15:00,6.1
2024-01-24 09:30:00,5.9
2024-01-24 09:45:00,6.0
2024-01-24 10:00:00,6.0
2024-01-24 10:15:00,3.7969501787465076
2024-01-24 10:30:00,3.8969501787465073
2024-01-24 10:45:00,5.9
2024-01-24 11:00:00,6.5
2024-01-24 11:15:00,6.2
2024-01-24 11:30:00,6.1
2024-01-24 11:45:00,6.1
2024-01-24 12:00:00,5.9
2024-01-24 12:15:00,6.2
2024-01-24 12:30:00,6.3
2024-01-24 12:45:00,6.2
2024-01-24 13:00:00,6.1
2024-01-24 13:15:00,6.2
2024-01-24 13:30:00,6.3
2024-01-24 13:45:00,6.1
2024-01-24 14:00:00,6.2
2024-01-24 14:15:00,6.4
2024-01-24 14:30:00,6.3
2024-01-24 14:45:00,6.1
2024-01-24 15:00:00,6.6
2024-01-24 15:15:00,6.1
2024-01-24 15:30:00,6.3
2024-01-24 15:45:00,6.3
2024-01-24 16:00:00,6.4
2024-01-24 16:15:00,6.5
2024-01-24 16:30:00,6.5
2024-01-24 16:45:00,6.5
2024-01-24 17:00:00,6.4
2024-01-24 17:15:00,6.7
2024-01-24 17:30:00,6.5
2024-01-24 17:45:00,6.6
2024-01-24 18:00:00,6.6
2024-01-24 18:15:00,6.8
2024-01-24 18:30:00,6.8
2024-01-24 18:45:00,6.7
2024-01-24 19:00:00,6.9
2024-01-24 19:15:00,6.8
2024-01-24 19:30:00,7.0
2024-01-24 19:45:00,7.0
2024-01-24 20:00:00,6.9
2024-01-24 20:15:00,7.0
2024-01-24 20:30:00,6.9
2024-01-24 20:45:00,7.2
2024-01-24 21:00:00,7.0
2024-01-24 21:15:00,7.1
2024-01-24 21:30:00,7.2
2024-01-24 21:45:00,7.0
2024-01-24 22:00:00,7.0
2024-01-24 22:15:00,7.2
2024-01-24 22:30:00,7.1
2024-01-24 22:45:00,7.2
2024-01-24 23:00:00,7.3
2024-01-24 23:15:00,7.3
2024-01-24 23:30:00,7.5
2024-01-24 23:45:00,7.6
2024-01-25 00:00:00,7.6
2024-01-25 00:15:00,7.6
2024-01-25 00:30:00,7.5
2024-01-25 00:45:00,7.7
2024-01-25 01:00:00,7.9
2024-01-25 01:15:00,7.8
2024-01-25 01:30:00,7.9
2024-01-25 01:45:00,8.2
2024-01-25 02:00:00,8.6
2024-01-25 02:15:00,8.3
2024-01-25 02:30:00,8.4
2024-01-25 02:45:00,8.4
2024-01-25 03:00:00,8.7
2024-01-25 03:15:00,8.7
2024-01-25 03:30:00,9.0
2024-01-25 03:45:00,9.0
2024-01-25 04:00:00,9.0
2024-01-25 04:15:00,9.3
2024-01-25 04:30:00,9.4
2024-01-25 04:45:00,9.5
2024-01-25 05:00:00,9.5
2024-01-25 05:15:00,9.6
2024-01-25 05:30:00,9.7
2024-01-25 05:45:00,9.8
2024-01-25 06:00:00,10.0
2024-01-25 06:15:00,10.2
2024-01-25 06:30:00,10.3
2024-01-25 06:45:00,10.6
2024-01-25 07:00:00,10.6
2024-01-25 07:15:00,10.6
2024-01-25 07:30:00,11.1
2024-01-25 07:45:00,10.8
2024-01-25 08:00:00,11.2
2024-01-25 08:15:00,11.5
2024-01-25 08:30:00,11.8
2024-01-25 08:45:00,11.8
2024-01-25 09:00:00,12.1
2024-01-25 09:15:00,12.4
2024-01-25 09:30:00,12.4
2024-01-25 09:45:00,12.5
2024-01-25 10:00:00,12.8
2024-01-25 10:15:00,13.1
2024-01-25 10:30:00,13.0
2024-01-25 10:45:00,13.1
2024-01-25 11:00:00,13.4
2024-01-25 11:15:00,13.4
2024-01-25 11:30:00,13.8
2024-01-25 11:45:00,
2024-01-25 12:00:00,14.4
2024-01-25 12:15:00,14.1
2024-01-25 12:30:00,14.2
2024-01-25 12:45:00,14.2
2024-01-25 13:00:00,14.2
2024-01-25 13:15:00,14.4
2024-01-25 13:30:00,14.7
2024-01-25 13:45:00,14.8
2024-01-25 14:00:00,14.8
2024-01-25 14:15:00,15.1
2024-01-25 14:30:00,15.6
2024-01-25 14:45:00,15.5
2024-01-25 15:00:00,15.6
2024-01-25 15:15:00,15.9
2024-01-25 15:30:00,16.7
2024-01-25 15:45:00,16.3
2024-01-25 16:00:00,16.3
2024-01-25 16:15:00,16.4
2024-01-25 16:30:00,16.8
2024-01-25 16:45:00,17.0
2024-01-25 17:00:00,17.3
2024-01-25 17:15:00,17.1
2024-01-25 17:30:00,17.7
2024-01-25 17:45:00,17.9
2024-01-25 18:00:00,17.9
2024-01-25 18:15:00,17.8
2024-01-25 18:30:00,18.4
2024-01-25 18:45:00,18.7
2024-01-25 19:00:00,18.8
2024-01-25 19:15:00,19.1
2024-01-25 19:30:00,19.2
2024-01-25 19:45:00,19.4
2024-01-25 20:00:00,19.9
2024-01-25 20:15:00,20.3
2024-01-25 20:30:00,20.2
2024-01-25 20:45:00,20.4
2024-01-25 21:00:00,21.1
2024-01-25 21:15:00,20.7
2024-01-25 21:30:00,20.8
2024-01-25 21:45:00,21.3
2024-01-25 22:00:00,21.8
2024-01-25 22:15:00,21.8
2024-01-25 22:30:00,22.1
2024-01-25 22:45:00,21.9
2024-01-25 23:00:00,21.8
2024-01-25 23:15:00,22.0
2024-01-25 23:30:00,22.6
2024-01-25 23:45:00,22.8
2024-01-26 00:00:00,22.6
2024-01-26 00:15:00,22.8
2024-01-26 00:30:00,23.5
2024-01-26 00:45:00,23.4
2024-01-26 01:00:00,23.6
2024-01-26 01:15:00,24.2
2024-01-26 01:30:00,23.7
2024-01-26 01:45:00,24.0
2024-01-26 02:00:00,24.4
2024-01-26 02:15:00,24.6
2024-01-26 02:30:00,24.8
2024-01-26 02:45:00,24.8
2024-01-26 03:00:00,25.4
2024-01-26 03:15:00,25.2
2024-01-26 03:30:00,25.6
2024-01-26 03:45:00,26.0
2024-01-26 04:00:00,26.0
2024-01-26 04:15:00,26.2
2024-01-26 04:30:00,26.2
2024-01-26 04:45:00,26.6
2024-01-26 05:00:00,27.4
2024-01-26 05:15:00,27.1
2024-01-26 05:30:00,27.6
2024-01-26 05:45:00,28.1
2024-01-26 06:00:00,27.8
2024-01-26 06:15:00,28.5
2024-01-26 06:30:00,28.7
2024-01-26 06:45:00,28.4
2024-01-26 07:00:00,29.1
2024-01-26 07:15:00,28.8
2024-01-26 07:30:00,29.6
2024-01-26 07:45:00,29.6
2024-01-26 08:00:00,30.4
2024-01-26 08:15:00,29.16620454869728
2024-01-26 08:30:00,29.06620454869728
2024-01-26 08:45:00,30.7
2024-01-26 09:00:00,31.0
2024-01-26 09:15:00,31.8
2024-01-26 09:30:00,32.1
2024-01-26 09:45:00,32.1
2024-01-26 10:00:00,32.5
2024-01-26 10:15:00,32.2
2024-01-26 10:30:00,32.8
2024-01-26 10:45:00,32.9
2024-01-26 11:00:00,33.9
2024-01-26 11:15:00,33.5
2024-01-26 11:30:00,33.4
2024-01-26 11:45:00,33.8
2024-01-26 12:00:00,34.3
2024-01-26 12:15:00,34.4
2024-01-26 12:30:00,34.9
2024-01-26 12:45:00,34.8
2024-01-26 13:00:00,34.9
2024-01-26 13:15:00,35.4
2024-01-26 13:30:00,35.2
2024-01-26 13:45:00,35.5
2024-01-26 14:00:00,36.3
2024-01-26 14:15:00,35.6
2024-01-26 14:30:00,36.2
2024-01-26 14:45:00,36.3
2024-01-26 15:00:00,37.2
2024-01-26 15:15:00,36.9
2024-01-26 15:30:00,38.0
2024-01-26 15:45:00,36.9
2024-01-26 16:00:00,36.6
2024-01-26 16:15:00,37.4
2024-01-26 16:30:00,37.3
2024-01-26 16:45:00,37.2
2024-01-26 17:00:00,37.6
2024-01-26 17:15:00,38.4
2024-01-26 17:30:00,37.8
2024-01-26 17:45:00,37.5
2024-01-26 18:00:00,38.3
2024-01-26 18:15:00,38.6
2024-01-26 18:30:00,38.6
2024-01-26 18:45:00,38.7
2024-01-26 19:00:00,38.4
2024-01-26 19:15:00,35.937258957278786
2024-01-26 19:30:00,36.13725895727879
2024-01-26 19:45:00,36.437258957278786
2024-01-26 20:00:00,35.63725895727879
2024-01-26 20:15:00,36.73725895727879
2024-01-26 20:30:00,35.337258957278785
2024-01-26 20:45:00,35.63725895727879
2024-01-26 21:00:00,36.53725895727879
2024-01-26 21:15:00,36.23725895727879
2024-01-26 21:30:00,36.13725895727879
2024-01-26 21:45:00,35.937258957278786
2024-01-26 22:00:00,36.13725895727879
2024-01-26 22:15:00,35.13725895727879
2024-01-26 22:30:00,36.53725895727879
2024-01-26 22:45:00,36.63725895727879
2024-01-26 23:00:00,36.23725895727879
2024-01-26 23:15:00,36.63725895727879
2024-01-26 23:30:00,36.437258957278786
2024-01-26 23:45:00,36.437258957278786
2024-01-27 00:00:00,36.73725895727879
2024-01-27 00:15:00,36.73725895727879
2024-01-27 00:30:00,36.437258957278786
2024-01-27 00:45:00,36.837258957278785
2024-01-27 01:00:00,37.23725895727879
2024-01-27 01:15:00,36.437258957278786
2024-01-27 01:30:00,36.837258957278785
2024-01-27 01:45:00,37.23725895727879
2024-01-27 02:00:00,36.337258957278785
2024-01-27 02:15:00,37.13725895727879
2024-01-27 02:30:00,36.13725895727879
2024-01-27 02:45:00,36.63725895727879
2024-01-27 03:00:00,36.73725895727879
2024-01-27 03:15:00,36.73725895727879
2024-01-27 03:30:00,36.53725895727879
2024-01-27 03:45:00,36.73725895727879
2024-01-27 04:00:00,36.437258957278786
2024-01-27 04:15:00,36.837258957278785
2024-01-27 04:30:00,37.63725895727879
2024-01-27 04:45:00,36.337258957278785
2024-01-27 05:00:00,36.337258957278785
2024-01-27 05:15:00,36.53725895727879
2024-01-27 05:30:00,35.937258957278786
2024-01-27 05:45:00,35.73725895727879
2024-01-27 06:00:00,36.437258957278786
2024-01-27 06:15:00,35.63725895727879
2024-01-27 06:30:00,36.23725895727879
2024-01-27 06:45:00,36.437258957278786
2024-01-27 07:00:00,35.837258957278785
2024-01-27 07:15:00,35.63725895727879
2024-01-27 07:30:00,35.837258957278785
2024-01-27 07:45:00,35.937258957278786
2024-01-27 08:00:00,35.53725895727879
2024-01-27 08:15:00,35.13725895727879
2024-01-27 08:30:00,34.73725895727879
2024-01-27 08:45:00,35.337258957278785
2024-01-27 09:00:00,34.937258957278786
2024-01-27 09:15:00,34.837258957278785
2024-01-27 09:30:00,34.73725895727879
2024-01-27 09:45:00,34.937258957278786
2024-01-27 10:00:00,34.53725895727879
2024-01-27 10:15:00,34.837258957278785
2024-01-27 10:30:00,34.437258957278786
2024-01-27 10:45:00,33.837258957278785
2024-01-27 11:00:00,34.03725895727879
2024-01-27 11:15:00,33.837258957278785
2024-01-27 11:30:00,34.437258957278786
2024-01-27 11:45:00,33.53725895727879
2024-01-27 12:00:00,33.837258957278785
2024-01-27 12:15:00,33.53725895727879
2024-01-27 12:30:00,34.13725895727879
2024-01-27 12:45:00,34.13725895727879
2024-01-27 13:00:00,33.937258957278786
2024-01-27 13:15:00,33.437258957278786
2024-01-27 13:30:00,33.337258957278785
2024-01-27 13:45:00,32.837258957278785
2024-01-27 14:00:00,33.53725895727879
2024-01-27 14:15:00,33.437258957278786
2024-01-27 14:30:00,33.337258957278785
2024-01-27 14:45:00,32.63725895727879
2024-01-27 15:00:00,32.63725895727879
2024-01-27 15:15:00,32.13725895727879
2024-01-27 15:30:00,31.837258957278785
2024-01-27 15:45:00,31.73725895727879
2024-01-27 16:00:00,31.437258957278786
2024-01-27 16:15:00,32.337258957278785
2024-01-27 16:30:00,31.337258957278785
2024-01-27 16:45:00,31.23725895727879
2024-01-27 17:00:00,31.337258957278785
2024-01-27 17:15:00,30.937258957278786
2024-01-27 17:30:00,30.937258957278786
2024-01-27 17:45:00,30.13725895727879
2024-01-27 18:00:00,30.337258957278785
2024-01-27 18:15:00,30.73725895727879
2024-01-27 18:30:00,30.037258957278787
2024-01-27 18:45:00,29.337258957278788
2024-01-27 19:00:00,29.537258957278787
2024-01-27 19:15:00,29.13725895727879
2024-01-27 19:30:00,29.13725895727879
2024-01-27 19:45:00,29.13725895727879
2024-01-27 20:00:00,28.737258957278787
2024-01-27 20:15:00,27.937258957278786
2024-01-27 20:30:00,28.337258957278788
2024-01-27 20:45:00,28.337258957278788
2024-01-27 21:00:00,27.737258957278787
2024-01-27 21:15:00,28.237258957278787
2024-01-27 21:30:00,27.437258957278786
2024-01-27 21:45:00,27.337258957278788
2024-01-27 22:00:00,27.537258957278787
2024-01-27 22:15:00,27.437258957278786
2024-01-27 22:30:00,27.437258957278786
2024-01-27 22:45:00,26.937258957278786
2024-01-27 23:00:00,26.337258957278788
2024-01-27 23:15:00,26.337258957278788
2024-01-27 23:30:00,26.537258957278787
2024-01-27 23:45:00,26.237258957278787
2024-01-28 00:00:00,26.13725895727879
2024-01-28 00:15:00,26.537258957278787
2024-01-28 00:30:00,25.937258957278786
2024-01-28 00:45:00,25.837258957278788
2024-01-28 01:00:00,25.63725895727879
2024-01-28 01:15:00,25.437258957278786
2024-01-28 01:30:00,25.737258957278787
2024-01-28 01:45:00,25.737258957278787
2024-01-28 02:00:00,25.937258957278786
2024-01-28 02:15:00,25.63725895727879
2024-01-28 02:30:00,25.337258957278788
2024-01-28 02:45:00,25.337258957278788
2024-01-28 03:00:00,25.63725895727879
2024-01-28 03:15:00,25.537258957278787
2024-01-28 03:30:00,25.237258957278787
2024-01-28 03:45:00,25.13725895727879
2024-01-28 04:00:00,25.437258957278786
2024-01-28 04:15:00,24.937258957278786
2024-01-28 04:30:00,25.237258957278787
2024-01-28 04:45:00,25.13725895727879
2024-01-28 05:00:00,24.937258957278786
2024-01-28 05:15:00,25.037258957278787
2024-01-28 05:30:00,24.937258957278786
2024-01-28 05:45:00,24.837258957278788
2024-01-28 06:00:00,24.537258957278787
2024-01-28 06:15:00,24.437258957278786
2024-01-28 06:30:00,24.337258957278788
2024-01-28 06:45:00,24.237258957278787
2024-01-28 07:00:00,24.63725895727879
2024-01-28 07:15:00,24.437258957278786
2024-01-28 07:30:00,24.737258957278787
2024-01-28 07:45:00,24.737258957278787
2024-01-28 08:00:00,24.437258957278786
2024-01-28 08:15:00,24.437258957278786
2024-01-28 08:30:00,24.437258957278786
2024-01-28 08:45:00,24.63725895727879
2024-01-28 09:00:00,24.63725895727879
2024-01-28 09:15:00,24.737258957278787
2024-01-28 09:30:00,24.037258957278787
2024-01-28 09:45:00,24.337258957278788
2024-01-28 10:00:00,24.437258957278786
2024-01-28 10:15:00,24.537258957278787
2024-01-28 10:30:00,24.737258957278787
2024-01-28 10:45:00,24.337258957278788
2024-01-28 11:00:00,24.63725895727879
2024-01-28 11:15:00,24.437258957278786
2024-01-28 11:30:00,24.337258957278788
2024-01-28 11:45:00,24.337258957278788
2024-01-28 12:00:00,24.437258957278786
2024-01-28 12:15:00,24.13725895727879
2024-01-28 12:30:00,23.937258957278786
2024-01-28 12:45:00,24.037258957278787
2024-01-28 13:00:00,23.737258957278787
2024-01-28 13:15:00,24.13725895727879
2024-01-28 13:30:00,24.237258957278787
2024-01-28 13:45:00,23.837258957278788
2024-01-28 14:00:00,24.037258957278787
2024-01-28 14:15:00,23.537258957278787
2024-01-28 14:30:00,23.837258957278788
2024-01-28 14:45:00,23.737258957278787
2024-01-28 15:00:00,23.837258957278788
2024-01-28 15:15:00,23.63725895727879
2024-01-28 15:30:00,23.337258957278788
2024-01-28 15:45:00,23.237258957278787
2024-01-28 16:00:00,24.13725895727879
2024-01-28 16:15:00,23.537258957278787
2024-01-28 16:30:00,23.237258957278787
2024-01-28 16:45:00,23.13725895727879
2024-01-28 17:00:00,22.837258957278788
2024-01-28 17:15:00,22.837258957278788
2024-01-28 17:30:00,23.037258957278787
2024-01-28 17:45:00,23.037258957278787
2024-01-28 18:00:00,22.63725895727879
2024-01-28 18:15:00,
2024-01-28 18:30:00,23.13725895727879
2024-01-28 18:45:00,22.937258957278786
2024-01-28 19:00:00,22.937258957278786
2024-01-28 19:15:00,23.037258957278787
2024-01-28 19:30:00,23.237258957278787
2024-01-28 19:45:00,23.037258957278787
2024-01-28 20:00:00,22.837258957278788
2024-01-28 20:15:00,22.937258957278786
2024-01-28 20:30:00,22.937258957278786
2024-01-28 20:45:00,23.037258957278787
2024-01-28 21:00:00,22.837258957278788
2024-01-28 21:15:00,22.837258957278788
2024-01-28 21:30:00,22.537258957278787
2024-01-28 21:45:00,22.837258957278788
2024-01-28 22:00:00,22.937258957278786
2024-01-28 22:15:00,22.737258957278787
2024-01-28 22:30:00,22.937258957278786
2024-01-28 22:45:00,23.037258957278787
2024-01-28 23:00:00,22.737258957278787
2024-01-28 23:15:00,22.937258957278786
2024-01-28 23:30:00,22.837258957278788
2024-01-28 23:45:00,23.037258957278787
2024-01-29 00:00:00,23.237258957278787
2024-01-29 00:15:00,22.937258957278786
2024-01-29 00:30:00,23.037258957278787
2024-01-29 00:45:00,22.837258957278788
2024-01-29 01:00:00,22.937258957278786
2024-01-29 01:15:00,23.13725895727879
2024-01-29 01:30:00,23.037258957278787
2024-01-29 01:45:00,23.13725895727879
2024-01-29 02:00:00,22.837258957278788
2024-01-29 02:15:00,23.037258957278787
2024-01-29 02:30:00,23.13725895727879
2024-01-29 02:45:00,23.037258957278787
2024-01-29 03:00:00,23.537258957278787
2024-01-29 03:15:00,23.037258957278787
2024-01-29 03:30:00,23.237258957278787
2024-01-29 03:45:00,23.937258957278786
2024-01-29 04:00:00,23.837258957278788
2024-01-29 04:15:00,23.437258957278786
2024-01-29 04:30:00,23.63725895727879
2024-01-29 04:45:00,23.337258957278788
2024-01-29 05:00:00,23.337258957278788
2024-01-29 05:15:00,23.63725895727879
2024-01-29 05:30:00,23.63725895727879
2024-01-29 05:45:00,23.937258957278786
2024-01-29 06:00:00,23.937258957278786
2024-01-29 06:15:00,23.537258957278787
2024-01-29 06:30:00,23.937258957278786
2024-01-29 06:45:00,23.837258957278788
2024-01-29 07:00:00,23.737258957278787
2024-01-29 07:15:00,23.037258957278787
2024-01-29 07:30:00,23.63725895727879
2024-01-29 07:45:00,23.737258957278787
2024-01-29 08:00:00,23.937258957278786
2024-01-29 08:15:00,23.937258957278786
2024-01-29 08:30:00,23.837258957278788
2024-01-29 08:45:00,24.037258957278787
2024-01-29 09:00:00,23.737258957278787
2024-01-29 09:15:00,24.13725895727879
2024-01-29 09:30:00,24.13725895727879
2024-01-29 09:45:00,23.837258957278788
2024-01-29 10:00:00,24.037258957278787
2024-01-29 10:15:00,24.237258957278787
2024-01-29 10:30:00,24.737258957278787
2024-01-29 10:45:00,24.037258957278787
2024-01-29 11:00:00,24.237258957278787
2024-01-29 11:15:00,24.537258957278787
2024-01-29 11:30:00,24.837258957278788
2024-01-29 11:45:00,24.437258957278786
2024-01-29 12:00:00,27.3
2024-01-29 12:15:00,26.7
2024-01-29 12:30:00,26.9
2024-01-29 12:45:00,27.2
2024-01-29 13:00:00,26.7
2024-01-29 13:15:00,27.2
2024-01-29 13:30:00,26.8
2024-01-29 13:45:00,26.8
2024-01-29 14:00:00,26.6
2024-01-29 14:15:00,26.8
2024-01-29 14:30:00,26.9
2024-01-29 14:45:00,26.5
2024-01-29 15:00:00,27.0
2024-01-29 15:15:00,26.9
2024-01-29 15:30:00,26.7
2024-01-29 15:45:00,26.5
2024-01-29 16:00:00,26.7
2024-01-29 16:15:00,26.4
2024-01-29 16:30:00,26.7
2024-01-29 16:45:00,26.8
2024-01-29 17:00:00,26.7
2024-01-29 17:15:00,26.3
2024-01-29 17:30:00,26.4
2024-01-29 17:45:00,26.4
2024-01-29 18:00:00,26.7
2024-01-29 18:15:00,26.1
2024-01-29 18:30:00,26.0
2024-01-29 18:45:00,26.0
2024-01-29 19:00:00,25.9
2024-01-29 19:15:00,25.9
2024-01-29 19:30:00,25.9
2024-01-29 19:45:00,25.8
2024-01-29 20:00:00,25.9
2024-01-29 20:15:00,25.5
2024-01-29 20:30:00,25.7
2024-01-29 20:45:00,25.2
2024-01-29 21:00:00,25.5
2024-01-29 21:15:00,25.3
2024-01-29 21:30:00,25.7
2024-01-29 21:45:00,25.3
2024-01-29 22:00:00,25.2
2024-01-29 22:15:00,25.0
2024-01-29 22:30:00,25.1
2024-01-29 22:45:00,25.1
2024-01-29 23:00:00,25.5
2024-01-29 23:15:00,25.0
2024-01-29 23:30:00,24.8
2024-01-29 23:45:00,24.9
2024-01-30 00:00:00,25.1
2024-01-30 00:15:00,25.0
2024-01-30 00:30:00,25.0
2024-01-30 00:45:00,24.8
2024-01-30 01:00:00,24.8
2024-01-30 01:15:00,25.1
2024-01-30 01:30:00,25.0
2024-01-30 01:45:00,24.8
2024-01-30 02:00:00,25.2
2024-01-30 02:15:00,25.0
2024-01-30 02:30:00,24.8
2024-01-30 02:45:00,24.7
2024-01-30 03:00:00,25.0
2024-01-30 03:15:00,24.7
2024-01-30 03:30:00,25.1
2024-01-30 03:45:00,24.6
2024-01-30 04:00:00,24.4
2024-01-30 04:15:00,24.7
2024-01-30 04:30:00,24.3
2024-01-30 04:45:00,24.2
2024-01-30 05:00:00,24.5
2024-01-30 05:15:00,24.2
2024-01-30 05:30:00,24.8
2024-01-30 05:45:00,24.2
2024-01-30 06:00:00,24.1
2024-01-30 06:15:00,23.8
2024-01-30 06:30:00,24.3
2024-01-30 06:45:00,24.0
2024-01-30 07:00:00,23.9
2024-01-30 07:15:00,24.0
2024-01-30 07:30:00,23.5
2024-01-30 07:45:00,23.8
2024-01-30 08:00:00,23.5
2024-01-30 08:15:00,23.8
2024-01-30 08:30:00,23.8
2024-01-30 08:45:00,23.5
2024-01-30 09:00:00,23.6
2024-01-30 09:15:00,23.7
2024-01-30 09:30:00,23.4
2024-01-30 09:45:00,23.6
2024-01-30 10:00:00,23.7
2024-01-30 10:15:00,23.2
2024-01-30 10:30:00,23.6
2024-01-30 10:45:00,23.3
2024-01-30 11:00:00,23.4
2024-01-30 11:15:00,23.4
2024-01-30 11:30:00,23.4
2024-01-30 11:45:00,23.3
2024-01-30 12:00:00,23.2
2024-01-30 12:15:00,23.4
2024-01-30 12:30:00,23.6
2024-01-30 12:45:00,23.6
2024-01-30 13:00:00,23.4
2024-01-30 13:15:00,23.8
2024-01-30 13:30:00,23.2
2024-01-30 13:45:00,23.6
2024-01-30 14:00:00,23.4
2024-01-30 14:15:00,23.6
2024-01-30 14:30:00,23.8
2024-01-30 14:45:00,23.5
2024-01-30 15:00:00,23.5
2024-01-30 15:15:00,23.2
2024-01-30 15:30:00,23.3
2024-01-30 15:45:00,23.5
2024-01-30 16:00:00,23.1
2024-01-30 16:15:00,23.5
2024-01-30 16:30:00,25.680150489645055
2024-01-30 16:45:00,25.480150489645055
2024-01-30 17:00:00,23.1
2024-01-30 17:15:00,22.8
2024-01-30 17:30:00,22.9
2024-01-30 17:45:00,23.0
2024-01-30 18:00:00,22.5
2024-01-30 18:15:00,22.5
2024-01-30 18:30:00,22.8
2024-01-30 18:45:00,22.6
2024-01-30 19:00:00,22.6
2024-01-30 19:15:00,22.8
2024-01-30 19:30:00,22.8
2024-01-30 19:45:00,22.9
2024-01-30 20:00:00,22.9
2024-01-30 20:15:00,23.0
2024-01-30 20:30:00,22.8
2024-01-30 20:45:00,22.5
2024-01-30 21:00:00,22.7
2024-01-30 21:15:00,22.4
2024-01-30 21:30:00,22.8
2024-01-30 21:45:00,22.5
2024-01-30 22:00:00,22.5
2024-01-30 22:15:00,22.9
2024-01-30 22:30:00,22.3
2024-01-30 22:45:00,22.3
2024-01-30 23:00:00,22.3
2024-01-30 23:15:00,22.6
2024-01-30 23:30:00,22.7
2024-01-30 23:45:00,22.5
2024-01-31 00:00:00,22.7
2024-01-31 00:15:00,22.5
2024-01-31 00:30:00,22.6
2024-01-31 00:45:00,22.4
2024-01-31 01:00:00,23.2
2024-01-31 01:15:00,23.0
2024-01-31 01:30:00,23.2
2024-01-31 01:45:00,23.3
2024-01-31 02:00:00,23.1
2024-01-31 02:15:00,22.9
2024-01-31 02:30:00,23.6
2024-01-31 02:45:00,23.4
2024-01-31 03:00:00,23.6
2024-01-31 03:15:00,23.2
2024-01-31 03:30:00,23.6
2024-01-31 03:45:00,23.9
2024-01-31 04:00:00,23.4
2024-01-31 04:15:00,23.9
2024-01-31 04:30:00,23.8
2024-01-31 04:45:00,24.1
2024-01-31 05:00:00,22.25938263340747
2024-01-31 05:15:00,24.2
2024-01-31 05:30:00,24.0
2024-01-31 05:45:00,24.3
2024-01-31 06:00:00,24.2
2024-01-31 06:15:00,24.6
2024-01-31 06:30:00,24.5
2024-01-31 06:45:00,25.0
2024-01-31 07:00:00,24.6
2024-01-31 07:15:00,24.6
2024-01-31 07:30:00,25.1
2024-01-31 07:45:00,25.0
2024-01-31 08:00:00,24.8
2024-01-31 08:15:00,24.8
2024-01-31 08:30:00,24.8
2024-01-31 08:45:00,25.0
2024-01-31 09:00:00,25.2
2024-01-31 09:15:00,24.7
2024-01-31 09:30:00,25.0
2024-01-31 09:45:00,25.2
2024-01-31 10:00:00,25.3
2024-01-31 10:15:00,24.9
2024-01-31 10:30:00,25.0
2024-01-31 10:45:00,25.1
2024-01-31 11:00:00,25.1
2024-01-31 11:15:00,27.791754522046762
2024-01-31 11:30:00,25.6
2024-01-31 11:45:00,25.1
2024-01-31 12:00:00,25.1
2024-01-31 12:15:00,25.2
2024-01-31 12:30:00,25.6
2024-01-31 12:45:00,25.1
2024-01-31 13:00:00,25.4
2024-01-31 13:15:00,25.7
2024-01-31 13:30:00,18.721225199934658
2024-01-31 13:45:00,25.0
2024-01-31 14:00:00,25.4
2024-01-31 14:15:00,25.3
2024-01-31 14:30:00,25.2
2024-01-31 14:45:00,25.3
2024-01-31 15:00:00,25.5
2024-01-31 15:15:00,25.3
2024-01-31 15:30:00,25.9
2024-01-31 15:45:00,25.8
2024-01-31 16:00:00,25.1
2024-01-31 16:15:00,25.4
2024-01-31 16:30:00,25.3
2024-01-31 16:45:00,25.8
2024-01-31 17:00:00,25.4
2024-01-31 17:15:00,25.8
2024-01-31 17:30:00,25.6
2024-01-31 17:45:00,25.6
2024-01-31 18:00:00,25.2
2024-01-31 18:15:00,25.5
2024-01-31 18:30:00,25.4
2024-01-31 18:45:00,25.8
2024-01-31 19:00:00,25.4
2024-01-31 19:15:00,25.3
2024-01-31 19:30:00,25.4
2024-01-31 19:45:00,
2024-01-31 20:00:00,
2024-01-31 20:15:00,
2024-01-31 20:30:00,
2024-01-31 20:45:00,
2024-01-31 21:00:00,
2024-01-31 21:15:00,
2024-01-31 21:30:00,
2024-01-31 21:45:00,
2024-01-31 22:00:00,25.6
2024-01-31 22:15:00,25.6
2024-01-31 22:30:00,25.5
2024-01-31 22:45:00,25.5
2024-01-31 23:00:00,25.6
2024-01-31 23:15:00,25.8
2024-01-31 23:30:00,26.0
2024-01-31 23:45:00,26.6
2024-02-01 00:00:00,26.2
2024-02-01 00:15:00,26.6
2024-02-01 00:30:00,26.1
2024-02-01 00:45:00,26.5
2024-02-01 01:00:00,26.4
2024-02-01 01:15:00,26.3
2024-02-01 01:30:00,26.8
2024-02-01 01:45:00,26.4
2024-02-01 02:00:00,26.9
2024-02-01 02:15:00,26.8
2024-02-01 02:30:00,26.3
2024-02-01 02:45:00,26.8
2024-02-01 03:00:00,27.1
2024-02-01 03:15:00,27.2
2024-02-01 03:30:00,27.6
2024-02-01 03:45:00,27.1
2024-02-01 04:00:00,27.4
2024-02-01 04:15:00,27.2
2024-02-01 04:30:00,27.3
2024-02-01 04:45:00,27.2
2024-02-01 05:00:00,27.5
2024-02-01 05:15:00,27.9
2024-02-01 05:30:00,27.6
2024-02-01 05:45:00,27.5
2024-02-01 06:00:00,28.2
2024-02-01 06:15:00,28.1
2024-02-01 06:30:00,28.3
2024-02-01 06:45:00,
2024-02-01 07:00:00,
2024-02-01 07:15:00,
2024-02-01 07:30:00,
2024-02-01 07:45:00,
2024-02-01 08:00:00,
2024-02-01 08:15:00,
2024-02-01 08:30:00,
2024-02-01 08:45:00,
2024-02-01 09:00:00,
2024-02-01 09:15:00,
2024-02-01 09:30:00,
2024-02-01 09:45:00,
2024-02-01 10:00:00,
2024-02-01 10:15:00,
2024-02-01 10:30:00,
2024-02-01 10:45:00,
2024-02-01 11:00:00,
2024-02-01 11:15:00,28.4
2024-02-01 11:30:00,28.4
2024-02-01 11:45:00,28.3
2024-02-01 12:00:00,28.5
2024-02-01 12:15:00,28.1
2024-02-01 12:30:00,27.8
2024-02-01 12:45:00,28.7
2024-02-01 13:00:00,28.4
2024-02-01 13:15:00,28.2
2024-02-01 13:30:00,28.2
2024-02-01 13:45:00,27.8
2024-02-01 14:00:00,28.3
2024-02-01 14:15:00,28.5
2024-02-01 14:30:00,28.4
2024-02-01 14:45:00,28.3
2024-02-01 15:00:00,27.7
2024-02-01 15:15:00,28.5
2024-02-01 15:30:00,28.2
2024-02-01 15:45:00,27.4
2024-02-01 16:00:00,28.2
2024-02-01 16:15:00,27.1
2024-02-01 16:30:00,28.2
2024-02-01 16:45:00,27.8
2024-02-01 17:00:00,27.7
2024-02-01 17:15:00,27.8
2024-02-01 17:30:00,27.4
2024-02-01 17:45:00,27.3
2024-02-01 18:00:00,27.6
2024-02-01 18:15:00,27.4
2024-02-01 18:30:00,27.2
2024-02-01 18:45:00,27.5
2024-02-01 19:00:00,27.5
2024-02-01 19:15:00,27.0
2024-02-01 19:30:00,27.3
2024-02-01 19:45:00,27.2
2024-02-01 20:00:00,27.1
2024-02-01 20:15:00,26.5
2024-02-01 20:30:00,26.5
2024-02-01 20:45:00,26.6
2024-02-01 21:00:00,26.6
2024-02-01 21:15:00,25.8
2024-02-01 21:30:00,26.4
2024-02-01 21:45:00,26.4
2024-02-01 22:00:00,26.2
2024-02-01 22:15:00,26.0
2024-02-01 22:30:00,25.9
2024-02-01 22:45:00,26.0
2024-02-01 23:00:00,25.7
2024-02-01 23:15:00,25.8
2024-02-01 23:30:00,25.9
2024-02-01 23:45:00,25.7
2024-02-02 00:00:00,25.6
2024-02-02 00:15:00,25.6
2024-02-02 00:30:00,25.2
2024-02-02 00:45:00,25.2
2024-02-02 01:00:00,25.3
2024-02-02 01:15:00,25.1
2024-02-02 01:30:00,25.2
2024-02-02 01:45:00,24.7
2024-02-02 02:00:00,24.9
2024-02-02 02:15:00,25.4
2024-02-02 02:30:00,25.0
2024-02-02 02:45:00,24.7
2024-02-02 03:00:00,24.4
2024-02-02 03:15:00,24.7
2024-02-02 03:30:00,25.0
2024-02-02 03:45:00,24.4
2024-02-02 04:00:00,24.3
2024-02-02 04:15:00,24.5
2024-02-02 04:30:00,23.9
2024-02-02 04:45:00,24.3
2024-02-02 05:00:00,24.4
2024-02-02 05:15:00,24.5
2024-02-02 05:30:00,24.2
2024-02-02 05:45:00,24.5
2024-02-02 06:00:00,24.0
2024-02-02 06:15:00,23.9
2024-02-02 06:30:00,24.0
2024-02-02 06:45:00,24.0
2024-02-02 07:00:00,24.1
2024-02-02 07:15:00,24.0
2024-02-02 07:30:00,23.8
2024-02-02 07:45:00,23.7
2024-02-02 08:00:00,23.4
2024-02-02 08:15:00,23.8
2024-02-02 08:30:00,25.448830048776628
2024-02-02 08:45:00,25.04883004877663
2024-02-02 09:00:00,23.6
2024-02-02 09:15:00,23.4
2024-02-02 09:30:00,23.3
2024-02-02 09:45:00,23.3
2024-02-02 10:00:00,23.3
2024-02-02 10:15:00,23.7
2024-02-02 10:30:00,23.4
2024-02-02 10:45:00,23.2
2024-02-02 11:00:00,
2024-02-02 11:15:00,
2024-02-02 11:30:00,
2024-02-02 11:45:00,
2024-02-02 12:00:00,
2024-02-02 12:15:00,
2024-02-02 12:30:00,
2024-02-02 12:45:00,
2024-02-02 13:00:00,
2024-02-02 13:15:00,
2024-02-02 13:30:00,
2024-02-02 13:45:00,
2024-02-02 14:00:00,
2024-02-02 14:15:00,
2024-02-02 14:30:00,
2024-02-02 14:45:00,
2024-02-02 15:00:00,23.3
2024-02-02 15:15:00,22.8
2024-02-02 15:30:00,22.6
2024-02-02 15:45:00,22.7
2024-02-02 16:00:00,22.4
2024-02-02 16:15:00,22.7
2024-02-02 16:30:00,22.6
2024-02-02 16:45:00,22.6
2024-02-02 17:00:00,22.7
2024-02-02 17:15:00,22.2
2024-02-02 17:30:00,22.2
2024-02-02 17:45:00,22.4
2024-02-02 18:00:00,23.2
2024-02-02 18:15:00,22.2
2024-02-02 18:30:00,21.9
2024-02-02 18:45:00,23.0
2024-02-02 19:00:00,22.0
2024-02-02 19:15:00,22.0
2024-02-02 19:30:00,21.2
2024-02-02 19:45:00,21.6
2024-02-02 20:00:00,21.4
2024-02-02 20:15:00,21.6
2024-02-02 20:30:00,21.5
2024-02-02 20:45:00,21.4
2024-02-02 21:00:00,21.3
2024-02-02 21:15:00,21.4
2024-02-02 21:30:00,21.2
2024-02-02 21:45:00,20.3
2024-02-02 22:00:00,20.5
2024-02-02 22:15:00,20.5
2024-02-02 22:30:00,21.1
2024-02-02 22:45:00,20.7
2024-02-02 23:00:00,20.5
2024-02-02 23:15:00,20.2
2024-02-02 23:30:00,20.1
2024-02-02 23:45:00,19.8
2024-02-03 00:00:00,20.0
2024-02-03 00:15:00,20.0
2024-02-03 00:30:00,20.2
2024-02-03 00:45:00,20.0
2024-02-03 01:00:00,19.5
2024-02-03 01:15:00,19.6
2024-02-03 01:30:00,19.7
2024-02-03 01:45:00,19.6
2024-02-03 02:00:00,19.5
2024-02-03 02:15:00,19.4
2024-02-03 02:30:00,19.5
2024-02-03 02:45:00,19.6
2024-02-03 03:00:00,19.1
2024-02-03 03:15:00,18.9
2024-02-03 03:30:00,19.0
2024-02-03 03:45:00,19.0
2024-02-03 04:00:00,18.8
2024-02-03 04:15:00,18.8
2024-02-03 04:30:00,18.5
2024-02-03 04:45:00,18.8
2024-02-03 05:00:00,18.6
2024-02-03 05:15:00,18.4
2024-02-03 05:30:00,18.3
2024-02-03 05:45:00,18.2
2024-02-03 06:00:00,18.5
2024-02-03 06:15:00,18.4
2024-02-03 06:30:00,18.4
2024-02-03 06:45:00,18.2
2024-02-03 07:00:00,18.5
2024-02-03 07:15:00,18.1
2024-02-03 07:30:00,18.1
2024-02-03 07:45:00,18.2
2024-02-03 08:00:00,18.2
2024-02-03 08:15:00,18.1
2024-02-03 08:30:00,17.7
2024-02-03 08:45:00,18.2
2024-02-03 09:00:00,17.7
2024-02-03 09:15:00,18.2
2024-02-03 09:30:00,18.0
2024-02-03 09:45:00,18.0
2024-02-03 10:00:00,17.7
2024-02-03 10:15:00,18.0
2024-02-03 10:30:00,18.0
2024-02-03 10:45:00,18.1
2024-02-03 11:00:00,
2024-02-03 11:15:00,
2024-02-03 11:30:00,
2024-02-03 11:45:00,
2024-02-03 12:00:00,17.8
2024-02-03 12:15:00,17.9
2024-02-03 12:30:00,18.2
2024-02-03 12:45:00,18.0
2024-02-03 13:00:00,18.1
2024-02-03 13:15:00,17.8
2024-02-03 13:30:00,18.0
2024-02-03 13:45:00,18.1
2024-02-03 14:00:00,18.2
2024-02-03 14:15:00,18.1
2024-02-03 14:30:00,17.8
2024-02-03 14:45:00,18.3
2024-02-03 15:00:00,18.0
2024-02-03 15:15:00,18.2
2024-02-03 15:30:00,18.1
2024-02-03 15:45:00,18.0
2024-02-03 16:00:00,17.9
2024-02-03 16:15:00,18.2
2024-02-03 16:30:00,18.0
2024-02-03 16:45:00,18.1
2024-02-03 17:00:00,18.0
2024-02-03 17:15:00,17.9
2024-02-03 17:30:00,17.8
2024-02-03 17:45:00,17.8
2024-02-03 18:00:00,17.9
2024-02-03 18:15:00,18.0
2024-02-03 18:30:00,17.7
2024-02-03 18:45:00,17.8
2024-02-03 19:00:00,17.8
2024-02-03 19:15:00,17.5
2024-02-03 19:30:00,17.5
2024-02-03 19:45:00,17.5
2024-02-03 20:00:00,17.5
2024-02-03 20:15:00,17.5
2024-02-03 20:30:00,17.5
2024-02-03 20:45:00,17.5
2024-02-03 21:00:00,17.5
2024-02-03 21:15:00,17.5
2024-02-03 21:30:00,17.5
2024-02-03 21:45:00,17.5
2024-02-03 22:00:00,17.3
2024-02-03 22:15:00,17.0
2024-02-03 22:30:00,17.0
2024-02-03 22:45:00,17.4
2024-02-03 23:00:00,16.8
2024-02-03 23:15:00,17.0
2024-02-03 23:30:00,17.1
2024-02-03 23:45:00,17.0
2024-02-04 00:00:00,17.0
2024-02-04 00:15:00,16.9
2024-02-04 00:30:00,16.8
2024-02-04 00:45:00,16.9
2024-02-04 01:00:00,16.8
2024-02-04 01:15:00,16.7
2024-02-04 01:30:00,16.5
2024-02-04 01:45:00,16.9
2024-02-04 02:00:00,16.9
2024-02-04 02:15:00,16.9
2024-02-04 02:30:00,16.9
2024-02-04 02:45:00,16.9
2024-02-04 03:00:00,16.9
2024-02-04 03:15:00,16.9
2024-02-04 03:30:00,16.9
2024-02-04 03:45:00,16.9
2024-02-04 04:00:00,16.9
2024-02-04 04:15:00,16.9
2024-02-04 04:30:00,16.9
2024-02-04 04:45:00,16.9
2024-02-04 05:00:00,16.9
2024-02-04 05:15:00,16.9
2024-02-04 05:30:00,16.9
2024-02-04 05:45:00,16.9
2024-02-04 06:00:00,16.9
2024-02-04 06:15:00,16.9
2024-02-04 06:30:00,16.9
2024-02-04 06:45:00,16.9
2024-02-04 07:00:00,16.9
2024-02-04 07:15:00,16.9
2024-02-04 07:30:00,16.9
2024-02-04 07:45:00,16.9
2024-02-04 08:00:00,16.9
2024-02-04 08:15:00,16.9
2024-02-04 08:30:00,16.9
2024-02-04 08:45:00,16.9
2024-02-04 09:00:00,16.9
2024-02-04 09:15:00,16.9
2024-02-04 09:30:00,16.9
2024-02-04 09:45:00,16.9
2024-02-04 10:00:00,16.9
2024-02-04 10:15:00,16.9
2024-02-04 10:30:00,16.9
2024-02-04 10:45:00,16.9
2024-02-04 11:00:00,16.9
2024-02-04 11:15:00,16.9
2024-02-04 11:30:00,16.9
2024-02-04 11:45:00,16.9
2024-02-04 12:00:00,16.9
2024-02-04 12:15:00,16.9
2024-02-04 12:30:00,16.9
2024-02-04 12:45:00,15.6
2024-02-04 13:00:00,15.8
2024-02-04 13:15:00,16.2
2024-02-04 13:30:00,15.7
2024-02-04 13:45:00,15.7
2024-02-04 14:00:00,15.8
2024-02-04 14:15:00,15.9
2024-02-04 14:30:00,15.8
2024-02-04 14:45:00,16.0
2024-02-04 15:00:00,15.7
2024-02-04 15:15:00,16.1
2024-02-04 15:30:00,16.0
2024-02-04 15:45:00,15.8
2024-02-04 16:00:00,15.7
2024-02-04 16:15:00,15.6
2024-02-04 16:30:00,15.6
2024-02-04 16:45:00,16.1
2024-02-04 17:00:00,15.8
2024-02-04 17:15:00,15.8
2024-02-04 17:30:00,15.7
2024-02-04 17:45:00,15.4
2024-02-04 18:00:00,15.5
2024-02-04 18:15:00,15.8
2024-02-04 18:30:00,15.8
2024-02-04 18:45:00,15.7
2024-02-04 19:00:00,15.7
2024-02-04 19:15:00,15.5
2024-02-04 19:30:00,
2024-02-04 19:45:00,15.6
2024-02-04 20:00:00,15.8
2024-02-04 20:15:00,15.4
2024-02-04 20:30:00,15.6
2024-02-04 20:45:00,15.4
2024-02-04 21:00:00,15.7
2024-02-04 21:15:00,15.5
2024-02-04 21:30:00,
2024-02-04 21:45:00,15.8
2024-02-04 22:00:00,15.4
2024-02-04 22:15:00,15.4
2024-02-04 22:30:00,15.5
2024-02-04 22:45:00,15.6
2024-02-04 23:00:00,17.86197193568727
2024-02-04 23:15:00,15.4
2024-02-04 23:30:00,15.5
2024-02-04 23:45:00,15.6
2024-02-05 00:00:00,15.4
2024-02-05 00:15:00,15.5
2024-02-05 00:30:00,15.1
2024-02-05 00:45:00,15.2
2024-02-05 01:00:00,15.5
2024-02-05 01:15:00,15.4
2024-02-05 01:30:00,15.4
2024-02-05 01:45:00,15.4
2024-02-05 02:00:00,15.1
2024-02-05 02:15:00,15.1
2024-02-05 02:30:00,15.4
2024-02-05 02:45:00,15.0
2024-02-05 03:00:00,15.2
2024-02-05 03:15:00,15.3
2024-02-05 03:30:00,15.0
2024-02-05 03:45:00,15.2
2024-02-05 04:00:00,15.1
2024-02-05 04:15:00,15.2
2024-02-05 04:30:00,14.8
2024-02-05 04:45:00,15.2
2024-02-05 05:00:00,15.1
2024-02-05 05:15:00,15.3
2024-02-05 05:30:00,
2024-02-05 05:45:00,15.0
2024-02-05 06:00:00,15.2
2024-02-05 06:15:00,14.7
2024-02-05 06:30:00,15.2
2024-02-05 06:45:00,15.0
2024-02-05 07:00:00,15.0
2024-02-05 07:15:00,15.5
2024-02-05 07:30:00,14.8
2024-02-05 07:45:00,15.1
2024-02-05 08:00:00,15.1
2024-02-05 08:15:00,15.1
2024-02-05 08:30:00,15.3
2024-02-05 08:45:00,14.9
2024-02-05 09:00:00,14.9
2024-02-05 09:15:00,15.0
2024-02-05 09:30:00,15.1
2024-02-05 09:45:00,14.9
2024-02-05 10:00:00,14.8
2024-02-05 10:15:00,14.9
2024-02-05 10:30:00,15.2
2024-02-05 10:45:00,15.0
2024-02-05 11:00:00,15.1
2024-02-05 11:15:00,15.0
2024-02-05 11:30:00,15.0
2024-02-05 11:45:00,15.2
2024-02-05 12:00:00,15.0
2024-02-05 12:15:00,15.1
2024-02-05 12:30:00,19.334208204574253
2024-02-05 12:45:00,15.0
2024-02-05 13:00:00,15.1
2024-02-05 13:15:00,15.0
2024-02-05 13:30:00,
2024-02-05 13:45:00,15.1
2024-02-05 14:00:00,14.9
2024-02-05 14:15:00,14.9
2024-02-05 14:30:00,15.1
2024-02-05 14:45:00,15.1
2024-02-05 15:00:00,15.2
2024-02-05 15:15:00,15.2
2024-02-05 15:30:00,15.7
2024-02-05 15:45:00,15.1
2024-02-05 16:00:00,15.0
2024-02-05 16:15:00,15.3
2024-02-05 16:30:00,15.5
2024-02-05 16:45:00,15.0
2024-02-05 17:00:00,15.0
2024-02-05 17:15:00,15.4
2024-02-05 17:30:00,15.4
2024-02-05 17:45:00,15.5
2024-02-05 18:00:00,15.4
2024-02-05 18:15:00,15.4
2024-02-05 18:30:00,15.3
2024-02-05 18:45:00,15.6
2024-02-05 19:00:00,15.7
2024-02-05 19:15:00,15.4
2024-02-05 19:30:00,15.5
2024-02-05 19:45:00,15.4
2024-02-05 20:00:00,16.72903114822762
2024-02-05 20:15:00,16.72903114822762
2024-02-05 20:30:00,16.72903114822762
2024-02-05 20:45:00,15.5
2024-02-05 21:00:00,15.1
2024-02-05 21:15:00,15.2
2024-02-05 21:30:00,15.3
2024-02-05 21:45:00,15.1
2024-02-05 22:00:00,15.5
2024-02-05 22:15:00,21.35304279995048
2024-02-05 22:30:00,15.3
2024-02-05 22:45:00,15.2
2024-02-05 23:00:00,15.2
2024-02-05 23:15:00,15.4
2024-02-05 23:30:00,15.1
2024-02-05 23:45:00,15.3
2024-02-06 00:00:00,15.2
2024-02-06 00:15:00,15.1
2024-02-06 00:30:00,15.2
2024-02-06 00:45:00,15.2
2024-02-06 01:00:00,14.9
2024-02-06 01:15:00,15.1
2024-02-06 01:30:00,15.0
2024-02-06 01:45:00,15.3
2024-02-06 02:00:00,20.4946364487464
2024-02-06 02:15:00,20.6946364487464
2024-02-06 02:30:00,20.3946364487464
2024-02-06 02:45:00,14.9
2024-02-06 03:00:00,15.1
2024-02-06 03:15:00,15.2
2024-02-06 03:30:00,14.9
2024-02-06 03:45:00,15.1
2024-02-06 04:00:00,
2024-02-06 04:15:00,14.9
2024-02-06 04:30:00,14.8
2024-02-06 04:45:00,14.7
2024-02-06 05:00:00,15.1
2024-02-06 05:15:00,14.6
2024-02-06 05:30:00,15.0
2024-02-06 05:45:00,15.1
2024-02-06 06:00:00,14.8
2024-02-06 06:15:00,14.9
2024-02-06 06:30:00,14.8
2024-02-06 06:45:00,15.0
2024-02-06 07:00:00,14.8
2024-02-06 07:15:00,16.113693183179507
2024-02-06 07:30:00,16.213693183179508
2024-02-06 07:45:00,16.413693183179507
2024-02-06 08:00:00,14.8
2024-02-06 08:15:00,
2024-02-06 08:30:00,14.7
2024-02-06 08:45:00,14.7
2024-02-06 09:00:00,14.6
2024-02-06 09:15:00,
2024-02-06 09:30:00,
2024-02-06 09:45:00,
2024-02-06 10:00:00,
2024-02-06 10:15:00,
2024-02-06 10:30:00,
2024-02-06 10:45:00,
2024-02-06 11:00:00,
2024-02-06 11:15:00,
2024-02-06 11:30:00,
2024-02-06 11:45:00,
2024-02-06 12:00:00,
2024-02-06 12:15:00,
2024-02-06 12:30:00,
2024-02-06 12:45:00,
2024-02-06 13:00:00,
2024-02-06 13:15:00,
2024-02-06 13:30:00,
2024-02-06 13:45:00,
2024-02-06 14:00:00,
2024-02-06 14:15:00,
2024-02-06 14:30:00,
2024-02-06 14:45:00,14.3
2024-02-06 15:00:00,14.1
2024-02-06 15:15:00,14.4
2024-02-06 15:30:00,14.6
2024-02-06 15:45:00,14.6
2024-02-06 16:00:00,14.6
2024-02-06 16:15:00,14.3
2024-02-06 16:30:00,14.4
2024-02-06 16:45:00,14.5
2024-02-06 17:00:00,14.3
2024-02-06 17:15:00,14.2
2024-02-06 17:30:00,14.1
2024-02-06 17:45:00,14.5
2024-02-06 18:00:00,14.3
2024-02-06 18:15:00,14.1
2024-02-06 18:30:00,14.1
2024-02-06 18:45:00,14.2
2024-02-06 19:00:00,14.0
2024-02-06 19:15:00,14.2
2024-02-06 19:30:00,14.1
2024-02-06 19:45:00,13.9
2024-02-06 20:00:00,14.2
2024-02-06 20:15:00,14.0
2024-02-06 20:30:00,14.1
2024-02-06 20:45:00,14.2
2024-02-06 21:00:00,13.6
2024-02-06 21:15:00,13.7
2024-02-06 21:30:00,13.7
2024-02-06 21:45:00,14.0
2024-02-06 22:00:00,13.9
2024-02-06 22:15:00,13.6
2024-02-06 22:30:00,13.8
2024-02-06 22:45:00,13.8
2024-02-06 23:00:00,13.5
2024-02-06 23:15:00,13.7
2024-02-06 23:30:00,13.7
2024-02-06 23:45:00,13.5
2024-02-07 00:00:00,13.8
2024-02-07 00:15:00,13.5
2024-02-07 00:30:00,13.6
2024-02-07 00:45:00,13.6
2024-02-07 01:00:00,13.6
2024-02-07 01:15:00,13.8
2024-02-07 01:30:00,13.6
2024-02-07 01:45:00,13.6
2024-02-07 02:00:00,13.6
2024-02-07 02:15:00,13.5
2024-02-07 02:30:00,13.6
2024-02-07 02:45:00,13.4
2024-02-07 03:00:00,13.4
2024-02-07 03:15:00,13.3
2024-02-07 03:30:00,13.4
2024-02-07 03:45:00,13.5
2024-02-07 04:00:00,13.4
2024-02-07 04:15:00,13.5
2024-02-07 04:30:00,13.3
2024-02-07 04:45:00,13.2
2024-02-07 05:00:00,13.1
2024-02-07 05:15:00,13.2
2024-02-07 05:30:00,13.3
2024-02-07 05:45:00,13.4
2024-02-07 06:00:00,13.5
2024-02-07 06:15:00,13.3
2024-02-07 06:30:00,13.2
2024-02-07 06:45:00,13.2
2024-02-07 07:00:00,13.4
2024-02-07 07:15:00,13.0
2024-02-07 07:30:00,13.2
2024-02-07 07:45:00,13.3
2024-02-07 08:00:00,13.2
2024-02-07 08:15:00,13.4
2024-02-07 08:30:00,13.1
2024-02-07 08:45:00,13.3
2024-02-07 09:00:00,13.1
2024-02-07 09:15:00,13.2
2024-02-07 09:30:00,12.9
2024-02-07 09:45:00,13.3
2024-02-07 10:00:00,13.0
2024-02-07 10:15:00,13.0
2024-02-07 10:30:00,13.1
2024-02-07 10:45:00,13.1
2024-02-07 11:00:00,12.9
2024-02-07 11:15:00,13.1
2024-02-07 11:30:00,13.0
2024-02-07 11:45:00,13.0
2024-02-07 12:00:00,13.0
2024-02-07 12:15:00,13.1
2024-02-07 12:30:00,13.0
2024-02-07 12:45:00,13.0
2024-02-07 13:00:00,12.9
2024-02-07 13:15:00,13.1
2024-02-07 13:30:00,13.0
2024-02-07 13:45:00,12.8
2024-02-07 14:00:00,12.8
2024-02-07 14:15:00,13.0
2024-02-07 14:30:00,12.7
2024-02-07 14:45:00,13.0
2024-02-07 15:00:00,12.9
2024-02-07 15:15:00,12.7
2024-02-07 15:30:00,13.3
2024-02-07 15:45:00,
2024-02-07 16:00:00,12.8
2024-02-07 16:15:00,13.0
2024-02-07 16:30:00,13.0
2024-02-07 16:45:00,12.7
2024-02-07 17:00:00,12.8
2024-02-07 17:15:00,12.6
2024-02-07 17:30:00,12.8
2024-02-07 17:45:00,12.8
2024-02-07 18:00:00,12.7
2024-02-07 18:15:00,12.7
2024-02-07 18:30:00,12.8
2024-02-07 18:45:00,12.6
2024-02-07 19:00:00,12.8
2024-02-07 19:15:00,12.5
2024-02-07 19:30:00,12.5
2024-02-07 19:45:00,12.6
2024-02-07 20:00:00,12.7
2024-02-07 20:15:00,12.7
2024-02-07 20:30:00,12.6
2024-02-07 20:45:00,12.7
2024-02-07 21:00:00,12.6
2024-02-07 21:15:00,12.5
2024-02-07 21:30:00,12.8
2024-02-07 21:45:00,12.4
2024-02-07 22:00:00,12.4
2024-02-07 22:15:00,12.5
2024-02-07 22:30:00,12.5
2024-02-07 22:45:00,12.2
2024-02-07 23:00:00,12.2
2024-02-07 23:15:00,12.6
2024-02-07 23:30:00,12.3
2024-02-07 23:45:00,11.9
2024-02-08 00:00:00,12.1
2024-02-08 00:15:00,12.2
2024-02-08 00:30:00,12.0
2024-02-08 00:45:00,12.1
2024-02-08 01:00:00,12.0
2024-02-08 01:15:00,12.1
2024-02-08 01:30:00,12.0
2024-02-08 01:45:00,12.1
2024-02-08 02:00:00,12.0
2024-02-08 02:15:00,12.1
2024-02-08 02:30:00,12.2
2024-02-08 02:45:00,12.1
2024-02-08 03:00:00,12.2
2024-02-08 03:15:00,12.1
2024-02-08 03:30:00,12.0
2024-02-08 03:45:00,12.1
2024-02-08 04:00:00,11.9
2024-02-08 04:15:00,11.9
2024-02-08 04:30:00,12.1
2024-02-08 04:45:00,12.1
2024-02-08 05:00:00,11.7
2024-02-08 05:15:00,12.1
2024-02-08 05:30:00,12.0
2024-02-08 05:45:00,11.8
2024-02-08 06:00:00,11.6
2024-02-08 06:15:00,12.0
2024-02-08 06:30:00,11.8
2024-02-08 06:45:00,11.9
2024-02-08 07:00:00,11.7
2024-02-08 07:15:00,11.9
2024-02-08 07:30:00,11.8
2024-02-08 07:45:00,11.9
2024-02-08 08:00:00,11.7
2024-02-08 08:15:00,11.7
2024-02-08 08:30:00,12.0
2024-02-08 08:45:00,11.8
2024-02-08 09:00:00,12.0
2024-02-08 09:15:00,11.6
2024-02-08 09:30:00,11.6
2024-02-08 09:45:00,11.7
2024-02-08 10:00:00,11.7
2024-02-08 10:15:00,11.6
2024-02-08 10:30:00,11.7
2024-02-08 10:45:00,11.7
2024-02-08 11:00:00,11.5
2024-02-08 11:15:00,11.6
2024-02-08 11:30:00,11.8
2024-02-08 11:45:00,11.5
2024-02-08 12:00:00,11.5
2024-02-08 12:15:00,11.7
2024-02-08 12:30:00,11.5
2024-02-08 12:45:00,11.7
2024-02-08 13:00:00,11.6
2024-02-08 13:15:00,11.2
2024-02-08 13:30:00,
2024-02-08 13:45:00,
2024-02-08 14:00:00,
2024-02-08 14:15:00,11.8
2024-02-08 14:30:00,11.4
2024-02-08 14:45:00,11.5
2024-02-08 15:00:00,11.4
2024-02-08 15:15:00,11.7
2024-02-08 15:30:00,
2024-02-08 15:45:00,11.6
2024-02-08 16:00:00,11.4
2024-02-08 16:15:00,11.5
2024-02-08 16:30:00,11.6
2024-02-08 16:45:00,11.5
2024-02-08 17:00:00,11.6
2024-02-08 17:15:00,11.3
2024-02-08 17:30:00,11.4
2024-02-08 17:45:00,11.7
2024-02-08 18:00:00,11.3
2024-02-08 18:15:00,11.4
2024-02-08 18:30:00,11.6
2024-02-08 18:45:00,11.5
2024-02-08 19:00:00,11.4
2024-02-08 19:15:00,11.2
2024-02-08 19:30:00,11.4
2024-02-08 19:45:00,11.6
2024-02-08 20:00:00,11.2
2024-02-08 20:15:00,11.2
2024-02-08 20:30:00,11.3
2024-02-08 20:45:00,11.1
2024-02-08 21:00:00,11.0
2024-02-08 21:15:00,11.0
2024-02-08 21:30:00,10.9
2024-02-08 21:45:00,11.2
2024-02-08 22:00:00,11.2
2024-02-08 22:15:00,10.8
2024-02-08 22:30:00,11.2
2024-02-08 22:45:00,10.8
2024-02-08 23:00:00,11.1
2024-02-08 23:15:00,11.1
2024-02-08 23:30:00,11.0
2024-02-08 23:45:00,11.2
2024-02-09 00:00:00,10.9
2024-02-09 00:15:00,11.3
2024-02-09 00:30:00,11.0
2024-02-09 00:45:00,11.1
2024-02-09 01:00:00,10.9
2024-02-09 01:15:00,10.8
2024-02-09 01:30:00,10.8
2024-02-09 01:45:00,10.8
2024-02-09 02:00:00,10.8
2024-02-09 02:15:00,10.8
2024-02-09 02:30:00,10.8
2024-02-09 02:45:00,10.8
2024-02-09 03:00:00,10.8
2024-02-09 03:15:00,10.8
2024-02-09 03:30:00,10.8
2024-02-09 03:45:00,10.8
2024-02-09 04:00:00,10.8
2024-02-09 04:15:00,10.8
2024-02-09 04:30:00,10.8
2024-02-09 04:45:00,10.6
2024-02-09 05:00:00,10.9
2024-02-09 05:15:00,10.6
2024-02-09 05:30:00,10.7
2024-02-09 05:45:00,10.3
2024-02-09 06:00:00,10.6
2024-02-09 06:15:00,10.6
2024-02-09 06:30:00,10.5
2024-02-09 06:45:00,10.5
2024-02-09 07:00:00,10.4
2024-02-09 07:15:00,10.4
2024-02-09 07:30:00,10.4
2024-02-09 07:45:00,10.4
2024-02-09 08:00:00,10.2
2024-02-09 08:15:00,10.4
2024-02-09 08:30:00,10.2
2024-02-09 08:45:00,10.3
2024-02-09 09:00:00,10.4
2024-02-09 09:15:00,10.3
2024-02-09 09:30:00,10.3
2024-02-09 09:45:00,10.2
2024-02-09 10:00:00,10.1
2024-02-09 10:15:00,10.4
2024-02-09 10:30:00,10.2
2024-02-09 10:45:00,10.1
2024-02-09 11:00:00,10.1
2024-02-09 11:15:00,10.2
2024-02-09 11:30:00,10.4
2024-02-09 11:45:00,10.1
2024-02-09 12:00:00,10.3
2024-02-09 12:15:00,10.2
2024-02-09 12:30:00,10.3
2024-02-09 12:45:00,10.4
2024-02-09 13:00:00,10.4
2024-02-09 13:15:00,10.2
2024-02-09 13:30:00,10.3
2024-02-09 13:45:00,10.2
2024-02-09 14:00:00,10.1
2024-02-09 14:15:00,10.3
2024-02-09 14:30:00,10.2
2024-02-09 14:45:00,10.4
2024-02-09 15:00:00,10.3
2024-02-09 15:15:00,10.5
2024-02-09 15:30:00,10.3
2024-02-09 15:45:00,10.4
2024-02-09 16:00:00,10.4
2024-02-09 16:15:00,10.1
2024-02-09 16:30:00,10.3
2024-02-09 16:45:00,10.3
2024-02-09 17:00:00,10.3
2024-02-09 17:15:00,10.4
2024-02-09 17:30:00,10.4
2024-02-09 17:45:00,10.4
2024-02-09 18:00:00,10.3
2024-02-09 18:15:00,10.3
2024-02-09 18:30:00,10.4
2024-02-09 18:45:00,10.3
2024-02-09 19:00:00,10.2
2024-02-09 19:15:00,10.2
2024-02-09 19:30:00,10.4
2024-02-09 19:45:00,10.2
2024-02-09 20:00:00,10.3
2024-02-09 20:15:00,10.2
2024-02-09 20:30:00,10.4
2024-02-09 20:45:00,10.4
2024-02-09 21:00:00,10.4
2024-02-09 21:15:00,10.3
2024-02-09 21:30:00,10.4
2024-02-09 21:45:00,10.4
2024-02-09 22:00:00,10.4
2024-02-09 22:15:00,10.4
2024-02-09 22:30:00,
2024-02-09 22:45:00,
2024-02-09 23:00:00,
2024-02-09 23:15:00,
2024-02-09 23:30:00,
2024-02-09 23:45:00,
2024-02-10 00:00:00,10.4
2024-02-10 00:15:00,10.2
2024-02-10 00:30:00,10.3
2024-02-10 00:45:00,10.2
2024-02-10 01:00:00,10.5
2024-02-10 01:15:00,10.3
2024-02-10 01:30:00,10.2
2024-02-10 01:45:00,10.4
2024-02-10 02:00:00,10.4
2024-02-10 02:15:00,10.3
2024-02-10 02:30:00,10.3
2024-02-10 02:45:00,10.6
2024-02-10 03:00:00,10.4
2024-02-10 03:15:00,10.2
2024-02-10 03:30:00,10.2
2024-02-10 03:45:00,10.3
2024-02-10 04:00:00,10.6
2024-02-10 04:15:00,10.3
2024-02-10 04:30:00,10.3
2024-02-10 04:45:00,10.2
2024-02-10 05:00:00,10.3
2024-02-10 05:15:00,10.3
2024-02-10 05:30:00,10.2
2024-02-10 05:45:00,10.2
2024-02-10 06:00:00,10.4
2024-02-10 06:15:00,10.5
2024-02-10 06:30:00,12.403240540699546
2024-02-10 06:45:00,12.503240540699545
2024-02-10 07:00:00,12.603240540699545
2024-02-10 07:15:00,10.1
2024-02-10 07:30:00,10.2
2024-02-10 07:45:00,10.6
2024-02-10 08:00:00,10.3
2024-02-10 08:15:00,10.6
2024-02-10 08:30:00,10.4
2024-02-10 08:45:00,10.5
2024-02-10 09:00:00,
2024-02-10 09:15:00,
2024-02-10 09:30:00,
2024-02-10 09:45:00,
2024-02-10 10:00:00,
2024-02-10 10:15:00,
2024-02-10 10:30:00,
2024-02-10 10:45:00,
2024-02-10 11:00:00,
2024-02-10 11:15:00,
2024-02-10 11:30:00,
2024-02-10 11:45:00,
2024-02-10 12:00:00,
2024-02-10 12:15:00,
2024-02-10 12:30:00,
2024-02-10 12:45:00,
2024-02-10 13:00:00,
2024-02-10 13:15:00,
2024-02-10 13:30:00,
2024-02-10 13:45:00,
2024-02-10 14:00:00,10.2
2024-02-10 14:15:00,10.1
2024-02-10 14:30:00,10.1
2024-02-10 14:45:00,10.3
2024-02-10 15:00:00,10.2
2024-02-10 15:15:00,10.3
2024-02-10 15:30:00,10.3
2024-02-10 15:45:00,10.4
2024-02-10 16:00:00,10.2
2024-02-10 16:15:00,10.2
2024-02-10 16:30:00,10.3
2024-02-10 16:45:00,10.3
2024-02-10 17:00:00,10.3
2024-02-10 17:15:00,10.1
2024-02-10 17:30:00,10.3
2024-02-10 17:45:00,10.3
2024-02-10 18:00:00,10.1
2024-02-10 18:15:00,10.2
2024-02-10 18:30:00,10.3
2024-02-10 18:45:00,10.3
2024-02-10 19:00:00,10.0
2024-02-10 19:15:00,10.4
2024-02-10 19:30:00,10.3
2024-02-10 19:45:00,10.4
2024-02-10 20:00:00,10.2
2024-02-10 20:15:00,10.4
2024-02-10 20:30:00,10.4
2024-02-10 20:45:00,10.4
2024-02-10 21:00:00,10.4
2024-02-10 21:15:00,10.2
2024-02-10 21:30:00,10.3
2024-02-10 21:45:00,10.3
2024-02-10 22:00:00,10.2
2024-02-10 22:15:00,10.2
2024-02-10 22:30:00,10.2
2024-02-10 22:45:00,10.1
2024-02-10 23:00:00,10.1
2024-02-10 23:15:00,10.3
2024-02-10 23:30:00,10.3
2024-02-10 23:45:00,10.1
2024-02-11 00:00:00,10.2
2024-02-11 00:15:00,10.1
2024-02-11 00:30:00,10.0
2024-02-11 00:45:00,10.2
2024-02-11 01:00:00,10.1
2024-02-11 01:15:00,10.0
2024-02-11 01:30:00,10.0
2024-02-11 01:45:00,10.2
2024-02-11 02:00:00,10.0
2024-02-11 02:15:00,10.2
2024-02-11 02:30:00,10.1
2024-02-11 02:45:00,10.1
2024-02-11 03:00:00,10.0
2024-02-11 03:15:00,9.9
2024-02-11 03:30:00,9.9
2024-02-11 03:45:00,10.0
2024-02-11 04:00:00,9.8
2024-02-11 04:15:00,10.2
2024-02-11 04:30:00,10.0
2024-02-11 04:45:00,9.9
2024-02-11 05:00:00,9.9
2024-02-11 05:15:00,9.8
2024-02-11 05:30:00,9.7
2024-02-11 05:45:00,9.8
2024-02-11 06:00:00,9.7
2024-02-11 06:15:00,9.7
2024-02-11 06:30:00,9.6
2024-02-11 06:45:00,9.8
2024-02-11 07:00:00,9.6
2024-02-11 07:15:00,9.8
2024-02-11 07:30:00,9.7
2024-02-11 07:45:00,9.7
2024-02-11 08:00:00,9.7
2024-02-11 08:15:00,9.5
2024-02-11 08:30:00,9.7
2024-02-11 08:45:00,9.6
2024-02-11 09:00:00,9.6
2024-02-11 09:15:00,9.6
2024-02-11 09:30:00,9.7
2024-02-11 09:45:00,9.7
2024-02-11 10:00:00,9.5
2024-02-11 10:15:00,9.6
2024-02-11 10:30:00,9.6
2024-02-11 10:45:00,9.5
2024-02-11 11:00:00,9.6
2024-02-11 11:15:00,9.6
2024-02-11 11:30:00,9.6
2024-02-11 11:45:00,9.7
2024-02-11 12:00:00,9.7
2024-02-11 12:15:00,9.6
2024-02-11 12:30:00,9.6
2024-02-11 12:45:00,9.6
2024-02-11 13:00:00,9.5
2024-02-11 13:15:00,9.6
2024-02-11 13:30:00,9.5
2024-02-11 13:45:00,9.4
2024-02-11 14:00:00,9.4
2024-02-11 14:15:00,9.6
2024-02-11 14:30:00,9.4
2024-02-11 14:45:00,9.4
2024-02-11 15:00:00,
2024-02-11 15:15:00,
2024-02-11 15:30:00,9.9
2024-02-11 15:45:00,9.7
2024-02-11 16:00:00,9.5
2024-02-11 16:15:00,9.5
2024-02-11 16:30:00,9.2
2024-02-11 16:45:00,9.4
2024-02-11 17:00:00,9.5
2024-02-11 17:15:00,9.4
2024-02-11 17:30:00,9.4
2024-02-11 17:45:00,9.5
2024-02-11 18:00:00,9.3
2024-02-11 18:15:00,9.6
2024-02-11 18:30:00,9.3
2024-02-11 18:45:00,9.4
2024-02-11 19:00:00,9.2
2024-02-11 19:15:00,9.2
2024-02-11 19:30:00,9.4
2024-02-11 19:45:00,9.4
2024-02-11 20:00:00,9.4
2024-02-11 20:15:00,9.2
2024-02-11 20:30:00,9.5
2024-02-11 20:45:00,9.4
2024-02-11 21:00:00,9.3
2024-02-11 21:15:00,9.4
2024-02-11 21:30:00,9.3
2024-02-11 21:45:00,9.3
2024-02-11 22:00:00,9.3
2024-02-11 22:15:00,9.4
2024-02-11 22:30:00,9.4
2024-02-11 22:45:00,9.2
2024-02-11 23:00:00,9.4
2024-02-11 23:15:00,9.2
2024-02-11 23:30:00,9.2
2024-02-11 23:45:00,9.3
2024-02-12 00:00:00,9.3
2024-02-12 00:15:00,8.355475240879613
2024-02-12 00:30:00,9.2
2024-02-12 00:45:00,9.1
2024-02-12 01:00:00,9.3
2024-02-12 01:15:00,9.5
2024-02-12 01:30:00,9.3
2024-02-12 01:45:00,9.2
2024-02-12 02:00:00,9.2
2024-02-12 02:15:00,9.4
2024-02-12 02:30:00,9.4
2024-02-12 02:45:00,9.3
2024-02-12 03:00:00,9.4
2024-02-12 03:15:00,9.5
2024-02-12 03:30:00,9.5
2024-02-12 03:45:00,9.3
2024-02-12 04:00:00,9.3
2024-02-12 04:15:00,9.2
2024-02-12 04:30:00,9.3
2024-02-12 04:45:00,9.5
2024-02-12 05:00:00,9.4
2024-02-12 05:15:00,9.5
2024-02-12 05:30:00,9.3
2024-02-12 05:45:00,9.4
2024-02-12 06:00:00,9.3
2024-02-12 06:15:00,9.4
2024-02-12 06:30:00,9.2
2024-02-12 06:45:00,9.2
2024-02-12 07:00:00,9.0
2024-02-12 07:15:00,9.2
2024-02-12 07:30:00,9.0
2024-02-12 07:45:00,9.2
2024-02-12 08:00:00,9.2
2024-02-12 08:15:00,9.2
2024-02-12 08:30:00,9.1
2024-02-12 08:45:00,9.2
2024-02-12 09:00:00,9.5
2024-02-12 09:15:00,9.6
2024-02-12 09:30:00,9.2
2024-02-12 09:45:00,9.0
2024-02-12 10:00:00,9.2
2024-02-12 10:15:00,9.1
2024-02-12 10:30:00,9.0
2024-02-12 10:45:00,8.9
2024-02-12 11:00:00,8.9
2024-02-12 11:15:00,8.8
2024-02-12 11:30:00,9.0
2024-02-12 11:45:00,8.9
2024-02-12 12:00:00,8.9
2024-02-12 12:15:00,8.9
2024-02-12 12:30:00,8.9
2024-02-12 12:45:00,8.9
2024-02-12 13:00:00,9.1
2024-02-12 13:15:00,9.1
2024-02-12 13:30:00,9.0
2024-02-12 13:45:00,9.0
2024-02-12 14:00:00,9.1
2024-02-12 14:15:00,8.8
2024-02-12 14:30:00,8.9
2024-02-12 14:45:00,9.0
2024-02-12 15:00:00,9.2
2024-02-12 15:15:00,9.2
2024-02-12 15:30:00,9.0
2024-02-12 15:45:00,8.8
2024-02-12 16:00:00,8.9
2024-02-12 16:15:00,11.488775741393109
2024-02-12 16:30:00,11.688775741393108
2024-02-12 16:45:00,11.488775741393109
2024-02-12 17:00:00,9.1
2024-02-12 17:15:00,8.9
2024-02-12 17:30:00,8.9
2024-02-12 17:45:00,8.9
2024-02-12 18:00:00,8.9
2024-02-12 18:15:00,8.8
2024-02-12 18:30:00,8.8
2024-02-12 18:45:00,8.8
2024-02-12 19:00:00,8.8
2024-02-12 19:15:00,8.8
2024-02-12 19:30:00,11.378670751572132
2024-02-12 19:45:00,11.278670751572133
2024-02-12 20:00:00,8.8
2024-02-12 20:15:00,8.6
2024-02-12 20:30:00,8.6
2024-02-12 20:45:00,8.6
2024-02-12 21:00:00,8.7
2024-02-12 21:15:00,8.6
2024-02-12 21:30:00,8.6
2024-02-12 21:45:00,8.6
2024-02-12 22:00:00,8.8
2024-02-12 22:15:00,8.7
2024-02-12 22:30:00,8.9
2024-02-12 22:45:00,8.6
2024-02-12 23:00:00,8.6
2024-02-12 23:15:00,8.6
2024-02-12 23:30:00,8.7
2024-02-12 23:45:00,8.6
2024-02-13 00:00:00,8.7
2024-02-13 00:15:00,8.6
2024-02-13 00:30:00,8.6
2024-02-13 00:45:00,8.7
2024-02-13 01:00:00,8.7
2024-02-13 01:15:00,8.4
2024-02-13 01:30:00,8.7
2024-02-13 01:45:00,8.6
2024-02-13 02:00:00,8.5
2024-02-13 02:15:00,8.7
2024-02-13 02:30:00,8.6
2024-02-13 02:45:00,8.7
2024-02-13 03:00:00,8.7
2024-02-13 03:15:00,8.6
2024-02-13 03:30:00,8.8
2024-02-13 03:45:00,8.6
2024-02-13 04:00:00,8.5
2024-02-13 04:15:00,8.8
2024-02-13 04:30:00,8.5
2024-02-13 04:45:00,8.6
2024-02-13 05:00:00,8.7
2024-02-13 05:15:00,8.6
2024-02-13 05:30:00,8.7
2024-02-13 05:45:00,8.6
2024-02-13 06:00:00,8.6
2024-02-13 06:15:00,8.5
2024-02-13 06:30:00,8.5
2024-02-13 06:45:00,8.6
2024-02-13 07:00:00,8.6
2024-02-13 07:15:00,8.5
2024-02-13 07:30:00,8.4
2024-02-13 07:45:00,8.4
2024-02-13 08:00:00,8.5
2024-02-13 08:15:00,8.8
2024-02-13 08:30:00,8.5
2024-02-13 08:45:00,8.5
2024-02-13 09:00:00,8.5
2024-02-13 09:15:00,8.5
2024-02-13 09:30:00,8.5
2024-02-13 09:45:00,8.5
2024-02-13 10:00:00,8.4
2024-02-13 10:15:00,8.3
2024-02-13 10:30:00,8.5
2024-02-13 10:45:00,8.5
2024-02-13 11:00:00,8.4
2024-02-13 11:15:00,8.3
2024-02-13 11:30:00,8.4
2024-02-13 11:45:00,8.2
2024-02-13 12:00:00,8.5
2024-02-13 12:15:00,8.4
2024-02-13 12:30:00,8.5
2024-02-13 12:45:00,8.4
2024-02-13 13:00:00,8.4
2024-02-13 13:15:00,8.4
2024-02-13 13:30:00,8.2
2024-02-13 13:45:00,8.3
2024-02-13 14:00:00,8.2
2024-02-13 14:15:00,8.2
2024-02-13 14:30:00,8.2
2024-02-13 14:45:00,8.2
2024-02-13 15:00:00,8.4
2024-02-13 15:15:00,8.2
2024-02-13 15:30:00,8.2
2024-02-13 15:45:00,8.4
2024-02-13 16:00:00,8.2
2024-02-13 16:15:00,8.3
2024-02-13 16:30:00,8.1
2024-02-13 16:45:00,8.1
2024-02-13 17:00:00,8.0
2024-02-13 17:15:00,8.1
2024-02-13 17:30:00,8.0
2024-02-13 17:45:00,8.0
2024-02-13 18:00:00,8.1
2024-02-13 18:15:00,7.9
2024-02-13 18:30:00,8.0
2024-02-13 18:45:00,7.9
2024-02-13 19:00:00,8.0
2024-02-13 19:15:00,7.9
2024-02-13 19:30:00,8.0
2024-02-13 19:45:00,7.9
2024-02-13 20:00:00,7.9
2024-02-13 20:15:00,7.8
2024-02-13 20:30:00,7.9
2024-02-13 20:45:00,8.0
2024-02-13 21:00:00,7.9
2024-02-13 21:15:00,7.9
2024-02-13 21:30:00,7.9
2024-02-13 21:45:00,8.0
2024-02-13 22:00:00,7.9
2024-02-13 22:15:00,7.8
2024-02-13 22:30:00,7.9
2024-02-13 22:45:00,7.9
2024-02-13 23:00:00,7.9
2024-02-13 23:15:00,7.7
2024-02-13 23:30:00,7.8
2024-02-13 23:45:00,7.8
2024-02-14 00:00:00,7.8
2024-02-14 00:15:00,7.8
2024-02-14 00:30:00,7.8
2024-02-14 00:45:00,7.9
2024-02-14 01:00:00,7.7
2024-02-14 01:15:00,7.7
2024-02-14 01:30:00,7.9
2024-02-14 01:45:00,7.8
2024-02-14 02:00:00,7.8
2024-02-14 02:15:00,7.7
2024-02-14 02:30:00,7.8
2024-02-14 02:45:00,7.8
2024-02-14 03:00:00,7.8
2024-02-14 03:15:00,7.9
2024-02-14 03:30:00,7.6
2024-02-14 03:45:00,7.7
2024-02-14 04:00:00,7.8
2024-02-14 04:15:00,7.9
2024-02-14 04:30:00,7.9
2024-02-14 04:45:00,7.8
2024-02-14 05:00:00,7.8
2024-02-14 05:15:00,7.9
2024-02-14 05:30:00,7.6
2024-02-14 05:45:00,7.7
2024-02-14 06:00:00,7.7
2024-02-14 06:15:00,7.7
2024-02-14 06:30:00,8.2
2024-02-14 06:45:00,7.7
2024-02-14 07:00:00,7.8
2024-02-14 07:15:00,7.7
2024-02-14 07:30:00,7.6
2024-02-14 07:45:00,7.6
2024-02-14 08:00:00,7.8
2024-02-14 08:15:00,7.7
2024-02-14 08:30:00,7.6
2024-02-14 08:45:00,7.7
2024-02-14 09:00:00,7.6
2024-02-14 09:15:00,7.6
2024-02-14 09:30:00,7.6
2024-02-14 09:45:00,7.5
2024-02-14 10:00:00,7.8
2024-02-14 10:15:00,7.7
2024-02-14 10:30:00,7.4
2024-02-14 10:45:00,7.4
2024-02-14 11:00:00,7.6
2024-02-14 11:15:00,7.6
2024-02-14 11:30:00,7.5
2024-02-14 11:45:00,7.5
2024-02-14 12:00:00,7.6
2024-02-14 12:15:00,7.4
2024-02-14 12:30:00,8.0
2024-02-14 12:45:00,7.6
2024-02-14 13:00:00,7.9
2024-02-14 13:15:00,7.5
2024-02-14 13:30:00,7.4
2024-02-14 13:45:00,7.5
2024-02-14 14:00:00,7.5
2024-02-14 14:15:00,7.3
2024-02-14 14:30:00,7.6
2024-02-14 14:45:00,7.5
2024-02-14 15:00:00,7.8
2024-02-14 15:15:00,7.5
2024-02-14 15:30:00,7.5
2024-02-14 15:45:00,7.5
2024-02-14 16:00:00,7.5
2024-02-14 16:15:00,7.4
2024-02-14 16:30:00,7.3
2024-02-14 16:45:00,7.3
2024-02-14 17:00:00,7.3
2024-02-14 17:15:00,7.3
2024-02-14 17:30:00,7.3
2024-02-14 17:45:00,7.2
2024-02-14 18:00:00,7.4
2024-02-14 18:15:00,7.3
2024-02-14 18:30:00,7.2
2024-02-14 18:45:00,7.2
2024-02-14 19:00:00,7.3
2024-02-14 19:15:00,7.2
2024-02-14 19:30:00,7.3
2024-02-14 19:45:00,7.2
2024-02-14 20:00:00,7.2
2024-02-14 20:15:00,7.3
2024-02-14 20:30:00,7.1
2024-02-14 20:45:00,7.2
2024-02-14 21:00:00,7.4
2024-02-14 21:15:00,7.2
2024-02-14 21:30:00,7.1
2024-02-14 21:45:00,7.3
2024-02-14 22:00:00,7.2
2024-02-14 22:15:00,7.1
2024-02-14 22:30:00,7.1
2024-02-14 22:45:00,7.1
2024-02-14 23:00:00,7.2
2024-02-14 23:15:00,7.2
2024-02-14 23:30:00,7.1
2024-02-14 23:45:00,7.1
2024-02-15 00:00:00,7.0
2024-02-15 00:15:00,7.2
2024-02-15 00:30:00,7.2
2024-02-15 00:45:00,7.2
2024-02-15 01:00:00,7.2
2024-02-15 01:15:00,7.1
2024-02-15 01:30:00,7.0
2024-02-15 01:45:00,7.0
2024-02-15 02:00:00,7.0
2024-02-15 02:15:00,6.9
2024-02-15 02:30:00,7.0
2024-02-15 02:45:00,6.9
2024-02-15 03:00:00,7.3
2024-02-15 03:15:00,7.0
2024-02-15 03:30:00,7.0
2024-02-15 03:45:00,7.0
2024-02-15 04:00:00,7.2
2024-02-15 04:15:00,7.2
2024-02-15 04:30:00,7.1
2024-02-15 04:45:00,6.9
2024-02-15 05:00:00,7.0
2024-02-15 05:15:00,7.1
2024-02-15 05:30:00,7.1
2024-02-15 05:45:00,7.1
2024-02-15 06:00:00,7.0
2024-02-15 06:15:00,7.0
2024-02-15 06:30:00,7.1
2024-02-15 06:45:00,7.1
2024-02-15 07:00:00,6.9
2024-02-15 07:15:00,7.0
2024-02-15 07:30:00,7.0
2024-02-15 07:45:00,7.0
2024-02-15 08:00:00,6.9
2024-02-15 08:15:00,7.0
2024-02-15 08:30:00,7.0
2024-02-15 08:45:00,6.9
2024-02-15 09:00:00,7.1
2024-02-15 09:15:00,6.9
2024-02-15 09:30:00,7.0
2024-02-15 09:45:00,7.1
2024-02-15 10:00:00,7.0
2024-02-15 10:15:00,7.0
2024-02-15 10:30:00,6.9
2024-02-15 10:45:00,7.0
2024-02-15 11:00:00,7.0
2024-02-15 11:15:00,7.1
2024-02-15 11:30:00,6.9
2024-02-15 11:45:00,7.0
2024-02-15 12:00:00,7.0
2024-02-15 12:15:00,7.0
2024-02-15 12:30:00,6.9
2024-02-15 12:45:00,6.9
2024-02-15 13:00:00,6.9
2024-02-15 13:15:00,6.9
2024-02-15 13:30:00,6.9
2024-02-15 13:45:00,6.8
2024-02-15 14:00:00,7.0
2024-02-15 14:15:00,7.0
2024-02-15 14:30:00,7.0
2024-02-15 14:45:00,6.8
2024-02-15 15:00:00,6.9
2024-02-15 15:15:00,6.8
2024-02-15 15:30:00,6.9
2024-02-15 15:45:00,7.0
2024-02-15 16:00:00,6.8
2024-02-15 16:15:00,7.914794814822418
2024-02-15 16:30:00,8.01479481482242
2024-02-15 16:45:00,8.01479481482242
2024-02-15 17:00:00,6.8
2024-02-15 17:15:00,6.9
2024-02-15 17:30:00,6.8
2024-02-15 17:45:00,6.9
2024-02-15 18:00:00,6.9
2024-02-15 18:15:00,6.8
2024-02-15 18:30:00,6.7
2024-02-15 18:45:00,6.9
2024-02-15 19:00:00,6.9
2024-02-15 19:15:00,6.9
2024-02-15 19:30:00,6.7
2024-02-15 19:45:00,6.9
2024-02-15 20:00:00,6.6
2024-02-15 20:15:00,6.7
2024-02-15 20:30:00,6.8
2024-02-15 20:45:00,6.7
2024-02-15 21:00:00,6.6
2024-02-15 21:15:00,6.6
2024-02-15 21:30:00,6.7
2024-02-15 21:45:00,6.7
2024-02-15 22:00:00,6.7
2024-02-15 22:15:00,6.8
2024-02-15 22:30:00,6.8
2024-02-15 22:45:00,6.8
2024-02-15 23:00:00,6.6
2024-02-15 23:15:00,6.7
2024-02-15 23:30:00,6.8
2024-02-15 23:45:00,6.8
2024-02-16 00:00:00,6.8
2024-02-16 00:15:00,6.8
2024-02-16 00:30:00,6.8
2024-02-16 00:45:00,6.8
2024-02-16 01:00:00,6.7
2024-02-16 01:15:00,6.7
2024-02-16 01:30:00,6.8
2024-02-16 01:45:00,6.7
2024-02-16 02:00:00,6.8
2024-02-16 02:15:00,6.8
2024-02-16 02:30:00,6.8
2024-02-16 02:45:00,
2024-02-16 03:00:00,
2024-02-16 03:15:00,
2024-02-16 03:30:00,
2024-02-16 03:45:00,6.8
2024-02-16 04:00:00,6.8
2024-02-16 04:15:00,6.9
2024-02-16 04:30:00,6.7
2024-02-16 04:45:00,6.7
2024-02-16 05:00:00,6.8
2024-02-16 05:15:00,6.7
2024-02-16 05:30:00,6.7
2024-02-16 05:45:00,6.8
2024-02-16 06:00:00,6.8
2024-02-16 06:15:00,6.7
2024-02-16 06:30:00,6.7
2024-02-16 06:45:00,6.6
2024-02-16 07:00:00,6.6
2024-02-16 07:15:00,6.6
2024-02-16 07:30:00,6.8
2024-02-16 07:45:00,6.6
2024-02-16 08:00:00,6.6
2024-02-16 08:15:00,6.6
2024-02-16 08:30:00,6.6
2024-02-16 08:45:00,6.7
2024-02-16 09:00:00,6.6
2024-02-16 09:15:00,6.6
2024-02-16 09:30:00,6.6
2024-02-16 09:45:00,6.6
2024-02-16 10:00:00,6.5
2024-02-16 10:15:00,6.6
2024-02-16 10:30:00,6.4
2024-02-16 10:45:00,6.4
2024-02-16 11:00:00,6.4
2024-02-16 11:15:00,6.5
2024-02-16 11:30:00,6.4
2024-02-16 11:45:00,6.3
2024-02-16 12:00:00,6.5
2024-02-16 12:15:00,6.5
2024-02-16 12:30:00,6.5
2024-02-16 12:45:00,6.4
2024-02-16 13:00:00,6.4
2024-02-16 13:15:00,6.5
2024-02-16 13:30:00,6.4
2024-02-16 13:45:00,6.4
2024-02-16 14:00:00,6.6
2024-02-16 14:15:00,6.5
2024-02-16 14:30:00,6.6
2024-02-16 14:45:00,6.7
2024-02-16 15:00:00,6.7
2024-02-16 15:15:00,6.5
2024-02-16 15:30:00,6.4
2024-02-16 15:45:00,
2024-02-16 16:00:00,
2024-02-16 16:15:00,
2024-02-16 16:30:00,
2024-02-16 16:45:00,
2024-02-16 17:00:00,
2024-02-16 17:15:00,
2024-02-16 17:30:00,
2024-02-16 17:45:00,
2024-02-16 18:00:00,
2024-02-16 18:15:00,
2024-02-16 18:30:00,
2024-02-16 18:45:00,6.2
2024-02-16 19:00:00,6.3
2024-02-16 19:15:00,6.2
2024-02-16 19:30:00,6.3
2024-02-16 19:45:00,6.5
2024-02-16 20:00:00,6.4
2024-02-16 20:15:00,9.433298938614175
2024-02-16 20:30:00,9.333298938614176
2024-02-16 20:45:00,6.3
2024-02-16 21:00:00,6.2
2024-02-16 21:15:00,6.3
2024-02-16 21:30:00,6.2
2024-02-16 21:45:00,6.3
2024-02-16 22:00:00,6.3
2024-02-16 22:15:00,6.4
2024-02-16 22:30:00,6.4
2024-02-16 22:45:00,6.2
2024-02-16 23:00:00,6.2
2024-02-16 23:15:00,6.3
2024-02-16 23:30:00,6.2
2024-02-16 23:45:00,6.3
2024-02-17 00:00:00,6.2
2024-02-17 00:15:00,6.2
2024-02-17 00:30:00,6.3
2024-02-17 00:45:00,6.2
2024-02-17 01:00:00,6.2
2024-02-17 01:15:00,6.2
2024-02-17 01:30:00,6.2
2024-02-17 01:45:00,6.2
2024-02-17 02:00:00,6.4
2024-02-17 02:15:00,6.3
2024-02-17 02:30:00,6.4
2024-02-17 02:45:00,6.2
2024-02-17 03:00:00,6.3
2024-02-17 03:15:00,6.3
2024-02-17 03:30:00,6.2
2024-02-17 03:45:00,6.4
2024-02-17 04:00:00,6.2
2024-02-17 04:15:00,6.3
2024-02-17 04:30:00,6.2
2024-02-17 04:45:00,6.4
2024-02-17 05:00:00,6.3
2024-02-17 05:15:00,6.3
2024-02-17 05:30:00,6.3
2024-02-17 05:45:00,6.2
2024-02-17 06:00:00,6.2
2024-02-17 06:15:00,6.1
2024-02-17 06:30:00,6.3
2024-02-17 06:45:00,6.4
2024-02-17 07:00:00,6.3
2024-02-17 07:15:00,9.086526682334021
2024-02-17 07:30:00,9.38652668233402
2024-02-17 07:45:00,9.086526682334021
2024-02-17 08:00:00,6.2
2024-02-17 08:15:00,6.2
2024-02-17 08:30:00,6.5
2024-02-17 08:45:00,6.2
2024-02-17 09:00:00,6.4
2024-02-17 09:15:00,6.3
2024-02-17 09:30:00,6.5
2024-02-17 09:45:00,6.4
2024-02-17 10:00:00,6.3
2024-02-17 10:15:00,6.3
2024-02-17 10:30:00,6.3
2024-02-17 10:45:00,6.3
2024-02-17 11:00:00,6.5
2024-02-17 11:15:00,6.4
2024-02-17 11:30:00,6.3
2024-02-17 11:45:00,6.3
2024-02-17 12:00:00,6.3
2024-02-17 12:15:00,6.3
2024-02-17 12:30:00,6.3
2024-02-17 12:45:00,6.3
2024-02-17 13:00:00,6.3
2024-02-17 13:15:00,6.3
2024-02-17 13:30:00,6.3
2024-02-17 13:45:00,6.3
2024-02-17 14:00:00,6.3
2024-02-17 14:15:00,6.3
2024-02-17 14:30:00,6.4
2024-02-17 14:45:00,6.3
2024-02-17 15:00:00,6.3
2024-02-17 15:15:00,6.2
2024-02-17 15:30:00,6.4
2024-02-17 15:45:00,6.3
2024-02-17 16:00:00,6.3
2024-02-17 16:15:00,6.1
2024-02-17 16:30:00,6.3
2024-02-17 16:45:00,4.39203486418668
2024-02-17 17:00:00,4.292034864186681
2024-02-17 17:15:00,4.292034864186681
2024-02-17 17:30:00,6.3
2024-02-17 17:45:00,6.1
2024-02-17 18:00:00,6.2
2024-02-17 18:15:00,6.2
2024-02-17 18:30:00,6.2
2024-02-17 18:45:00,6.3
2024-02-17 19:00:00,6.2
2024-02-17 19:15:00,6.0
2024-02-17 19:30:00,6.2
2024-02-17 19:45:00,6.1
2024-02-17 20:00:00,6.2
2024-02-17 20:15:00,6.1
2024-02-17 20:30:00,6.3
2024-02-17 20:45:00,6.1
2024-02-17 21:00:00,6.3
2024-02-17 21:15:00,6.3
2024-02-17 21:30:00,6.1
2024-02-17 21:45:00,6.2
2024-02-17 22:00:00,6.1
2024-02-17 22:15:00,6.1
2024-02-17 22:30:00,6.1
2024-02-17 22:45:00,6.1
2024-02-17 23:00:00,6.2
2024-02-17 23:15:00,6.2
2024-02-17 23:30:00,6.1
2024-02-17 23:45:00,6.0
2024-02-18 00:00:00,9.55077154423925
2024-02-18 00:15:00,6.1
2024-02-18 00:30:00,6.1
2024-02-18 00:45:00,6.1
2024-02-18 01:00:00,6.2
2024-02-18 01:15:00,6.2
2024-02-18 01:30:00,6.0
2024-02-18 01:45:00,6.1
2024-02-18 02:00:00,6.0
2024-02-18 02:15:00,6.0
2024-02-18 02:30:00,6.1
2024-02-18 02:45:00,6.2
2024-02-18 03:00:00,6.2
2024-02-18 03:15:00,6.0
2024-02-18 03:30:00,6.1
2024-02-18 03:45:00,6.1
2024-02-18 04:00:00,6.1
2024-02-18 04:15:00,6.0
2024-02-18 04:30:00,6.1
2024-02-18 04:45:00,6.1
2024-02-18 05:00:00,6.1
2024-02-18 05:15:00,6.0
2024-02-18 05:30:00,6.1
2024-02-18 05:45:00,6.1
2024-02-18 06:00:00,6.0
2024-02-18 06:15:00,6.1
2024-02-18 06:30:00,6.1
2024-02-18 06:45:00,6.0
2024-02-18 07:00:00,6.1
2024-02-18 07:15:00,6.1
2024-02-18 07:30:00,6.2
2024-02-18 07:45:00,6.1
2024-02-18 08:00:00,6.3
2024-02-18 08:15:00,6.1
2024-02-18 08:30:00,6.2
2024-02-18 08:45:00,6.2
2024-02-18 09:00:00,6.1
2024-02-18 09:15:00,6.2
2024-02-18 09:30:00,6.3
2024-02-18 09:45:00,6.2
2024-02-18 10:00:00,6.1
2024-02-18 10:15:00,6.1
2024-02-18 10:30:00,6.2
2024-02-18 10:45:00,6.4
2024-02-18 11:00:00,6.1
2024-02-18 11:15:00,6.2
2024-02-18 11:30:00,6.3
2024-02-18 11:45:00,6.2
2024-02-18 12:00:00,6.6
2024-02-18 12:15:00,6.3
2024-02-18 12:30:00,6.4
2024-02-18 12:45:00,6.4
2024-02-18 13:00:00,6.3
2024-02-18 13:15:00,6.4
2024-02-18 13:30:00,6.5
2024-02-18 13:45:00,6.4
2024-02-18 14:00:00,6.3
2024-02-18 14:15:00,6.4
2024-02-18 14:30:00,6.4
2024-02-18 14:45:00,6.4
2024-02-18 15:00:00,6.5
2024-02-18 15:15:00,6.6
2024-02-18 15:30:00,6.4
2024-02-18 15:45:00,6.6
2024-02-18 16:00:00,6.4
2024-02-18 16:15:00,6.5
2024-02-18 16:30:00,7.5544388954754265
2024-02-18 16:45:00,6.6
2024-02-18 17:00:00,6.6
2024-02-18 17:15:00,6.6
2024-02-18 17:30:00,6.6
2024-02-18 17:45:00,6.6
2024-02-18 18:00:00,6.6
2024-02-18 18:15:00,6.6
2024-02-18 18:30:00,6.6
2024-02-18 18:45:00,6.6
2024-02-18 19:00:00,6.5
2024-02-18 19:15:00,6.5
2024-02-18 19:30:00,6.5
2024-02-18 19:45:00,6.4
2024-02-18 20:00:00,6.4
2024-02-18 20:15:00,6.5
2024-02-18 20:30:00,6.6
2024-02-18 20:45:00,8.837551610699421
2024-02-18 21:00:00,8.737551610699422
2024-02-18 21:15:00,8.837551610699421
2024-02-18 21:30:00,6.4
2024-02-18 21:45:00,6.4
2024-02-18 22:00:00,6.4
2024-02-18 22:15:00,6.4
2024-02-18 22:30:00,6.4
2024-02-18 22:45:00,6.4
2024-02-18 23:00:00,6.3
2024-02-18 23:15:00,6.4
2024-02-18 23:30:00,6.4
2024-02-18 23:45:00,6.4
2024-02-19 00:00:00,6.4
2024-02-19 00:15:00,6.3
2024-02-19 00:30:00,6.4
2024-02-19 00:45:00,6.6
2024-02-19 01:00:00,6.5
2024-02-19 01:15:00,6.5
2024-02-19 01:30:00,6.5
2024-02-19 01:45:00,6.6
2024-02-19 02:00:00,6.6
2024-02-19 02:15:00,6.5
2024-02-19 02:30:00,6.5
2024-02-19 02:45:00,6.5
2024-02-19 03:00:00,6.5
2024-02-19 03:15:00,6.4
2024-02-19 03:30:00,6.6
2024-02-19 03:45:00,6.6
2024-02-19 04:00:00,6.5
2024-02-19 04:15:00,6.6
2024-02-19 04:30:00,6.6
2024-02-19 04:45:00,6.6
2024-02-19 05:00:00,6.5
2024-02-19 05:15:00,6.6
2024-02-19 05:30:00,6.4
2024-02-19 05:45:00,6.7
2024-02-19 06:00:00,6.5
2024-02-19 06:15:00,6.6
2024-02-19 06:30:00,6.4
2024-02-19 06:45:00,6.3
2024-02-19 07:00:00,6.5
2024-02-19 07:15:00,6.6
2024-02-19 07:30:00,6.5
2024-02-19 07:45:00,6.6
2024-02-19 08:00:00,6.7
2024-02-19 08:15:00,6.6
2024-02-19 08:30:00,6.5
2024-02-19 08:45:00,6.7
2024-02-19 09:00:00,6.4
2024-02-19 09:15:00,6.6
2024-02-19 09:30:00,6.6
2024-02-19 09:45:00,6.8
2024-02-19 10:00:00,6.6
2024-02-19 10:15:00,6.6
2024-02-19 10:30:00,6.7
2024-02-19 10:45:00,6.7
2024-02-19 11:00:00,6.6
2024-02-19 11:15:00,6.7
2024-02-19 11:30:00,6.8
2024-02-19 11:45:00,6.9
2024-02-19 12:00:00,6.6
2024-02-19 12:15:00,7.0
2024-02-19 12:30:00,6.8
2024-02-19 12:45:00,6.8
2024-02-19 13:00:00,6.8
2024-02-19 13:15:00,6.9
2024-02-19 13:30:00,6.9
2024-02-19 13:45:00,7.0
2024-02-19 14:00:00,7.0
2024-02-19 14:15:00,7.0
2024-02-19 14:30:00,7.1
2024-02-19 14:45:00,7.1
2024-02-19 15:00:00,7.3
2024-02-19 15:15:00,7.1
2024-02-19 15:30:00,7.2
2024-02-19 15:45:00,7.2
2024-02-19 16:00:00,7.5
2024-02-19 16:15:00,7.3
2024-02-19 16:30:00,7.5
2024-02-19 16:45:00,7.2
2024-02-19 17:00:00,7.6
2024-02-19 17:15:00,7.5
2024-02-19 17:30:00,7.5
2024-02-19 17:45:00,7.4
2024-02-19 18:00:00,7.5
2024-02-19 18:15:00,7.5
2024-02-19 18:30:00,7.6
2024-02-19 18:45:00,7.7
2024-02-19 19:00:00,7.6
2024-02-19 19:15:00,7.7
2024-02-19 19:30:00,7.7
2024-02-19 19:45:00,7.8
2024-02-19 20:00:00,7.8
2024-02-19 20:15:00,7.7
2024-02-19 20:30:00,8.0
2024-02-19 20:45:00,8.0
2024-02-19 21:00:00,8.2
2024-02-19 21:15:00,8.0
2024-02-19 21:30:00,8.1
2024-02-19 21:45:00,8.4
2024-02-19 22:00:00,8.3
2024-02-19 22:15:00,8.5
2024-02-19 22:30:00,8.3
2024-02-19 22:45:00,8.6
2024-02-19 23:00:00,8.7
2024-02-19 23:15:00,8.8
2024-02-19 23:30:00,8.8
2024-02-19 23:45:00,8.9
2024-02-20 00:00:00,9.0
2024-02-20 00:15:00,9.0
2024-02-20 00:30:00,9.0
2024-02-20 00:45:00,8.8
2024-02-20 01:00:00,9.4
2024-02-20 01:15:00,
2024-02-20 01:30:00,
2024-02-20 01:45:00,
2024-02-20 02:00:00,
2024-02-20 02:15:00,
2024-02-20 02:30:00,
2024-02-20 02:45:00,
2024-02-20 03:00:00,
2024-02-20 03:15:00,
2024-02-20 03:30:00,
2024-02-20 03:45:00,
2024-02-20 04:00:00,
2024-02-20 04:15:00,
2024-02-20 04:30:00,
2024-02-20 04:45:00,
2024-02-20 05:00:00,
2024-02-20 05:15:00,
2024-02-20 05:30:00,10.5
2024-02-20 05:45:00,10.4
2024-02-20 06:00:00,10.3
2024-02-20 06:15:00,10.4
2024-02-20 06:30:00,10.3
2024-02-20 06:45:00,10.6
2024-02-20 07:00:00,10.6
2024-02-20 07:15:00,10.5
2024-02-20 07:30:00,10.7
2024-02-20 07:45:00,
2024-02-20 08:00:00,
2024-02-20 08:15:00,
2024-02-20 08:30:00,
2024-02-20 08:45:00,10.8
2024-02-20 09:00:00,10.8
2024-02-20 09:15:00,11.2
2024-02-20 09:30:00,11.1
2024-02-20 09:45:00,11.3
2024-02-20 10:00:00,11.0
2024-02-20 10:15:00,11.1
2024-02-20 10:30:00,11.0
2024-02-20 10:45:00,11.2
2024-02-20 11:00:00,11.2
2024-02-20 11:15:00,11.3
2024-02-20 11:30:00,11.2
2024-02-20 11:45:00,11.3
2024-02-20 12:00:00,11.3
2024-02-20 12:15:00,11.6
2024-02-20 12:30:00,11.7
2024-02-20 12:45:00,11.5
2024-02-20 13:00:00,11.6
2024-02-20 13:15:00,11.5
2024-02-20 13:30:00,11.7
2024-02-20 13:45:00,11.8
2024-02-20 14:00:00,12.1
2024-02-20 14:15:00,11.9
2024-02-20 14:30:00,12.3
2024-02-20 14:45:00,12.3
2024-02-20 15:00:00,12.3
2024-02-20 15:15:00,12.4
2024-02-20 15:30:00,12.5
2024-02-20 15:45:00,12.6
2024-02-20 16:00:00,12.5
2024-02-20 16:15:00,12.7
2024-02-20 16:30:00,12.9
2024-02-20 16:45:00,12.8
2024-02-20 17:00:00,12.9
2024-02-20 17:15:00,12.9
2024-02-20 17:30:00,12.8
2024-02-20 17:45:00,12.9
2024-02-20 18:00:00,12.7
2024-02-20 18:15:00,12.8
2024-02-20 18:30:00,13.0
2024-02-20 18:45:00,13.2
2024-02-20 19:00:00,13.0
2024-02-20 19:15:00,12.8
2024-02-20 19:30:00,13.1
2024-02-20 19:45:00,13.0
2024-02-20 20:00:00,12.9
2024-02-20 20:15:00,13.0
2024-02-20 20:30:00,13.1
2024-02-20 20:45:00,13.1
2024-02-20 21:00:00,13.3
2024-02-20 21:15:00,13.3
2024-02-20 21:30:00,13.4
2024-02-20 21:45:00,13.2
2024-02-20 22:00:00,13.3
2024-02-20 22:15:00,10.268111393158117
2024-02-20 22:30:00,9.968111393158118
2024-02-20 22:45:00,9.968111393158118
2024-02-20 23:00:00,13.4
2024-02-20 23:15:00,13.4
2024-02-20 23:30:00,13.7
2024-02-20 23:45:00,13.6
2024-02-21 00:00:00,13.7
2024-02-21 00:15:00,13.8
2024-02-21 00:30:00,13.9
2024-02-21 00:45:00,13.9
2024-02-21 01:00:00,13.8
2024-02-21 01:15:00,14.0
2024-02-21 01:30:00,14.1
2024-02-21 01:45:00,14.3
2024-02-21 02:00:00,14.2
2024-02-21 02:15:00,14.4
2024-02-21 02:30:00,13.9
2024-02-21 02:45:00,14.6
2024-02-21 03:00:00,14.6
2024-02-21 03:15:00,14.7
2024-02-21 03:30:00,14.7
2024-02-21 03:45:00,15.2
2024-02-21 04:00:00,14.9
2024-02-21 04:15:00,15.1
2024-02-21 04:30:00,15.1
2024-02-21 04:45:00,14.8
2024-02-21 05:00:00,14.8
2024-02-21 05:15:00,15.1
2024-02-21 05:30:00,15.2
2024-02-21 05:45:00,15.3
2024-02-21 06:00:00,15.3
2024-02-21 06:15:00,15.5
2024-02-21 06:30:00,15.4
2024-02-21 06:45:00,15.3
2024-02-21 07:00:00,15.9
2024-02-21 07:15:00,15.8
2024-02-21 07:30:00,15.8
2024-02-21 07:45:00,16.1
2024-02-21 08:00:00,15.9
2024-02-21 08:15:00,15.9
2024-02-21 08:30:00,16.2
2024-02-21 08:45:00,16.1
2024-02-21 09:00:00,16.2
2024-02-21 09:15:00,16.5
2024-02-21 09:30:00,16.5
2024-02-21 09:45:00,16.5
2024-02-21 10:00:00,16.5
2024-02-21 10:15:00,16.5
2024-02-21 10:30:00,16.5
2024-02-21 10:45:00,16.5
2024-02-21 11:00:00,16.5
2024-02-21 11:15:00,16.5
2024-02-21 11:30:00,16.5
2024-02-21 11:45:00,16.5
2024-02-21 12:00:00,16.5
2024-02-21 12:15:00,16.5
2024-02-21 12:30:00,16.5
2024-02-21 12:45:00,16.5
2024-02-21 13:00:00,16.5
2024-02-21 13:15:00,17.4
2024-02-21 13:30:00,17.4
2024-02-21 13:45:00,17.4
2024-02-21 14:00:00,17.6
2024-02-21 14:15:00,17.9
2024-02-21 14:30:00,17.5
2024-02-21 14:45:00,17.7
2024-02-21 15:00:00,17.9
2024-02-21 15:15:00,17.7
2024-02-21 15:30:00,17.8
2024-02-21 15:45:00,18.2
2024-02-21 16:00:00,18.3
2024-02-21 16:15:00,17.9
2024-02-21 16:30:00,18.6
2024-02-21 16:45:00,18.2
2024-02-21 17:00:00,18.5
2024-02-21 17:15:00,18.5
2024-02-21 17:30:00,18.8
2024-02-21 17:45:00,18.7
2024-02-21 18:00:00,18.9
2024-02-21 18:15:00,18.9
2024-02-21 18:30:00,19.3
2024-02-21 18:45:00,19.2
2024-02-21 19:00:00,19.8
2024-02-21 19:15:00,19.8
2024-02-21 19:30:00,19.7
2024-02-21 19:45:00,20.2
2024-02-21 20:00:00,20.0
2024-02-21 20:15:00,19.9
2024-02-21 20:30:00,20.1
2024-02-21 20:45:00,20.5
2024-02-21 21:00:00,20.4
2024-02-21 21:15:00,
2024-02-21 21:30:00,
2024-02-21 21:45:00,
2024-02-21 22:00:00,
2024-02-21 22:15:00,
2024-02-21 22:30:00,
2024-02-21 22:45:00,
2024-02-21 23:00:00,
2024-02-21 23:15:00,
2024-02-21 23:30:00,
2024-02-21 23:45:00,
2024-02-22 00:00:00,
2024-02-22 00:15:00,
2024-02-22 00:30:00,
2024-02-22 00:45:00,23.0
2024-02-22 01:00:00,23.8
2024-02-22 01:15:00,24.6
2024-02-22 01:30:00,24.6
2024-02-22 01:45:00,25.5
2024-02-22 02:00:00,25.6
2024-02-22 02:15:00,21.474688628547405
2024-02-22 02:30:00,22.174688628547408
2024-02-22 02:45:00,25.8
2024-02-22 03:00:00,26.4
2024-02-22 03:15:00,27.6
2024-02-22 03:30:00,26.9
2024-02-22 03:45:00,26.5
2024-02-22 04:00:00,27.0
2024-02-22 04:15:00,27.3
2024-02-22 04:30:00,27.0
2024-02-22 04:45:00,27.1
2024-02-22 05:00:00,27.2
2024-02-22 05:15:00,27.7
2024-02-22 05:30:00,28.0
2024-02-22 05:45:00,27.3
2024-02-22 06:00:00,27.7
2024-02-22 06:15:00,27.6
2024-02-22 06:30:00,27.8
2024-02-22 06:45:00,27.6
2024-02-22 07:00:00,27.8
2024-02-22 07:15:00,28.1
2024-02-22 07:30:00,27.7
2024-02-22 07:45:00,28.2
2024-02-22 08:00:00,28.1
2024-02-22 08:15:00,27.9
2024-02-22 08:30:00,28.1
2024-02-22 08:45:00,27.9
2024-02-22 09:00:00,28.3
2024-02-22 09:15:00,28.0
2024-02-22 09:30:00,28.1
2024-02-22 09:45:00,28.7
2024-02-22 10:00:00,29.0
2024-02-22 10:15:00,28.3
2024-02-22 10:30:00,28.6
2024-02-22 10:45:00,28.6
2024-02-22 11:00:00,29.1
2024-02-22 11:15:00,28.6
2024-02-22 11:30:00,29.4
2024-02-22 11:45:00,29.0
2024-02-22 12:00:00,29.1
2024-02-22 12:15:00,29.4
2024-02-22 12:30:00,29.4
2024-02-22 12:45:00,29.4
2024-02-22 13:00:00,29.4
2024-02-22 13:15:00,29.2
2024-02-22 13:30:00,29.1
2024-02-22 13:45:00,29.4
2024-02-22 14:00:00,29.4
2024-02-22 14:15:00,29.6
2024-02-22 14:30:00,29.4
2024-02-22 14:45:00,29.8
2024-02-22 15:00:00,29.4
2024-02-22 15:15:00,29.2
2024-02-22 15:30:00,29.9
2024-02-22 15:45:00,29.5
2024-02-22 16:00:00,29.6
2024-02-22 16:15:00,29.7
2024-02-22 16:30:00,30.0
2024-02-22 16:45:00,30.0
2024-02-22 17:00:00,29.8
2024-02-22 17:15:00,29.3
2024-02-22 17:30:00,29.6
2024-02-22 17:45:00,29.9
2024-02-22 18:00:00,30.7
2024-02-22 18:15:00,29.5
2024-02-22 18:30:00,29.6
2024-02-22 18:45:00,29.2
2024-02-22 19:00:00,29.7
2024-02-22 19:15:00,29.9
2024-02-22 19:30:00,29.8
2024-02-22 19:45:00,29.7
2024-02-22 20:00:00,29.9
2024-02-22 20:15:00,30.2
2024-02-22 20:30:00,29.9
2024-02-22 20:45:00,29.8
2024-02-22 21:00:00,29.9
2024-02-22 21:15:00,29.7
2024-02-22 21:30:00,29.8
2024-02-22 21:45:00,29.9
2024-02-22 22:00:00,29.3
2024-02-22 22:15:00,29.4
2024-02-22 22:30:00,29.2
2024-02-22 22:45:00,29.8
2024-02-22 23:00:00,29.6
2024-02-22 23:15:00,29.2
2024-02-22 23:30:00,29.8
2024-02-22 23:45:00,29.7
2024-02-23 00:00:00,29.7
2024-02-23 00:15:00,29.7
2024-02-23 00:30:00,29.8
2024-02-23 00:45:00,30.0
2024-02-23 01:00:00,29.2
2024-02-23 01:15:00,29.6
2024-02-23 01:30:00,29.7
2024-02-23 01:45:00,29.7
2024-02-23 02:00:00,29.7
2024-02-23 02:15:00,30.3
2024-02-23 02:30:00,29.9
2024-02-23 02:45:00,29.5
2024-02-23 03:00:00,30.3
2024-02-23 03:15:00,29.9
2024-02-23 03:30:00,29.9
2024-02-23 03:45:00,30.2
2024-02-23 04:00:00,29.9
2024-02-23 04:15:00,31.1
2024-02-23 04:30:00,30.5
2024-02-23 04:45:00,29.7
2024-02-23 05:00:00,30.8
2024-02-23 05:15:00,30.6
2024-02-23 05:30:00,30.5
2024-02-23 05:45:00,30.1
2024-02-23 06:00:00,30.2
2024-02-23 06:15:00,30.8
2024-02-23 06:30:00,29.6
2024-02-23 06:45:00,30.7
2024-02-23 07:00:00,30.6
2024-02-23 07:15:00,30.3
2024-02-23 07:30:00,29.9
2024-02-23 07:45:00,30.5
2024-02-23 08:00:00,30.7
2024-02-23 08:15:00,31.2
2024-02-23 08:30:00,30.7
2024-02-23 08:45:00,31.2
2024-02-23 09:00:00,30.5
2024-02-23 09:15:00,30.6
2024-02-23 09:30:00,30.7
2024-02-23 09:45:00,30.6
2024-02-23 10:00:00,31.1
2024-02-23 10:15:00,31.0
2024-02-23 10:30:00,30.3
2024-02-23 10:45:00,30.0
2024-02-23 11:00:00,29.6
2024-02-23 11:15:00,29.6
2024-02-23 11:30:00,30.0
2024-02-23 11:45:00,30.2
2024-02-23 12:00:00,30.2
2024-02-23 12:15:00,30.4
2024-02-23 12:30:00,29.9
2024-02-23 12:45:00,30.2
2024-02-23 13:00:00,30.3
2024-02-23 13:15:00,29.6
2024-02-23 13:30:00,30.2
2024-02-23 13:45:00,29.9
2024-02-23 14:00:00,29.7
2024-02-23 14:15:00,29.1
2024-02-23 14:30:00,29.4
2024-02-23 14:45:00,29.4
2024-02-23 15:00:00,30.2
2024-02-23 15:15:00,29.7
2024-02-23 15:30:00,29.5
2024-02-23 15:45:00,29.2
2024-02-23 16:00:00,29.3
2024-02-23 16:15:00,28.8
2024-02-23 16:30:00,29.4
2024-02-23 16:45:00,29.0
2024-02-23 17:00:00,28.9
2024-02-23 17:15:00,29.0
2024-02-23 17:30:00,29.0
2024-02-23 17:45:00,28.5
2024-02-23 18:00:00,28.3
2024-02-23 18:15:00,28.3
2024-02-23 18:30:00,28.1
2024-02-23 18:45:00,28.3
2024-02-23 19:00:00,28.6
2024-02-23 19:15:00,27.5
2024-02-23 19:30:00,28.0
2024-02-23 19:45:00,27.4
2024-02-23 20:00:00,27.6
2024-02-23 20:15:00,27.3
2024-02-23 20:30:00,27.9
2024-02-23 20:45:00,29.7
2024-02-23 21:00:00,34.2
2024-02-23 21:15:00,28.8
2024-02-23 21:30:00,27.6
2024-02-23 21:45:00,27.0
2024-02-23 22:00:00,27.4
2024-02-23 22:15:00,27.0
2024-02-23 22:30:00,27.2
2024-02-23 22:45:00,26.6
2024-02-23 23:00:00,26.6
2024-02-23 23:15:00,26.4
2024-02-23 23:30:00,26.5
2024-02-23 23:45:00,26.3
2024-02-24 00:00:00,25.7
2024-02-24 00:15:00,25.9
2024-02-24 00:30:00,26.0
2024-02-24 00:45:00,25.5
2024-02-24 01:00:00,26.0
2024-02-24 01:15:00,25.2
2024-02-24 01:30:00,26.0
2024-02-24 01:45:00,25.4
2024-02-24 02:00:00,25.4
2024-02-24 02:15:00,25.5
2024-02-24 02:30:00,25.3
2024-02-24 02:45:00,25.2
2024-02-24 03:00:00,25.7
2024-02-24 03:15:00,25.5
2024-02-24 03:30:00,24.9
2024-02-24 03:45:00,24.9
2024-02-24 04:00:00,25.2
2024-02-24 04:15:00,24.7
2024-02-24 04:30:00,24.4
2024-02-24 04:45:00,25.3
2024-02-24 05:00:00,24.9
2024-02-24 05:15:00,24.6
2024-02-24 05:30:00,24.5
2024-02-24 05:45:00,24.6
2024-02-24 06:00:00,24.5
2024-02-24 06:15:00,24.2
2024-02-24 06:30:00,24.2
2024-02-24 06:45:00,24.0
2024-02-24 07:00:00,23.9
2024-02-24 07:15:00,24.3
2024-02-24 07:30:00,24.3
2024-02-24 07:45:00,23.6
2024-02-24 08:00:00,24.1
2024-02-24 08:15:00,23.5
2024-02-24 08:30:00,23.8
2024-02-24 08:45:00,23.8
2024-02-24 09:00:00,23.7
2024-02-24 09:15:00,23.6
2024-02-24 09:30:00,23.1
2024-02-24 09:45:00,23.2
2024-02-24 10:00:00,23.3
2024-02-24 10:15:00,22.9
2024-02-24 10:30:00,23.3
2024-02-24 10:45:00,23.2
2024-02-24 11:00:00,23.6
2024-02-24 11:15:00,23.1
2024-02-24 11:30:00,23.0
2024-02-24 11:45:00,22.7
2024-02-24 12:00:00,22.8
2024-02-24 12:15:00,22.6
2024-02-24 12:30:00,23.0
2024-02-24 12:45:00,22.1
2024-02-24 13:00:00,23.0
2024-02-24 13:15:00,22.7
2024-02-24 13:30:00,22.4
2024-02-24 13:45:00,22.2
2024-02-24 14:00:00,22.6
2024-02-24 14:15:00,22.4
2024-02-24 14:30:00,22.5
2024-02-24 14:45:00,22.7
2024-02-24 15:00:00,22.3
2024-02-24 15:15:00,22.5
2024-02-24 15:30:00,22.0
2024-02-24 15:45:00,22.4
2024-02-24 16:00:00,22.2
2024-02-24 16:15:00,22.0
2024-02-24 16:30:00,21.7
2024-02-24 16:45:00,21.8
2024-02-24 17:00:00,21.8
2024-02-24 17:15:00,21.8
2024-02-24 17:30:00,21.7
2024-02-24 17:45:00,21.7
2024-02-24 18:00:00,21.3
2024-02-24 18:15:00,21.2
2024-02-24 18:30:00,21.4
2024-02-24 18:45:00,21.3
2024-02-24 19:00:00,21.2
2024-02-24 19:15:00,21.3
2024-02-24 19:30:00,20.9
2024-02-24 19:45:00,21.5
2024-02-24 20:00:00,20.6
2024-02-24 20:15:00,20.8
2024-02-24 20:30:00,20.9
2024-02-24 20:45:00,20.7
2024-02-24 21:00:00,20.7
2024-02-24 21:15:00,20.5
2024-02-24 21:30:00,20.6
2024-02-24 21:45:00,20.3
2024-02-24 22:00:00,20.3
2024-02-24 22:15:00,20.1
2024-02-24 22:30:00,20.2
2024-02-24 22:45:00,20.5
2024-02-24 23:00:00,20.4
2024-02-24 23:15:00,19.9
2024-02-24 23:30:00,19.9
2024-02-24 23:45:00,19.9
2024-02-25 00:00:00,20.1
2024-02-25 00:15:00,20.0
2024-02-25 00:30:00,19.8
2024-02-25 00:45:00,19.5
2024-02-25 01:00:00,19.8
2024-02-25 01:15:00,19.4
2024-02-25 01:30:00,19.6
2024-02-25 01:45:00,19.6
2024-02-25 02:00:00,19.4
2024-02-25 02:15:00,19.6
2024-02-25 02:30:00,19.3
2024-02-25 02:45:00,19.5
2024-02-25 03:00:00,19.5
2024-02-25 03:15:00,19.5
2024-02-25 03:30:00,19.6
2024-02-25 03:45:00,18.8
2024-02-25 04:00:00,19.2
2024-02-25 04:15:00,19.3
2024-02-25 04:30:00,19.0
2024-02-25 04:45:00,19.2
2024-02-25 05:00:00,19.2
2024-02-25 05:15:00,18.7
2024-02-25 05:30:00,18.9
2024-02-25 05:45:00,18.8
2024-02-25 06:00:00,18.9
2024-02-25 06:15:00,18.8
2024-02-25 06:30:00,18.6
2024-02-25 06:45:00,18.4
2024-02-25 07:00:00,18.4
2024-02-25 07:15:00,18.4
2024-02-25 07:30:00,19.0
2024-02-25 07:45:00,18.5
2024-02-25 08:00:00,18.3
2024-02-25 08:15:00,18.6
2024-02-25 08:30:00,18.4
2024-02-25 08:45:00,18.1
2024-02-25 09:00:00,18.3
2024-02-25 09:15:00,18.4
2024-02-25 09:30:00,18.2
2024-02-25 09:45:00,18.3
2024-02-25 10:00:00,18.2
2024-02-25 10:15:00,18.3
2024-02-25 10:30:00,18.4
2024-02-25 10:45:00,17.8
2024-02-25 11:00:00,18.3
2024-02-25 11:15:00,18.1
2024-02-25 11:30:00,18.1
2024-02-25 11:45:00,18.0
2024-02-25 12:00:00,18.2
2024-02-25 12:15:00,18.0
2024-02-25 12:30:00,17.9
2024-02-25 12:45:00,17.8
2024-02-25 13:00:00,17.7
2024-02-25 13:15:00,
2024-02-25 13:30:00,
2024-02-25 13:45:00,
2024-02-25 14:00:00,
2024-02-25 14:15:00,
2024-02-25 14:30:00,
2024-02-25 14:45:00,
2024-02-25 15:00:00,
2024-02-25 15:15:00,
2024-02-25 15:30:00,
2024-02-25 15:45:00,
2024-02-25 16:00:00,
2024-02-25 16:15:00,
2024-02-25 16:30:00,
2024-02-25 16:45:00,
2024-02-25 17:00:00,
2024-02-25 17:15:00,
2024-02-25 17:30:00,
2024-02-25 17:45:00,
2024-02-25 18:00:00,
2024-02-25 18:15:00,17.1
2024-02-25 18:30:00,16.9
2024-02-25 18:45:00,16.5
2024-02-25 19:00:00,16.5
2024-02-25 19:15:00,16.3
2024-02-25 19:30:00,16.4
2024-02-25 19:45:00,16.6
2024-02-25 20:00:00,16.3
2024-02-25 20:15:00,16.4
2024-02-25 20:30:00,16.5
2024-02-25 20:45:00,16.1
2024-02-25 21:00:00,16.1
2024-02-25 21:15:00,16.0
2024-02-25 21:30:00,16.2
2024-02-25 21:45:00,16.0
2024-02-25 22:00:00,16.0
2024-02-25 22:15:00,15.8
2024-02-25 22:30:00,16.0
2024-02-25 22:45:00,15.8
2024-02-25 23:00:00,15.6
2024-02-25 23:15:00,15.7
2024-02-25 23:30:00,15.4
2024-02-25 23:45:00,15.7
2024-02-26 00:00:00,15.5
2024-02-26 00:15:00,15.6
2024-02-26 00:30:00,15.5
2024-02-26 00:45:00,15.2
2024-02-26 01:00:00,15.3
2024-02-26 01:15:00,15.4
2024-02-26 01:30:00,15.1
2024-02-26 01:45:00,15.4
2024-02-26 02:00:00,15.0
2024-02-26 02:15:00,15.1
2024-02-26 02:30:00,15.6
2024-02-26 02:45:00,15.1
2024-02-26 03:00:00,14.9
2024-02-26 03:15:00,14.9
2024-02-26 03:30:00,15.1
2024-02-26 03:45:00,14.6
2024-02-26 04:00:00,14.8
2024-02-26 04:15:00,14.9
2024-02-26 04:30:00,15.1
2024-02-26 04:45:00,14.8
2024-02-26 05:00:00,14.8
2024-02-26 05:15:00,14.8
2024-02-26 05:30:00,14.6
2024-02-26 05:45:00,14.7
2024-02-26 06:00:00,14.6
2024-02-26 06:15:00,15.0
2024-02-26 06:30:00,15.0
2024-02-26 06:45:00,14.6
2024-02-26 07:00:00,14.9
2024-02-26 07:15:00,14.5
2024-02-26 07:30:00,20.454428319606624
2024-02-26 07:45:00,14.6
2024-02-26 08:00:00,14.4
2024-02-26 08:15:00,14.5
2024-02-26 08:30:00,14.5
2024-02-26 08:45:00,14.6
2024-02-26 09:00:00,14.7
2024-02-26 09:15:00,14.6
2024-02-26 09:30:00,14.6
2024-02-26 09:45:00,14.6
2024-02-26 10:00:00,14.4
2024-02-26 10:15:00,14.6
2024-02-26 10:30:00,14.6
2024-02-26 10:45:00,14.5
2024-02-26 11:00:00,14.4
2024-02-26 11:15:00,14.6
2024-02-26 11:30:00,14.1
2024-02-26 11:45:00,14.2
2024-02-26 12:00:00,14.4
2024-02-26 12:15:00,14.1
2024-02-26 12:30:00,14.3
2024-02-26 12:45:00,14.2
2024-02-26 13:00:00,14.3
2024-02-26 13:15:00,14.3
2024-02-26 13:30:00,14.1
2024-02-26 13:45:00,14.0
2024-02-26 14:00:00,14.4
2024-02-26 14:15:00,14.4
2024-02-26 14:30:00,14.0
2024-02-26 14:45:00,14.8
2024-02-26 15:00:00,14.6
2024-02-26 15:15:00,14.0
2024-02-26 15:30:00,14.0
2024-02-26 15:45:00,14.0
2024-02-26 16:00:00,13.9
2024-02-26 16:15:00,13.9
2024-02-26 16:30:00,13.9
2024-02-26 16:45:00,13.8
2024-02-26 17:00:00,13.8
2024-02-26 17:15:00,13.7
2024-02-26 17:30:00,13.9
2024-02-26 17:45:00,13.6
2024-02-26 18:00:00,13.6
2024-02-26 18:15:00,13.8
2024-02-26 18:30:00,13.8
2024-02-26 18:45:00,13.6
2024-02-26 19:00:00,13.3
2024-02-26 19:15:00,13.4
2024-02-26 19:30:00,13.5
2024-02-26 19:45:00,13.1
2024-02-26 20:00:00,13.4
2024-02-26 20:15:00,13.2
2024-02-26 20:30:00,13.3
2024-02-26 20:45:00,13.4
2024-02-26 21:00:00,13.4
2024-02-26 21:15:00,13.2
2024-02-26 21:30:00,13.5
2024-02-26 21:45:00,13.2
2024-02-26 22:00:00,13.4
2024-02-26 22:15:00,13.3
2024-02-26 22:30:00,13.2
2024-02-26 22:45:00,13.0
2024-02-26 23:00:00,13.1
2024-02-26 23:15:00,13.1
2024-02-26 23:30:00,13.1
2024-02-26 23:45:00,12.9
2024-02-27 00:00:00,13.0
2024-02-27 00:15:00,14.920393124726692
2024-02-27 00:30:00,14.72039312472669
2024-02-27 00:45:00,14.420393124726692
2024-02-27 01:00:00,13.0
2024-02-27 01:15:00,12.8
2024-02-27 01:30:00,12.8
2024-02-27 01:45:00,13.0
2024-02-27 02:00:00,12.9
2024-02-27 02:15:00,12.7
2024-02-27 02:30:00,12.9
2024-02-27 02:45:00,12.9
2024-02-27 03:00:00,12.8
2024-02-27 03:15:00,12.6
2024-02-27 03:30:00,12.7
2024-02-27 03:45:00,12.5
2024-02-27 04:00:00,12.5
2024-02-27 04:15:00,12.2
2024-02-27 04:30:00,12.4
2024-02-27 04:45:00,12.3
2024-02-27 05:00:00,12.4
2024-02-27 05:15:00,12.2
2024-02-27 05:30:00,12.7
2024-02-27 05:45:00,12.2
2024-02-27 06:00:00,12.3
2024-02-27 06:15:00,12.4
2024-02-27 06:30:00,12.3
2024-02-27 06:45:00,12.3
2024-02-27 07:00:00,12.1
2024-02-27 07:15:00,12.4
2024-02-27 07:30:00,12.2
2024-02-27 07:45:00,12.1
2024-02-27 08:00:00,12.5
2024-02-27 08:15:00,12.2
2024-02-27 08:30:00,12.1
2024-02-27 08:45:00,12.3
2024-02-27 09:00:00,12.4
2024-02-27 09:15:00,12.3
2024-02-27 09:30:00,12.3
2024-02-27 09:45:00,12.1
2024-02-27 10:00:00,12.2
2024-02-27 10:15:00,12.2
2024-02-27 10:30:00,12.2
2024-02-27 10:45:00,12.5
2024-02-27 11:00:00,12.2
2024-02-27 11:15:00,12.4
2024-02-27 11:30:00,12.4
2024-02-27 11:45:00,12.4
2024-02-27 12:00:00,12.2
2024-02-27 12:15:00,12.4
2024-02-27 12:30:00,12.4
2024-02-27 12:45:00,12.4
2024-02-27 13:00:00,12.2
2024-02-27 13:15:00,12.2
2024-02-27 13:30:00,12.2
2024-02-27 13:45:00,12.2
2024-02-27 14:00:00,12.1
2024-02-27 14:15:00,12.0
2024-02-27 14:30:00,11.9
2024-02-27 14:45:00,12.1
2024-02-27 15:00:00,11.9
2024-02-27 15:15:00,11.8
2024-02-27 15:30:00,12.0
2024-02-27 15:45:00,12.0
2024-02-27 16:00:00,11.9
2024-02-27 16:15:00,11.9
2024-02-27 16:30:00,12.0
2024-02-27 16:45:00,11.8
2024-02-27 17:00:00,11.9
2024-02-27 17:15:00,11.8
2024-02-27 17:30:00,11.6
2024-02-27 17:45:00,11.7
2024-02-27 18:00:00,11.6
2024-02-27 18:15:00,11.7
2024-02-27 18:30:00,11.4
2024-02-27 18:45:00,11.5
2024-02-27 19:00:00,11.5
2024-02-27 19:15:00,11.5
2024-02-27 19:30:00,11.3
2024-02-27 19:45:00,11.6
2024-02-27 20:00:00,11.4
2024-02-27 20:15:00,11.3
2024-02-27 20:30:00,11.5
2024-02-27 20:45:00,11.4
2024-02-27 21:00:00,11.4
2024-02-27 21:15:00,11.5
2024-02-27 21:30:00,11.3
2024-02-27 21:45:00,11.3
2024-02-27 22:00:00,11.0
2024-02-27 22:15:00,11.2
2024-02-27 22:30:00,11.0
2024-02-27 22:45:00,11.3
2024-02-27 23:00:00,11.0
2024-02-27 23:15:00,11.1
2024-02-27 23:30:00,11.0
2024-02-27 23:45:00,11.0
2024-02-28 00:00:00,11.0
2024-02-28 00:15:00,11.0
2024-02-28 00:30:00,9.486624597357425
2024-02-28 00:45:00,11.0
2024-02-28 01:00:00,10.9
2024-02-28 01:15:00,10.9
2024-02-28 01:30:00,10.9
2024-02-28 01:45:00,11.0
2024-02-28 02:00:00,10.9
2024-02-28 02:15:00,11.0
2024-02-28 02:30:00,10.9
2024-02-28 02:45:00,10.7
2024-02-28 03:00:00,11.0
2024-02-28 03:15:00,10.9
2024-02-28 03:30:00,10.8
2024-02-28 03:45:00,10.8
2024-02-28 04:00:00,10.8
2024-02-28 04:15:00,10.6
2024-02-28 04:30:00,10.5
2024-02-28 04:45:00,10.6
2024-02-28 05:00:00,10.5
2024-02-28 05:15:00,10.6
2024-02-28 05:30:00,10.4
2024-02-28 05:45:00,15.815080778604013
2024-02-28 06:00:00,15.715080778604014
2024-02-28 06:15:00,10.7
2024-02-28 06:30:00,10.6
2024-02-28 06:45:00,10.5
2024-02-28 07:00:00,10.3
2024-02-28 07:15:00,10.4
2024-02-28 07:30:00,10.3
2024-02-28 07:45:00,10.2
2024-02-28 08:00:00,10.4
2024-02-28 08:15:00,10.3
2024-02-28 08:30:00,10.2
2024-02-28 08:45:00,10.2
2024-02-28 09:00:00,10.3
2024-02-28 09:15:00,10.2
2024-02-28 09:30:00,10.2
2024-02-28 09:45:00,10.3
2024-02-28 10:00:00,10.3
2024-02-28 10:15:00,10.4
2024-02-28 10:30:00,10.2
2024-02-28 10:45:00,10.2
2024-02-28 11:00:00,10.1
2024-02-28 11:15:00,10.2
2024-02-28 11:30:00,9.9
2024-02-28 11:45:00,10.0
2024-02-28 12:00:00,10.1
2024-02-28 12:15:00,10.1
2024-02-28 12:30:00,10.1
2024-02-28 12:45:00,10.0
2024-02-28 13:00:00,10.3
2024-02-28 13:15:00,10.0
2024-02-28 13:30:00,10.1
2024-02-28 13:45:00,9.9
2024-02-28 14:00:00,10.1
2024-02-28 14:15:00,10.0
2024-02-28 14:30:00,10.0
2024-02-28 14:45:00,10.0
2024-02-28 15:00:00,10.7
2024-02-28 15:15:00,10.2
2024-02-28 15:30:00,10.1
2024-02-28 15:45:00,10.1
2024-02-28 16:00:00,9.9
2024-02-28 16:15:00,10.1
2024-02-28 16:30:00,10.0
2024-02-28 16:45:00,10.1
2024-02-28 17:00:00,10.1
2024-02-28 17:15:00,10.0
2024-02-28 17:30:00,10.0
2024-02-28 17:45:00,10.1
2024-02-28 18:00:00,9.9
2024-02-28 18:15:00,10.0
2024-02-28 18:30:00,10.1
2024-02-28 18:45:00,9.9
2024-02-28 19:00:00,9.9
2024-02-28 19:15:00,10.2
2024-02-28 19:30:00,9.9
2024-02-28 19:45:00,10.1
2024-02-28 20:00:00,10.2
2024-02-28 20:15:00,10.0
2024-02-28 20:30:00,9.9
2024-02-28 20:45:00,9.9
2024-02-28 21:00:00,9.9
2024-02-28 21:15:00,10.1
2024-02-28 21:30:00,10.0
2024-02-28 21:45:00,9.9
2024-02-28 22:00:00,9.8
2024-02-28 22:15:00,10.0
2024-02-28 22:30:00,9.7
2024-02-28 22:45:00,9.9
2024-02-28 23:00:00,9.9
2024-02-28 23:15:00,9.7
2024-02-28 23:30:00,10.0
2024-02-28 23:45:00,9.6
2024-02-29 00:00:00,9.7
2024-02-29 00:15:00,9.6
2024-02-29 00:30:00,9.7
2024-02-29 00:45:00,9.7
2024-02-29 01:00:00,9.6
2024-02-29 01:15:00,9.6
2024-02-29 01:30:00,9.7
2024-02-29 01:45:00,9.6
2024-02-29 02:00:00,9.6
2024-02-29 02:15:00,9.7
2024-02-29 02:30:00,9.6
2024-02-29 02:45:00,9.5
2024-02-29 03:00:00,9.3
2024-02-29 03:15:00,9.5
2024-02-29 03:30:00,9.5
2024-02-29 03:45:00,9.5
2024-02-29 04:00:00,9.6
2024-02-29 04:15:00,10.794078055375573
2024-02-29 04:30:00,10.594078055375574
2024-02-29 04:45:00,9.6
2024-02-29 05:00:00,9.4
2024-02-29 05:15:00,9.4
2024-02-29 05:30:00,9.3
2024-02-29 05:45:00,9.4
2024-02-29 06:00:00,9.4
2024-02-29 06:15:00,9.3
2024-02-29 06:30:00,10.809042537661123
2024-02-29 06:45:00,9.3
2024-02-29 07:00:00,9.3
2024-02-29 07:15:00,9.2
2024-02-29 07:30:00,9.2
2024-02-29 07:45:00,9.4
2024-02-29 08:00:00,9.2
2024-02-29 08:15:00,9.4
2024-02-29 08:30:00,9.2
2024-02-29 08:45:00,9.2
2024-02-29 09:00:00,9.3
2024-02-29 09:15:00,9.1
2024-02-29 09:30:00,9.2
2024-02-29 09:45:00,9.3
2024-02-29 10:00:00,9.4
2024-02-29 10:15:00,9.1
2024-02-29 10:30:00,9.2
2024-02-29 10:45:00,9.1
2024-02-29 11:00:00,9.2
2024-02-29 11:15:00,9.1
2024-02-29 11:30:00,9.2
2024-02-29 11:45:00,9.2
2024-02-29 12:00:00,9.2
2024-02-29 12:15:00,9.3
2024-02-29 12:30:00,9.2
2024-02-29 12:45:00,9.2
2024-02-29 13:00:00,9.2
2024-02-29 13:15:00,9.2
2024-02-29 13:30:00,9.1
2024-02-29 13:45:00,9.2
2024-02-29 14:00:00,9.2
2024-02-29 14:15:00,9.1
2024-02-29 14:30:00,9.3
2024-02-29 14:45:00,9.1
2024-02-29 15:00:00,9.2
2024-02-29 15:15:00,9.1
2024-02-29 15:30:00,9.2
2024-02-29 15:45:00,9.3
2024-02-29 16:00:00,9.2
2024-02-29 16:15:00,9.2
2024-02-29 16:30:00,9.2
2024-02-29 16:45:00,9.1
2024-02-29 17:00:00,9.2
2024-02-29 17:15:00,9.1
2024-02-29 17:30:00,9.0
2024-02-29 17:45:00,8.9
2024-02-29 18:00:00,9.2
2024-02-29 18:15:00,9.0
2024-02-29 18:30:00,9.2
2024-02-29 18:45:00,9.0
2024-02-29 19:00:00,9.0
2024-02-29 19:15:00,9.2
2024-02-29 19:30:00,8.9
2024-02-29 19:45:00,9.2
2024-02-29 20:00:00,9.2
2024-02-29 20:15:00,9.2
2024-02-29 20:30:00,9.0
2024-02-29 20:45:00,9.2
2024-02-29 21:00:00,9.2
2024-02-29 21:15:00,9.2
2024-02-29 21:30:00,9.1
2024-02-29 21:45:00,9.2
2024-02-29 22:00:00,9.2
2024-02-29 22:15:00,9.1
2024-02-29 22:30:00,9.1
2024-02-29 22:45:00,9.1
2024-02-29 23:00:00,8.9
2024-02-29 23:15:00,9.0
2024-02-29 23:30:00,9.1
2024-02-29 23:45:00,9.2
2024-03-01 00:00:00,9.1
2024-03-01 00:15:00,9.0
2024-03-01 00:30:00,9.0
2024-03-01 00:45:00,9.2
2024-03-01 01:00:00,8.9
2024-03-01 01:15:00,8.8
2024-03-01 01:30:00,8.9
2024-03-01 01:45:00,8.8
2024-03-01 02:00:00,9.0
2024-03-01 02:15:00,8.8
2024-03-01 02:30:00,8.8
2024-03-01 02:45:00,9.0
2024-03-01 03:00:00,8.8
2024-03-01 03:15:00,8.9
2024-03-01 03:30:00,8.8
2024-03-01 03:45:00,8.7
2024-03-01 04:00:00,8.9
2024-03-01 04:15:00,8.6
2024-03-01 04:30:00,8.7
2024-03-01 04:45:00,8.6
2024-03-01 05:00:00,8.7
2024-03-01 05:15:00,8.6
2024-03-01 05:30:00,8.5
2024-03-01 05:45:00,8.6
2024-03-01 06:00:00,8.6
2024-03-01 06:15:00,8.6
2024-03-01 06:30:00,8.5
2024-03-01 06:45:00,8.5
2024-03-01 07:00:00,8.5
2024-03-01 07:15:00,8.7
2024-03-01 07:30:00,8.5
2024-03-01 07:45:00,8.3
2024-03-01 08:00:00,8.4
2024-03-01 08:15:00,8.4
2024-03-01 08:30:00,8.5
2024-03-01 08:45:00,8.2
2024-03-01 09:00:00,8.4
2024-03-01 09:15:00,8.4
2024-03-01 09:30:00,8.6
2024-03-01 09:45:00,8.4
2024-03-01 10:00:00,11.260022631605036
2024-03-01 10:15:00,8.4
2024-03-01 10:30:00,8.4
2024-03-01 10:45:00,8.4
2024-03-01 11:00:00,8.3
2024-03-01 11:15:00,8.3
2024-03-01 11:30:00,8.4
2024-03-01 11:45:00,8.4
2024-03-01 12:00:00,8.4
2024-03-01 12:15:00,8.3
2024-03-01 12:30:00,8.2
2024-03-01 12:45:00,8.3
2024-03-01 13:00:00,8.4
2024-03-01 13:15:00,8.3
2024-03-01 13:30:00,8.2
2024-03-01 13:45:00,8.2
2024-03-01 14:00:00,8.3
2024-03-01 14:15:00,8.3
2024-03-01 14:30:00,8.4
2024-03-01 14:45:00,8.3
2024-03-01 15:00:00,8.3
2024-03-01 15:15:00,8.4
2024-03-01 15:30:00,8.0
2024-03-01 15:45:00,8.2
2024-03-01 16:00:00,8.3
2024-03-01 16:15:00,8.2
2024-03-01 16:30:00,8.3
2024-03-01 16:45:00,8.3
2024-03-01 17:00:00,8.1
2024-03-01 17:15:00,8.3
2024-03-01 17:30:00,8.2
2024-03-01 17:45:00,8.2
2024-03-01 18:00:00,8.2
2024-03-01 18:15:00,8.2
2024-03-01 18:30:00,8.2
2024-03-01 18:45:00,8.2
2024-03-01 19:00:00,8.2
2024-03-01 19:15:00,8.2
2024-03-01 19:30:00,8.2
2024-03-01 19:45:00,8.1
2024-03-01 20:00:00,8.1
2024-03-01 20:15:00,8.2
2024-03-01 20:30:00,8.0
2024-03-01 20:45:00,8.1
2024-03-01 21:00:00,8.1
2024-03-01 21:15:00,8.2
2024-03-01 21:30:00,8.2
2024-03-01 21:45:00,8.2
2024-03-01 22:00:00,8.1
2024-03-01 22:15:00,8.2
2024-03-01 22:30:00,8.0
2024-03-01 22:45:00,8.2
2024-03-01 23:00:00,8.1
2024-03-01 23:15:00,7.9
2024-03-01 23:30:00,8.1
2024-03-01 23:45:00,8.2
2024-03-02 00:00:00,8.1
2024-03-02 00:15:00,8.2
2024-03-02 00:30:00,8.1
2024-03-02 00:45:00,8.2
2024-03-02 01:00:00,8.3
2024-03-02 01:15:00,8.2
2024-03-02 01:30:00,8.1
2024-03-02 01:45:00,8.2
2024-03-02 02:00:00,8.2
2024-03-02 02:15:00,8.2
2024-03-02 02:30:00,8.2
2024-03-02 02:45:00,8.2
2024-03-02 03:00:00,8.3
2024-03-02 03:15:00,8.2
2024-03-02 03:30:00,8.1
2024-03-02 03:45:00,8.0
2024-03-02 04:00:00,8.3
2024-03-02 04:15:00,8.2
2024-03-02 04:30:00,8.4
2024-03-02 04:45:00,8.1
2024-03-02 05:00:00,8.3
2024-03-02 05:15:00,9.780622236537909
2024-03-02 05:30:00,8.1
2024-03-02 05:45:00,8.2
2024-03-02 06:00:00,8.3
2024-03-02 06:15:00,8.2
2024-03-02 06:30:00,8.3
2024-03-02 06:45:00,8.2
2024-03-02 07:00:00,8.1
2024-03-02 07:15:00,8.2
2024-03-02 07:30:00,8.2
2024-03-02 07:45:00,8.2
2024-03-02 08:00:00,8.2
2024-03-02 08:15:00,8.3
2024-03-02 08:30:00,8.2
2024-03-02 08:45:00,8.1
2024-03-02 09:00:00,8.0
2024-03-02 09:15:00,8.2
2024-03-02 09:30:00,8.1
2024-03-02 09:45:00,8.1
2024-03-02 10:00:00,8.0
2024-03-02 10:15:00,8.1
2024-03-02 10:30:00,8.0
2024-03-02 10:45:00,8.1
2024-03-02 11:00:00,8.1
2024-03-02 11:15:00,8.2
2024-03-02 11:30:00,8.1
2024-03-02 11:45:00,8.2
2024-03-02 12:00:00,8.4
2024-03-02 12:15:00,8.1
2024-03-02 12:30:00,8.2
2024-03-02 12:45:00,8.3
2024-03-02 13:00:00,8.1
2024-03-02 13:15:00,8.2
2024-03-02 13:30:00,8.1
2024-03-02 13:45:00,8.2
2024-03-02 14:00:00,8.2
2024-03-02 14:15:00,8.3
2024-03-02 14:30:00,8.3
2024-03-02 14:45:00,8.4
2024-03-02 15:00:00,8.3
2024-03-02 15:15:00,8.3
2024-03-02 15:30:00,8.4
2024-03-02 15:45:00,8.5
2024-03-02 16:00:00,8.3
2024-03-02 16:15:00,8.4
2024-03-02 16:30:00,8.2
2024-03-02 16:45:00,8.4
2024-03-02 17:00:00,8.3
2024-03-02 17:15:00,8.2
2024-03-02 17:30:00,8.3
2024-03-02 17:45:00,8.4
2024-03-02 18:00:00,8.4
2024-03-02 18:15:00,8.3
2024-03-02 18:30:00,8.4
2024-03-02 18:45:00,8.2
2024-03-02 19:00:00,8.4
2024-03-02 19:15:00,8.4
2024-03-02 19:30:00,8.5
2024-03-02 19:45:00,8.2
2024-03-02 20:00:00,8.4
2024-03-02 20:15:00,8.1
2024-03-02 20:30:00,8.3
2024-03-02 20:45:00,8.3
2024-03-02 21:00:00,8.3
2024-03-02 21:15:00,8.2
2024-03-02 21:30:00,8.3
2024-03-02 21:45:00,8.2
2024-03-02 22:00:00,8.0
2024-03-02 22:15:00,8.1
2024-03-02 22:30:00,8.2
2024-03-02 22:45:00,8.3
2024-03-02 23:00:00,8.2
2024-03-02 23:15:00,8.0
2024-03-02 23:30:00,8.0
2024-03-02 23:45:00,8.0
2024-03-03 00:00:00,8.0
2024-03-03 00:15:00,7.9
2024-03-03 00:30:00,8.1
2024-03-03 00:45:00,8.1
2024-03-03 01:00:00,8.0
2024-03-03 01:15:00,8.0
2024-03-03 01:30:00,8.0
2024-03-03 01:45:00,8.0
2024-03-03 02:00:00,8.0
2024-03-03 02:15:00,7.9
2024-03-03 02:30:00,8.1
2024-03-03 02:45:00,8.0
2024-03-03 03:00:00,
2024-03-03 03:15:00,
2024-03-03 03:30:00,7.9
2024-03-03 03:45:00,8.0
2024-03-03 04:00:00,8.0
2024-03-03 04:15:00,8.1
2024-03-03 04:30:00,8.0
2024-03-03 04:45:00,7.8
2024-03-03 05:00:00,7.8
2024-03-03 05:15:00,7.9
2024-03-03 05:30:00,7.9
2024-03-03 05:45:00,7.8
2024-03-03 06:00:00,8.1
2024-03-03 06:15:00,8.1
2024-03-03 06:30:00,8.0
2024-03-03 06:45:00,8.1
2024-03-03 07:00:00,7.9
2024-03-03 07:15:00,8.1
2024-03-03 07:30:00,8.0
2024-03-03 07:45:00,7.9
2024-03-03 08:00:00,7.9
2024-03-03 08:15:00,8.0
2024-03-03 08:30:00,7.9
2024-03-03 08:45:00,8.1
2024-03-03 09:00:00,7.9
2024-03-03 09:15:00,7.9
2024-03-03 09:30:00,7.9
2024-03-03 09:45:00,7.9
2024-03-03 10:00:00,7.9
2024-03-03 10:15:00,7.9
2024-03-03 10:30:00,7.9
2024-03-03 10:45:00,7.9
2024-03-03 11:00:00,7.9
2024-03-03 11:15:00,7.9
2024-03-03 11:30:00,7.9
2024-03-03 11:45:00,7.9
2024-03-03 12:00:00,7.9
2024-03-03 12:15:00,7.9
2024-03-03 12:30:00,7.9
2024-03-03 12:45:00,7.9
2024-03-03 13:00:00,7.9
2024-03-03 13:15:00,7.9
2024-03-03 13:30:00,7.9
2024-03-03 13:45:00,7.9
2024-03-03 14:00:00,7.9
2024-03-03 14:15:00,7.9
2024-03-03 14:30:00,7.9
2024-03-03 14:45:00,7.9
2024-03-03 15:00:00,7.9
2024-03-03 15:15:00,7.9
2024-03-03 15:30:00,7.9
2024-03-03 15:45:00,7.9
2024-03-03 16:00:00,7.9
2024-03-03 16:15:00,7.9
2024-03-03 16:30:00,7.9
2024-03-03 16:45:00,7.9
2024-03-03 17:00:00,7.9
2024-03-03 17:15:00,7.9
2024-03-03 17:30:00,7.9
2024-03-03 17:45:00,7.9
2024-03-03 18:00:00,7.9
2024-03-03 18:15:00,7.9
2024-03-03 18:30:00,7.9
2024-03-03 18:45:00,7.9
2024-03-03 19:00:00,7.9
2024-03-03 19:15:00,
2024-03-03 19:30:00,7.9
2024-03-03 19:45:00,8.1
2024-03-03 20:00:00,8.1
2024-03-03 20:15:00,8.1
2024-03-03 20:30:00,8.0
2024-03-03 20:45:00,7.8
2024-03-03 21:00:00,8.1
2024-03-03 21:15:00,8.1
2024-03-03 21:30:00,8.803882004470648
2024-03-03 21:45:00,8.0
2024-03-03 22:00:00,8.0
2024-03-03 22:15:00,8.0
2024-03-03 22:30:00,7.9
2024-03-03 22:45:00,7.8
2024-03-03 23:00:00,7.8
2024-03-03 23:15:00,7.8
2024-03-03 23:30:00,7.8
2024-03-03 23:45:00,8.1
2024-03-04 00:00:00,7.7
2024-03-04 00:15:00,7.9
2024-03-04 00:30:00,7.7
2024-03-04 00:45:00,8.0
2024-03-04 01:00:00,7.8
2024-03-04 01:15:00,7.8
2024-03-04 01:30:00,8.945727589227516
2024-03-04 01:45:00,7.8
2024-03-04 02:00:00,7.8
2024-03-04 02:15:00,7.9
2024-03-04 02:30:00,7.8
2024-03-04 02:45:00,7.6
2024-03-04 03:00:00,8.2
2024-03-04 03:15:00,7.8
2024-03-04 03:30:00,7.7
2024-03-04 03:45:00,7.9
2024-03-04 04:00:00,7.8
2024-03-04 04:15:00,7.8
2024-03-04 04:30:00,7.7
2024-03-04 04:45:00,7.7
2024-03-04 05:00:00,7.6
2024-03-04 05:15:00,7.8
2024-03-04 05:30:00,7.6
2024-03-04 05:45:00,7.7
2024-03-04 06:00:00,7.6
2024-03-04 06:15:00,7.6
2024-03-04 06:30:00,7.7
2024-03-04 06:45:00,7.5
2024-03-04 07:00:00,7.6
2024-03-04 07:15:00,7.7
2024-03-04 07:30:00,7.6
2024-03-04 07:45:00,7.6
2024-03-04 08:00:00,7.7
2024-03-04 08:15:00,7.7
2024-03-04 08:30:00,4.4889438168578835
2024-03-04 08:45:00,4.688943816857883
2024-03-04 09:00:00,4.588943816857883
2024-03-04 09:15:00,7.7
2024-03-04 09:30:00,7.7
2024-03-04 09:45:00,7.8
2024-03-04 10:00:00,7.7
2024-03-04 10:15:00,7.7
2024-03-04 10:30:00,7.5
2024-03-04 10:45:00,7.6
2024-03-04 11:00:00,7.6
2024-03-04 11:15:00,7.7
2024-03-04 11:30:00,7.7
2024-03-04 11:45:00,7.7
2024-03-04 12:00:00,7.9
2024-03-04 12:15:00,7.9
2024-03-04 12:30:00,7.8
2024-03-04 12:45:00,7.5
2024-03-04 13:00:00,7.8
2024-03-04 13:15:00,7.7
2024-03-04 13:30:00,7.7
2024-03-04 13:45:00,7.8
2024-03-04 14:00:00,7.7
2024-03-04 14:15:00,7.7
2024-03-04 14:30:00,7.7
2024-03-04 14:45:00,7.8
2024-03-04 15:00:00,7.8
2024-03-04 15:15:00,7.9
2024-03-04 15:30:00,7.9
2024-03-04 15:45:00,8.0
2024-03-04 16:00:00,
2024-03-04 16:15:00,8.0
2024-03-04 16:30:00,7.9
2024-03-04 16:45:00,7.8
2024-03-04 17:00:00,7.8
2024-03-04 17:15:00,7.9
2024-03-04 17:30:00,7.8
2024-03-04 17:45:00,
2024-03-04 18:00:00,
2024-03-04 18:15:00,
2024-03-04 18:30:00,
2024-03-04 18:45:00,
2024-03-04 19:00:00,
2024-03-04 19:15:00,
2024-03-04 19:30:00,
2024-03-04 19:45:00,
2024-03-04 20:00:00,
2024-03-04 20:15:00,
2024-03-04 20:30:00,8.0
2024-03-04 20:45:00,7.9
2024-03-04 21:00:00,7.8
2024-03-04 21:15:00,7.9
2024-03-04 21:30:00,7.8
2024-03-04 21:45:00,7.9
2024-03-04 22:00:00,7.9
2024-03-04 22:15:00,8.2
2024-03-04 22:30:00,7.9
2024-03-04 22:45:00,7.9
2024-03-04 23:00:00,
2024-03-04 23:15:00,7.8
2024-03-04 23:30:00,7.8
2024-03-04 23:45:00,7.7
2024-03-05 00:00:00,7.6
2024-03-05 00:15:00,7.8
2024-03-05 00:30:00,7.6
2024-03-05 00:45:00,7.8
2024-03-05 01:00:00,7.9
2024-03-05 01:15:00,7.8
2024-03-05 01:30:00,7.9
2024-03-05 01:45:00,7.6
2024-03-05 02:00:00,7.8
2024-03-05 02:15:00,7.8
2024-03-05 02:30:00,7.6
2024-03-05 02:45:00,7.9
2024-03-05 03:00:00,7.6
2024-03-05 03:15:00,7.6
2024-03-05 03:30:00,7.6
2024-03-05 03:45:00,7.6
2024-03-05 04:00:00,7.6
2024-03-05 04:15:00,7.7
2024-03-05 04:30:00,7.7
2024-03-05 04:45:00,7.5
2024-03-05 05:00:00,7.6
2024-03-05 05:15:00,7.6
2024-03-05 05:30:00,7.8
2024-03-05 05:45:00,7.7
2024-03-05 06:00:00,7.7
2024-03-05 06:15:00,7.6
2024-03-05 06:30:00,7.6
2024-03-05 06:45:00,7.8
2024-03-05 07:00:00,7.6
2024-03-05 07:15:00,7.6
2024-03-05 07:30:00,7.6
2024-03-05 07:45:00,7.7
2024-03-05 08:00:00,7.5
2024-03-05 08:15:00,7.7
2024-03-05 08:30:00,7.7
2024-03-05 08:45:00,7.9
2024-03-05 09:00:00,7.9
2024-03-05 09:15:00,
2024-03-05 09:30:00,7.9
2024-03-05 09:45:00,10.565861154691124
2024-03-05 10:00:00,7.8
2024-03-05 10:15:00,8.0
2024-03-05 10:30:00,7.8
2024-03-05 10:45:00,8.0
2024-03-05 11:00:00,7.7
2024-03-05 11:15:00,7.9
2024-03-05 11:30:00,7.6
2024-03-05 11:45:00,7.8
2024-03-05 12:00:00,7.8
2024-03-05 12:15:00,8.2
2024-03-05 12:30:00,7.7
2024-03-05 12:45:00,7.9
2024-03-05 13:00:00,12.134878907429316
2024-03-05 13:15:00,12.234878907429316
2024-03-05 13:30:00,7.7
2024-03-05 13:45:00,7.8
2024-03-05 14:00:00,7.8
2024-03-05 14:15:00,7.9
2024-03-05 14:30:00,7.7
2024-03-05 14:45:00,8.0
2024-03-05 15:00:00,8.2
2024-03-05 15:15:00,7.8
2024-03-05 15:30:00,7.9
2024-03-05 15:45:00,8.0
2024-03-05 16:00:00,7.9
2024-03-05 16:15:00,8.0
2024-03-05 16:30:00,7.8
2024-03-05 16:45:00,7.6
2024-03-05 17:00:00,8.0
2024-03-05 17:15:00,7.7
2024-03-05 17:30:00,7.6
2024-03-05 17:45:00,7.8
2024-03-05 18:00:00,7.8
2024-03-05 18:15:00,8.0
2024-03-05 18:30:00,7.8
2024-03-05 18:45:00,7.7
2024-03-05 19:00:00,7.7
2024-03-05 19:15:00,7.7
2024-03-05 19:30:00,7.8
2024-03-05 19:45:00,7.7
2024-03-05 20:00:00,7.8
2024-03-05 20:15:00,7.8
2024-03-05 20:30:00,7.8
2024-03-05 20:45:00,7.9
2024-03-05 21:00:00,7.8
2024-03-05 21:15:00,7.8
2024-03-05 21:30:00,7.8
2024-03-05 21:45:00,7.7
2024-03-05 22:00:00,7.7
2024-03-05 22:15:00,10.037967062902172
2024-03-05 22:30:00,7.7
2024-03-05 22:45:00,7.6
2024-03-05 23:00:00,7.7
2024-03-05 23:15:00,7.5
2024-03-05 23:30:00,7.9
2024-03-05 23:45:00,7.7
2024-03-06 00:00:00,7.7
2024-03-06 00:15:00,7.8
2024-03-06 00:30:00,7.7
2024-03-06 00:45:00,7.5
2024-03-06 01:00:00,7.6
2024-03-06 01:15:00,7.6
2024-03-06 01:30:00,7.7
2024-03-06 01:45:00,7.8
2024-03-06 02:00:00,7.6
2024-03-06 02:15:00,7.8
2024-03-06 02:30:00,7.7
2024-03-06 02:45:00,7.9
2024-03-06 03:00:00,7.7
2024-03-06 03:15:00,7.8
2024-03-06 03:30:00,7.6
2024-03-06 03:45:00,7.8
2024-03-06 04:00:00,7.6
2024-03-06 04:15:00,7.6
2024-03-06 04:30:00,7.5
2024-03-06 04:45:00,7.8
2024-03-06 05:00:00,7.7
2024-03-06 05:15:00,7.5
2024-03-06 05:30:00,7.5
2024-03-06 05:45:00,7.9
2024-03-06 06:00:00,7.7
2024-03-06 06:15:00,7.5
2024-03-06 06:30:00,7.6
2024-03-06 06:45:00,7.6
2024-03-06 07:00:00,7.6
2024-03-06 07:15:00,7.6
2024-03-06 07:30:00,7.6
2024-03-06 07:45:00,8.0
2024-03-06 08:00:00,7.7
2024-03-06 08:15:00,7.7
2024-03-06 08:30:00,7.5
2024-03-06 08:45:00,7.6
2024-03-06 09:00:00,7.7
2024-03-06 09:15:00,7.7
2024-03-06 09:30:00,7.7
2024-03-06 09:45:00,7.9
2024-03-06 10:00:00,7.6
2024-03-06 10:15:00,8.0
2024-03-06 10:30:00,7.6
2024-03-06 10:45:00,7.7
2024-03-06 11:00:00,7.8
2024-03-06 11:15:00,
2024-03-06 11:30:00,7.6
2024-03-06 11:45:00,7.6
2024-03-06 12:00:00,7.6
2024-03-06 12:15:00,7.5
2024-03-06 12:30:00,7.5
2024-03-06 12:45:00,7.5
2024-03-06 13:00:00,7.4
2024-03-06 13:15:00,7.8
2024-03-06 13:30:00,7.6
2024-03-06 13:45:00,7.7
2024-03-06 14:00:00,7.7
2024-03-06 14:15:00,7.6
2024-03-06 14:30:00,7.8
2024-03-06 14:45:00,
2024-03-06 15:00:00,7.6
2024-03-06 15:15:00,7.6
2024-03-06 15:30:00,9.671076755938506
2024-03-06 15:45:00,9.871076755938505
2024-03-06 16:00:00,7.6
2024-03-06 16:15:00,7.6
2024-03-06 16:30:00,7.7
2024-03-06 16:45:00,7.6
2024-03-06 17:00:00,12.032712772652499
2024-03-06 17:15:00,11.932712772652499
2024-03-06 17:30:00,7.6
2024-03-06 17:45:00,7.7
2024-03-06 18:00:00,7.7
2024-03-06 18:15:00,7.6
2024-03-06 18:30:00,7.7
2024-03-06 18:45:00,7.6
2024-03-06 19:00:00,7.6
2024-03-06 19:15:00,7.6
2024-03-06 19:30:00,7.6
2024-03-06 19:45:00,7.6
2024-03-06 20:00:00,7.7
2024-03-06 20:15:00,7.6
2024-03-06 20:30:00,7.6
2024-03-06 20:45:00,7.5
2024-03-06 21:00:00,7.5
2024-03-06 21:15:00,7.5
2024-03-06 21:30:00,7.5
2024-03-06 21:45:00,7.5
2024-03-06 22:00:00,7.5
2024-03-06 22:15:00,7.6
2024-03-06 22:30:00,8.483182241039568
2024-03-06 22:45:00,8.383182241039568
2024-03-06 23:00:00,8.383182241039568
2024-03-06 23:15:00,7.4
2024-03-06 23:30:00,7.5
2024-03-06 23:45:00,7.5
2024-03-07 00:00:00,7.5
2024-03-07 00:15:00,7.6
2024-03-07 00:30:00,7.4
2024-03-07 00:45:00,7.6
2024-03-07 01:00:00,7.7
2024-03-07 01:15:00,7.9
2024-03-07 01:30:00,8.2
2024-03-07 01:45:00,7.8
2024-03-07 02:00:00,7.5
2024-03-07 02:15:00,7.5
2024-03-07 02:30:00,7.5
2024-03-07 02:45:00,7.7
2024-03-07 03:00:00,7.6
2024-03-07 03:15:00,7.5
2024-03-07 03:30:00,7.5
2024-03-07 03:45:00,7.5
2024-03-07 04:00:00,7.5
2024-03-07 04:15:00,7.6
2024-03-07 04:30:00,7.7
2024-03-07 04:45:00,7.6
2024-03-07 05:00:00,7.5
2024-03-07 05:15:00,7.5
2024-03-07 05:30:00,7.7
2024-03-07 05:45:00,7.6
2024-03-07 06:00:00,7.6
2024-03-07 06:15:00,7.8
2024-03-07 06:30:00,7.8
2024-03-07 06:45:00,7.6
2024-03-07 07:00:00,7.7
2024-03-07 07:15:00,7.6
2024-03-07 07:30:00,7.5
2024-03-07 07:45:00,7.7
2024-03-07 08:00:00,7.7
2024-03-07 08:15:00,7.6
2024-03-07 08:30:00,7.6
2024-03-07 08:45:00,7.6
2024-03-07 09:00:00,7.7
2024-03-07 09:15:00,7.7
2024-03-07 09:30:00,7.5
2024-03-07 09:45:00,7.6
2024-03-07 10:00:00,7.7
2024-03-07 10:15:00,7.7
2024-03-07 10:30:00,8.0
2024-03-07 10:45:00,7.8
2024-03-07 11:00:00,
2024-03-07 11:15:00,8.0
2024-03-07 11:30:00,7.6
2024-03-07 11:45:00,7.6
2024-03-07 12:00:00,7.6
2024-03-07 12:15:00,7.6
2024-03-07 12:30:00,7.6
2024-03-07 12:45:00,7.6
2024-03-07 13:00:00,7.7
2024-03-07 13:15:00,7.6
2024-03-07 13:30:00,7.5
2024-03-07 13:45:00,7.9
2024-03-07 14:00:00,7.5
2024-03-07 14:15:00,7.6
2024-03-07 14:30:00,8.0
2024-03-07 14:45:00,8.0
2024-03-07 15:00:00,7.8
2024-03-07 15:15:00,8.0
2024-03-07 15:30:00,
2024-03-07 15:45:00,7.9
2024-03-07 16:00:00,7.6
2024-03-07 16:15:00,7.8
2024-03-07 16:30:00,7.8
2024-03-07 16:45:00,7.6
2024-03-07 17:00:00,7.6
2024-03-07 17:15:00,7.8
2024-03-07 17:30:00,7.6
2024-03-07 17:45:00,7.6
2024-03-07 18:00:00,7.6
2024-03-07 18:15:00,7.6
2024-03-07 18:30:00,7.6
2024-03-07 18:45:00,7.6
2024-03-07 19:00:00,7.6
2024-03-07 19:15:00,7.6
2024-03-07 19:30:00,7.6
2024-03-07 19:45:00,7.6
2024-03-07 20:00:00,7.6
2024-03-07 20:15:00,7.6
2024-03-07 20:30:00,7.6
2024-03-07 20:45:00,7.6
2024-03-07 21:00:00,7.6
2024-03-07 21:15:00,7.6
2024-03-07 21:30:00,7.6
2024-03-07 21:45:00,7.6
2024-03-07 22:00:00,7.6
2024-03-07 22:15:00,7.6
2024-03-07 22:30:00,7.5
2024-03-07 22:45:00,7.5
2024-03-07 23:00:00,7.5
2024-03-07 23:15:00,7.4
2024-03-07 23:30:00,7.5
2024-03-07 23:45:00,7.5
2024-03-08 00:00:00,7.5
2024-03-08 00:15:00,7.6
2024-03-08 00:30:00,9.783147422661532
2024-03-08 00:45:00,9.583147422661533
2024-03-08 01:00:00,7.6
2024-03-08 01:15:00,7.5
2024-03-08 01:30:00,7.5
2024-03-08 01:45:00,7.5
2024-03-08 02:00:00,7.5
2024-03-08 02:15:00,7.5
2024-03-08 02:30:00,7.4
2024-03-08 02:45:00,7.6
2024-03-08 03:00:00,7.5
2024-03-08 03:15:00,7.6
2024-03-08 03:30:00,7.5
2024-03-08 03:45:00,7.4
2024-03-08 04:00:00,7.6
2024-03-08 04:15:00,7.6
2024-03-08 04:30:00,7.5
2024-03-08 04:45:00,7.5
2024-03-08 05:00:00,7.6
2024-03-08 05:15:00,7.8
2024-03-08 05:30:00,7.6
2024-03-08 05:45:00,7.7
2024-03-08 06:00:00,7.7
2024-03-08 06:15:00,7.7
2024-03-08 06:30:00,7.7
2024-03-08 06:45:00,8.0
2024-03-08 07:00:00,7.7
2024-03-08 07:15:00,7.6
2024-03-08 07:30:00,7.7
2024-03-08 07:45:00,7.7
2024-03-08 08:00:00,7.6
2024-03-08 08:15:00,7.6
2024-03-08 08:30:00,7.7
2024-03-08 08:45:00,7.6
2024-03-08 09:00:00,7.6
2024-03-08 09:15:00,7.6
2024-03-08 09:30:00,7.6
2024-03-08 09:45:00,7.6
2024-03-08 10:00:00,7.6
2024-03-08 10:15:00,7.6
2024-03-08 10:30:00,7.6
2024-03-08 10:45:00,7.6
2024-03-08 11:00:00,7.6
2024-03-08 11:15:00,7.6
2024-03-08 11:30:00,7.6
2024-03-08 11:45:00,7.6
2024-03-08 12:00:00,7.6
2024-03-08 12:15:00,7.6
2024-03-08 12:30:00,7.6
2024-03-08 12:45:00,7.6
2024-03-08 13:00:00,7.6
2024-03-08 13:15:00,7.6
2024-03-08 13:30:00,7.6
2024-03-08 13:45:00,7.6
2024-03-08 14:00:00,7.6
2024-03-08 14:15:00,7.6
2024-03-08 14:30:00,7.6
2024-03-08 14:45:00,7.6
2024-03-08 15:00:00,7.5
2024-03-08 15:15:00,7.7
2024-03-08 15:30:00,7.7
2024-03-08 15:45:00,7.7
2024-03-08 16:00:00,7.7
2024-03-08 16:15:00,7.7
2024-03-08 16:30:00,7.7
2024-03-08 16:45:00,7.6
2024-03-08 17:00:00,7.4
2024-03-08 17:15:00,7.5
2024-03-08 17:30:00,7.6
2024-03-08 17:45:00,7.5
2024-03-08 18:00:00,7.4
2024-03-08 18:15:00,7.4
2024-03-08 18:30:00,7.6
2024-03-08 18:45:00,7.4
2024-03-08 19:00:00,7.6
2024-03-08 19:15:00,7.5
2024-03-08 19:30:00,7.4
2024-03-08 19:45:00,7.6
2024-03-08 20:00:00,7.4
2024-03-08 20:15:00,7.5
2024-03-08 20:30:00,7.5
2024-03-08 20:45:00,7.4
2024-03-08 21:00:00,7.4
2024-03-08 21:15:00,7.4
2024-03-08 21:30:00,7.4
2024-03-08 21:45:00,7.4
2024-03-08 22:00:00,7.5
2024-03-08 22:15:00,7.4
2024-03-08 22:30:00,7.6
2024-03-08 22:45:00,7.4
2024-03-08 23:00:00,7.6
2024-03-08 23:15:00,7.5
2024-03-08 23:30:00,7.5
2024-03-08 23:45:00,7.5
2024-03-09 00:00:00,7.6
2024-03-09 00:15:00,7.6
2024-03-09 00:30:00,7.8
2024-03-09 00:45:00,7.6
2024-03-09 01:00:00,7.6
2024-03-09 01:15:00,7.6
2024-03-09 01:30:00,7.6
2024-03-09 01:45:00,7.7
2024-03-09 02:00:00,7.6
2024-03-09 02:15:00,7.7
2024-03-09 02:30:00,7.7
2024-03-09 02:45:00,7.6
2024-03-09 03:00:00,7.5
2024-03-09 03:15:00,7.8
2024-03-09 03:30:00,7.7
2024-03-09 03:45:00,7.8
2024-03-09 04:00:00,7.8
2024-03-09 04:15:00,7.7
2024-03-09 04:30:00,7.7
2024-03-09 04:45:00,7.6
2024-03-09 05:00:00,7.8
2024-03-09 05:15:00,7.9
2024-03-09 05:30:00,7.8
2024-03-09 05:45:00,7.7
2024-03-09 06:00:00,7.8
2024-03-09 06:15:00,7.7
2024-03-09 06:30:00,7.7
2024-03-09 06:45:00,7.7
2024-03-09 07:00:00,7.9
2024-03-09 07:15:00,7.9
2024-03-09 07:30:00,7.8
2024-03-09 07:45:00,7.8
2024-03-09 08:00:00,7.7
2024-03-09 08:15:00,7.9
2024-03-09 08:30:00,7.9
2024-03-09 08:45:00,8.0
2024-03-09 09:00:00,8.0
2024-03-09 09:15:00,8.3
2024-03-09 09:30:00,8.2
2024-03-09 09:45:00,8.2
2024-03-09 10:00:00,8.4
2024-03-09 10:15:00,8.5
2024-03-09 10:30:00,8.7
2024-03-09 10:45:00,8.8
2024-03-09 11:00:00,9.0
2024-03-09 11:15:00,8.8
2024-03-09 11:30:00,9.2
2024-03-09 11:45:00,9.3
2024-03-09 12:00:00,9.2
2024-03-09 12:15:00,9.7
2024-03-09 12:30:00,9.4
2024-03-09 12:45:00,9.5
2024-03-09 13:00:00,9.6
2024-03-09 13:15:00,9.4
2024-03-09 13:30:00,9.5
2024-03-09 13:45:00,9.8
2024-03-09 14:00:00,9.6
2024-03-09 14:15:00,9.6
2024-03-09 14:30:00,9.9
2024-03-09 14:45:00,9.7
2024-03-09 15:00:00,9.7
2024-03-09 15:15:00,9.7
2024-03-09 15:30:00,9.8
2024-03-09 15:45:00,9.8
2024-03-09 16:00:00,9.7
2024-03-09 16:15:00,9.7
2024-03-09 16:30:00,9.9
2024-03-09 16:45:00,9.7
2024-03-09 17:00:00,9.7
2024-03-09 17:15:00,9.6
2024-03-09 17:30:00,9.8
2024-03-09 17:45:00,9.9
2024-03-09 18:00:00,9.4
2024-03-09 18:15:00,9.8
2024-03-09 18:30:00,9.9
2024-03-09 18:45:00,9.6
2024-03-09 19:00:00,9.6
2024-03-09 19:15:00,9.8
2024-03-09 19:30:00,10.0
2024-03-09 19:45:00,9.8
2024-03-09 20:00:00,9.8
2024-03-09 20:15:00,10.0
2024-03-09 20:30:00,10.0
2024-03-09 20:45:00,10.1
2024-03-09 21:00:00,9.9
2024-03-09 21:15:00,9.8
2024-03-09 21:30:00,10.1
2024-03-09 21:45:00,10.0
2024-03-09 22:00:00,10.0
2024-03-09 22:15:00,10.1
2024-03-09 22:30:00,10.0
2024-03-09 22:45:00,10.2
2024-03-09 23:00:00,10.1
2024-03-09 23:15:00,10.2
2024-03-09 23:30:00,10.4
2024-03-09 23:45:00,10.2
2024-03-10 00:00:00,10.3
2024-03-10 00:15:00,10.6
2024-03-10 00:30:00,10.4
2024-03-10 00:45:00,10.5
2024-03-10 01:00:00,10.4
2024-03-10 01:15:00,10.6
2024-03-10 01:30:00,10.7
2024-03-10 01:45:00,10.8
2024-03-10 02:00:00,10.8
2024-03-10 02:15:00,10.9
2024-03-10 02:30:00,11.0
2024-03-10 02:45:00,11.2
2024-03-10 03:00:00,11.3
2024-03-10 03:15:00,11.2
2024-03-10 03:30:00,11.5
2024-03-10 03:45:00,11.7
2024-03-10 04:00:00,11.7
2024-03-10 04:15:00,12.0
2024-03-10 04:30:00,12.0
2024-03-10 04:45:00,12.5
2024-03-10 05:00:00,12.2
2024-03-10 05:15:00,12.7
2024-03-10 05:30:00,12.8
2024-03-10 05:45:00,13.2
2024-03-10 06:00:00,13.4
2024-03-10 06:15:00,13.6
2024-03-10 06:30:00,13.7
2024-03-10 06:45:00,13.6
2024-03-10 07:00:00,13.8
2024-03-10 07:15:00,14.1
2024-03-10 07:30:00,14.0
2024-03-10 07:45:00,14.3
2024-03-10 08:00:00,14.5
2024-03-10 08:15:00,14.4
2024-03-10 08:30:00,14.5
2024-03-10 08:45:00,14.5
2024-03-10 09:00:00,14.6
2024-03-10 09:15:00,14.8
2024-03-10 09:30:00,14.9
2024-03-10 09:45:00,15.0
2024-03-10 10:00:00,15.2
2024-03-10 10:15:00,15.3
2024-03-10 10:30:00,15.4
2024-03-10 10:45:00,15.8
2024-03-10 11:00:00,15.7
2024-03-10 11:15:00,15.8
2024-03-10 11:30:00,15.8
2024-03-10 11:45:00,16.2
2024-03-10 12:00:00,16.3
2024-03-10 12:15:00,16.4
2024-03-10 12:30:00,16.6
2024-03-10 12:45:00,17.1
2024-03-10 13:00:00,17.1
2024-03-10 13:15:00,17.1
2024-03-10 13:30:00,17.5
2024-03-10 13:45:00,15.331252261615898
2024-03-10 14:00:00,15.231252261615897
2024-03-10 14:15:00,17.9
2024-03-10 14:30:00,18.4
2024-03-10 14:45:00,18.3
2024-03-10 15:00:00,18.5
2024-03-10 15:15:00,18.7
2024-03-10 15:30:00,18.6
2024-03-10 15:45:00,19.2
2024-03-10 16:00:00,18.8
2024-03-10 16:15:00,19.0
2024-03-10 16:30:00,19.0
2024-03-10 16:45:00,19.2
2024-03-10 17:00:00,19.0
2024-03-10 17:15:00,19.0
2024-03-10 17:30:00,19.1
2024-03-10 17:45:00,19.5
2024-03-10 18:00:00,18.8
2024-03-10 18:15:00,19.3
2024-03-10 18:30:00,19.0
2024-03-10 18:45:00,19.1
2024-03-10 19:00:00,19.3
2024-03-10 19:15:00,18.7
2024-03-10 19:30:00,18.8
2024-03-10 19:45:00,18.7
2024-03-10 20:00:00,18.6
2024-03-10 20:15:00,18.7
2024-03-10 20:30:00,19.1
2024-03-10 20:45:00,18.3
2024-03-10 21:00:00,18.1
2024-03-10 21:15:00,18.2
2024-03-10 21:30:00,17.8
2024-03-10 21:45:00,17.8
2024-03-10 22:00:00,18.7
2024-03-10 22:15:00,17.5
2024-03-10 22:30:00,17.5
2024-03-10 22:45:00,17.3
2024-03-10 23:00:00,17.3
2024-03-10 23:15:00,17.1
2024-03-10 23:30:00,17.5
2024-03-10 23:45:00,17.3
2024-03-11 00:00:00,17.0
2024-03-11 00:15:00,16.6
2024-03-11 00:30:00,
2024-03-11 00:45:00,17.2
2024-03-11 01:00:00,16.8
2024-03-11 01:15:00,16.6
2024-03-11 01:30:00,17.0
2024-03-11 01:45:00,16.2
2024-03-11 02:00:00,16.2
2024-03-11 02:15:00,16.4
2024-03-11 02:30:00,16.3
2024-03-11 02:45:00,16.2
2024-03-11 03:00:00,16.1
2024-03-11 03:15:00,16.1
2024-03-11 03:30:00,16.3
2024-03-11 03:45:00,16.2
2024-03-11 04:00:00,16.0
2024-03-11 04:15:00,16.3
2024-03-11 04:30:00,16.4
2024-03-11 04:45:00,15.6
2024-03-11 05:00:00,16.0
2024-03-11 05:15:00,16.0
2024-03-11 05:30:00,13.560983226517894
2024-03-11 05:45:00,13.860983226517895
2024-03-11 06:00:00,13.460983226517895
2024-03-11 06:15:00,13.560983226517894
2024-03-11 06:30:00,13.860983226517895
2024-03-11 06:45:00,13.360983226517895
2024-03-11 07:00:00,13.560983226517894
2024-03-11 07:15:00,13.560983226517894
2024-03-11 07:30:00,13.860983226517895
2024-03-11 07:45:00,13.760983226517894
2024-03-11 08:00:00,13.660983226517896
2024-03-11 08:15:00,13.760983226517894
2024-03-11 08:30:00,13.260983226517894
2024-03-11 08:45:00,13.260983226517894
2024-03-11 09:00:00,13.160983226517894
2024-03-11 09:15:00,13.560983226517894
2024-03-11 09:30:00,13.860983226517895
2024-03-11 09:45:00,13.660983226517896
2024-03-11 10:00:00,13.560983226517894
2024-03-11 10:15:00,13.860983226517895
2024-03-11 10:30:00,13.660983226517896
2024-03-11 10:45:00,13.760983226517894
2024-03-11 11:00:00,13.660983226517896
2024-03-11 11:15:00,13.560983226517894
2024-03-11 11:30:00,13.560983226517894
2024-03-11 11:45:00,13.960983226517893
2024-03-11 12:00:00,13.360983226517895
2024-03-11 12:15:00,13.760983226517894
2024-03-11 12:30:00,14.060983226517894
2024-03-11 12:45:00,14.160983226517896
2024-03-11 13:00:00,14.060983226517894
2024-03-11 13:15:00,14.160983226517896
2024-03-11 13:30:00,14.360983226517895
2024-03-11 13:45:00,14.460983226517893
2024-03-11 14:00:00,14.260983226517894
2024-03-11 14:15:00,14.360983226517895
2024-03-11 14:30:00,14.460983226517893
2024-03-11 14:45:00,14.860983226517895
2024-03-11 15:00:00,15.160983226517896
2024-03-11 15:15:00,14.660983226517896
2024-03-11 15:30:00,15.160983226517896
2024-03-11 15:45:00,14.860983226517895
2024-03-11 16:00:00,15.160983226517896
2024-03-11 16:15:00,15.560983226517894
2024-03-11 16:30:00,15.060983226517894
2024-03-11 16:45:00,15.760983226517894
2024-03-11 17:00:00,15.760983226517894
2024-03-11 17:15:00,15.460983226517893
2024-03-11 17:30:00,15.260983226517894
2024-03-11 17:45:00,15.560983226517894
2024-03-11 18:00:00,15.460983226517893
2024-03-11 18:15:00,15.560983226517894
2024-03-11 18:30:00,15.860983226517895
2024-03-11 18:45:00,15.660983226517896
2024-03-11 19:00:00,15.860983226517895
2024-03-11 19:15:00,15.460983226517893
2024-03-11 19:30:00,15.660983226517896
2024-03-11 19:45:00,15.760983226517894
2024-03-11 20:00:00,15.460983226517893
2024-03-11 20:15:00,15.460983226517893
2024-03-11 20:30:00,15.560983226517894
2024-03-11 20:45:00,15.560983226517894
2024-03-11 21:00:00,15.460983226517893
2024-03-11 21:15:00,15.760983226517894
2024-03-11 21:30:00,15.460983226517893
2024-03-11 21:45:00,15.460983226517893
2024-03-11 22:00:00,15.660983226517896
2024-03-11 22:15:00,15.560983226517894
2024-03-11 22:30:00,15.460983226517893
2024-03-11 22:45:00,15.260983226517894
2024-03-11 23:00:00,15.360983226517895
2024-03-11 23:15:00,15.360983226517895
2024-03-11 23:30:00,15.460983226517893
2024-03-11 23:45:00,15.360983226517895
2024-03-12 00:00:00,15.360983226517895
2024-03-12 00:15:00,14.960983226517893
2024-03-12 00:30:00,15.060983226517894
2024-03-12 00:45:00,14.660983226517896
2024-03-12 01:00:00,14.560983226517894
2024-03-12 01:15:00,14.660983226517896
2024-03-12 01:30:00,14.460983226517893
2024-03-12 01:45:00,14.360983226517895
2024-03-12 02:00:00,14.560983226517894
2024-03-12 02:15:00,14.160983226517896
2024-03-12 02:30:00,14.460983226517893
2024-03-12 02:45:00,14.360983226517895
2024-03-12 03:00:00,14.360983226517895
2024-03-12 03:15:00,14.360983226517895
2024-03-12 03:30:00,14.160983226517896
2024-03-12 03:45:00,14.360983226517895
2024-03-12 04:00:00,14.360983226517895
2024-03-12 04:15:00,14.360983226517895
2024-03-12 04:30:00,14.360983226517895
2024-03-12 04:45:00,14.360983226517895
2024-03-12 05:00:00,14.260983226517894
2024-03-12 05:15:00,14.160983226517896
2024-03-12 05:30:00,13.760983226517894
2024-03-12 05:45:00,13.660983226517896
2024-03-12 06:00:00,13.960983226517893
2024-03-12 06:15:00,14.060983226517894
2024-03-12 06:30:00,13.860983226517895
2024-03-12 06:45:00,13.560983226517894
2024-03-12 07:00:00,13.660983226517896
2024-03-12 07:15:00,13.660983226517896
2024-03-12 07:30:00,13.760983226517894
2024-03-12 07:45:00,13.860983226517895
2024-03-12 08:00:00,13.660983226517896
2024-03-12 08:15:00,13.560983226517894
2024-03-12 08:30:00,13.660983226517896
2024-03-12 08:45:00,13.760983226517894
2024-03-12 09:00:00,13.360983226517895
2024-03-12 09:15:00,13.560983226517894
2024-03-12 09:30:00,13.660983226517896
2024-03-12 09:45:00,13.560983226517894
2024-03-12 10:00:00,13.460983226517895
2024-03-12 10:15:00,13.360983226517895
2024-03-12 10:30:00,13.760983226517894
2024-03-12 10:45:00,13.460983226517895
2024-03-12 11:00:00,13.660983226517896
2024-03-12 11:15:00,14.060983226517894
2024-03-12 11:30:00,13.660983226517896
2024-03-12 11:45:00,14.160983226517896
2024-03-12 12:00:00,13.660983226517896
2024-03-12 12:15:00,14.160983226517896
2024-03-12 12:30:00,13.860983226517895
2024-03-12 12:45:00,14.160983226517896
2024-03-12 13:00:00,14.060983226517894
2024-03-12 13:15:00,14.560983226517894
2024-03-12 13:30:00,14.360983226517895
2024-03-12 13:45:00,14.360983226517895
2024-03-12 14:00:00,14.560983226517894
2024-03-12 14:15:00,14.260983226517894
2024-03-12 14:30:00,14.860983226517895
2024-03-12 14:45:00,14.760983226517894
2024-03-12 15:00:00,14.860983226517895
2024-03-12 15:15:00,14.860983226517895
2024-03-12 15:30:00,14.760983226517894
2024-03-12 15:45:00,14.960983226517893
2024-03-12 16:00:00,14.860983226517895
2024-03-12 16:15:00,14.760983226517894
2024-03-12 16:30:00,15.160983226517896
2024-03-12 16:45:00,15.360983226517895
2024-03-12 17:00:00,14.560983226517894
2024-03-12 17:15:00,14.960983226517893
2024-03-12 17:30:00,14.960983226517893
2024-03-12 17:45:00,15.060983226517894
2024-03-12 18:00:00,15.160983226517896
2024-03-12 18:15:00,14.960983226517893
2024-03-12 18:30:00,14.860983226517895
2024-03-12 18:45:00,15.160983226517896
2024-03-12 19:00:00,15.060983226517894
2024-03-12 19:15:00,15.160983226517896
2024-03-12 19:30:00,14.660983226517896
2024-03-12 19:45:00,14.960983226517893
2024-03-12 20:00:00,14.960983226517893
2024-03-12 20:15:00,14.960983226517893
2024-03-12 20:30:00,15.060983226517894
2024-03-12 20:45:00,14.760983226517894
2024-03-12 21:00:00,15.060983226517894
2024-03-12 21:15:00,14.960983226517893
2024-03-12 21:30:00,15.160983226517896
2024-03-12 21:45:00,14.960983226517893
2024-03-12 22:00:00,14.560983226517894
2024-03-12 22:15:00,14.760983226517894
2024-03-12 22:30:00,14.860983226517895
2024-03-12 22:45:00,14.460983226517893
2024-03-12 23:00:00,14.560983226517894
2024-03-12 23:15:00,14.460983226517893
2024-03-12 23:30:00,14.460983226517893
2024-03-12 23:45:00,14.460983226517893
2024-03-13 00:00:00,14.760983226517894
2024-03-13 00:15:00,14.560983226517894
2024-03-13 00:30:00,14.660983226517896
2024-03-13 00:45:00,14.560983226517894
2024-03-13 01:00:00,14.560983226517894
2024-03-13 01:15:00,14.360983226517895
2024-03-13 01:30:00,14.160983226517896
2024-03-13 01:45:00,14.160983226517896
2024-03-13 02:00:00,13.960983226517893
2024-03-13 02:15:00,14.360983226517895
2024-03-13 02:30:00,14.160983226517896
2024-03-13 02:45:00,14.260983226517894
2024-03-13 03:00:00,14.060983226517894
2024-03-13 03:15:00,14.360983226517895
2024-03-13 03:30:00,14.460983226517893
2024-03-13 03:45:00,14.060983226517894
2024-03-13 04:00:00,14.260983226517894
2024-03-13 04:15:00,13.960983226517893
2024-03-13 04:30:00,14.160983226517896
2024-03-13 04:45:00,14.060983226517894
2024-03-13 05:00:00,14.260983226517894
2024-03-13 05:15:00,14.160983226517896
2024-03-13 05:30:00,13.960983226517893
2024-03-13 05:45:00,14.160983226517896
2024-03-13 06:00:00,14.260983226517894
2024-03-13 06:15:00,13.860983226517895
2024-03-13 06:30:00,13.860983226517895
2024-03-13 06:45:00,14.060983226517894
2024-03-13 07:00:00,13.460983226517895
2024-03-13 07:15:00,13.860983226517895
2024-03-13 07:30:00,13.660983226517896
2024-03-13 07:45:00,13.760983226517894
2024-03-13 08:00:00,13.460983226517895
2024-03-13 08:15:00,13.360983226517895
2024-03-13 08:30:00,13.560983226517894
2024-03-13 08:45:00,13.360983226517895
2024-03-13 09:00:00,13.360983226517895
2024-03-13 09:15:00,13.460983226517895
2024-03-13 09:30:00,13.260983226517894
2024-03-13 09:45:00,13.260983226517894
2024-03-13 10:00:00,13.460983226517895
2024-03-13 10:15:00,13.260983226517894
2024-03-13 10:30:00,13.560983226517894
2024-03-13 10:45:00,13.660983226517896
2024-03-13 11:00:00,13.360983226517895
2024-03-13 11:15:00,13.360983226517895
2024-03-13 11:30:00,13.560983226517894
2024-03-13 11:45:00,13.260983226517894
2024-03-13 12:00:00,13.460983226517895
2024-03-13 12:15:00,16.0
2024-03-13 12:30:00,16.0
2024-03-13 12:45:00,16.0
2024-03-13 13:00:00,15.9
2024-03-13 13:15:00,16.0
2024-03-13 13:30:00,16.0
2024-03-13 13:45:00,16.2
2024-03-13 14:00:00,16.1
2024-03-13 14:15:00,16.2
2024-03-13 14:30:00,15.8
2024-03-13 14:45:00,16.0
2024-03-13 15:00:00,15.8
2024-03-13 15:15:00,15.6
2024-03-13 15:30:00,15.9
2024-03-13 15:45:00,15.9
2024-03-13 16:00:00,15.8
2024-03-13 16:15:00,15.8
2024-03-13 16:30:00,15.6
2024-03-13 16:45:00,15.4
2024-03-13 17:00:00,15.5
2024-03-13 17:15:00,16.1
2024-03-13 17:30:00,15.5
2024-03-13 17:45:00,15.8
2024-03-13 18:00:00,15.4
2024-03-13 18:15:00,15.6
2024-03-13 18:30:00,15.1
2024-03-13 18:45:00,15.6
2024-03-13 19:00:00,15.6
2024-03-13 19:15:00,15.5
2024-03-13 19:30:00,15.5
2024-03-13 19:45:00,15.2
2024-03-13 20:00:00,15.2
2024-03-13 20:15:00,15.3
2024-03-13 20:30:00,15.2
2024-03-13 20:45:00,15.4
2024-03-13 21:00:00,15.3
2024-03-13 21:15:00,15.3
2024-03-13 21:30:00,15.3
2024-03-13 21:45:00,15.0
2024-03-13 22:00:00,15.1
2024-03-13 22:15:00,15.1
2024-03-13 22:30:00,14.9
2024-03-13 22:45:00,14.9
2024-03-13 23:00:00,17.52481814417169
2024-03-13 23:15:00,15.0
2024-03-13 23:30:00,14.9
2024-03-13 23:45:00,15.0
2024-03-14 00:00:00,15.3
2024-03-14 00:15:00,15.2
2024-03-14 00:30:00,15.1
2024-03-14 00:45:00,15.2
2024-03-14 01:00:00,15.1
2024-03-14 01:15:00,15.1
2024-03-14 01:30:00,14.7
2024-03-14 01:45:00,15.2
2024-03-14 02:00:00,14.9
2024-03-14 02:15:00,14.8
2024-03-14 02:30:00,14.9
2024-03-14 02:45:00,14.8
2024-03-14 03:00:00,15.3
2024-03-14 03:15:00,14.9
2024-03-14 03:30:00,15.0
2024-03-14 03:45:00,14.9
2024-03-14 04:00:00,14.9
2024-03-14 04:15:00,14.8
2024-03-14 04:30:00,14.5
2024-03-14 04:45:00,14.8
2024-03-14 05:00:00,14.6
2024-03-14 05:15:00,14.7
2024-03-14 05:30:00,14.8
2024-03-14 05:45:00,14.6
2024-03-14 06:00:00,14.5
2024-03-14 06:15:00,14.8
2024-03-14 06:30:00,14.5
2024-03-14 06:45:00,14.3
2024-03-14 07:00:00,14.5
2024-03-14 07:15:00,17.859648571493782
2024-03-14 07:30:00,17.859648571493782
2024-03-14 07:45:00,17.759648571493784
2024-03-14 08:00:00,14.4
2024-03-14 08:15:00,14.4
2024-03-14 08:30:00,14.3
2024-03-14 08:45:00,14.5
2024-03-14 09:00:00,14.2
2024-03-14 09:15:00,14.2
2024-03-14 09:30:00,14.0
2024-03-14 09:45:00,14.2
2024-03-14 10:00:00,14.2
2024-03-14 10:15:00,14.3
2024-03-14 10:30:00,14.0
2024-03-14 10:45:00,14.2
2024-03-14 11:00:00,13.9
2024-03-14 11:15:00,14.0
2024-03-14 11:30:00,13.7
2024-03-14 11:45:00,13.8
2024-03-14 12:00:00,13.7
2024-03-14 12:15:00,13.8
2024-03-14 12:30:00,13.6
2024-03-14 12:45:00,13.6
2024-03-14 13:00:00,13.8
2024-03-14 13:15:00,13.6
2024-03-14 13:30:00,13.5
2024-03-14 13:45:00,13.7
2024-03-14 14:00:00,13.5
2024-03-14 14:15:00,13.6
2024-03-14 14:30:00,13.5
2024-03-14 14:45:00,13.7
2024-03-14 15:00:00,13.6
2024-03-14 15:15:00,13.6
2024-03-14 15:30:00,13.4
2024-03-14 15:45:00,13.4
2024-03-14 16:00:00,13.4
2024-03-14 16:15:00,13.5
2024-03-14 16:30:00,13.4
2024-03-14 16:45:00,13.4
2024-03-14 17:00:00,13.2
2024-03-14 17:15:00,13.2
2024-03-14 17:30:00,13.2
2024-03-14 17:45:00,13.1
2024-03-14 18:00:00,13.2
2024-03-14 18:15:00,13.1
2024-03-14 18:30:00,13.2
2024-03-14 18:45:00,12.8
2024-03-14 19:00:00,13.1
2024-03-14 19:15:00,13.2
2024-03-14 19:30:00,13.3
2024-03-14 19:45:00,13.2
2024-03-14 20:00:00,13.1
2024-03-14 20:15:00,13.1
2024-03-14 20:30:00,13.3
2024-03-14 20:45:00,13.0
2024-03-14 21:00:00,13.2
2024-03-14 21:15:00,13.0
2024-03-14 21:30:00,13.2
2024-03-14 21:45:00,13.4
2024-03-14 22:00:00,13.1
2024-03-14 22:15:00,12.9
2024-03-14 22:30:00,12.8
2024-03-14 22:45:00,13.2
2024-03-14 23:00:00,13.1
2024-03-14 23:15:00,13.3
2024-03-14 23:30:00,12.9
2024-03-14 23:45:00,13.0
2024-03-15 00:00:00,12.9
2024-03-15 00:15:00,12.9
2024-03-15 00:30:00,12.8
2024-03-15 00:45:00,
2024-03-15 01:00:00,
2024-03-15 01:15:00,
2024-03-15 01:30:00,
2024-03-15 01:45:00,
2024-03-15 02:00:00,
2024-03-15 02:15:00,
2024-03-15 02:30:00,
2024-03-15 02:45:00,
2024-03-15 03:00:00,
2024-03-15 03:15:00,
2024-03-15 03:30:00,12.7
2024-03-15 03:45:00,12.7
2024-03-15 04:00:00,13.0
2024-03-15 04:15:00,12.8
2024-03-15 04:30:00,12.8
2024-03-15 04:45:00,12.9
2024-03-15 05:00:00,12.6
2024-03-15 05:15:00,12.7
2024-03-15 05:30:00,12.8
2024-03-15 05:45:00,12.9
2024-03-15 06:00:00,12.6
2024-03-15 06:15:00,12.7
2024-03-15 06:30:00,13.1
2024-03-15 06:45:00,13.5
2024-03-15 07:00:00,13.2
2024-03-15 07:15:00,13.2
2024-03-15 07:30:00,13.1
2024-03-15 07:45:00,12.9
2024-03-15 08:00:00,12.8
2024-03-15 08:15:00,12.7
2024-03-15 08:30:00,12.6
2024-03-15 08:45:00,12.9
2024-03-15 09:00:00,13.0
2024-03-15 09:15:00,12.6
2024-03-15 09:30:00,12.9
2024-03-15 09:45:00,12.7
2024-03-15 10:00:00,12.8
2024-03-15 10:15:00,12.9
2024-03-15 10:30:00,12.9
2024-03-15 10:45:00,12.6
2024-03-15 11:00:00,12.6
2024-03-15 11:15:00,12.6
2024-03-15 11:30:00,12.7
2024-03-15 11:45:00,12.7
2024-03-15 12:00:00,12.5
2024-03-15 12:15:00,
2024-03-15 12:30:00,
2024-03-15 12:45:00,
2024-03-15 13:00:00,
2024-03-15 13:15:00,
2024-03-15 13:30:00,
2024-03-15 13:45:00,
2024-03-15 14:00:00,
2024-03-15 14:15:00,
2024-03-15 14:30:00,
2024-03-15 14:45:00,
2024-03-15 15:00:00,
2024-03-15 15:15:00,
2024-03-15 15:30:00,
2024-03-15 15:45:00,
2024-03-15 16:00:00,
2024-03-15 16:15:00,
2024-03-15 16:30:00,
2024-03-15 16:45:00,12.8
2024-03-15 17:00:00,12.9
2024-03-15 17:15:00,12.8
2024-03-15 17:30:00,13.0
2024-03-15 17:45:00,13.3
2024-03-15 18:00:00,12.8
2024-03-15 18:15:00,
2024-03-15 18:30:00,
2024-03-15 18:45:00,
2024-03-15 19:00:00,
2024-03-15 19:15:00,
2024-03-15 19:30:00,
2024-03-15 19:45:00,
2024-03-15 20:00:00,
2024-03-15 20:15:00,
2024-03-15 20:30:00,
2024-03-15 20:45:00,
2024-03-15 21:00:00,12.9
2024-03-15 21:15:00,12.9
2024-03-15 21:30:00,13.0
2024-03-15 21:45:00,12.8
2024-03-15 22:00:00,13.1
2024-03-15 22:15:00,13.1
2024-03-15 22:30:00,13.0
2024-03-15 22:45:00,13.2
2024-03-15 23:00:00,12.7
2024-03-15 23:15:00,13.0
2024-03-15 23:30:00,12.9
2024-03-15 23:45:00,13.3
2024-03-16 00:00:00,13.1
2024-03-16 00:15:00,13.0
2024-03-16 00:30:00,13.4
2024-03-16 00:45:00,13.2
2024-03-16 01:00:00,13.1
2024-03-16 01:15:00,13.0
2024-03-16 01:30:00,12.9
2024-03-16 01:45:00,12.8
2024-03-16 02:00:00,13.2
2024-03-16 02:15:00,13.0
2024-03-16 02:30:00,13.0
2024-03-16 02:45:00,13.1
2024-03-16 03:00:00,13.2
2024-03-16 03:15:00,13.3
2024-03-16 03:30:00,13.2
2024-03-16 03:45:00,13.1
2024-03-16 04:00:00,13.1
2024-03-16 04:15:00,13.4
2024-03-16 04:30:00,13.2
2024-03-16 04:45:00,13.2
2024-03-16 05:00:00,13.3
2024-03-16 05:15:00,13.3
2024-03-16 05:30:00,13.3
2024-03-16 05:45:00,13.2
2024-03-16 06:00:00,13.4
2024-03-16 06:15:00,13.1
2024-03-16 06:30:00,13.2
2024-03-16 06:45:00,13.1
2024-03-16 07:00:00,
2024-03-16 07:15:00,
2024-03-16 07:30:00,
2024-03-16 07:45:00,
2024-03-16 08:00:00,
2024-03-16 08:15:00,
2024-03-16 08:30:00,
2024-03-16 08:45:00,
2024-03-16 09:00:00,13.1
2024-03-16 09:15:00,13.0
2024-03-16 09:30:00,13.2
2024-03-16 09:45:00,13.1
2024-03-16 10:00:00,13.0
2024-03-16 10:15:00,13.0
2024-03-16 10:30:00,12.8
2024-03-16 10:45:00,12.9
2024-03-16 11:00:00,12.7
2024-03-16 11:15:00,12.8
2024-03-16 11:30:00,13.1
2024-03-16 11:45:00,13.0
2024-03-16 12:00:00,13.1
2024-03-16 12:15:00,12.8
2024-03-16 12:30:00,13.0
2024-03-16 12:45:00,12.8
2024-03-16 13:00:00,13.1
2024-03-16 13:15:00,13.3
2024-03-16 13:30:00,13.1
2024-03-16 13:45:00,13.1
2024-03-16 14:00:00,12.9
2024-03-16 14:15:00,13.0
2024-03-16 14:30:00,13.1
2024-03-16 14:45:00,13.3
2024-03-16 15:00:00,13.3
2024-03-16 15:15:00,13.2
2024-03-16 15:30:00,12.8
2024-03-16 15:45:00,13.1
2024-03-16 16:00:00,13.0
2024-03-16 16:15:00,13.1
2024-03-16 16:30:00,13.2
2024-03-16 16:45:00,12.9
2024-03-16 17:00:00,13.2
2024-03-16 17:15:00,13.2
2024-03-16 17:30:00,13.1
2024-03-16 17:45:00,12.9
2024-03-16 18:00:00,12.7
2024-03-16 18:15:00,12.9
2024-03-16 18:30:00,12.8
2024-03-16 18:45:00,13.0
2024-03-16 19:00:00,12.8
2024-03-16 19:15:00,12.7
2024-03-16 19:30:00,12.9
2024-03-16 19:45:00,13.0
2024-03-16 20:00:00,13.1
2024-03-16 20:15:00,12.9
2024-03-16 20:30:00,12.8
2024-03-16 20:45:00,12.6
2024-03-16 21:00:00,13.792959808862602
2024-03-16 21:15:00,13.2
2024-03-16 21:30:00,12.9
2024-03-16 21:45:00,12.9
2024-03-16 22:00:00,12.8
2024-03-16 22:15:00,13.0
2024-03-16 22:30:00,12.8
2024-03-16 22:45:00,12.8
2024-03-16 23:00:00,12.8
2024-03-16 23:15:00,13.0
2024-03-16 23:30:00,12.7
2024-03-16 23:45:00,13.0
2024-03-17 00:00:00,12.7
2024-03-17 00:15:00,13.0
2024-03-17 00:30:00,13.1
2024-03-17 00:45:00,13.1
2024-03-17 01:00:00,13.0
2024-03-17 01:15:00,12.9
2024-03-17 01:30:00,13.0
2024-03-17 01:45:00,13.0
2024-03-17 02:00:00,12.8
2024-03-17 02:15:00,13.0
2024-03-17 02:30:00,12.6
2024-03-17 02:45:00,13.0
2024-03-17 03:00:00,12.9
2024-03-17 03:15:00,13.1
2024-03-17 03:30:00,13.1
2024-03-17 03:45:00,12.8
2024-03-17 04:00:00,12.6
2024-03-17 04:15:00,12.8
2024-03-17 04:30:00,13.0
2024-03-17 04:45:00,12.6
2024-03-17 05:00:00,12.8
2024-03-17 05:15:00,13.0
2024-03-17 05:30:00,12.9
2024-03-17 05:45:00,12.8
2024-03-17 06:00:00,12.7
2024-03-17 06:15:00,12.8
2024-03-17 06:30:00,12.7
2024-03-17 06:45:00,12.6
2024-03-17 07:00:00,12.9
2024-03-17 07:15:00,12.8
2024-03-17 07:30:00,12.7
2024-03-17 07:45:00,12.6
2024-03-17 08:00:00,12.8
2024-03-17 08:15:00,12.8
2024-03-17 08:30:00,12.6
2024-03-17 08:45:00,12.6
2024-03-17 09:00:00,13.743312620794887
2024-03-17 09:15:00,13.743312620794887
2024-03-17 09:30:00,13.543312620794888
2024-03-17 09:45:00,12.7
2024-03-17 10:00:00,12.4
2024-03-17 10:15:00,12.4
2024-03-17 10:30:00,12.3
2024-03-17 10:45:00,12.7
2024-03-17 11:00:00,12.4
2024-03-17 11:15:00,12.3
2024-03-17 11:30:00,12.5
2024-03-17 11:45:00,12.2
2024-03-17 12:00:00,12.3
2024-03-17 12:15:00,12.4
2024-03-17 12:30:00,12.1
2024-03-17 12:45:00,12.4
2024-03-17 13:00:00,12.1
2024-03-17 13:15:00,12.2
2024-03-17 13:30:00,12.2
2024-03-17 13:45:00,12.0
2024-03-17 14:00:00,12.3
2024-03-17 14:15:00,12.3
2024-03-17 14:30:00,12.2
2024-03-17 14:45:00,12.2
2024-03-17 15:00:00,12.0
2024-03-17 15:15:00,12.1
2024-03-17 15:30:00,12.1
2024-03-17 15:45:00,12.0
2024-03-17 16:00:00,11.9
2024-03-17 16:15:00,12.1
2024-03-17 16:30:00,11.8
2024-03-17 16:45:00,11.9
2024-03-17 17:00:00,11.8
2024-03-17 17:15:00,11.8
2024-03-17 17:30:00,11.5
2024-03-17 17:45:00,11.6
2024-03-17 18:00:00,11.7
2024-03-17 18:15:00,12.49539343643342
2024-03-17 18:30:00,11.8
2024-03-17 18:45:00,11.6
2024-03-17 19:00:00,11.5
2024-03-17 19:15:00,11.4
2024-03-17 19:30:00,11.4
2024-03-17 19:45:00,11.4
2024-03-17 20:00:00,11.6
2024-03-17 20:15:00,11.4
2024-03-17 20:30:00,11.4
2024-03-17 20:45:00,11.3
2024-03-17 21:00:00,11.4
2024-03-17 21:15:00,11.3
2024-03-17 21:30:00,11.4
2024-03-17 21:45:00,11.2
2024-03-17 22:00:00,11.3
2024-03-17 22:15:00,11.4
2024-03-17 22:30:00,11.2
2024-03-17 22:45:00,11.2
2024-03-17 23:00:00,11.1
2024-03-17 23:15:00,
2024-03-17 23:30:00,
2024-03-17 23:45:00,
2024-03-18 00:00:00,
2024-03-18 00:15:00,
2024-03-18 00:30:00,
2024-03-18 00:45:00,
2024-03-18 01:00:00,
2024-03-18 01:15:00,
2024-03-18 01:30:00,
2024-03-18 01:45:00,
2024-03-18 02:00:00,
2024-03-18 02:15:00,10.9
2024-03-18 02:30:00,11.0
2024-03-18 02:45:00,11.0
2024-03-18 03:00:00,11.0
2024-03-18 03:15:00,11.0
2024-03-18 03:30:00,10.8
2024-03-18 03:45:00,10.9
2024-03-18 04:00:00,11.1
2024-03-18 04:15:00,11.1
2024-03-18 04:30:00,11.0
2024-03-18 04:45:00,11.2
2024-03-18 05:00:00,10.9
2024-03-18 05:15:00,11.0
2024-03-18 05:30:00,11.1
2024-03-18 05:45:00,10.9
2024-03-18 06:00:00,10.9
2024-03-18 06:15:00,11.0
2024-03-18 06:30:00,16.737297665206462
2024-03-18 06:45:00,16.537297665206463
2024-03-18 07:00:00,11.1
2024-03-18 07:15:00,11.0
2024-03-18 07:30:00,11.0
2024-03-18 07:45:00,11.0
2024-03-18 08:00:00,11.0
2024-03-18 08:15:00,11.2
2024-03-18 08:30:00,11.0
2024-03-18 08:45:00,10.8
2024-03-18 09:00:00,11.1
2024-03-18 09:15:00,11.0
2024-03-18 09:30:00,11.0
2024-03-18 09:45:00,11.1
2024-03-18 10:00:00,11.0
2024-03-18 10:15:00,11.2
2024-03-18 10:30:00,10.9
2024-03-18 10:45:00,11.0
2024-03-18 11:00:00,11.0
2024-03-18 11:15:00,11.1
2024-03-18 11:30:00,11.0
2024-03-18 11:45:00,10.9
2024-03-18 12:00:00,10.9
2024-03-18 12:15:00,11.1
2024-03-18 12:30:00,10.194883284573919
2024-03-18 12:45:00,9.99488328457392
2024-03-18 13:00:00,10.194883284573919
2024-03-18 13:15:00,10.9
2024-03-18 13:30:00,10.9
2024-03-18 13:45:00,11.0
2024-03-18 14:00:00,10.9
2024-03-18 14:15:00,11.0
2024-03-18 14:30:00,11.0
2024-03-18 14:45:00,11.0
2024-03-18 15:00:00,10.8
2024-03-18 15:15:00,11.0
2024-03-18 15:30:00,11.0
2024-03-18 15:45:00,10.7
2024-03-18 16:00:00,10.8
2024-03-18 16:15:00,10.8
2024-03-18 16:30:00,10.7
2024-03-18 16:45:00,10.8
2024-03-18 17:00:00,10.7
2024-03-18 17:15:00,10.5
2024-03-18 17:30:00,10.5
2024-03-18 17:45:00,10.5
2024-03-18 18:00:00,10.4
2024-03-18 18:15:00,10.6
2024-03-18 18:30:00,10.4
2024-03-18 18:45:00,11.9479813508572
2024-03-18 19:00:00,10.5
2024-03-18 19:15:00,10.5
2024-03-18 19:30:00,10.6
2024-03-18 19:45:00,10.5
2024-03-18 20:00:00,10.4
2024-03-18 20:15:00,10.3
2024-03-18 20:30:00,10.4
2024-03-18 20:45:00,10.3
2024-03-18 21:00:00,10.4
2024-03-18 21:15:00,10.4
2024-03-18 21:30:00,10.1
2024-03-18 21:45:00,10.0
2024-03-18 22:00:00,10.0
2024-03-18 22:15:00,10.3
2024-03-18 22:30:00,11.724661549419023
2024-03-18 22:45:00,11.324661549419023
2024-03-18 23:00:00,11.424661549419023
2024-03-18 23:15:00,10.2
2024-03-18 23:30:00,10.2
2024-03-18 23:45:00,10.1
2024-03-19 00:00:00,10.2
2024-03-19 00:15:00,10.2
2024-03-19 00:30:00,10.1
2024-03-19 00:45:00,10.2
2024-03-19 01:00:00,10.0
2024-03-19 01:15:00,9.8
2024-03-19 01:30:00,10.2
2024-03-19 01:45:00,10.1
2024-03-19 02:00:00,10.1
2024-03-19 02:15:00,10.3
2024-03-19 02:30:00,10.1
2024-03-19 02:45:00,10.2
2024-03-19 03:00:00,10.3
2024-03-19 03:15:00,10.2
2024-03-19 03:30:00,10.4
2024-03-19 03:45:00,10.6
2024-03-19 04:00:00,10.3
2024-03-19 04:15:00,10.3
2024-03-19 04:30:00,10.5
2024-03-19 04:45:00,10.4
2024-03-19 05:00:00,10.6
2024-03-19 05:15:00,10.5
2024-03-19 05:30:00,10.3
2024-03-19 05:45:00,10.6
2024-03-19 06:00:00,10.5
2024-03-19 06:15:00,10.6
2024-03-19 06:30:00,10.7
2024-03-19 06:45:00,10.6
2024-03-19 07:00:00,10.6
2024-03-19 07:15:00,10.7
2024-03-19 07:30:00,10.8
2024-03-19 07:45:00,10.7
2024-03-19 08:00:00,10.7
2024-03-19 08:15:00,10.8
2024-03-19 08:30:00,10.9
2024-03-19 08:45:00,10.7
2024-03-19 09:00:00,10.8
2024-03-19 09:15:00,10.6
2024-03-19 09:30:00,11.1
2024-03-19 09:45:00,10.8
2024-03-19 10:00:00,10.9
2024-03-19 10:15:00,10.8
2024-03-19 10:30:00,11.0
2024-03-19 10:45:00,10.9
2024-03-19 11:00:00,10.7
2024-03-19 11:15:00,10.8
2024-03-19 11:30:00,10.6
2024-03-19 11:45:00,10.7
2024-03-19 12:00:00,10.9
2024-03-19 12:15:00,10.8
2024-03-19 12:30:00,10.8
2024-03-19 12:45:00,10.8
2024-03-19 13:00:00,10.6
2024-03-19 13:15:00,10.7
2024-03-19 13:30:00,10.5
2024-03-19 13:45:00,10.8
2024-03-19 14:00:00,10.9
2024-03-19 14:15:00,10.9
2024-03-19 14:30:00,10.8
2024-03-19 14:45:00,10.8
2024-03-19 15:00:00,10.8
2024-03-19 15:15:00,10.8
2024-03-19 15:30:00,11.1
2024-03-19 15:45:00,10.9
2024-03-19 16:00:00,10.8
2024-03-19 16:15:00,10.8
2024-03-19 16:30:00,10.8
2024-03-19 16:45:00,10.9
2024-03-19 17:00:00,10.6
2024-03-19 17:15:00,10.9
2024-03-19 17:30:00,11.1
2024-03-19 17:45:00,10.9
2024-03-19 18:00:00,10.9
2024-03-19 18:15:00,10.7
2024-03-19 18:30:00,11.0
2024-03-19 18:45:00,10.9
2024-03-19 19:00:00,11.0
2024-03-19 19:15:00,10.8
2024-03-19 19:30:00,11.2
2024-03-19 19:45:00,11.4
2024-03-19 20:00:00,11.1
2024-03-19 20:15:00,11.1
2024-03-19 20:30:00,11.2
2024-03-19 20:45:00,11.1
2024-03-19 21:00:00,11.4
2024-03-19 21:15:00,11.5
2024-03-19 21:30:00,11.2
2024-03-19 21:45:00,11.3
2024-03-19 22:00:00,11.4
2024-03-19 22:15:00,11.4
2024-03-19 22:30:00,11.4
2024-03-19 22:45:00,11.3
2024-03-19 23:00:00,11.5
2024-03-19 23:15:00,11.5
2024-03-19 23:30:00,11.3
2024-03-19 23:45:00,11.4
2024-03-20 00:00:00,11.6
2024-03-20 00:15:00,11.5
2024-03-20 00:30:00,11.6
2024-03-20 00:45:00,11.6
2024-03-20 01:00:00,11.6
2024-03-20 01:15:00,11.6
2024-03-20 01:30:00,11.5
2024-03-20 01:45:00,11.7
2024-03-20 02:00:00,11.6
2024-03-20 02:15:00,11.8
2024-03-20 02:30:00,11.7
2024-03-20 02:45:00,12.0
2024-03-20 03:00:00,11.9
2024-03-20 03:15:00,11.8
2024-03-20 03:30:00,11.9
2024-03-20 03:45:00,12.1
2024-03-20 04:00:00,11.9
2024-03-20 04:15:00,11.9
2024-03-20 04:30:00,12.0
2024-03-20 04:45:00,12.0
2024-03-20 05:00:00,12.2
2024-03-20 05:15:00,11.9
2024-03-20 05:30:00,12.1
2024-03-20 05:45:00,11.9
2024-03-20 06:00:00,12.0
2024-03-20 06:15:00,12.3
2024-03-20 06:30:00,11.9
2024-03-20 06:45:00,11.8
2024-03-20 07:00:00,12.2
2024-03-20 07:15:00,12.0
2024-03-20 07:30:00,12.8
2024-03-20 07:45:00,12.1
2024-03-20 08:00:00,11.9
2024-03-20 08:15:00,12.1
2024-03-20 08:30:00,12.1
2024-03-20 08:45:00,11.9
2024-03-20 09:00:00,12.0
2024-03-20 09:15:00,11.9
2024-03-20 09:30:00,12.0
2024-03-20 09:45:00,12.1
2024-03-20 10:00:00,12.0
2024-03-20 10:15:00,12.0
2024-03-20 10:30:00,12.3
2024-03-20 10:45:00,12.0
2024-03-20 11:00:00,12.0
2024-03-20 11:15:00,12.1
2024-03-20 11:30:00,12.2
2024-03-20 11:45:00,11.9
2024-03-20 12:00:00,12.0
2024-03-20 12:15:00,12.0
2024-03-20 12:30:00,11.9
2024-03-20 12:45:00,12.0
2024-03-20 13:00:00,12.1
2024-03-20 13:15:00,12.0
2024-03-20 13:30:00,12.2
2024-03-20 13:45:00,12.1
2024-03-20 14:00:00,12.1
2024-03-20 14:15:00,12.1
2024-03-20 14:30:00,12.1
2024-03-20 14:45:00,12.1
2024-03-20 15:00:00,12.1
2024-03-20 15:15:00,12.1
2024-03-20 15:30:00,12.1
2024-03-20 15:45:00,12.1
2024-03-20 16:00:00,12.1
2024-03-20 16:15:00,12.1
2024-03-20 16:30:00,12.1
2024-03-20 16:45:00,12.1
2024-03-20 17:00:00,12.1
2024-03-20 17:15:00,12.1
2024-03-20 17:30:00,12.1
2024-03-20 17:45:00,12.1
2024-03-20 18:00:00,12.1
2024-03-20 18:15:00,12.1
2024-03-20 18:30:00,12.1
2024-03-20 18:45:00,12.1
2024-03-20 19:00:00,12.1
2024-03-20 19:15:00,12.1
2024-03-20 19:30:00,12.1
2024-03-20 19:45:00,12.1
2024-03-20 20:00:00,12.1
2024-03-20 20:15:00,12.1
2024-03-20 20:30:00,12.1
2024-03-20 20:45:00,12.1
2024-03-20 21:00:00,12.1
2024-03-20 21:15:00,12.1
2024-03-20 21:30:00,12.1
2024-03-20 21:45:00,12.1
2024-03-20 22:00:00,12.1
2024-03-20 22:15:00,12.1
2024-03-20 22:30:00,12.1
2024-03-20 22:45:00,12.1
2024-03-20 23:00:00,13.1
2024-03-20 23:15:00,13.2
2024-03-20 23:30:00,12.9
2024-03-20 23:45:00,13.0
2024-03-21 00:00:00,13.1
2024-03-21 00:15:00,13.1
2024-03-21 00:30:00,13.0
2024-03-21 00:45:00,13.2
2024-03-21 01:00:00,13.1
2024-03-21 01:15:00,13.2
2024-03-21 01:30:00,13.3
2024-03-21 01:45:00,13.1
2024-03-21 02:00:00,13.2
2024-03-21 02:15:00,13.0
2024-03-21 02:30:00,13.1
2024-03-21 02:45:00,13.2
2024-03-21 03:00:00,13.2
2024-03-21 03:15:00,13.2
2024-03-21 03:30:00,13.2
2024-03-21 03:45:00,13.3
2024-03-21 04:00:00,13.2
2024-03-21 04:15:00,13.1
2024-03-21 04:30:00,13.5
2024-03-21 04:45:00,13.1
2024-03-21 05:00:00,12.194837704747158
2024-03-21 05:15:00,12.39483770474716
2024-03-21 05:30:00,13.2
2024-03-21 05:45:00,13.4
2024-03-21 06:00:00,13.4
2024-03-21 06:15:00,13.2
2024-03-21 06:30:00,13.1
2024-03-21 06:45:00,13.4
2024-03-21 07:00:00,13.2
2024-03-21 07:15:00,13.2
2024-03-21 07:30:00,13.3
2024-03-21 07:45:00,13.7
2024-03-21 08:00:00,13.2
2024-03-21 08:15:00,13.4
2024-03-21 08:30:00,13.3
2024-03-21 08:45:00,13.6
2024-03-21 09:00:00,13.5
2024-03-21 09:15:00,13.5
2024-03-21 09:30:00,13.7
2024-03-21 09:45:00,13.3
2024-03-21 10:00:00,13.4
2024-03-21 10:15:00,13.5
2024-03-21 10:30:00,13.6
2024-03-21 10:45:00,13.3
2024-03-21 11:00:00,13.4
2024-03-21 11:15:00,13.7
2024-03-21 11:30:00,13.6
2024-03-21 11:45:00,13.4
2024-03-21 12:00:00,13.6
2024-03-21 12:15:00,13.8
2024-03-21 12:30:00,13.4
2024-03-21 12:45:00,14.0
2024-03-21 13:00:00,14.0
2024-03-21 13:15:00,14.0
2024-03-21 13:30:00,14.1
2024-03-21 13:45:00,13.8
2024-03-21 14:00:00,14.2
2024-03-21 14:15:00,14.0
2024-03-21 14:30:00,14.2
2024-03-21 14:45:00,
2024-03-21 15:00:00,
2024-03-21 15:15:00,
2024-03-21 15:30:00,
2024-03-21 15:45:00,
2024-03-21 16:00:00,
2024-03-21 16:15:00,
2024-03-21 16:30:00,
2024-03-21 16:45:00,
2024-03-21 17:00:00,
2024-03-21 17:15:00,
2024-03-21 17:30:00,
2024-03-21 17:45:00,
2024-03-21 18:00:00,
2024-03-21 18:15:00,
2024-03-21 18:30:00,
2024-03-21 18:45:00,
2024-03-21 19:00:00,
2024-03-21 19:15:00,
2024-03-21 19:30:00,
2024-03-21 19:45:00,
2024-03-21 20:00:00,14.6
2024-03-21 20:15:00,14.6
2024-03-21 20:30:00,14.5
2024-03-21 20:45:00,14.6
2024-03-21 21:00:00,14.5
2024-03-21 21:15:00,14.6
2024-03-21 21:30:00,14.6
2024-03-21 21:45:00,14.4
2024-03-21 22:00:00,14.6
2024-03-21 22:15:00,14.6
2024-03-21 22:30:00,14.5
2024-03-21 22:45:00,14.3
2024-03-21 23:00:00,14.2
2024-03-21 23:15:00,14.4
2024-03-21 23:30:00,14.2
2024-03-21 23:45:00,14.3
2024-03-22 00:00:00,14.3
2024-03-22 00:15:00,14.4
2024-03-22 00:30:00,14.4
2024-03-22 00:45:00,14.4
2024-03-22 01:00:00,14.2
2024-03-22 01:15:00,14.4
2024-03-22 01:30:00,14.2
2024-03-22 01:45:00,14.4
2024-03-22 02:00:00,14.3
2024-03-22 02:15:00,14.3
2024-03-22 02:30:00,14.2
2024-03-22 02:45:00,14.3
2024-03-22 03:00:00,14.1
2024-03-22 03:15:00,14.3
2024-03-22 03:30:00,14.1
2024-03-22 03:45:00,14.4
2024-03-22 04:00:00,14.4
2024-03-22 04:15:00,14.2
2024-03-22 04:30:00,14.5
2024-03-22 04:45:00,14.5
2024-03-22 05:00:00,13.9
2024-03-22 05:15:00,14.1
2024-03-22 05:30:00,14.2
2024-03-22 05:45:00,14.1
2024-03-22 06:00:00,14.2
2024-03-22 06:15:00,14.5
2024-03-22 06:30:00,14.2
2024-03-22 06:45:00,14.4
2024-03-22 07:00:00,14.5
2024-03-22 07:15:00,14.3
2024-03-22 07:30:00,14.4
2024-03-22 07:45:00,14.3
2024-03-22 08:00:00,14.4
2024-03-22 08:15:00,14.2
2024-03-22 08:30:00,14.2
2024-03-22 08:45:00,14.4
2024-03-22 09:00:00,14.4
2024-03-22 09:15:00,14.3
2024-03-22 09:30:00,14.4
2024-03-22 09:45:00,14.2
2024-03-22 10:00:00,14.6
2024-03-22 10:15:00,14.2
2024-03-22 10:30:00,14.4
2024-03-22 10:45:00,14.6
2024-03-22 11:00:00,14.4
2024-03-22 11:15:00,14.5
2024-03-22 11:30:00,14.4
2024-03-22 11:45:00,14.3
2024-03-22 12:00:00,14.4
2024-03-22 12:15:00,14.2
2024-03-22 12:30:00,14.6
2024-03-22 12:45:00,14.8
2024-03-22 13:00:00,14.6
2024-03-22 13:15:00,14.9
2024-03-22 13:30:00,14.6
2024-03-22 13:45:00,14.7
2024-03-22 14:00:00,14.8
2024-03-22 14:15:00,14.9
2024-03-22 14:30:00,14.7
2024-03-22 14:45:00,15.0
2024-03-22 15:00:00,14.9
2024-03-22 15:15:00,14.8
2024-03-22 15:30:00,14.8
2024-03-22 15:45:00,14.9
2024-03-22 16:00:00,14.9
2024-03-22 16:15:00,14.8
2024-03-22 16:30:00,14.8
2024-03-22 16:45:00,14.8
2024-03-22 17:00:00,14.9
2024-03-22 17:15:00,15.1
2024-03-22 17:30:00,14.9
2024-03-22 17:45:00,14.6
2024-03-22 18:00:00,15.0
2024-03-22 18:15:00,14.6
2024-03-22 18:30:00,14.8
2024-03-22 18:45:00,14.8
2024-03-22 19:00:00,14.7
2024-03-22 19:15:00,14.7
2024-03-22 19:30:00,14.6
2024-03-22 19:45:00,14.7
2024-03-22 20:00:00,14.7
2024-03-22 20:15:00,14.7
2024-03-22 20:30:00,14.8
2024-03-22 20:45:00,14.7
2024-03-22 21:00:00,14.6
2024-03-22 21:15:00,14.6
2024-03-22 21:30:00,14.8
2024-03-22 21:45:00,14.4
2024-03-22 22:00:00,14.5
2024-03-22 22:15:00,14.6
2024-03-22 22:30:00,14.7
2024-03-22 22:45:00,14.6
2024-03-22 23:00:00,14.9
2024-03-22 23:15:00,14.5
2024-03-22 23:30:00,14.4
2024-03-22 23:45:00,14.6
2024-03-23 00:00:00,14.7
2024-03-23 00:15:00,14.6
2024-03-23 00:30:00,14.6
2024-03-23 00:45:00,14.5
2024-03-23 01:00:00,14.8
2024-03-23 01:15:00,14.8
2024-03-23 01:30:00,14.6
2024-03-23 01:45:00,14.4
2024-03-23 02:00:00,14.5
2024-03-23 02:15:00,14.2
2024-03-23 02:30:00,14.4
2024-03-23 02:45:00,14.5
2024-03-23 03:00:00,14.6
2024-03-23 03:15:00,14.5
2024-03-23 03:30:00,14.6
2024-03-23 03:45:00,14.7
2024-03-23 04:00:00,14.8
2024-03-23 04:15:00,14.4
2024-03-23 04:30:00,14.7
2024-03-23 04:45:00,14.5
2024-03-23 05:00:00,14.4
2024-03-23 05:15:00,14.6
2024-03-23 05:30:00,14.4
2024-03-23 05:45:00,14.4
2024-03-23 06:00:00,14.4
2024-03-23 06:15:00,14.5
2024-03-23 06:30:00,14.3
2024-03-23 06:45:00,14.5
2024-03-23 07:00:00,14.4
2024-03-23 07:15:00,14.2
2024-03-23 07:30:00,14.3
2024-03-23 07:45:00,13.8
2024-03-23 08:00:00,14.5
2024-03-23 08:15:00,14.0
2024-03-23 08:30:00,14.2
2024-03-23 08:45:00,14.0
2024-03-23 09:00:00,13.9
2024-03-23 09:15:00,14.0
2024-03-23 09:30:00,14.1
2024-03-23 09:45:00,14.0
2024-03-23 10:00:00,14.1
2024-03-23 10:15:00,13.9
2024-03-23 10:30:00,14.0
2024-03-23 10:45:00,14.0
2024-03-23 11:00:00,13.7
2024-03-23 11:15:00,14.0
2024-03-23 11:30:00,14.1
2024-03-23 11:45:00,14.1
2024-03-23 12:00:00,13.9
2024-03-23 12:15:00,14.1
2024-03-23 12:30:00,14.2
2024-03-23 12:45:00,14.0
2024-03-23 13:00:00,11.472599197527565
2024-03-23 13:15:00,11.472599197527565
2024-03-23 13:30:00,14.1
2024-03-23 13:45:00,13.8
2024-03-23 14:00:00,13.9
2024-03-23 14:15:00,14.3
2024-03-23 14:30:00,14.1
2024-03-23 14:45:00,14.1
2024-03-23 15:00:00,14.0
2024-03-23 15:15:00,14.0
2024-03-23 15:30:00,14.1
2024-03-23 15:45:00,14.2
2024-03-23 16:00:00,14.2
2024-03-23 16:15:00,14.2
2024-03-23 16:30:00,14.2
2024-03-23 16:45:00,14.2
2024-03-23 17:00:00,14.2
2024-03-23 17:15:00,14.2
2024-03-23 17:30:00,14.2
2024-03-23 17:45:00,14.2
2024-03-23 18:00:00,14.2
2024-03-23 18:15:00,14.2
2024-03-23 18:30:00,14.2
2024-03-23 18:45:00,14.2
2024-03-23 19:00:00,14.2
2024-03-23 19:15:00,14.2
2024-03-23 19:30:00,14.2
2024-03-23 19:45:00,14.2
2024-03-23 20:00:00,14.2
2024-03-23 20:15:00,14.2
2024-03-23 20:30:00,14.2
2024-03-23 20:45:00,14.2
2024-03-23 21:00:00,14.2
2024-03-23 21:15:00,14.2
2024-03-23 21:30:00,14.2
2024-03-23 21:45:00,14.2
2024-03-23 22:00:00,14.2
2024-03-23 22:15:00,14.2
2024-03-23 22:30:00,14.2
2024-03-23 22:45:00,14.2
2024-03-23 23:00:00,14.2
2024-03-23 23:15:00,14.2
2024-03-23 23:30:00,14.2
2024-03-23 23:45:00,14.2
2024-03-24 00:00:00,14.2
2024-03-24 00:15:00,14.2
2024-03-24 00:30:00,14.2
2024-03-24 00:45:00,14.2
2024-03-24 01:00:00,14.2
2024-03-24 01:15:00,14.2
2024-03-24 01:30:00,14.2
2024-03-24 01:45:00,14.0
2024-03-24 02:00:00,13.9
2024-03-24 02:15:00,14.1
2024-03-24 02:30:00,13.8
2024-03-24 02:45:00,13.9
2024-03-24 03:00:00,14.0
2024-03-24 03:15:00,13.7
2024-03-24 03:30:00,13.9
2024-03-24 03:45:00,14.0
2024-03-24 04:00:00,14.0
2024-03-24 04:15:00,13.9
2024-03-24 04:30:00,13.8
2024-03-24 04:45:00,14.1
2024-03-24 05:00:00,13.7
2024-03-24 05:15:00,13.9
2024-03-24 05:30:00,13.7
2024-03-24 05:45:00,13.7
2024-03-24 06:00:00,13.8
2024-03-24 06:15:00,13.4
2024-03-24 06:30:00,13.7
2024-03-24 06:45:00,13.7
2024-03-24 07:00:00,13.9
2024-03-24 07:15:00,13.4
2024-03-24 07:30:00,13.5
2024-03-24 07:45:00,13.8
2024-03-24 08:00:00,13.6
2024-03-24 08:15:00,13.5
2024-03-24 08:30:00,13.4
2024-03-24 08:45:00,13.3
2024-03-24 09:00:00,13.5
2024-03-24 09:15:00,13.3
2024-03-24 09:30:00,13.4
2024-03-24 09:45:00,13.3
2024-03-24 10:00:00,13.2
2024-03-24 10:15:00,13.4
2024-03-24 10:30:00,13.3
2024-03-24 10:45:00,13.2
2024-03-24 11:00:00,13.3
2024-03-24 11:15:00,13.4
2024-03-24 11:30:00,13.4
2024-03-24 11:45:00,13.3
2024-03-24 12:00:00,13.2
2024-03-24 12:15:00,13.3
2024-03-24 12:30:00,13.3
2024-03-24 12:45:00,13.3
2024-03-24 13:00:00,13.3
2024-03-24 13:15:00,13.4
2024-03-24 13:30:00,13.2
2024-03-24 13:45:00,13.5
2024-03-24 14:00:00,13.1
2024-03-24 14:15:00,13.2
2024-03-24 14:30:00,13.1
2024-03-24 14:45:00,13.1
2024-03-24 15:00:00,13.1
2024-03-24 15:15:00,13.2
2024-03-24 15:30:00,12.9
2024-03-24 15:45:00,13.1
2024-03-24 16:00:00,13.2
2024-03-24 16:15:00,13.2
2024-03-24 16:30:00,11.461357785432481
2024-03-24 16:45:00,11.461357785432481
2024-03-24 17:00:00,13.1
2024-03-24 17:15:00,13.1
2024-03-24 17:30:00,13.0
2024-03-24 17:45:00,13.2
2024-03-24 18:00:00,13.3
2024-03-24 18:15:00,13.0
2024-03-24 18:30:00,13.2
2024-03-24 18:45:00,13.2
2024-03-24 19:00:00,13.0
2024-03-24 19:15:00,13.0
2024-03-24 19:30:00,13.0
2024-03-24 19:45:00,13.0
2024-03-24 20:00:00,13.0
2024-03-24 20:15:00,12.9
2024-03-24 20:30:00,13.1
2024-03-24 20:45:00,12.9
2024-03-24 21:00:00,13.1
2024-03-24 21:15:00,12.9
2024-03-24 21:30:00,13.1
2024-03-24 21:45:00,12.8
2024-03-24 22:00:00,13.2
2024-03-24 22:15:00,12.9
2024-03-24 22:30:00,13.0
2024-03-24 22:45:00,12.9
2024-03-24 23:00:00,12.8
2024-03-24 23:15:00,12.9
2024-03-24 23:30:00,12.8
2024-03-24 23:45:00,12.8
2024-03-25 00:00:00,12.7
2024-03-25 00:15:00,13.0
2024-03-25 00:30:00,12.7
2024-03-25 00:45:00,12.9
2024-03-25 01:00:00,12.8
2024-03-25 01:15:00,13.1
2024-03-25 01:30:00,12.6
2024-03-25 01:45:00,12.7
2024-03-25 02:00:00,12.9
2024-03-25 02:15:00,12.8
2024-03-25 02:30:00,12.7
2024-03-25 02:45:00,12.9
2024-03-25 03:00:00,13.1
2024-03-25 03:15:00,12.7
2024-03-25 03:30:00,12.4
2024-03-25 03:45:00,12.5
2024-03-25 04:00:00,12.4
2024-03-25 04:15:00,12.5
2024-03-25 04:30:00,12.6
2024-03-25 04:45:00,12.7
2024-03-25 05:00:00,11.014336816831724
2024-03-25 05:15:00,10.914336816831725
2024-03-25 05:30:00,11.014336816831724
2024-03-25 05:45:00,12.3
2024-03-25 06:00:00,12.6
2024-03-25 06:15:00,12.8
2024-03-25 06:30:00,12.4
2024-03-25 06:45:00,12.3
2024-03-25 07:00:00,12.6
2024-03-25 07:15:00,12.4
2024-03-25 07:30:00,12.4
2024-03-25 07:45:00,12.2
2024-03-25 08:00:00,12.4
2024-03-25 08:15:00,12.1
2024-03-25 08:30:00,12.2
2024-03-25 08:45:00,12.2
2024-03-25 09:00:00,12.1
2024-03-25 09:15:00,12.1
2024-03-25 09:30:00,12.3
2024-03-25 09:45:00,12.5
2024-03-25 10:00:00,12.2
2024-03-25 10:15:00,12.2
2024-03-25 10:30:00,12.0
2024-03-25 10:45:00,12.2
2024-03-25 11:00:00,12.3
2024-03-25 11:15:00,12.2
2024-03-25 11:30:00,12.1
2024-03-25 11:45:00,12.1
2024-03-25 12:00:00,12.1
2024-03-25 12:15:00,12.2
2024-03-25 12:30:00,12.2
2024-03-25 12:45:00,12.4
2024-03-25 13:00:00,12.0
2024-03-25 13:15:00,12.2
2024-03-25 13:30:00,12.2
2024-03-25 13:45:00,12.0
2024-03-25 14:00:00,12.4
2024-03-25 14:15:00,12.1
2024-03-25 14:30:00,12.3
2024-03-25 14:45:00,12.4
2024-03-25 15:00:00,12.1
2024-03-25 15:15:00,12.4
2024-03-25 15:30:00,12.1
2024-03-25 15:45:00,12.4
2024-03-25 16:00:00,12.0
2024-03-25 16:15:00,12.2
2024-03-25 16:30:00,12.2
2024-03-25 16:45:00,12.1
2024-03-25 17:00:00,12.1
2024-03-25 17:15:00,12.2
2024-03-25 17:30:00,12.2
2024-03-25 17:45:00,12.1
2024-03-25 18:00:00,12.0
2024-03-25 18:15:00,11.9
2024-03-25 18:30:00,12.0
2024-03-25 18:45:00,12.3
2024-03-25 19:00:00,12.1
2024-03-25 19:15:00,12.2
2024-03-25 19:30:00,12.0
2024-03-25 19:45:00,12.0
2024-03-25 20:00:00,12.0
2024-03-25 20:15:00,11.8
2024-03-25 20:30:00,11.9
2024-03-25 20:45:00,7.9812385499832725
2024-03-25 21:00:00,7.781238549983273
2024-03-25 21:15:00,12.0
2024-03-25 21:30:00,11.9
2024-03-25 21:45:00,12.0
2024-03-25 22:00:00,12.0
2024-03-25 22:15:00,11.7
2024-03-25 22:30:00,11.9
2024-03-25 22:45:00,11.7
2024-03-25 23:00:00,12.0
2024-03-25 23:15:00,11.7
2024-03-25 23:30:00,11.6
2024-03-25 23:45:00,11.6
2024-03-26 00:00:00,11.5
2024-03-26 00:15:00,11.9
2024-03-26 00:30:00,11.7
2024-03-26 00:45:00,11.7
2024-03-26 01:00:00,11.7
2024-03-26 01:15:00,11.5
2024-03-26 01:30:00,11.6
2024-03-26 01:45:00,11.7
2024-03-26 02:00:00,11.5
2024-03-26 02:15:00,11.4
2024-03-26 02:30:00,11.5
2024-03-26 02:45:00,11.4
2024-03-26 03:00:00,11.8
2024-03-26 03:15:00,11.6
2024-03-26 03:30:00,11.5
2024-03-26 03:45:00,11.4
2024-03-26 04:00:00,12.653305125324348
2024-03-26 04:15:00,12.653305125324348
2024-03-26 04:30:00,12.353305125324347
2024-03-26 04:45:00,11.4
2024-03-26 05:00:00,11.4
2024-03-26 05:15:00,11.3
2024-03-26 05:30:00,11.4
2024-03-26 05:45:00,11.4
2024-03-26 06:00:00,11.5
2024-03-26 06:15:00,11.7
2024-03-26 06:30:00,11.5
2024-03-26 06:45:00,11.4
2024-03-26 07:00:00,11.2
2024-03-26 07:15:00,11.3
2024-03-26 07:30:00,11.6
2024-03-26 07:45:00,11.4
2024-03-26 08:00:00,12.49904308838912
2024-03-26 08:15:00,12.49904308838912
2024-03-26 08:30:00,11.3
2024-03-26 08:45:00,11.4
2024-03-26 09:00:00,11.2
2024-03-26 09:15:00,11.4
2024-03-26 09:30:00,11.5
2024-03-26 09:45:00,11.5
2024-03-26 10:00:00,11.5
2024-03-26 10:15:00,11.5
2024-03-26 10:30:00,11.4
2024-03-26 10:45:00,11.6
2024-03-26 11:00:00,11.3
2024-03-26 11:15:00,11.4
2024-03-26 11:30:00,11.5
2024-03-26 11:45:00,11.6
2024-03-26 12:00:00,11.7
2024-03-26 12:15:00,11.4
2024-03-26 12:30:00,11.5
2024-03-26 12:45:00,11.3
2024-03-26 13:00:00,11.4
2024-03-26 13:15:00,11.5
2024-03-26 13:30:00,11.6
2024-03-26 13:45:00,11.7
2024-03-26 14:00:00,11.9
2024-03-26 14:15:00,11.8
2024-03-26 14:30:00,11.8
2024-03-26 14:45:00,11.8
2024-03-26 15:00:00,12.3
2024-03-26 15:15:00,11.7
2024-03-26 15:30:00,11.9
2024-03-26 15:45:00,11.8
2024-03-26 16:00:00,11.9
2024-03-26 16:15:00,12.0
2024-03-26 16:30:00,11.8
2024-03-26 16:45:00,12.1
2024-03-26 17:00:00,11.9
2024-03-26 17:15:00,12.0
2024-03-26 17:30:00,11.9
2024-03-26 17:45:00,12.0
2024-03-26 18:00:00,13.415508770629728
2024-03-26 18:15:00,11.7
2024-03-26 18:30:00,12.2
2024-03-26 18:45:00,11.7
2024-03-26 19:00:00,11.8
2024-03-26 19:15:00,11.6
2024-03-26 19:30:00,11.6
2024-03-26 19:45:00,11.7
2024-03-26 20:00:00,11.5
2024-03-26 20:15:00,11.6
2024-03-26 20:30:00,11.8
2024-03-26 20:45:00,11.8
2024-03-26 21:00:00,11.8
2024-03-26 21:15:00,11.5
2024-03-26 21:30:00,11.7
2024-03-26 21:45:00,11.8
2024-03-26 22:00:00,11.6
2024-03-26 22:15:00,11.8
2024-03-26 22:30:00,11.6
2024-03-26 22:45:00,11.6
2024-03-26 23:00:00,11.4
2024-03-26 23:15:00,11.8
2024-03-26 23:30:00,11.6
2024-03-26 23:45:00,11.7
2024-03-27 00:00:00,8.245181622145724
2024-03-27 00:15:00,11.8
2024-03-27 00:30:00,11.6
2024-03-27 00:45:00,11.6
2024-03-27 01:00:00,11.7
2024-03-27 01:15:00,11.7
2024-03-27 01:30:00,11.5
2024-03-27 01:45:00,11.6
2024-03-27 02:00:00,11.7
2024-03-27 02:15:00,11.7
2024-03-27 02:30:00,11.9
2024-03-27 02:45:00,11.9
2024-03-27 03:00:00,11.6
2024-03-27 03:15:00,11.7
2024-03-27 03:30:00,11.7
2024-03-27 03:45:00,12.0
2024-03-27 04:00:00,11.9
2024-03-27 04:15:00,13.405335869554545
2024-03-27 04:30:00,11.7
2024-03-27 04:45:00,11.7
2024-03-27 05:00:00,12.0
2024-03-27 05:15:00,12.0
2024-03-27 05:30:00,11.8
2024-03-27 05:45:00,11.9
2024-03-27 06:00:00,11.9
2024-03-27 06:15:00,11.6
2024-03-27 06:30:00,11.6
2024-03-27 06:45:00,12.0
2024-03-27 07:00:00,11.5
2024-03-27 07:15:00,11.8
2024-03-27 07:30:00,11.8
2024-03-27 07:45:00,11.7
2024-03-27 08:00:00,12.0
2024-03-27 08:15:00,11.7
2024-03-27 08:30:00,11.8
2024-03-27 08:45:00,11.9
2024-03-27 09:00:00,11.7
2024-03-27 09:15:00,11.8
2024-03-27 09:30:00,12.1
2024-03-27 09:45:00,11.8
2024-03-27 10:00:00,12.0
2024-03-27 10:15:00,12.0
2024-03-27 10:30:00,11.7
2024-03-27 10:45:00,11.6
2024-03-27 11:00:00,11.7
2024-03-27 11:15:00,12.1
2024-03-27 11:30:00,11.9
2024-03-27 11:45:00,11.8
2024-03-27 12:00:00,12.0
2024-03-27 12:15:00,12.0
2024-03-27 12:30:00,11.9
2024-03-27 12:45:00,12.0
2024-03-27 13:00:00,10.083760096293897
2024-03-27 13:15:00,11.9
2024-03-27 13:30:00,11.5
2024-03-27 13:45:00,11.8
2024-03-27 14:00:00,11.8
2024-03-27 14:15:00,11.9
2024-03-27 14:30:00,11.8
2024-03-27 14:45:00,11.9
2024-03-27 15:00:00,11.7
2024-03-27 15:15:00,11.7
2024-03-27 15:30:00,11.7
2024-03-27 15:45:00,12.0
2024-03-27 16:00:00,11.4
2024-03-27 16:15:00,11.4
2024-03-27 16:30:00,11.6
2024-03-27 16:45:00,11.7
2024-03-27 17:00:00,11.5
2024-03-27 17:15:00,11.5
2024-03-27 17:30:00,11.5
2024-03-27 17:45:00,11.6
2024-03-27 18:00:00,11.3
2024-03-27 18:15:00,11.5
2024-03-27 18:30:00,11.4
2024-03-27 18:45:00,11.0
2024-03-27 19:00:00,11.2
2024-03-27 19:15:00,11.2
2024-03-27 19:30:00,11.3
2024-03-27 19:45:00,10.9
2024-03-27 20:00:00,10.9
2024-03-27 20:15:00,11.0
2024-03-27 20:30:00,11.3
2024-03-27 20:45:00,11.0
2024-03-27 21:00:00,11.0
2024-03-27 21:15:00,10.8
2024-03-27 21:30:00,10.9
2024-03-27 21:45:00,10.8
2024-03-27 22:00:00,10.9
2024-03-27 22:15:00,11.1
2024-03-27 22:30:00,10.6
2024-03-27 22:45:00,10.8
2024-03-27 23:00:00,10.8
2024-03-27 23:15:00,10.8
2024-03-27 23:30:00,10.6
2024-03-27 23:45:00,10.7
2024-03-28 00:00:00,10.6
2024-03-28 00:15:00,10.7
2024-03-28 00:30:00,10.6
2024-03-28 00:45:00,10.7
2024-03-28 01:00:00,10.6
2024-03-28 01:15:00,10.5
2024-03-28 01:30:00,10.7
2024-03-28 01:45:00,10.4
2024-03-28 02:00:00,10.4
2024-03-28 02:15:00,10.5
2024-03-28 02:30:00,10.6
2024-03-28 02:45:00,10.5
2024-03-28 03:00:00,10.8
2024-03-28 03:15:00,10.6
2024-03-28 03:30:00,10.4
2024-03-28 03:45:00,10.5
2024-03-28 04:00:00,10.6
2024-03-28 04:15:00,15.503730902289965
2024-03-28 04:30:00,10.5
2024-03-28 04:45:00,10.7
2024-03-28 05:00:00,10.1
2024-03-28 05:15:00,10.2
2024-03-28 05:30:00,10.4
2024-03-28 05:45:00,10.4
2024-03-28 06:00:00,10.2
2024-03-28 06:15:00,10.4
2024-03-28 06:30:00,10.2
2024-03-28 06:45:00,10.4
2024-03-28 07:00:00,10.4
2024-03-28 07:15:00,10.2
2024-03-28 07:30:00,
2024-03-28 07:45:00,
2024-03-28 08:00:00,
2024-03-28 08:15:00,
2024-03-28 08:30:00,
2024-03-28 08:45:00,
2024-03-28 09:00:00,
2024-03-28 09:15:00,
2024-03-28 09:30:00,
2024-03-28 09:45:00,
2024-03-28 10:00:00,
2024-03-28 10:15:00,
2024-03-28 10:30:00,10.2
2024-03-28 10:45:00,10.1
2024-03-28 11:00:00,10.2
2024-03-28 11:15:00,10.1
2024-03-28 11:30:00,10.1
2024-03-28 11:45:00,10.4
2024-03-28 12:00:00,9.9
2024-03-28 12:15:00,10.1
2024-03-28 12:30:00,10.0
2024-03-28 12:45:00,10.3
2024-03-28 13:00:00,10.1
2024-03-28 13:15:00,9.9
2024-03-28 13:30:00,10.1
2024-03-28 13:45:00,10.1
2024-03-28 14:00:00,9.8
2024-03-28 14:15:00,9.9
2024-03-28 14:30:00,9.9
2024-03-28 14:45:00,10.0
2024-03-28 15:00:00,9.8
2024-03-28 15:15:00,9.7
2024-03-28 15:30:00,9.8
2024-03-28 15:45:00,9.8
2024-03-28 16:00:00,9.9
2024-03-28 16:15:00,9.8
2024-03-28 16:30:00,9.7
2024-03-28 16:45:00,9.8
2024-03-28 17:00:00,10.1
2024-03-28 17:15:00,9.9
2024-03-28 17:30:00,9.6
2024-03-28 17:45:00,9.8
2024-03-28 18:00:00,9.6
2024-03-28 18:15:00,9.9
2024-03-28 18:30:00,9.6
2024-03-28 18:45:00,9.9
2024-03-28 19:00:00,9.6
2024-03-28 19:15:00,9.3
2024-03-28 19:30:00,9.4
2024-03-28 19:45:00,9.5
2024-03-28 20:00:00,9.5
2024-03-28 20:15:00,9.5
2024-03-28 20:30:00,9.2
2024-03-28 20:45:00,9.5
2024-03-28 21:00:00,9.4
2024-03-28 21:15:00,9.2
2024-03-28 21:30:00,9.2
2024-03-28 21:45:00,9.4
2024-03-28 22:00:00,9.2
2024-03-28 22:15:00,9.3
2024-03-28 22:30:00,9.2
2024-03-28 22:45:00,9.1
2024-03-28 23:00:00,9.2
2024-03-28 23:15:00,9.1
2024-03-28 23:30:00,9.4
2024-03-28 23:45:00,9.4
2024-03-29 00:00:00,9.1
2024-03-29 00:15:00,9.0
2024-03-29 00:30:00,9.1
2024-03-29 00:45:00,9.1
2024-03-29 01:00:00,9.2
2024-03-29 01:15:00,9.1
2024-03-29 01:30:00,9.2
2024-03-29 01:45:00,9.1
2024-03-29 02:00:00,9.2
2024-03-29 02:15:00,9.2
2024-03-29 02:30:00,9.1
2024-03-29 02:45:00,9.2
2024-03-29 03:00:00,9.2
2024-03-29 03:15:00,9.2
2024-03-29 03:30:00,9.2
2024-03-29 03:45:00,9.1
2024-03-29 04:00:00,9.1
2024-03-29 04:15:00,9.1
2024-03-29 04:30:00,8.8
2024-03-29 04:45:00,9.4
2024-03-29 05:00:00,9.2
2024-03-29 05:15:00,9.0
2024-03-29 05:30:00,9.2
2024-03-29 05:45:00,8.9
2024-03-29 06:00:00,8.9
2024-03-29 06:15:00,9.0
2024-03-29 06:30:00,9.0
2024-03-29 06:45:00,9.3
2024-03-29 07:00:00,9.1
2024-03-29 07:15:00,9.1
2024-03-29 07:30:00,9.1
2024-03-29 07:45:00,9.0
2024-03-29 08:00:00,9.2
2024-03-29 08:15:00,8.8
2024-03-29 08:30:00,9.0
2024-03-29 08:45:00,8.9
2024-03-29 09:00:00,8.9
2024-03-29 09:15:00,9.2
2024-03-29 09:30:00,8.9
2024-03-29 09:45:00,9.0
2024-03-29 10:00:00,8.8
2024-03-29 10:15:00,9.0
2024-03-29 10:30:00,9.2
2024-03-29 10:45:00,9.0
2024-03-29 11:00:00,9.0
2024-03-29 11:15:00,8.8
2024-03-29 11:30:00,9.0
2024-03-29 11:45:00,8.6
2024-03-29 12:00:00,9.0
2024-03-29 12:15:00,8.7
2024-03-29 12:30:00,8.8
2024-03-29 12:45:00,8.9
2024-03-29 13:00:00,8.7
2024-03-29 13:15:00,8.7
2024-03-29 13:30:00,8.9
2024-03-29 13:45:00,8.7
2024-03-29 14:00:00,8.6
2024-03-29 14:15:00,8.7
2024-03-29 14:30:00,8.8
2024-03-29 14:45:00,8.8
2024-03-29 15:00:00,8.5
2024-03-29 15:15:00,8.7
2024-03-29 15:30:00,8.7
2024-03-29 15:45:00,8.7
2024-03-29 16:00:00,8.9
2024-03-29 16:15:00,8.3
2024-03-29 16:30:00,8.5
2024-03-29 16:45:00,8.6
2024-03-29 17:00:00,8.8
2024-03-29 17:15:00,8.3
2024-03-29 17:30:00,8.5
2024-03-29 17:45:00,8.6
2024-03-29 18:00:00,8.4
2024-03-29 18:15:00,8.5
2024-03-29 18:30:00,8.4
2024-03-29 18:45:00,8.6
2024-03-29 19:00:00,8.2
2024-03-29 19:15:00,8.5
2024-03-29 19:30:00,8.3
2024-03-29 19:45:00,8.2
2024-03-29 20:00:00,8.3
2024-03-29 20:15:00,8.4
2024-03-29 20:30:00,8.2
2024-03-29 20:45:00,8.4
2024-03-29 21:00:00,8.3
2024-03-29 21:15:00,8.2
2024-03-29 21:30:00,8.3
2024-03-29 21:45:00,8.1
2024-03-29 22:00:00,8.2
2024-03-29 22:15:00,8.2
2024-03-29 22:30:00,8.1
2024-03-29 22:45:00,8.2
2024-03-29 23:00:00,8.1
2024-03-29 23:15:00,8.1
2024-03-29 23:30:00,8.1
2024-03-29 23:45:00,8.2
2024-03-30 00:00:00,8.2
2024-03-30 00:15:00,8.0
2024-03-30 00:30:00,8.0
2024-03-30 00:45:00,8.1
2024-03-30 01:00:00,7.9
2024-03-30 01:15:00,7.8
2024-03-30 01:30:00,8.1
2024-03-30 01:45:00,8.2
2024-03-30 02:00:00,8.0
2024-03-30 02:15:00,8.0
2024-03-30 02:30:00,8.0
2024-03-30 02:45:00,8.0
2024-03-30 03:00:00,7.8
2024-03-30 03:15:00,8.0
2024-03-30 03:30:00,8.2
2024-03-30 03:45:00,8.1
2024-03-30 04:00:00,8.0
2024-03-30 04:15:00,8.1
2024-03-30 04:30:00,11.72619084839068
2024-03-30 04:45:00,7.9
2024-03-30 05:00:00,8.0
2024-03-30 05:15:00,7.9
2024-03-30 05:30:00,7.9
2024-03-30 05:45:00,8.1
2024-03-30 06:00:00,8.0
2024-03-30 06:15:00,8.0
2024-03-30 06:30:00,8.0
2024-03-30 06:45:00,8.1
2024-03-30 07:00:00,8.0
2024-03-30 07:15:00,7.9
2024-03-30 07:30:00,8.0
2024-03-30 07:45:00,8.1
2024-03-30 08:00:00,7.9
2024-03-30 08:15:00,7.8
2024-03-30 08:30:00,7.8
2024-03-30 08:45:00,8.0
2024-03-30 09:00:00,7.9
2024-03-30 09:15:00,7.8
2024-03-30 09:30:00,7.9
2024-03-30 09:45:00,7.9
2024-03-30 10:00:00,8.0
2024-03-30 10:15:00,7.7
2024-03-30 10:30:00,7.7
2024-03-30 10:45:00,7.9
2024-03-30 11:00:00,7.9
2024-03-30 11:15:00,8.0
2024-03-30 11:30:00,7.9
2024-03-30 11:45:00,7.7
2024-03-30 12:00:00,7.8
2024-03-30 12:15:00,7.9
2024-03-30 12:30:00,8.0
2024-03-30 12:45:00,7.7
2024-03-30 13:00:00,7.7
2024-03-30 13:15:00,8.0
2024-03-30 13:30:00,7.5
2024-03-30 13:45:00,7.7
2024-03-30 14:00:00,7.8
2024-03-30 14:15:00,7.7
2024-03-30 14:30:00,7.8
2024-03-30 14:45:00,7.9
2024-03-30 15:00:00,7.6
2024-03-30 15:15:00,7.8
2024-03-30 15:30:00,7.6
2024-03-30 15:45:00,7.6
2024-03-30 16:00:00,7.6
2024-03-30 16:15:00,7.8
2024-03-30 16:30:00,7.8
2024-03-30 16:45:00,7.8
2024-03-30 17:00:00,7.7
2024-03-30 17:15:00,7.5
2024-03-30 17:30:00,7.7
2024-03-30 17:45:00,7.6
2024-03-30 18:00:00,7.5
2024-03-30 18:15:00,7.6
2024-03-30 18:30:00,7.6
2024-03-30 18:45:00,7.5
2024-03-30 19:00:00,7.6
2024-03-30 19:15:00,7.7
2024-03-30 19:30:00,7.4
2024-03-30 19:45:00,7.5
2024-03-30 20:00:00,7.2
2024-03-30 20:15:00,7.6
2024-03-30 20:30:00,7.4
2024-03-30 20:45:00,7.5
2024-03-30 21:00:00,7.5
2024-03-30 21:15:00,7.4
2024-03-30 21:30:00,7.5
2024-03-30 21:45:00,7.3
2024-03-30 22:00:00,7.4
2024-03-30 22:15:00,7.4
2024-03-30 22:30:00,7.5
2024-03-30 22:45:00,7.3
2024-03-30 23:00:00,7.4
2024-03-30 23:15:00,7.4
2024-03-30 23:30:00,7.4
2024-03-30 23:45:00,7.3
2024-03-31 00:00:00,7.4
2024-03-31 00:15:00,7.4
2024-03-31 00:30:00,7.3
2024-03-31 00:45:00,7.3
2024-03-31 01:00:00,7.2
2024-03-31 01:15:00,7.4
2024-03-31 01:30:00,7.4
2024-03-31 01:45:00,7.4
2024-03-31 02:00:00,7.4
2024-03-31 02:15:00,7.5
2024-03-31 02:30:00,7.4
2024-03-31 02:45:00,7.4
2024-03-31 03:00:00,7.4
2024-03-31 03:15:00,4.953673534228361
2024-03-31 03:30:00,5.053673534228363
2024-03-31 03:45:00,5.053673534228363
2024-03-31 04:00:00,7.4
2024-03-31 04:15:00,7.4
2024-03-31 04:30:00,7.3
2024-03-31 04:45:00,7.0
2024-03-31 05:00:00,7.3
2024-03-31 05:15:00,7.4
2024-03-31 05:30:00,7.4
2024-03-31 05:45:00,7.4
2024-03-31 06:00:00,7.2
2024-03-31 06:15:00,7.4
2024-03-31 06:30:00,7.4
2024-03-31 06:45:00,7.3
2024-03-31 07:00:00,7.4
2024-03-31 07:15:00,7.4
2024-03-31 07:30:00,7.3
2024-03-31 07:45:00,7.3
2024-03-31 08:00:00,7.3
2024-03-31 08:15:00,7.3
2024-03-31 08:30:00,7.2
2024-03-31 08:45:00,7.2
2024-03-31 09:00:00,7.3
2024-03-31 09:15:00,7.5
2024-03-31 09:30:00,7.4
2024-03-31 09:45:00,7.2
2024-03-31 10:00:00,7.2
2024-03-31 10:15:00,7.5
2024-03-31 10:30:00,7.1
2024-03-31 10:45:00,7.1
2024-03-31 11:00:00,7.3
2024-03-31 11:15:00,7.2
2024-03-31 11:30:00,5.754866167036148
2024-03-31 11:45:00,5.854866167036148
2024-03-31 12:00:00,5.654866167036148
2024-03-31 12:15:00,7.3
2024-03-31 12:30:00,7.3
2024-03-31 12:45:00,7.3
2024-03-31 13:00:00,7.3
2024-03-31 13:15:00,7.3
2024-03-31 13:30:00,7.3
2024-03-31 13:45:00,7.3
2024-03-31 14:00:00,7.3
2024-03-31 14:15:00,7.3
2024-03-31 14:30:00,7.4
2024-03-31 14:45:00,7.4
2024-03-31 15:00:00,7.2
2024-03-31 15:15:00,7.1
2024-03-31 15:30:00,7.4
2024-03-31 15:45:00,7.2
2024-03-31 16:00:00,7.8
2024-03-31 16:15:00,7.5
2024-03-31 16:30:00,7.5
2024-03-31 16:45:00,7.4
2024-03-31 17:00:00,7.3
2024-03-31 17:15:00,7.3
2024-03-31 17:30:00,7.4
2024-03-31 17:45:00,7.3
2024-03-31 18:00:00,7.3
2024-03-31 18:15:00,7.1
2024-03-31 18:30:00,7.4
2024-03-31 18:45:00,7.4
2024-03-31 19:00:00,7.3
2024-03-31 19:15:00,7.3
2024-03-31 19:30:00,7.3
2024-03-31 19:45:00,7.4
2024-03-31 20:00:00,7.4
2024-03-31 20:15:00,7.3
2024-03-31 20:30:00,7.4
2024-03-31 20:45:00,7.4
2024-03-31 21:00:00,7.6
2024-03-31 21:15:00,7.4
2024-03-31 21:30:00,7.3
2024-03-31 21:45:00,7.4
2024-03-31 22:00:00,7.4
2024-03-31 22:15:00,7.4
2024-03-31 22:30:00,2.9286490385522344
2024-03-31 22:45:00,7.3
2024-03-31 23:00:00,7.5
2024-03-31 23:15:00,7.4
2024-03-31 23:30:00,7.5
2024-03-31 23:45:00,7.4
2024-04-01 00:00:00,7.3
2024-04-01 00:15:00,7.6
2024-04-01 00:30:00,7.3
2024-04-01 00:45:00,7.3
2024-04-01 01:00:00,7.4
2024-04-01 01:15:00,7.4
2024-04-01 01:30:00,7.5
2024-04-01 01:45:00,7.4
2024-04-01 02:00:00,7.4
2024-04-01 02:15:00,7.4
2024-04-01 02:30:00,7.5
2024-04-01 02:45:00,7.3
2024-04-01 03:00:00,7.5
2024-04-01 03:15:00,7.3
2024-04-01 03:30:00,7.5
2024-04-01 03:45:00,7.6
2024-04-01 04:00:00,7.6
2024-04-01 04:15:00,7.4
2024-04-01 04:30:00,7.5
2024-04-01 04:45:00,7.5
2024-04-01 05:00:00,9.75230747491661
2024-04-01 05:15:00,9.75230747491661
2024-04-01 05:30:00,9.652307474916608
2024-04-01 05:45:00,7.6
2024-04-01 06:00:00,7.6
2024-04-01 06:15:00,7.4
2024-04-01 06:30:00,7.5
2024-04-01 06:45:00,7.5
2024-04-01 07:00:00,7.3
2024-04-01 07:15:00,7.5
2024-04-01 07:30:00,7.8
2024-04-01 07:45:00,7.5
2024-04-01 08:00:00,7.3
2024-04-01 08:15:00,7.5
2024-04-01 08:30:00,7.4
2024-04-01 08:45:00,7.5
2024-04-01 09:00:00,7.4
2024-04-01 09:15:00,7.5
2024-04-01 09:30:00,7.4
2024-04-01 09:45:00,7.3
2024-04-01 10:00:00,7.4
2024-04-01 10:15:00,7.6
2024-04-01 10:30:00,7.6
2024-04-01 10:45:00,
2024-04-01 11:00:00,
2024-04-01 11:15:00,
2024-04-01 11:30:00,
2024-04-01 11:45:00,
2024-04-01 12:00:00,
2024-04-01 12:15:00,
2024-04-01 12:30:00,
2024-04-01 12:45:00,
2024-04-01 13:00:00,
2024-04-01 13:15:00,
2024-04-01 13:30:00,
2024-04-01 13:45:00,
2024-04-01 14:00:00,
2024-04-01 14:15:00,
2024-04-01 14:30:00,
2024-04-01 14:45:00,
2024-04-01 15:00:00,
2024-04-01 15:15:00,
2024-04-01 15:30:00,7.5
2024-04-01 15:45:00,7.4
2024-04-01 16:00:00,7.4
2024-04-01 16:15:00,7.4
2024-04-01 16:30:00,7.4
2024-04-01 16:45:00,7.2
2024-04-01 17:00:00,7.2
2024-04-01 17:15:00,7.4
2024-04-01 17:30:00,7.2
2024-04-01 17:45:00,7.2
2024-04-01 18:00:00,7.5
2024-04-01 18:15:00,7.3
2024-04-01 18:30:00,7.3
2024-04-01 18:45:00,7.2
2024-04-01 19:00:00,7.3
2024-04-01 19:15:00,7.3
2024-04-01 19:30:00,7.4
2024-04-01 19:45:00,7.4
2024-04-01 20:00:00,7.0
2024-04-01 20:15:00,7.2
2024-04-01 20:30:00,7.1
2024-04-01 20:45:00,7.2
2024-04-01 21:00:00,7.3
2024-04-01 21:15:00,7.0
2024-04-01 21:30:00,7.2
2024-04-01 21:45:00,7.801401968933393
2024-04-01 22:00:00,7.2
2024-04-01 22:15:00,7.2
2024-04-01 22:30:00,7.0
2024-04-01 22:45:00,7.2
2024-04-01 23:00:00,7.2
2024-04-01 23:15:00,7.1
2024-04-01 23:30:00,7.1
2024-04-01 23:45:00,7.1
2024-04-02 00:00:00,7.1
2024-04-02 00:15:00,7.1
2024-04-02 00:30:00,7.3
2024-04-02 00:45:00,7.1
2024-04-02 01:00:00,7.2
2024-04-02 01:15:00,7.1
2024-04-02 01:30:00,7.3
2024-04-02 01:45:00,7.2
2024-04-02 02:00:00,7.2
2024-04-02 02:15:00,7.3
2024-04-02 02:30:00,7.0
2024-04-02 02:45:00,7.2
2024-04-02 03:00:00,7.1
2024-04-02 03:15:00,7.4
2024-04-02 03:30:00,7.2
2024-04-02 03:45:00,7.2
2024-04-02 04:00:00,7.2
2024-04-02 04:15:00,7.3
2024-04-02 04:30:00,7.2
2024-04-02 04:45:00,7.2
2024-04-02 05:00:00,7.3
2024-04-02 05:15:00,7.2
2024-04-02 05:30:00,7.2
2024-04-02 05:45:00,7.2
2024-04-02 06:00:00,7.2
2024-04-02 06:15:00,7.4
2024-04-02 06:30:00,7.3
2024-04-02 06:45:00,7.2
2024-04-02 07:00:00,7.3
2024-04-02 07:15:00,7.3
2024-04-02 07:30:00,7.3
2024-04-02 07:45:00,7.3
2024-04-02 08:00:00,7.3
2024-04-02 08:15:00,7.2
2024-04-02 08:30:00,7.3
2024-04-02 08:45:00,7.4
2024-04-02 09:00:00,7.4
2024-04-02 09:15:00,7.3
2024-04-02 09:30:00,7.3
2024-04-02 09:45:00,7.5
2024-04-02 10:00:00,7.3
2024-04-02 10:15:00,7.2
2024-04-02 10:30:00,7.2
2024-04-02 10:45:00,7.4
2024-04-02 11:00:00,7.2
2024-04-02 11:15:00,7.3
2024-04-02 11:30:00,7.3
2024-04-02 11:45:00,7.3
2024-04-02 12:00:00,7.3
2024-04-02 12:15:00,7.3
2024-04-02 12:30:00,7.3
2024-04-02 12:45:00,7.3
2024-04-02 13:00:00,7.1
2024-04-02 13:15:00,7.2
2024-04-02 13:30:00,7.2
2024-04-02 13:45:00,7.3
2024-04-02 14:00:00,7.3
2024-04-02 14:15:00,7.2
2024-04-02 14:30:00,7.3
2024-04-02 14:45:00,7.3
2024-04-02 15:00:00,7.3
2024-04-02 15:15:00,7.1
2024-04-02 15:30:00,7.2
2024-04-02 15:45:00,7.2
2024-04-02 16:00:00,7.0
2024-04-02 16:15:00,7.2
2024-04-02 16:30:00,7.1
2024-04-02 16:45:00,7.0
2024-04-02 17:00:00,7.1
2024-04-02 17:15:00,7.1
2024-04-02 17:30:00,7.0
2024-04-02 17:45:00,6.9
2024-04-02 18:00:00,6.9
2024-04-02 18:15:00,7.0
2024-04-02 18:30:00,7.0
2024-04-02 18:45:00,7.0
2024-04-02 19:00:00,7.1
2024-04-02 19:15:00,7.0
2024-04-02 19:30:00,6.8
2024-04-02 19:45:00,6.9
2024-04-02 20:00:00,7.0
2024-04-02 20:15:00,6.9
2024-04-02 20:30:00,6.9
2024-04-02 20:45:00,6.8
2024-04-02 21:00:00,6.9
2024-04-02 21:15:00,7.0
2024-04-02 21:30:00,6.9
2024-04-02 21:45:00,6.9
2024-04-02 22:00:00,6.8
2024-04-02 22:15:00,6.8
2024-04-02 22:30:00,6.8
2024-04-02 22:45:00,7.0
2024-04-02 23:00:00,7.0
2024-04-02 23:15:00,6.7
2024-04-02 23:30:00,6.8
2024-04-02 23:45:00,6.8
2024-04-03 00:00:00,7.0
2024-04-03 00:15:00,6.6
2024-04-03 00:30:00,6.8
2024-04-03 00:45:00,6.8
2024-04-03 01:00:00,6.8
2024-04-03 01:15:00,6.7
2024-04-03 01:30:00,6.8
2024-04-03 01:45:00,6.8
2024-04-03 02:00:00,6.8
2024-04-03 02:15:00,2.9592978793608378
2024-04-03 02:30:00,2.9592978793608378
2024-04-03 02:45:00,2.659297879360837
2024-04-03 03:00:00,7.0
2024-04-03 03:15:00,6.8
2024-04-03 03:30:00,6.8
2024-04-03 03:45:00,6.9
2024-04-03 04:00:00,6.9
2024-04-03 04:15:00,6.8
2024-04-03 04:30:00,6.8
2024-04-03 04:45:00,8.908029799083344
2024-04-03 05:00:00,8.908029799083344
2024-04-03 05:15:00,6.8
2024-04-03 05:30:00,7.0
2024-04-03 05:45:00,6.9
2024-04-03 06:00:00,6.8
2024-04-03 06:15:00,6.7
2024-04-03 06:30:00,6.8
2024-04-03 06:45:00,6.7
2024-04-03 07:00:00,6.9
2024-04-03 07:15:00,6.9
2024-04-03 07:30:00,7.0
2024-04-03 07:45:00,6.9
2024-04-03 08:00:00,6.8
2024-04-03 08:15:00,7.0
2024-04-03 08:30:00,7.0
2024-04-03 08:45:00,7.1
2024-04-03 09:00:00,6.7
2024-04-03 09:15:00,7.0
2024-04-03 09:30:00,7.0
2024-04-03 09:45:00,7.3
2024-04-03 10:00:00,6.8
2024-04-03 10:15:00,6.8
2024-04-03 10:30:00,6.8
2024-04-03 10:45:00,7.0
2024-04-03 11:00:00,6.8
2024-04-03 11:15:00,6.8
2024-04-03 11:30:00,7.0
2024-04-03 11:45:00,6.9
2024-04-03 12:00:00,7.0
2024-04-03 12:15:00,10.005829363499178
2024-04-03 12:30:00,10.405829363499178
2024-04-03 12:45:00,10.405829363499178
2024-04-03 13:00:00,7.1
2024-04-03 13:15:00,7.0
2024-04-03 13:30:00,6.8
2024-04-03 13:45:00,6.9
2024-04-03 14:00:00,6.8
2024-04-03 14:15:00,6.9
2024-04-03 14:30:00,7.0
2024-04-03 14:45:00,6.9
2024-04-03 15:00:00,6.9
2024-04-03 15:15:00,6.9
2024-04-03 15:30:00,6.8
2024-04-03 15:45:00,6.7
2024-04-03 16:00:00,6.8
2024-04-03 16:15:00,6.7
2024-04-03 16:30:00,6.8
2024-04-03 16:45:00,6.8
2024-04-03 17:00:00,6.7
2024-04-03 17:15:00,6.7
2024-04-03 17:30:00,6.6
2024-04-03 17:45:00,6.8
2024-04-03 18:00:00,6.4
2024-04-03 18:15:00,6.6
2024-04-03 18:30:00,6.7
2024-04-03 18:45:00,6.6
2024-04-03 19:00:00,6.4
2024-04-03 19:15:00,6.3
2024-04-03 19:30:00,6.4
2024-04-03 19:45:00,6.4
2024-04-03 20:00:00,6.5
2024-04-03 20:15:00,6.6
2024-04-03 20:30:00,6.4
2024-04-03 20:45:00,6.4
2024-04-03 21:00:00,6.5
2024-04-03 21:15:00,6.9
2024-04-03 21:30:00,6.4
2024-04-03 21:45:00,6.6
2024-04-03 22:00:00,6.3
2024-04-03 22:15:00,6.3
2024-04-03 22:30:00,6.2
2024-04-03 22:45:00,6.4
2024-04-03 23:00:00,6.3
2024-04-03 23:15:00,6.2
2024-04-03 23:30:00,6.3
2024-04-03 23:45:00,6.2
2024-04-04 00:00:00,6.2
2024-04-04 00:15:00,6.1
2024-04-04 00:30:00,6.4
2024-04-04 00:45:00,6.3
2024-04-04 01:00:00,6.1
2024-04-04 01:15:00,6.3
2024-04-04 01:30:00,6.3
2024-04-04 01:45:00,6.1
2024-04-04 02:00:00,6.2
2024-04-04 02:15:00,6.4
2024-04-04 02:30:00,6.2
2024-04-04 02:45:00,6.1
2024-04-04 03:00:00,6.2
2024-04-04 03:15:00,6.3
2024-04-04 03:30:00,6.2
2024-04-04 03:45:00,6.2
2024-04-04 04:00:00,6.4
2024-04-04 04:15:00,6.4
2024-04-04 04:30:00,6.3
2024-04-04 04:45:00,6.2
2024-04-04 05:00:00,6.1
2024-04-04 05:15:00,10.703610760497668
2024-04-04 05:30:00,10.503610760497669
2024-04-04 05:45:00,10.403610760497669
2024-04-04 06:00:00,6.0
2024-04-04 06:15:00,6.0
2024-04-04 06:30:00,
2024-04-04 06:45:00,6.4
2024-04-04 07:00:00,6.2
2024-04-04 07:15:00,6.3
2024-04-04 07:30:00,6.1
2024-04-04 07:45:00,6.2
2024-04-04 08:00:00,6.2
2024-04-04 08:15:00,6.1
2024-04-04 08:30:00,6.2
2024-04-04 08:45:00,6.3
2024-04-04 09:00:00,6.2
2024-04-04 09:15:00,6.2
2024-04-04 09:30:00,6.2
2024-04-04 09:45:00,6.2
2024-04-04 10:00:00,6.3
2024-04-04 10:15:00,6.3
2024-04-04 10:30:00,6.3
2024-04-04 10:45:00,6.1
2024-04-04 11:00:00,6.5
2024-04-04 11:15:00,6.2
2024-04-04 11:30:00,6.1
2024-04-04 11:45:00,6.2
2024-04-04 12:00:00,6.2
2024-04-04 12:15:00,6.1
2024-04-04 12:30:00,
2024-04-04 12:45:00,
2024-04-04 13:00:00,
2024-04-04 13:15:00,
2024-04-04 13:30:00,
2024-04-04 13:45:00,
2024-04-04 14:00:00,
2024-04-04 14:15:00,
2024-04-04 14:30:00,
2024-04-04 14:45:00,
2024-04-04 15:00:00,
2024-04-04 15:15:00,
2024-04-04 15:30:00,
2024-04-04 15:45:00,
2024-04-04 16:00:00,
2024-04-04 16:15:00,5.9
2024-04-04 16:30:00,6.1
2024-04-04 16:45:00,6.1
2024-04-04 17:00:00,6.1
2024-04-04 17:15:00,6.2
2024-04-04 17:30:00,6.1
2024-04-04 17:45:00,6.0
2024-04-04 18:00:00,6.0
2024-04-04 18:15:00,6.0
2024-04-04 18:30:00,
2024-04-04 18:45:00,
2024-04-04 19:00:00,
2024-04-04 19:15:00,
2024-04-04 19:30:00,
2024-04-04 19:45:00,
2024-04-04 20:00:00,
2024-04-04 20:15:00,
2024-04-04 20:30:00,
2024-04-04 20:45:00,
2024-04-04 21:00:00,
2024-04-04 21:15:00,
2024-04-04 21:30:00,
2024-04-04 21:45:00,
2024-04-04 22:00:00,
2024-04-04 22:15:00,
2024-04-04 22:30:00,
2024-04-04 22:45:00,
2024-04-04 23:00:00,
2024-04-04 23:15:00,5.8
2024-04-04 23:30:00,5.9
2024-04-04 23:45:00,5.8
2024-04-05 00:00:00,6.0
2024-04-05 00:15:00,6.0
2024-04-05 00:30:00,5.9
2024-04-05 00:45:00,5.7
2024-04-05 01:00:00,5.8
2024-04-05 01:15:00,5.8
2024-04-05 01:30:00,5.8
2024-04-05 01:45:00,5.9
2024-04-05 02:00:00,6.0
2024-04-05 02:15:00,6.0
2024-04-05 02:30:00,5.7
2024-04-05 02:45:00,6.0
2024-04-05 03:00:00,5.9
2024-04-05 03:15:00,5.9
2024-04-05 03:30:00,5.8
2024-04-05 03:45:00,5.9
2024-04-05 04:00:00,6.1
2024-04-05 04:15:00,5.9
2024-04-05 04:30:00,6.1
2024-04-05 04:45:00,5.8
2024-04-05 05:00:00,5.7
2024-04-05 05:15:00,5.8
2024-04-05 05:30:00,5.7
2024-04-05 05:45:00,5.9
2024-04-05 06:00:00,6.0
2024-04-05 06:15:00,6.0
2024-04-05 06:30:00,6.2
2024-04-05 06:45:00,6.0
2024-04-05 07:00:00,6.0
2024-04-05 07:15:00,6.0
2024-04-05 07:30:00,6.0
2024-04-05 07:45:00,5.9
2024-04-05 08:00:00,5.032539272765105
2024-04-05 08:15:00,6.0
2024-04-05 08:30:00,5.8
2024-04-05 08:45:00,5.9
2024-04-05 09:00:00,5.9
2024-04-05 09:15:00,6.0
2024-04-05 09:30:00,6.0
2024-04-05 09:45:00,5.9
2024-04-05 10:00:00,5.9
2024-04-05 10:15:00,5.9
2024-04-05 10:30:00,5.9
2024-04-05 10:45:00,6.0
2024-04-05 11:00:00,6.1
2024-04-05 11:15:00,6.1
2024-04-05 11:30:00,5.9
2024-04-05 11:45:00,5.9
2024-04-05 12:00:00,6.0
2024-04-05 12:15:00,6.0
2024-04-05 12:30:00,5.9
2024-04-05 12:45:00,6.0
2024-04-05 13:00:00,6.0
2024-04-05 13:15:00,5.9
2024-04-05 13:30:00,6.1
2024-04-05 13:45:00,6.1
2024-04-05 14:00:00,5.9
2024-04-05 14:15:00,6.1
2024-04-05 14:30:00,6.2
2024-04-05 14:45:00,6.0
2024-04-05 15:00:00,5.9
2024-04-05 15:15:00,6.1
2024-04-05 15:30:00,5.9
2024-04-05 15:45:00,6.0
2024-04-05 16:00:00,6.2
2024-04-05 16:15:00,6.2
2024-04-05 16:30:00,6.0
2024-04-05 16:45:00,6.0
2024-04-05 17:00:00,5.9
2024-04-05 17:15:00,6.2
2024-04-05 17:30:00,6.4
2024-04-05 17:45:00,6.0
2024-04-05 18:00:00,5.9
2024-04-05 18:15:00,6.0
2024-04-05 18:30:00,5.8
2024-04-05 18:45:00,5.9
2024-04-05 19:00:00,6.0
2024-04-05 19:15:00,5.9
2024-04-05 19:30:00,5.7
2024-04-05 19:45:00,5.9
2024-04-05 20:00:00,6.0
2024-04-05 20:15:00,5.6
2024-04-05 20:30:00,5.9
2024-04-05 20:45:00,5.8
2024-04-05 21:00:00,5.7
2024-04-05 21:15:00,5.7
2024-04-05 21:30:00,5.7
2024-04-05 21:45:00,5.8
2024-04-05 22:00:00,5.7
2024-04-05 22:15:00,5.7
2024-04-05 22:30:00,5.9
2024-04-05 22:45:00,5.7
2024-04-05 23:00:00,8.19264883812066
2024-04-05 23:15:00,5.8
2024-04-05 23:30:00,5.6
2024-04-05 23:45:00,5.9
2024-04-06 00:00:00,5.5
2024-04-06 00:15:00,5.8
2024-04-06 00:30:00,5.7
2024-04-06 00:45:00,5.7
2024-04-06 01:00:00,5.8
2024-04-06 01:15:00,5.6
2024-04-06 01:30:00,5.6
2024-04-06 01:45:00,5.8
2024-04-06 02:00:00,5.7
2024-04-06 02:15:00,5.9
2024-04-06 02:30:00,5.8
2024-04-06 02:45:00,5.8
2024-04-06 03:00:00,5.8
2024-04-06 03:15:00,5.8
2024-04-06 03:30:00,5.9
2024-04-06 03:45:00,5.7
2024-04-06 04:00:00,5.7
2024-04-06 04:15:00,5.7
2024-04-06 04:30:00,5.8
2024-04-06 04:45:00,5.7
2024-04-06 05:00:00,5.6
2024-04-06 05:15:00,5.8
2024-04-06 05:30:00,5.7
2024-04-06 05:45:00,5.9
2024-04-06 06:00:00,5.8
2024-04-06 06:15:00,5.9
2024-04-06 06:30:00,5.9
2024-04-06 06:45:00,5.9
2024-04-06 07:00:00,6.0
2024-04-06 07:15:00,5.7
2024-04-06 07:30:00,5.9
2024-04-06 07:45:00,5.9
2024-04-06 08:00:00,5.8
2024-04-06 08:15:00,6.0
2024-04-06 08:30:00,6.0
2024-04-06 08:45:00,5.9
2024-04-06 09:00:00,6.0
2024-04-06 09:15:00,5.9
2024-04-06 09:30:00,5.8
2024-04-06 09:45:00,6.1
2024-04-06 10:00:00,6.0
2024-04-06 10:15:00,6.0
2024-04-06 10:30:00,6.1
2024-04-06 10:45:00,6.1
2024-04-06 11:00:00,6.0
2024-04-06 11:15:00,5.9
2024-04-06 11:30:00,6.3
2024-04-06 11:45:00,6.1
2024-04-06 12:00:00,6.1
2024-04-06 12:15:00,6.0
2024-04-06 12:30:00,6.1
2024-04-06 12:45:00,6.1
2024-04-06 13:00:00,6.1
2024-04-06 13:15:00,6.0
2024-04-06 13:30:00,6.0
2024-04-06 13:45:00,6.1
2024-04-06 14:00:00,6.1
2024-04-06 14:15:00,6.1
2024-04-06 14:30:00,6.2
2024-04-06 14:45:00,6.3
2024-04-06 15:00:00,6.2
2024-04-06 15:15:00,6.2
2024-04-06 15:30:00,6.5
2024-04-06 15:45:00,6.2
2024-04-06 16:00:00,6.2
2024-04-06 16:15:00,6.4
2024-04-06 16:30:00,6.1
2024-04-06 16:45:00,6.3
2024-04-06 17:00:00,6.3
2024-04-06 17:15:00,6.3
2024-04-06 17:30:00,6.3
2024-04-06 17:45:00,6.3
2024-04-06 18:00:00,6.3
2024-04-06 18:15:00,6.4
2024-04-06 18:30:00,6.4
2024-04-06 18:45:00,
2024-04-06 19:00:00,
2024-04-06 19:15:00,
2024-04-06 19:30:00,6.6
2024-04-06 19:45:00,6.5
2024-04-06 20:00:00,6.3
2024-04-06 20:15:00,6.5
2024-04-06 20:30:00,6.6
2024-04-06 20:45:00,6.5
2024-04-06 21:00:00,6.6
2024-04-06 21:15:00,6.5
2024-04-06 21:30:00,6.8
2024-04-06 21:45:00,6.8
2024-04-06 22:00:00,6.6
2024-04-06 22:15:00,6.5
2024-04-06 22:30:00,6.5
2024-04-06 22:45:00,6.4
2024-04-06 23:00:00,6.6
2024-04-06 23:15:00,6.8
2024-04-06 23:30:00,6.6
2024-04-06 23:45:00,6.7
2024-04-07 00:00:00,6.7
2024-04-07 00:15:00,6.7
2024-04-07 00:30:00,6.7
2024-04-07 00:45:00,6.6
2024-04-07 01:00:00,6.7
2024-04-07 01:15:00,6.6
2024-04-07 01:30:00,6.6
2024-04-07 01:45:00,6.7
2024-04-07 02:00:00,6.7
2024-04-07 02:15:00,6.7
2024-04-07 02:30:00,6.6
2024-04-07 02:45:00,6.6
2024-04-07 03:00:00,6.6
2024-04-07 03:15:00,6.6
2024-04-07 03:30:00,6.6
2024-04-07 03:45:00,6.6
2024-04-07 04:00:00,6.6
2024-04-07 04:15:00,6.7
2024-04-07 04:30:00,6.7
2024-04-07 04:45:00,6.7
2024-04-07 05:00:00,6.8
2024-04-07 05:15:00,6.8
2024-04-07 05:30:00,6.7
2024-04-07 05:45:00,6.8
2024-04-07 06:00:00,6.6
2024-04-07 06:15:00,6.6
2024-04-07 06:30:00,6.6
2024-04-07 06:45:00,6.8
2024-04-07 07:00:00,6.5
2024-04-07 07:15:00,6.8
2024-04-07 07:30:00,6.8
2024-04-07 07:45:00,6.6
2024-04-07 08:00:00,6.6
2024-04-07 08:15:00,6.6
2024-04-07 08:30:00,6.6
2024-04-07 08:45:00,6.7
2024-04-07 09:00:00,6.7
2024-04-07 09:15:00,6.6
2024-04-07 09:30:00,6.7
2024-04-07 09:45:00,6.8
2024-04-07 10:00:00,6.9
2024-04-07 10:15:00,9.868833634137829
2024-04-07 10:30:00,10.068833634137828
2024-04-07 10:45:00,10.068833634137828
2024-04-07 11:00:00,6.8
2024-04-07 11:15:00,6.9
2024-04-07 11:30:00,6.8
2024-04-07 11:45:00,6.8
2024-04-07 12:00:00,6.8
2024-04-07 12:15:00,6.8
2024-04-07 12:30:00,6.8
2024-04-07 12:45:00,7.0
2024-04-07 13:00:00,7.1
2024-04-07 13:15:00,7.0
2024-04-07 13:30:00,7.1
2024-04-07 13:45:00,7.0
2024-04-07 14:00:00,7.0
2024-04-07 14:15:00,7.2
2024-04-07 14:30:00,7.1
2024-04-07 14:45:00,7.1
2024-04-07 15:00:00,7.1
2024-04-07 15:15:00,7.0
2024-04-07 15:30:00,7.2
2024-04-07 15:45:00,6.9
2024-04-07 16:00:00,7.0
2024-04-07 16:15:00,7.3
2024-04-07 16:30:00,7.2
2024-04-07 16:45:00,7.0
2024-04-07 17:00:00,7.2
2024-04-07 17:15:00,7.3
2024-04-07 17:30:00,7.2
2024-04-07 17:45:00,7.1
2024-04-07 18:00:00,7.4
2024-04-07 18:15:00,7.3
2024-04-07 18:30:00,7.3
2024-04-07 18:45:00,7.2
2024-04-07 19:00:00,7.3
2024-04-07 19:15:00,7.2
2024-04-07 19:30:00,7.1
2024-04-07 19:45:00,7.1
2024-04-07 20:00:00,7.3
2024-04-07 20:15:00,7.3
2024-04-07 20:30:00,7.2
2024-04-07 20:45:00,7.1
2024-04-07 21:00:00,7.0
2024-04-07 21:15:00,7.2
2024-04-07 21:30:00,7.0
2024-04-07 21:45:00,7.0
2024-04-07 22:00:00,6.9
2024-04-07 22:15:00,7.2
2024-04-07 22:30:00,7.2
2024-04-07 22:45:00,7.1
2024-04-07 23:00:00,7.1
2024-04-07 23:15:00,7.1
2024-04-07 23:30:00,7.0
2024-04-07 23:45:00,7.1
2024-04-08 00:00:00,7.0
2024-04-08 00:15:00,6.9
2024-04-08 00:30:00,7.3
2024-04-08 00:45:00,6.9
2024-04-08 01:00:00,7.1
2024-04-08 01:15:00,7.2
2024-04-08 01:30:00,8.938538157582276
2024-04-08 01:45:00,9.038538157582275
2024-04-08 02:00:00,8.938538157582276
2024-04-08 02:15:00,8.838538157582276
2024-04-08 02:30:00,8.838538157582276
2024-04-08 02:45:00,8.938538157582276
2024-04-08 03:00:00,9.038538157582275
2024-04-08 03:15:00,8.738538157582276
2024-04-08 03:30:00,8.938538157582276
2024-04-08 03:45:00,9.138538157582275
2024-04-08 04:00:00,9.038538157582275
2024-04-08 04:15:00,9.138538157582275
2024-04-08 04:30:00,9.038538157582275
2024-04-08 04:45:00,9.038538157582275
2024-04-08 05:00:00,9.238538157582276
2024-04-08 05:15:00,8.938538157582276
2024-04-08 05:30:00,8.938538157582276
2024-04-08 05:45:00,8.938538157582276
2024-04-08 06:00:00,9.038538157582275
2024-04-08 06:15:00,8.938538157582276
2024-04-08 06:30:00,9.138538157582275
2024-04-08 06:45:00,9.138538157582275
2024-04-08 07:00:00,9.038538157582275
2024-04-08 07:15:00,8.838538157582276
2024-04-08 07:30:00,8.938538157582276
2024-04-08 07:45:00,9.138538157582275
2024-04-08 08:00:00,8.938538157582276
2024-04-08 08:15:00,9.138538157582275
2024-04-08 08:30:00,9.138538157582275
2024-04-08 08:45:00,9.238538157582276
2024-04-08 09:00:00,9.038538157582275
2024-04-08 09:15:00,9.238538157582276
2024-04-08 09:30:00,8.938538157582276
2024-04-08 09:45:00,9.138538157582275
2024-04-08 10:00:00,9.138538157582275
2024-04-08 10:15:00,9.138538157582275
2024-04-08 10:30:00,9.138538157582275
2024-04-08 10:45:00,9.238538157582276
2024-04-08 11:00:00,9.138538157582275
2024-04-08 11:15:00,9.038538157582275
2024-04-08 11:30:00,9.038538157582275
2024-04-08 11:45:00,9.038538157582275
2024-04-08 12:00:00,9.138538157582275
2024-04-08 12:15:00,9.038538157582275
2024-04-08 12:30:00,9.238538157582276
2024-04-08 12:45:00,9.138538157582275
2024-04-08 13:00:00,9.038538157582275
2024-04-08 13:15:00,9.038538157582275
2024-04-08 13:30:00,9.238538157582276
2024-04-08 13:45:00,9.238538157582276
2024-04-08 14:00:00,9.038538157582275
2024-04-08 14:15:00,9.038538157582275
2024-04-08 14:30:00,8.938538157582276
2024-04-08 14:45:00,9.038538157582275
2024-04-08 15:00:00,9.138538157582275
2024-04-08 15:15:00,8.938538157582276
2024-04-08 15:30:00,9.138538157582275
2024-04-08 15:45:00,8.838538157582276
2024-04-08 16:00:00,8.838538157582276
2024-04-08 16:15:00,9.038538157582275
2024-04-08 16:30:00,8.738538157582276
2024-04-08 16:45:00,9.138538157582275
2024-04-08 17:00:00,9.138538157582275
2024-04-08 17:15:00,9.038538157582275
2024-04-08 17:30:00,8.838538157582276
2024-04-08 17:45:00,9.138538157582275
2024-04-08 18:00:00,8.938538157582276
2024-04-08 18:15:00,8.838538157582276
2024-04-08 18:30:00,8.938538157582276
2024-04-08 18:45:00,8.938538157582276
2024-04-08 19:00:00,8.738538157582276
2024-04-08 19:15:00,8.738538157582276
2024-04-08 19:30:00,8.738538157582276
2024-04-08 19:45:00,8.838538157582276
2024-04-08 20:00:00,8.838538157582276
2024-04-08 20:15:00,8.838538157582276
2024-04-08 20:30:00,8.638538157582275
2024-04-08 20:45:00,8.838538157582276
2024-04-08 21:00:00,8.738538157582276
2024-04-08 21:15:00,8.638538157582275
2024-04-08 21:30:00,8.638538157582275
2024-04-08 21:45:00,8.638538157582275
2024-04-08 22:00:00,8.438538157582276
2024-04-08 22:15:00,8.838538157582276
2024-04-08 22:30:00,8.538538157582275
2024-04-08 22:45:00,8.738538157582276
2024-04-08 23:00:00,8.738538157582276
2024-04-08 23:15:00,8.838538157582276
2024-04-08 23:30:00,8.838538157582276
2024-04-08 23:45:00,8.438538157582276
2024-04-09 00:00:00,8.438538157582276
2024-04-09 00:15:00,8.638538157582275
2024-04-09 00:30:00,8.638538157582275
2024-04-09 00:45:00,8.538538157582275
2024-04-09 01:00:00,8.638538157582275
2024-04-09 01:15:00,8.638538157582275
2024-04-09 01:30:00,8.638538157582275
2024-04-09 01:45:00,8.438538157582276
2024-04-09 02:00:00,8.438538157582276
2024-04-09 02:15:00,8.438538157582276
2024-04-09 02:30:00,8.538538157582275
2024-04-09 02:45:00,8.538538157582275
2024-04-09 03:00:00,8.638538157582275
2024-04-09 03:15:00,8.438538157582276
2024-04-09 03:30:00,8.438538157582276
2024-04-09 03:45:00,8.538538157582275
2024-04-09 04:00:00,8.638538157582275
2024-04-09 04:15:00,8.438538157582276
2024-04-09 04:30:00,8.638538157582275
2024-04-09 04:45:00,8.438538157582276
2024-04-09 05:00:00,8.538538157582275
2024-04-09 05:15:00,8.438538157582276
2024-04-09 05:30:00,8.338538157582276
2024-04-09 05:45:00,8.438538157582276
2024-04-09 06:00:00,8.438538157582276
2024-04-09 06:15:00,8.738538157582276
2024-04-09 06:30:00,8.538538157582275
2024-04-09 06:45:00,8.538538157582275
2024-04-09 07:00:00,8.438538157582276
2024-04-09 07:15:00,8.338538157582276
2024-04-09 07:30:00,8.438538157582276
2024-04-09 07:45:00,8.438538157582276
2024-04-09 08:00:00,8.538538157582275
2024-04-09 08:15:00,8.538538157582275
2024-04-09 08:30:00,8.338538157582276
2024-04-09 08:45:00,8.538538157582275
2024-04-09 09:00:00,8.438538157582276
2024-04-09 09:15:00,8.638538157582275
2024-04-09 09:30:00,8.538538157582275
2024-04-09 09:45:00,8.338538157582276
2024-04-09 10:00:00,8.538538157582275
2024-04-09 10:15:00,8.538538157582275
2024-04-09 10:30:00,8.238538157582276
2024-04-09 10:45:00,8.438538157582276
2024-04-09 11:00:00,8.438538157582276
2024-04-09 11:15:00,8.238538157582276
2024-04-09 11:30:00,8.338538157582276
2024-04-09 11:45:00,8.238538157582276
2024-04-09 12:00:00,8.338538157582276
2024-04-09 12:15:00,8.438538157582276
2024-04-09 12:30:00,8.338538157582276
2024-04-09 12:45:00,8.438538157582276
2024-04-09 13:00:00,8.338538157582276
2024-04-09 13:15:00,8.238538157582276
2024-04-09 13:30:00,8.238538157582276
2024-04-09 13:45:00,8.438538157582276
2024-04-09 14:00:00,8.338538157582276
2024-04-09 14:15:00,8.438538157582276
2024-04-09 14:30:00,8.138538157582275
2024-04-09 14:45:00,8.438538157582276
2024-04-09 15:00:00,8.238538157582276
2024-04-09 15:15:00,8.338538157582276
2024-04-09 15:30:00,8.138538157582275
2024-04-09 15:45:00,8.138538157582275
2024-04-09 16:00:00,8.338538157582276
2024-04-09 16:15:00,8.038538157582275
2024-04-09 16:30:00,8.138538157582275
2024-04-09 16:45:00,8.138538157582275
2024-04-09 17:00:00,8.138538157582275
2024-04-09 17:15:00,8.038538157582275
2024-04-09 17:30:00,8.038538157582275
2024-04-09 17:45:00,7.938538157582275
2024-04-09 18:00:00,7.938538157582275
2024-04-09 18:15:00,7.838538157582275
2024-04-09 18:30:00,7.838538157582275
2024-04-09 18:45:00,7.938538157582275
2024-04-09 19:00:00,7.938538157582275
2024-04-09 19:15:00,8.038538157582275
2024-04-09 19:30:00,7.838538157582275
2024-04-09 19:45:00,7.838538157582275
2024-04-09 20:00:00,8.038538157582275
2024-04-09 20:15:00,7.838538157582275
2024-04-09 20:30:00,7.838538157582275
2024-04-09 20:45:00,7.738538157582275
2024-04-09 21:00:00,7.838538157582275
2024-04-09 21:15:00,7.738538157582275
2024-04-09 21:30:00,7.738538157582275
2024-04-09 21:45:00,7.838538157582275
2024-04-09 22:00:00,7.538538157582275
2024-04-09 22:15:00,7.738538157582275
2024-04-09 22:30:00,7.838538157582275
2024-04-09 22:45:00,7.538538157582275
2024-04-09 23:00:00,7.638538157582275
2024-04-09 23:15:00,7.638538157582275
2024-04-09 23:30:00,7.738538157582275
2024-04-09 23:45:00,7.738538157582275
2024-04-10 00:00:00,7.738538157582275
2024-04-10 00:15:00,7.638538157582275
2024-04-10 00:30:00,7.738538157582275
2024-04-10 00:45:00,7.738538157582275
2024-04-10 01:00:00,7.638538157582275
2024-04-10 01:15:00,7.638538157582275
2024-04-10 01:30:00,7.638538157582275
2024-04-10 01:45:00,7.438538157582275
2024-04-10 02:00:00,7.638538157582275
2024-04-10 02:15:00,7.638538157582275
2024-04-10 02:30:00,7.538538157582275
2024-04-10 02:45:00,7.738538157582275
2024-04-10 03:00:00,7.638538157582275
2024-04-10 03:15:00,7.638538157582275
2024-04-10 03:30:00,7.638538157582275
2024-04-10 03:45:00,7.638538157582275
2024-04-10 04:00:00,7.538538157582275
2024-04-10 04:15:00,7.638538157582275
2024-04-10 04:30:00,7.838538157582275
2024-04-10 04:45:00,7.638538157582275
2024-04-10 05:00:00,7.538538157582275
2024-04-10 05:15:00,7.738538157582275
2024-04-10 05:30:00,7.738538157582275
2024-04-10 05:45:00,7.638538157582275
2024-04-10 06:00:00,7.638538157582275
2024-04-10 06:15:00,7.638538157582275
2024-04-10 06:30:00,7.638538157582275
2024-04-10 06:45:00,7.738538157582275
2024-04-10 07:00:00,7.638538157582275
2024-04-10 07:15:00,7.638538157582275
2024-04-10 07:30:00,7.638538157582275
2024-04-10 07:45:00,7.738538157582275
2024-04-10 08:00:00,7.638538157582275
2024-04-10 08:15:00,7.638538157582275
2024-04-10 08:30:00,7.638538157582275
2024-04-10 08:45:00,7.638538157582275
2024-04-10 09:00:00,7.638538157582275
2024-04-10 09:15:00,7.738538157582275
2024-04-10 09:30:00,5.9
2024-04-10 09:45:00,5.8
2024-04-10 10:00:00,5.7
2024-04-10 10:15:00,5.9
2024-04-10 10:30:00,5.7
2024-04-10 10:45:00,5.9
2024-04-10 11:00:00,5.7
2024-04-10 11:15:00,5.7
2024-04-10 11:30:00,6.0
2024-04-10 11:45:00,5.9
2024-04-10 12:00:00,5.8
2024-04-10 12:15:00,5.8
2024-04-10 12:30:00,5.6
2024-04-10 12:45:00,5.9
2024-04-10 13:00:00,5.8
2024-04-10 13:15:00,5.8
2024-04-10 13:30:00,5.8
2024-04-10 13:45:00,5.7
2024-04-10 14:00:00,5.8
2024-04-10 14:15:00,5.7
2024-04-10 14:30:00,5.8
2024-04-10 14:45:00,5.7
2024-04-10 15:00:00,5.7
2024-04-10 15:15:00,5.6
2024-04-10 15:30:00,5.6
2024-04-10 15:45:00,5.7
2024-04-10 16:00:00,5.7
2024-04-10 16:15:00,5.7
2024-04-10 16:30:00,5.7
2024-04-10 16:45:00,5.5
2024-04-10 17:00:00,5.6
2024-04-10 17:15:00,6.1
2024-04-10 17:30:00,5.9
2024-04-10 17:45:00,5.7
2024-04-10 18:00:00,9.927427562900387
2024-04-10 18:15:00,9.927427562900387
2024-04-10 18:30:00,9.827427562900386
2024-04-10 18:45:00,5.5
2024-04-10 19:00:00,5.3
2024-04-10 19:15:00,5.5
2024-04-10 19:30:00,5.4
2024-04-10 19:45:00,5.4
2024-04-10 20:00:00,5.5
2024-04-10 20:15:00,5.4
2024-04-10 20:30:00,5.4
2024-04-10 20:45:00,5.4
2024-04-10 21:00:00,5.6
2024-04-10 21:15:00,5.4
2024-04-10 21:30:00,5.4
2024-04-10 21:45:00,5.3
2024-04-10 22:00:00,5.4
2024-04-10 22:15:00,5.4
2024-04-10 22:30:00,5.3
2024-04-10 22:45:00,5.2
2024-04-10 23:00:00,5.4
2024-04-10 23:15:00,5.4
2024-04-10 23:30:00,5.3
2024-04-10 23:45:00,5.2
2024-04-11 00:00:00,5.4
2024-04-11 00:15:00,5.4
2024-04-11 00:30:00,5.4
2024-04-11 00:45:00,5.4
2024-04-11 01:00:00,5.2
2024-04-11 01:15:00,5.2
2024-04-11 01:30:00,5.2
2024-04-11 01:45:00,5.2
2024-04-11 02:00:00,5.2
2024-04-11 02:15:00,5.4
2024-04-11 02:30:00,5.3
2024-04-11 02:45:00,5.2
2024-04-11 03:00:00,5.6
2024-04-11 03:15:00,5.4
2024-04-11 03:30:00,5.2
2024-04-11 03:45:00,5.3
2024-04-11 04:00:00,5.3
2024-04-11 04:15:00,5.1
2024-04-11 04:30:00,5.4
2024-04-11 04:45:00,5.3
2024-04-11 05:00:00,5.4
2024-04-11 05:15:00,5.3
2024-04-11 05:30:00,5.3
2024-04-11 05:45:00,5.4
2024-04-11 06:00:00,5.5
2024-04-11 06:15:00,5.4
2024-04-11 06:30:00,5.2
2024-04-11 06:45:00,5.2
2024-04-11 07:00:00,5.4
2024-04-11 07:15:00,5.2
2024-04-11 07:30:00,5.4
2024-04-11 07:45:00,5.3
2024-04-11 08:00:00,5.3
2024-04-11 08:15:00,5.3
2024-04-11 08:30:00,5.3
2024-04-11 08:45:00,5.4
2024-04-11 09:00:00,5.2
2024-04-11 09:15:00,5.3
2024-04-11 09:30:00,5.4
2024-04-11 09:45:00,5.3
2024-04-11 10:00:00,5.3
2024-04-11 10:15:00,5.4
2024-04-11 10:30:00,5.3
2024-04-11 10:45:00,5.3
2024-04-11 11:00:00,5.3
2024-04-11 11:15:00,5.4
2024-04-11 11:30:00,5.3
2024-04-11 11:45:00,5.4
2024-04-11 12:00:00,5.4
2024-04-11 12:15:00,5.4
2024-04-11 12:30:00,5.4
2024-04-11 12:45:00,5.3
2024-04-11 13:00:00,5.4
2024-04-11 13:15:00,5.4
2024-04-11 13:30:00,5.5
2024-04-11 13:45:00,5.4
2024-04-11 14:00:00,5.3
2024-04-11 14:15:00,5.2
2024-04-11 14:30:00,5.3
2024-04-11 14:45:00,5.3
2024-04-11 15:00:00,5.4
2024-04-11 15:15:00,5.3
2024-04-11 15:30:00,5.3
2024-04-11 15:45:00,5.3
2024-04-11 16:00:00,5.4
2024-04-11 16:15:00,5.3
2024-04-11 16:30:00,5.5
2024-04-11 16:45:00,5.4
2024-04-11 17:00:00,5.2
2024-04-11 17:15:00,5.3
2024-04-11 17:30:00,5.1
2024-04-11 17:45:00,5.0
2024-04-11 18:00:00,6.301916340691722
2024-04-11 18:15:00,6.401916340691724
2024-04-11 18:30:00,6.301916340691722
2024-04-11 18:45:00,5.1
2024-04-11 19:00:00,5.3
2024-04-11 19:15:00,5.2
2024-04-11 19:30:00,5.0
2024-04-11 19:45:00,5.1
2024-04-11 20:00:00,5.0
2024-04-11 20:15:00,4.9
2024-04-11 20:30:00,5.0
2024-04-11 20:45:00,5.1
2024-04-11 21:00:00,4.9
2024-04-11 21:15:00,5.0
2024-04-11 21:30:00,5.0
2024-04-11 21:45:00,5.0
2024-04-11 22:00:00,4.9
2024-04-11 22:15:00,5.1
2024-04-11 22:30:00,5.0
2024-04-11 22:45:00,4.9
2024-04-11 23:00:00,5.0
2024-04-11 23:15:00,5.0
2024-04-11 23:30:00,5.0
2024-04-11 23:45:00,4.8
2024-04-12 00:00:00,4.8
2024-04-12 00:15:00,4.9
2024-04-12 00:30:00,4.9
2024-04-12 00:45:00,5.0
2024-04-12 01:00:00,5.0
2024-04-12 01:15:00,5.0
2024-04-12 01:30:00,5.0
2024-04-12 01:45:00,5.0
2024-04-12 02:00:00,5.0
2024-04-12 02:15:00,5.0
2024-04-12 02:30:00,5.0
2024-04-12 02:45:00,4.9
2024-04-12 03:00:00,4.9
2024-04-12 03:15:00,5.0
2024-04-12 03:30:00,5.0
2024-04-12 03:45:00,5.2
2024-04-12 04:00:00,5.0
2024-04-12 04:15:00,4.9
2024-04-12 04:30:00,4.8
2024-04-12 04:45:00,5.0
2024-04-12 05:00:00,5.0
2024-04-12 05:15:00,5.0
2024-04-12 05:30:00,5.1
2024-04-12 05:45:00,5.0
2024-04-12 06:00:00,4.8
2024-04-12 06:15:00,4.9
2024-04-12 06:30:00,5.0
2024-04-12 06:45:00,4.9
2024-04-12 07:00:00,5.0
2024-04-12 07:15:00,5.0
2024-04-12 07:30:00,4.9
2024-04-12 07:45:00,5.1
2024-04-12 08:00:00,5.0
2024-04-12 08:15:00,4.9
2024-04-12 08:30:00,5.0
2024-04-12 08:45:00,5.0
2024-04-12 09:00:00,5.0
2024-04-12 09:15:00,5.1
2024-04-12 09:30:00,5.0
2024-04-12 09:45:00,5.0
2024-04-12 10:00:00,5.1
2024-04-12 10:15:00,5.0
2024-04-12 10:30:00,5.1
2024-04-12 10:45:00,5.2
2024-04-12 11:00:00,5.0
2024-04-12 11:15:00,5.2
2024-04-12 11:30:00,5.3
2024-04-12 11:45:00,5.1
2024-04-12 12:00:00,5.1
2024-04-12 12:15:00,5.0
2024-04-12 12:30:00,5.2
2024-04-12 12:45:00,5.2
2024-04-12 13:00:00,5.1
2024-04-12 13:15:00,5.1
2024-04-12 13:30:00,5.0
2024-04-12 13:45:00,5.2
2024-04-12 14:00:00,
2024-04-12 14:15:00,
2024-04-12 14:30:00,
2024-04-12 14:45:00,5.2
2024-04-12 15:00:00,5.1
2024-04-12 15:15:00,5.2
2024-04-12 15:30:00,5.0
2024-04-12 15:45:00,5.0
2024-04-12 16:00:00,5.1
2024-04-12 16:15:00,5.2
2024-04-12 16:30:00,5.1
2024-04-12 16:45:00,5.0
2024-04-12 17:00:00,5.1
2024-04-12 17:15:00,5.0
2024-04-12 17:30:00,5.0
2024-04-12 17:45:00,4.9
2024-04-12 18:00:00,4.8
2024-04-12 18:15:00,4.9
2024-04-12 18:30:00,4.8
2024-04-12 18:45:00,4.9
2024-04-12 19:00:00,4.9
2024-04-12 19:15:00,4.8
2024-04-12 19:30:00,4.8
2024-04-12 19:45:00,4.9
2024-04-12 20:00:00,4.9
2024-04-12 20:15:00,4.8
2024-04-12 20:30:00,4.8
2024-04-12 20:45:00,4.8
2024-04-12 21:00:00,4.8
2024-04-12 21:15:00,4.8
2024-04-12 21:30:00,4.7
2024-04-12 21:45:00,4.8
2024-04-12 22:00:00,4.7
2024-04-12 22:15:00,4.6
2024-04-12 22:30:00,4.7
2024-04-12 22:45:00,4.7
2024-04-12 23:00:00,4.6
2024-04-12 23:15:00,4.7
2024-04-12 23:30:00,4.7
2024-04-12 23:45:00,4.7
2024-04-13 00:00:00,4.6
2024-04-13 00:15:00,4.6
2024-04-13 00:30:00,4.6
2024-04-13 00:45:00,4.5
2024-04-13 01:00:00,4.8
2024-04-13 01:15:00,4.6
2024-04-13 01:30:00,4.7
2024-04-13 01:45:00,4.6
2024-04-13 02:00:00,
2024-04-13 02:15:00,
2024-04-13 02:30:00,
2024-04-13 02:45:00,
2024-04-13 03:00:00,
2024-04-13 03:15:00,4.7
2024-04-13 03:30:00,4.6
2024-04-13 03:45:00,4.8
2024-04-13 04:00:00,4.7
2024-04-13 04:15:00,4.8
2024-04-13 04:30:00,4.8
2024-04-13 04:45:00,4.7
2024-04-13 05:00:00,4.7
2024-04-13 05:15:00,4.8
2024-04-13 05:30:00,4.7
2024-04-13 05:45:00,4.7
2024-04-13 06:00:00,
2024-04-13 06:15:00,
2024-04-13 06:30:00,
2024-04-13 06:45:00,
2024-04-13 07:00:00,
2024-04-13 07:15:00,
2024-04-13 07:30:00,
2024-04-13 07:45:00,
2024-04-13 08:00:00,
2024-04-13 08:15:00,
2024-04-13 08:30:00,
2024-04-13 08:45:00,
2024-04-13 09:00:00,
2024-04-13 09:15:00,
2024-04-13 09:30:00,4.9
2024-04-13 09:45:00,4.8
2024-04-13 10:00:00,4.8
2024-04-13 10:15:00,5.0
2024-04-13 10:30:00,4.8
2024-04-13 10:45:00,4.9
2024-04-13 11:00:00,4.9
2024-04-13 11:15:00,4.9
2024-04-13 11:30:00,4.9
2024-04-13 11:45:00,4.9
2024-04-13 12:00:00,4.9
2024-04-13 12:15:00,5.0
2024-04-13 12:30:00,4.9
2024-04-13 12:45:00,4.8
2024-04-13 13:00:00,4.9
2024-04-13 13:15:00,4.9
2024-04-13 13:30:00,5.0
2024-04-13 13:45:00,4.9
2024-04-13 14:00:00,5.0
2024-04-13 14:15:00,4.9
2024-04-13 14:30:00,5.0
2024-04-13 14:45:00,5.0
2024-04-13 15:00:00,5.1
2024-04-13 15:15:00,5.0
2024-04-13 15:30:00,5.0
2024-04-13 15:45:00,5.0
2024-04-13 16:00:00,4.9
2024-04-13 16:15:00,5.0
2024-04-13 16:30:00,5.0
2024-04-13 16:45:00,5.0
2024-04-13 17:00:00,5.0
2024-04-13 17:15:00,5.0
2024-04-13 17:30:00,4.9
2024-04-13 17:45:00,5.0
2024-04-13 18:00:00,4.7
2024-04-13 18:15:00,5.8337254365088
2024-04-13 18:30:00,4.9
2024-04-13 18:45:00,4.9
2024-04-13 19:00:00,4.8
2024-04-13 19:15:00,4.9
2024-04-13 19:30:00,4.9
2024-04-13 19:45:00,4.9
2024-04-13 20:00:00,5.0
2024-04-13 20:15:00,5.1
2024-04-13 20:30:00,5.2
2024-04-13 20:45:00,5.5
2024-04-13 21:00:00,4.9
2024-04-13 21:15:00,4.9
2024-04-13 21:30:00,
2024-04-13 21:45:00,
2024-04-13 22:00:00,
2024-04-13 22:15:00,
2024-04-13 22:30:00,
2024-04-13 22:45:00,
2024-04-13 23:00:00,
2024-04-13 23:15:00,
2024-04-13 23:30:00,
2024-04-13 23:45:00,5.0
2024-04-14 00:00:00,5.0
2024-04-14 00:15:00,5.2
2024-04-14 00:30:00,5.0
2024-04-14 00:45:00,5.1
2024-04-14 01:00:00,4.9
2024-04-14 01:15:00,5.0
2024-04-14 01:30:00,4.9
2024-04-14 01:45:00,5.0
2024-04-14 02:00:00,5.0
2024-04-14 02:15:00,5.0
2024-04-14 02:30:00,5.0
2024-04-14 02:45:00,5.0
2024-04-14 03:00:00,4.9
2024-04-14 03:15:00,5.0
2024-04-14 03:30:00,4.8
2024-04-14 03:45:00,5.0
2024-04-14 04:00:00,4.9
2024-04-14 04:15:00,5.2
2024-04-14 04:30:00,5.2
2024-04-14 04:45:00,5.1
2024-04-14 05:00:00,5.1
2024-04-14 05:15:00,5.1
2024-04-14 05:30:00,4.9
2024-04-14 05:45:00,5.1
2024-04-14 06:00:00,5.0
2024-04-14 06:15:00,5.1
2024-04-14 06:30:00,5.0
2024-04-14 06:45:00,5.1
2024-04-14 07:00:00,5.0
2024-04-14 07:15:00,5.0
2024-04-14 07:30:00,5.3
2024-04-14 07:45:00,5.0
2024-04-14 08:00:00,5.2
2024-04-14 08:15:00,5.2
2024-04-14 08:30:00,5.2
2024-04-14 08:45:00,5.1
2024-04-14 09:00:00,5.0
2024-04-14 09:15:00,5.2
2024-04-14 09:30:00,5.3
2024-04-14 09:45:00,5.3
2024-04-14 10:00:00,5.1
2024-04-14 10:15:00,5.1
2024-04-14 10:30:00,5.1
2024-04-14 10:45:00,5.0
2024-04-14 11:00:00,5.2
2024-04-14 11:15:00,5.3
2024-04-14 11:30:00,5.5
2024-04-14 11:45:00,5.3
2024-04-14 12:00:00,5.2
2024-04-14 12:15:00,5.3
2024-04-14 12:30:00,5.2
2024-04-14 12:45:00,5.5
2024-04-14 13:00:00,5.3
2024-04-14 13:15:00,5.4
2024-04-14 13:30:00,5.7
2024-04-14 13:45:00,5.4
2024-04-14 14:00:00,5.4
2024-04-14 14:15:00,5.3
2024-04-14 14:30:00,5.4
2024-04-14 14:45:00,5.4
2024-04-14 15:00:00,5.4
2024-04-14 15:15:00,5.4
2024-04-14 15:30:00,5.4
2024-04-14 15:45:00,5.4
2024-04-14 16:00:00,5.6
2024-04-14 16:15:00,5.5
2024-04-14 16:30:00,5.4
2024-04-14 16:45:00,5.5
2024-04-14 17:00:00,5.3
2024-04-14 17:15:00,6.0
2024-04-14 17:30:00,5.5
2024-04-14 17:45:00,5.5
2024-04-14 18:00:00,5.6
2024-04-14 18:15:00,5.5
2024-04-14 18:30:00,5.7
2024-04-14 18:45:00,5.6
2024-04-14 19:00:00,5.6
2024-04-14 19:15:00,5.6
2024-04-14 19:30:00,5.6
2024-04-14 19:45:00,5.5
2024-04-14 20:00:00,5.4
2024-04-14 20:15:00,5.5
2024-04-14 20:30:00,5.7
2024-04-14 20:45:00,5.7
2024-04-14 21:00:00,5.7
2024-04-14 21:15:00,5.7
2024-04-14 21:30:00,5.6
2024-04-14 21:45:00,5.7
2024-04-14 22:00:00,5.7
2024-04-14 22:15:00,5.7
2024-04-14 22:30:00,5.6
2024-04-14 22:45:00,5.6
2024-04-14 23:00:00,5.6
2024-04-14 23:15:00,5.6
2024-04-14 23:30:00,5.8
2024-04-14 23:45:00,5.7
2024-04-15 00:00:00,5.6
2024-04-15 00:15:00,5.7
2024-04-15 00:30:00,5.6
2024-04-15 00:45:00,5.5
2024-04-15 01:00:00,5.6
2024-04-15 01:15:00,5.6
2024-04-15 01:30:00,2.6550095693281057
2024-04-15 01:45:00,2.6550095693281057
2024-04-15 02:00:00,2.355009569328106
2024-04-15 02:15:00,5.7
2024-04-15 02:30:00,5.5
2024-04-15 02:45:00,5.5
2024-04-15 03:00:00,5.6
2024-04-15 03:15:00,5.6
2024-04-15 03:30:00,5.7
2024-04-15 03:45:00,5.7
2024-04-15 04:00:00,5.8
2024-04-15 04:15:00,5.8
2024-04-15 04:30:00,5.7
2024-04-15 04:45:00,5.8
2024-04-15 05:00:00,5.7
2024-04-15 05:15:00,6.628440631736438
2024-04-15 05:30:00,6.628440631736438
2024-04-15 05:45:00,6.628440631736438
2024-04-15 06:00:00,5.8
2024-04-15 06:15:00,5.8
2024-04-15 06:30:00,5.8
2024-04-15 06:45:00,5.9
2024-04-15 07:00:00,5.9
2024-04-15 07:15:00,5.9
2024-04-15 07:30:00,6.1
2024-04-15 07:45:00,5.9
2024-04-15 08:00:00,6.0
2024-04-15 08:15:00,5.8
2024-04-15 08:30:00,7.913289320294959
2024-04-15 08:45:00,8.013289320294959
2024-04-15 09:00:00,6.1
2024-04-15 09:15:00,6.1
2024-04-15 09:30:00,6.1
2024-04-15 09:45:00,6.2
2024-04-15 10:00:00,6.3
2024-04-15 10:15:00,6.3
2024-04-15 10:30:00,6.4
2024-04-15 10:45:00,6.3
2024-04-15 11:00:00,6.5
2024-04-15 11:15:00,6.5
2024-04-15 11:30:00,6.6
2024-04-15 11:45:00,6.8
2024-04-15 12:00:00,6.9
2024-04-15 12:15:00,6.8
2024-04-15 12:30:00,6.8
2024-04-15 12:45:00,7.2
2024-04-15 13:00:00,7.0
2024-04-15 13:15:00,7.1
2024-04-15 13:30:00,7.2
2024-04-15 13:45:00,7.2
2024-04-15 14:00:00,7.4
2024-04-15 14:15:00,7.4
2024-04-15 14:30:00,7.4
2024-04-15 14:45:00,7.4
2024-04-15 15:00:00,7.6
2024-04-15 15:15:00,7.8
2024-04-15 15:30:00,7.8
2024-04-15 15:45:00,7.9
2024-04-15 16:00:00,7.9
2024-04-15 16:15:00,8.0
2024-04-15 16:30:00,8.0
2024-04-15 16:45:00,8.2
2024-04-15 17:00:00,7.9
2024-04-15 17:15:00,8.2
2024-04-15 17:30:00,8.7
2024-04-15 17:45:00,8.6
2024-04-15 18:00:00,8.2
2024-04-15 18:15:00,8.4
2024-04-15 18:30:00,8.3
2024-04-15 18:45:00,8.3
2024-04-15 19:00:00,8.1
2024-04-15 19:15:00,8.4
2024-04-15 19:30:00,8.4
2024-04-15 19:45:00,8.3
2024-04-15 20:00:00,8.3
2024-04-15 20:15:00,8.2
2024-04-15 20:30:00,8.4
2024-04-15 20:45:00,8.4
2024-04-15 21:00:00,8.3
2024-04-15 21:15:00,8.3
2024-04-15 21:30:00,8.2
2024-04-15 21:45:00,8.4
2024-04-15 22:00:00,8.4
2024-04-15 22:15:00,8.3
2024-04-15 22:30:00,8.1
2024-04-15 22:45:00,8.2
2024-04-15 23:00:00,8.3
2024-04-15 23:15:00,8.4
2024-04-15 23:30:00,8.3
2024-04-15 23:45:00,8.5
2024-04-16 00:00:00,8.4
2024-04-16 00:15:00,8.1
2024-04-16 00:30:00,8.3
2024-04-16 00:45:00,8.3
2024-04-16 01:00:00,8.2
2024-04-16 01:15:00,8.1
2024-04-16 01:30:00,8.1
2024-04-16 01:45:00,8.3
2024-04-16 02:00:00,8.3
2024-04-16 02:15:00,8.1
2024-04-16 02:30:00,8.1
2024-04-16 02:45:00,8.1
2024-04-16 03:00:00,8.2
2024-04-16 03:15:00,8.1
2024-04-16 03:30:00,7.9
2024-04-16 03:45:00,8.0
2024-04-16 04:00:00,7.126224048524896
2024-04-16 04:15:00,8.1
2024-04-16 04:30:00,7.9
2024-04-16 04:45:00,8.2
2024-04-16 05:00:00,8.3
2024-04-16 05:15:00,7.9
2024-04-16 05:30:00,12.296069094063373
2024-04-16 05:45:00,12.396069094063371
2024-04-16 06:00:00,12.396069094063371
2024-04-16 06:15:00,8.1
2024-04-16 06:30:00,8.0
2024-04-16 06:45:00,8.1
2024-04-16 07:00:00,8.1
2024-04-16 07:15:00,8.2
2024-04-16 07:30:00,8.0
2024-04-16 07:45:00,7.019734681149478
2024-04-16 08:00:00,7.319734681149479
2024-04-16 08:15:00,8.2
2024-04-16 08:30:00,8.3
2024-04-16 08:45:00,8.2
2024-04-16 09:00:00,8.1
2024-04-16 09:15:00,8.3
2024-04-16 09:30:00,8.3
2024-04-16 09:45:00,5.2625495052664135
2024-04-16 10:00:00,5.2625495052664135
2024-04-16 10:15:00,8.3
2024-04-16 10:30:00,8.2
2024-04-16 10:45:00,8.2
2024-04-16 11:00:00,8.3
2024-04-16 11:15:00,8.2
2024-04-16 11:30:00,13.533907175171873
2024-04-16 11:45:00,13.533907175171873
2024-04-16 12:00:00,13.633907175171874
2024-04-16 12:15:00,8.3
2024-04-16 12:30:00,8.4
2024-04-16 12:45:00,8.3
2024-04-16 13:00:00,8.4
2024-04-16 13:15:00,8.5
2024-04-16 13:30:00,8.5
2024-04-16 13:45:00,8.5
2024-04-16 14:00:00,8.5
2024-04-16 14:15:00,8.6
2024-04-16 14:30:00,8.8
2024-04-16 14:45:00,8.6
2024-04-16 15:00:00,8.5
2024-04-16 15:15:00,8.5
2024-04-16 15:30:00,8.6
2024-04-16 15:45:00,8.4
2024-04-16 16:00:00,8.3
2024-04-16 16:15:00,
2024-04-16 16:30:00,
2024-04-16 16:45:00,
2024-04-16 17:00:00,
2024-04-16 17:15:00,
2024-04-16 17:30:00,
2024-04-16 17:45:00,
2024-04-16 18:00:00,
2024-04-16 18:15:00,
2024-04-16 18:30:00,
2024-04-16 18:45:00,
2024-04-16 19:00:00,
2024-04-16 19:15:00,8.4
2024-04-16 19:30:00,8.1
2024-04-16 19:45:00,8.5
2024-04-16 20:00:00,8.4
2024-04-16 20:15:00,8.4
2024-04-16 20:30:00,8.5
2024-04-16 20:45:00,8.3
2024-04-16 21:00:00,8.5
2024-04-16 21:15:00,8.2
2024-04-16 21:30:00,8.2
2024-04-16 21:45:00,8.2
2024-04-16 22:00:00,8.0
2024-04-16 22:15:00,8.3
2024-04-16 22:30:00,8.2
2024-04-16 22:45:00,8.3
2024-04-16 23:00:00,8.2
2024-04-16 23:15:00,8.2
2024-04-16 23:30:00,8.1
2024-04-16 23:45:00,8.1
2024-04-17 00:00:00,8.0
2024-04-17 00:15:00,8.0
2024-04-17 00:30:00,8.0
2024-04-17 00:45:00,8.1
2024-04-17 01:00:00,7.9
2024-04-17 01:15:00,8.0
2024-04-17 01:30:00,7.9
2024-04-17 01:45:00,8.1
2024-04-17 02:00:00,8.0
2024-04-17 02:15:00,8.0
2024-04-17 02:30:00,8.0
2024-04-17 02:45:00,8.2
2024-04-17 03:00:00,7.9
2024-04-17 03:15:00,8.0
2024-04-17 03:30:00,8.2
2024-04-17 03:45:00,8.2
2024-04-17 04:00:00,8.1
2024-04-17 04:15:00,12.47912819123982
2024-04-17 04:30:00,12.679128191239819
2024-04-17 04:45:00,12.47912819123982
2024-04-17 05:00:00,8.0
2024-04-17 05:15:00,8.2
2024-04-17 05:30:00,8.2
2024-04-17 05:45:00,8.0
2024-04-17 06:00:00,8.3
2024-04-17 06:15:00,8.5
2024-04-17 06:30:00,
2024-04-17 06:45:00,
2024-04-17 07:00:00,
2024-04-17 07:15:00,
2024-04-17 07:30:00,
2024-04-17 07:45:00,
2024-04-17 08:00:00,
2024-04-17 08:15:00,
2024-04-17 08:30:00,
2024-04-17 08:45:00,
2024-04-17 09:00:00,
2024-04-17 09:15:00,
2024-04-17 09:30:00,
2024-04-17 09:45:00,
2024-04-17 10:00:00,
2024-04-17 10:15:00,
2024-04-17 10:30:00,
2024-04-17 10:45:00,
2024-04-17 11:00:00,9.3
2024-04-17 11:15:00,9.2
2024-04-17 11:30:00,9.1
2024-04-17 11:45:00,9.3
2024-04-17 12:00:00,9.3
2024-04-17 12:15:00,9.6
2024-04-17 12:30:00,9.4
2024-04-17 12:45:00,9.2
2024-04-17 13:00:00,9.5
2024-04-17 13:15:00,9.7
2024-04-17 13:30:00,9.7
2024-04-17 13:45:00,9.7
2024-04-17 14:00:00,9.7
2024-04-17 14:15:00,9.7
2024-04-17 14:30:00,9.7
2024-04-17 14:45:00,9.7
2024-04-17 15:00:00,9.7
2024-04-17 15:15:00,9.7
2024-04-17 15:30:00,9.7
2024-04-17 15:45:00,9.7
2024-04-17 16:00:00,9.7
2024-04-17 16:15:00,9.9
2024-04-17 16:30:00,9.8
2024-04-17 16:45:00,10.2
2024-04-17 17:00:00,10.1
2024-04-17 17:15:00,9.9
2024-04-17 17:30:00,10.1
2024-04-17 17:45:00,10.1
2024-04-17 18:00:00,10.0
2024-04-17 18:15:00,9.9
2024-04-17 18:30:00,10.0
2024-04-17 18:45:00,10.0
2024-04-17 19:00:00,10.0
2024-04-17 19:15:00,9.9
2024-04-17 19:30:00,10.0
2024-04-17 19:45:00,10.0
2024-04-17 20:00:00,10.0
2024-04-17 20:15:00,10.2
2024-04-17 20:30:00,10.2
2024-04-17 20:45:00,10.0
2024-04-17 21:00:00,10.5
2024-04-17 21:15:00,10.3
2024-04-17 21:30:00,10.2
2024-04-17 21:45:00,10.2
2024-04-17 22:00:00,10.2
2024-04-17 22:15:00,10.4
2024-04-17 22:30:00,10.3
2024-04-17 22:45:00,10.5
2024-04-17 23:00:00,10.3
2024-04-17 23:15:00,10.6
2024-04-17 23:30:00,10.7
2024-04-17 23:45:00,10.6
2024-04-18 00:00:00,10.6
2024-04-18 00:15:00,10.3
2024-04-18 00:30:00,10.6
2024-04-18 00:45:00,10.6
2024-04-18 01:00:00,10.6
2024-04-18 01:15:00,10.8
2024-04-18 01:30:00,10.7
2024-04-18 01:45:00,10.5
2024-04-18 02:00:00,10.6
2024-04-18 02:15:00,11.0
2024-04-18 02:30:00,11.1
2024-04-18 02:45:00,10.7
2024-04-18 03:00:00,11.1
2024-04-18 03:15:00,11.0
2024-04-18 03:30:00,11.1
2024-04-18 03:45:00,11.3
2024-04-18 04:00:00,11.3
2024-04-18 04:15:00,11.4
2024-04-18 04:30:00,11.4
2024-04-18 04:45:00,11.4
2024-04-18 05:00:00,11.1
2024-04-18 05:15:00,11.6
2024-04-18 05:30:00,12.43491831366098
2024-04-18 05:45:00,11.4
2024-04-18 06:00:00,11.7
2024-04-18 06:15:00,11.6
2024-04-18 06:30:00,11.8
2024-04-18 06:45:00,11.7
2024-04-18 07:00:00,12.0
2024-04-18 07:15:00,12.1
2024-04-18 07:30:00,11.9
2024-04-18 07:45:00,11.8
2024-04-18 08:00:00,12.4
2024-04-18 08:15:00,12.1
2024-04-18 08:30:00,12.0
2024-04-18 08:45:00,12.2
2024-04-18 09:00:00,12.0
2024-04-18 09:15:00,12.3
2024-04-18 09:30:00,12.3
2024-04-18 09:45:00,12.3
2024-04-18 10:00:00,12.0
2024-04-18 10:15:00,12.5
2024-04-18 10:30:00,12.8
2024-04-18 10:45:00,12.3
2024-04-18 11:00:00,12.4
2024-04-18 11:15:00,12.6
2024-04-18 11:30:00,12.4
2024-04-18 11:45:00,12.4
2024-04-18 12:00:00,12.4
2024-04-18 12:15:00,12.7
2024-04-18 12:30:00,12.3
2024-04-18 12:45:00,12.8
2024-04-18 13:00:00,12.7
2024-04-18 13:15:00,12.8
2024-04-18 13:30:00,12.7
2024-04-18 13:45:00,12.8
2024-04-18 14:00:00,13.3
2024-04-18 14:15:00,13.671070374393485
2024-04-18 14:30:00,13.471070374393484
2024-04-18 14:45:00,12.9
2024-04-18 15:00:00,12.7
2024-04-18 15:15:00,13.0
2024-04-18 15:30:00,12.8
2024-04-18 15:45:00,12.8
2024-04-18 16:00:00,12.4
2024-04-18 16:15:00,13.0
2024-04-18 16:30:00,12.7
2024-04-18 16:45:00,13.1
2024-04-18 17:00:00,12.9
2024-04-18 17:15:00,13.0
2024-04-18 17:30:00,12.7
2024-04-18 17:45:00,13.0
2024-04-18 18:00:00,12.9
2024-04-18 18:15:00,12.9
2024-04-18 18:30:00,13.1
2024-04-18 18:45:00,12.9
2024-04-18 19:00:00,13.0
2024-04-18 19:15:00,12.7
2024-04-18 19:30:00,13.1
2024-04-18 19:45:00,12.7
2024-04-18 20:00:00,12.7
2024-04-18 20:15:00,18.40450301786627
2024-04-18 20:30:00,12.7
2024-04-18 20:45:00,13.1
2024-04-18 21:00:00,13.2
2024-04-18 21:15:00,13.0
2024-04-18 21:30:00,12.8
2024-04-18 21:45:00,12.8
2024-04-18 22:00:00,12.8
2024-04-18 22:15:00,12.8
2024-04-18 22:30:00,12.8
2024-04-18 22:45:00,12.8
2024-04-18 23:00:00,12.8
2024-04-18 23:15:00,12.8
2024-04-18 23:30:00,12.8
2024-04-18 23:45:00,12.8
2024-04-19 00:00:00,12.8
2024-04-19 00:15:00,12.8
2024-04-19 00:30:00,12.8
2024-04-19 00:45:00,12.8
2024-04-19 01:00:00,12.8
2024-04-19 01:15:00,12.8
2024-04-19 01:30:00,12.8
2024-04-19 01:45:00,12.8
2024-04-19 02:00:00,12.8
2024-04-19 02:15:00,12.8
2024-04-19 02:30:00,12.8
2024-04-19 02:45:00,12.8
2024-04-19 03:00:00,12.8
2024-04-19 03:15:00,12.8
2024-04-19 03:30:00,12.8
2024-04-19 03:45:00,12.8
2024-04-19 04:00:00,12.8
2024-04-19 04:15:00,12.8
2024-04-19 04:30:00,12.8
2024-04-19 04:45:00,12.8
2024-04-19 05:00:00,12.8
2024-04-19 05:15:00,12.8
2024-04-19 05:30:00,12.8
2024-04-19 05:45:00,12.8
2024-04-19 06:00:00,12.8
2024-04-19 06:15:00,12.8
2024-04-19 06:30:00,12.8
2024-04-19 06:45:00,12.8
2024-04-19 07:00:00,12.8
2024-04-19 07:15:00,12.8
2024-04-19 07:30:00,13.2
2024-04-19 07:45:00,13.1
2024-04-19 08:00:00,13.2
2024-04-19 08:15:00,13.0
2024-04-19 08:30:00,12.7
2024-04-19 08:45:00,13.5
2024-04-19 09:00:00,12.9
2024-04-19 09:15:00,12.8
2024-04-19 09:30:00,13.2
2024-04-19 09:45:00,13.2
2024-04-19 10:00:00,13.0
2024-04-19 10:15:00,13.1
2024-04-19 10:30:00,13.1
2024-04-19 10:45:00,13.1
2024-04-19 11:00:00,12.8
2024-04-19 11:15:00,13.1
2024-04-19 11:30:00,13.2
2024-04-19 11:45:00,13.1
2024-04-19 12:00:00,12.9
2024-04-19 12:15:00,12.9
2024-04-19 12:30:00,13.3
2024-04-19 12:45:00,12.8
2024-04-19 13:00:00,13.2
2024-04-19 13:15:00,13.0
2024-04-19 13:30:00,12.7
2024-04-19 13:45:00,13.0
2024-04-19 14:00:00,12.8
2024-04-19 14:15:00,12.8
2024-04-19 14:30:00,12.8
2024-04-19 14:45:00,12.6
2024-04-19 15:00:00,12.9
2024-04-19 15:15:00,12.6
2024-04-19 15:30:00,12.8
2024-04-19 15:45:00,12.9
2024-04-19 16:00:00,12.6
2024-04-19 16:15:00,12.8
2024-04-19 16:30:00,12.6
2024-04-19 16:45:00,12.5
2024-04-19 17:00:00,12.3
2024-04-19 17:15:00,12.6
2024-04-19 17:30:00,12.6
2024-04-19 17:45:00,12.5
2024-04-19 18:00:00,12.5
2024-04-19 18:15:00,12.1
2024-04-19 18:30:00,12.3
2024-04-19 18:45:00,12.0
2024-04-19 19:00:00,12.2
2024-04-19 19:15:00,11.8
2024-04-19 19:30:00,12.0
2024-04-19 19:45:00,12.2
2024-04-19 20:00:00,11.6
2024-04-19 20:15:00,12.0
2024-04-19 20:30:00,11.5
2024-04-19 20:45:00,11.9
2024-04-19 21:00:00,11.8
2024-04-19 21:15:00,11.8
2024-04-19 21:30:00,11.5
2024-04-19 21:45:00,11.6
2024-04-19 22:00:00,11.3
2024-04-19 22:15:00,11.8
2024-04-19 22:30:00,11.8
2024-04-19 22:45:00,11.6
2024-04-19 23:00:00,11.6
2024-04-19 23:15:00,11.9
2024-04-19 23:30:00,11.6
2024-04-19 23:45:00,11.7
2024-04-20 00:00:00,11.7
2024-04-20 00:15:00,11.4
2024-04-20 00:30:00,11.6
2024-04-20 00:45:00,11.4
2024-04-20 01:00:00,11.4
2024-04-20 01:15:00,11.4
2024-04-20 01:30:00,11.4
2024-04-20 01:45:00,11.4
2024-04-20 02:00:00,11.5
2024-04-20 02:15:00,11.4
2024-04-20 02:30:00,11.3
2024-04-20 02:45:00,11.1
2024-04-20 03:00:00,11.3
2024-04-20 03:15:00,11.3
2024-04-20 03:30:00,11.0
2024-04-20 03:45:00,11.3
2024-04-20 04:00:00,11.0
2024-04-20 04:15:00,11.3
2024-04-20 04:30:00,11.2
2024-04-20 04:45:00,11.3
2024-04-20 05:00:00,11.1
2024-04-20 05:15:00,11.3
2024-04-20 05:30:00,11.0
2024-04-20 05:45:00,11.1
2024-04-20 06:00:00,11.3
2024-04-20 06:15:00,11.0
2024-04-20 06:30:00,10.9
2024-04-20 06:45:00,11.0
2024-04-20 07:00:00,11.2
2024-04-20 07:15:00,11.1
2024-04-20 07:30:00,10.9
2024-04-20 07:45:00,10.9
2024-04-20 08:00:00,10.9
2024-04-20 08:15:00,10.8
2024-04-20 08:30:00,10.8
2024-04-20 08:45:00,10.9
2024-04-20 09:00:00,11.2
2024-04-20 09:15:00,10.5
2024-04-20 09:30:00,10.8
2024-04-20 09:45:00,10.7
2024-04-20 10:00:00,10.8
2024-04-20 10:15:00,10.8
2024-04-20 10:30:00,10.7
2024-04-20 10:45:00,10.8
2024-04-20 11:00:00,10.7
2024-04-20 11:15:00,10.8
2024-04-20 11:30:00,10.7
2024-04-20 11:45:00,11.6089181769823
2024-04-20 12:00:00,11.6089181769823
2024-04-20 12:15:00,10.6
2024-04-20 12:30:00,10.6
2024-04-20 12:45:00,10.6
2024-04-20 13:00:00,10.4
2024-04-20 13:15:00,10.6
2024-04-20 13:30:00,10.7
2024-04-20 13:45:00,10.4
2024-04-20 14:00:00,10.4
2024-04-20 14:15:00,10.5
2024-04-20 14:30:00,10.4
2024-04-20 14:45:00,10.2
2024-04-20 15:00:00,10.2
2024-04-20 15:15:00,10.2
2024-04-20 15:30:00,9.9
2024-04-20 15:45:00,10.2
2024-04-20 16:00:00,10.1
2024-04-20 16:15:00,9.9
2024-04-20 16:30:00,9.8
2024-04-20 16:45:00,10.0
2024-04-20 17:00:00,9.9
2024-04-20 17:15:00,10.0
2024-04-20 17:30:00,9.9
2024-04-20 17:45:00,10.0
2024-04-20 18:00:00,9.8
2024-04-20 18:15:00,10.1
2024-04-20 18:30:00,9.7
2024-04-20 18:45:00,9.6
2024-04-20 19:00:00,9.6
2024-04-20 19:15:00,9.8
2024-04-20 19:30:00,9.5
2024-04-20 19:45:00,9.5
2024-04-20 20:00:00,9.3
2024-04-20 20:15:00,9.6
2024-04-20 20:30:00,9.3
2024-04-20 20:45:00,9.5
2024-04-20 21:00:00,10.034520802116727
2024-04-20 21:15:00,9.2
2024-04-20 21:30:00,9.5
2024-04-20 21:45:00,9.4
2024-04-20 22:00:00,9.5
2024-04-20 22:15:00,9.4
2024-04-20 22:30:00,9.3
2024-04-20 22:45:00,9.4
2024-04-20 23:00:00,9.4
2024-04-20 23:15:00,9.4
2024-04-20 23:30:00,9.2
2024-04-20 23:45:00,9.2
2024-04-21 00:00:00,9.2
2024-04-21 00:15:00,9.2
2024-04-21 00:30:00,9.4
2024-04-21 00:45:00,9.4
2024-04-21 01:00:00,9.2
2024-04-21 01:15:00,9.2
2024-04-21 01:30:00,9.1
2024-04-21 01:45:00,9.0
2024-04-21 02:00:00,8.9
2024-04-21 02:15:00,9.1
2024-04-21 02:30:00,9.1
2024-04-21 02:45:00,8.9
2024-04-21 03:00:00,9.0
2024-04-21 03:15:00,8.9
2024-04-21 03:30:00,8.9
2024-04-21 03:45:00,8.8
2024-04-21 04:00:00,9.2
2024-04-21 04:15:00,8.7
2024-04-21 04:30:00,8.8
2024-04-21 04:45:00,9.0
2024-04-21 05:00:00,9.0
2024-04-21 05:15:00,9.0
2024-04-21 05:30:00,8.7
2024-04-21 05:45:00,8.7
2024-04-21 06:00:00,9.0
2024-04-21 06:15:00,8.8
2024-04-21 06:30:00,9.1
2024-04-21 06:45:00,8.9
2024-04-21 07:00:00,8.9
2024-04-21 07:15:00,8.9
2024-04-21 07:30:00,8.9
2024-04-21 07:45:00,8.9
2024-04-21 08:00:00,8.9
2024-04-21 08:15:00,8.9
2024-04-21 08:30:00,8.9
2024-04-21 08:45:00,8.9
2024-04-21 09:00:00,8.9
2024-04-21 09:15:00,8.9
2024-04-21 09:30:00,8.9
2024-04-21 09:45:00,8.9
2024-04-21 10:00:00,8.9
2024-04-21 10:15:00,8.9
2024-04-21 10:30:00,8.9
2024-04-21 10:45:00,8.9
2024-04-21 11:00:00,8.9
2024-04-21 11:15:00,8.9
2024-04-21 11:30:00,8.9
2024-04-21 11:45:00,8.9
2024-04-21 12:00:00,8.9
2024-04-21 12:15:00,8.9
2024-04-21 12:30:00,8.4
2024-04-21 12:45:00,8.4
2024-04-21 13:00:00,8.5
2024-04-21 13:15:00,8.5
2024-04-21 13:30:00,8.5
2024-04-21 13:45:00,8.3
2024-04-21 14:00:00,8.4
2024-04-21 14:15:00,8.6
2024-04-21 14:30:00,8.4
2024-04-21 14:45:00,8.3
2024-04-21 15:00:00,8.3
2024-04-21 15:15:00,8.2
2024-04-21 15:30:00,8.1
2024-04-21 15:45:00,8.3
2024-04-21 16:00:00,8.1
2024-04-21 16:15:00,8.3
2024-04-21 16:30:00,8.1
2024-04-21 16:45:00,8.2
2024-04-21 17:00:00,8.2
2024-04-21 17:15:00,8.0
2024-04-21 17:30:00,8.0
2024-04-21 17:45:00,8.0
2024-04-21 18:00:00,8.0
2024-04-21 18:15:00,8.1
2024-04-21 18:30:00,7.8
2024-04-21 18:45:00,7.9
2024-04-21 19:00:00,7.9
2024-04-21 19:15:00,7.8
2024-04-21 19:30:00,7.8
2024-04-21 19:45:00,7.7
2024-04-21 20:00:00,7.9
2024-04-21 20:15:00,7.7
2024-04-21 20:30:00,7.8
2024-04-21 20:45:00,7.7
2024-04-21 21:00:00,7.8
2024-04-21 21:15:00,7.5
2024-04-21 21:30:00,7.7
2024-04-21 21:45:00,7.8
2024-04-21 22:00:00,7.4
2024-04-21 22:15:00,7.7
2024-04-21 22:30:00,7.6
2024-04-21 22:45:00,7.6
2024-04-21 23:00:00,7.6
2024-04-21 23:15:00,7.6
2024-04-21 23:30:00,7.7
2024-04-21 23:45:00,7.6
2024-04-22 00:00:00,7.5
2024-04-22 00:15:00,7.6
2024-04-22 00:30:00,7.6
2024-04-22 00:45:00,7.7
2024-04-22 01:00:00,7.4
2024-04-22 01:15:00,7.4
2024-04-22 01:30:00,7.4
2024-04-22 01:45:00,7.5
2024-04-22 02:00:00,7.4
2024-04-22 02:15:00,7.4
2024-04-22 02:30:00,7.6
2024-04-22 02:45:00,7.4
2024-04-22 03:00:00,7.5
2024-04-22 03:15:00,7.5
2024-04-22 03:30:00,7.5
2024-04-22 03:45:00,7.5
2024-04-22 04:00:00,7.6
2024-04-22 04:15:00,7.4
2024-04-22 04:30:00,7.6
2024-04-22 04:45:00,7.5
2024-04-22 05:00:00,7.6
2024-04-22 05:15:00,7.6
2024-04-22 05:30:00,7.5
2024-04-22 05:45:00,7.5
2024-04-22 06:00:00,7.4
2024-04-22 06:15:00,7.4
2024-04-22 06:30:00,7.2
2024-04-22 06:45:00,7.4
2024-04-22 07:00:00,7.4
2024-04-22 07:15:00,7.4
2024-04-22 07:30:00,7.5
2024-04-22 07:45:00,7.4
2024-04-22 08:00:00,7.5
2024-04-22 08:15:00,7.4
2024-04-22 08:30:00,7.3
2024-04-22 08:45:00,7.3
2024-04-22 09:00:00,7.2
2024-04-22 09:15:00,7.5
2024-04-22 09:30:00,7.3
2024-04-22 09:45:00,7.3
2024-04-22 10:00:00,7.6
2024-04-22 10:15:00,7.3
2024-04-22 10:30:00,7.2
2024-04-22 10:45:00,7.2
2024-04-22 11:00:00,7.2
2024-04-22 11:15:00,7.3
2024-04-22 11:30:00,7.6
2024-04-22 11:45:00,7.4
2024-04-22 12:00:00,7.4
2024-04-22 12:15:00,7.2
2024-04-22 12:30:00,7.2
2024-04-22 12:45:00,7.4
2024-04-22 13:00:00,7.4
2024-04-22 13:15:00,7.3
2024-04-22 13:30:00,7.3
2024-04-22 13:45:00,7.4
2024-04-22 14:00:00,7.2
2024-04-22 14:15:00,7.3
2024-04-22 14:30:00,7.1
2024-04-22 14:45:00,7.2
2024-04-22 15:00:00,7.0
2024-04-22 15:15:00,7.1
2024-04-22 15:30:00,7.0
2024-04-22 15:45:00,7.1
2024-04-22 16:00:00,7.0
2024-04-22 16:15:00,7.0
2024-04-22 16:30:00,7.0
2024-04-22 16:45:00,7.0
2024-04-22 17:00:00,7.0
2024-04-22 17:15:00,6.9
2024-04-22 17:30:00,7.0
2024-04-22 17:45:00,7.0
2024-04-22 18:00:00,7.0
2024-04-22 18:15:00,6.8
2024-04-22 18:30:00,6.8
2024-04-22 18:45:00,6.9
2024-04-22 19:00:00,6.8
2024-04-22 19:15:00,6.8
2024-04-22 19:30:00,6.9
2024-04-22 19:45:00,6.9
2024-04-22 20:00:00,6.9
2024-04-22 20:15:00,6.9
2024-04-22 20:30:00,6.8
2024-04-22 20:45:00,7.0
2024-04-22 21:00:00,6.9
2024-04-22 21:15:00,6.8
2024-04-22 21:30:00,6.8
2024-04-22 21:45:00,7.0
2024-04-22 22:00:00,6.8
2024-04-22 22:15:00,6.9
2024-04-22 22:30:00,7.0
2024-04-22 22:45:00,6.8
2024-04-22 23:00:00,6.8
2024-04-22 23:15:00,6.8
2024-04-22 23:30:00,6.8
2024-04-22 23:45:00,6.8
2024-04-23 00:00:00,6.9
2024-04-23 00:15:00,6.7
2024-04-23 00:30:00,6.9
2024-04-23 00:45:00,7.0
2024-04-23 01:00:00,8.12126743097887
2024-04-23 01:15:00,8.12126743097887
2024-04-23 01:30:00,6.8
2024-04-23 01:45:00,6.8
2024-04-23 02:00:00,6.7
2024-04-23 02:15:00,6.8
2024-04-23 02:30:00,6.8
2024-04-23 02:45:00,6.7
2024-04-23 03:00:00,6.8
2024-04-23 03:15:00,6.8
2024-04-23 03:30:00,6.7
2024-04-23 03:45:00,6.9
2024-04-23 04:00:00,6.7
2024-04-23 04:15:00,6.8
2024-04-23 04:30:00,6.8
2024-04-23 04:45:00,10.930434850568162
2024-04-23 05:00:00,10.930434850568162
2024-04-23 05:15:00,10.83043485056816
2024-04-23 05:30:00,6.8
2024-04-23 05:45:00,6.9
2024-04-23 06:00:00,7.0
2024-04-23 06:15:00,6.8
2024-04-23 06:30:00,6.8
2024-04-23 06:45:00,6.9
2024-04-23 07:00:00,7.0
2024-04-23 07:15:00,6.8
2024-04-23 07:30:00,6.9
2024-04-23 07:45:00,6.8
2024-04-23 08:00:00,6.8
2024-04-23 08:15:00,6.8
2024-04-23 08:30:00,6.7
2024-04-23 08:45:00,6.8
2024-04-23 09:00:00,7.0
2024-04-23 09:15:00,6.8
2024-04-23 09:30:00,6.6
2024-04-23 09:45:00,6.9
2024-04-23 10:00:00,6.8
2024-04-23 10:15:00,6.6
2024-04-23 10:30:00,6.8
2024-04-23 10:45:00,6.8
2024-04-23 11:00:00,6.8
2024-04-23 11:15:00,6.8
2024-04-23 11:30:00,6.8
2024-04-23 11:45:00,6.9
2024-04-23 12:00:00,6.8
2024-04-23 12:15:00,6.8
2024-04-23 12:30:00,6.8
2024-04-23 12:45:00,6.8
2024-04-23 13:00:00,6.8
2024-04-23 13:15:00,6.8
2024-04-23 13:30:00,6.8
2024-04-23 13:45:00,6.9
2024-04-23 14:00:00,7.0
2024-04-23 14:15:00,6.8
2024-04-23 14:30:00,6.8
2024-04-23 14:45:00,6.9
2024-04-23 15:00:00,6.8
2024-04-23 15:15:00,6.6
2024-04-23 15:30:00,6.7
2024-04-23 15:45:00,6.6
2024-04-23 16:00:00,8.59327803556968
2024-04-23 16:15:00,6.5
2024-04-23 16:30:00,6.8
2024-04-23 16:45:00,6.6
2024-04-23 17:00:00,6.6
2024-04-23 17:15:00,6.5
2024-04-23 17:30:00,6.6
2024-04-23 17:45:00,6.6
2024-04-23 18:00:00,6.6
2024-04-23 18:15:00,6.7
2024-04-23 18:30:00,6.6
2024-04-23 18:45:00,6.6
2024-04-23 19:00:00,6.8
2024-04-23 19:15:00,6.6
2024-04-23 19:30:00,6.5
2024-04-23 19:45:00,6.7
2024-04-23 20:00:00,6.6
2024-04-23 20:15:00,6.5
2024-04-23 20:30:00,6.7
2024-04-23 20:45:00,6.5
2024-04-23 21:00:00,6.6
2024-04-23 21:15:00,6.6
2024-04-23 21:30:00,6.6
2024-04-23 21:45:00,6.6
2024-04-23 22:00:00,6.5
2024-04-23 22:15:00,6.4
2024-04-23 22:30:00,6.6
2024-04-23 22:45:00,6.5
2024-04-23 23:00:00,6.7
2024-04-23 23:15:00,6.6
2024-04-23 23:30:00,6.8
2024-04-23 23:45:00,6.6
2024-04-24 00:00:00,6.6
2024-04-24 00:15:00,6.5
2024-04-24 00:30:00,6.6
2024-04-24 00:45:00,6.5
2024-04-24 01:00:00,6.6
2024-04-24 01:15:00,2.3902959642728527
2024-04-24 01:30:00,2.3902959642728527
2024-04-24 01:45:00,2.3902959642728527
2024-04-24 02:00:00,6.5
2024-04-24 02:15:00,6.4
2024-04-24 02:30:00,6.6
2024-04-24 02:45:00,6.4
2024-04-24 03:00:00,6.4
2024-04-24 03:15:00,6.6
2024-04-24 03:30:00,6.5
2024-04-24 03:45:00,6.6
2024-04-24 04:00:00,6.6
2024-04-24 04:15:00,6.6
2024-04-24 04:30:00,6.7
2024-04-24 04:45:00,6.4
2024-04-24 05:00:00,6.7
2024-04-24 05:15:00,6.8
2024-04-24 05:30:00,6.5
2024-04-24 05:45:00,6.6
2024-04-24 06:00:00,6.6
2024-04-24 06:15:00,6.5
2024-04-24 06:30:00,6.6
2024-04-24 06:45:00,6.5
2024-04-24 07:00:00,6.7
2024-04-24 07:15:00,6.6
2024-04-24 07:30:00,6.5
2024-04-24 07:45:00,6.6
2024-04-24 08:00:00,6.4
2024-04-24 08:15:00,6.6
2024-04-24 08:30:00,6.6
2024-04-24 08:45:00,6.6
2024-04-24 09:00:00,6.5
2024-04-24 09:15:00,6.5
2024-04-24 09:30:00,6.6
2024-04-24 09:45:00,6.6
2024-04-24 10:00:00,6.4
2024-04-24 10:15:00,6.8
2024-04-24 10:30:00,6.7
2024-04-24 10:45:00,6.7
2024-04-24 11:00:00,6.5
2024-04-24 11:15:00,6.8
2024-04-24 11:30:00,6.7
2024-04-24 11:45:00,6.6
2024-04-24 12:00:00,6.6
2024-04-24 12:15:00,6.6
2024-04-24 12:30:00,6.6
2024-04-24 12:45:00,6.6
2024-04-24 13:00:00,6.6
2024-04-24 13:15:00,6.6
2024-04-24 13:30:00,6.8
2024-04-24 13:45:00,6.6
2024-04-24 14:00:00,6.7
2024-04-24 14:15:00,6.5
2024-04-24 14:30:00,6.6
2024-04-24 14:45:00,6.6
2024-04-24 15:00:00,6.5
2024-04-24 15:15:00,6.5
2024-04-24 15:30:00,6.6
2024-04-24 15:45:00,6.5
2024-04-24 16:00:00,6.5
2024-04-24 16:15:00,6.5
2024-04-24 16:30:00,6.6
2024-04-24 16:45:00,6.6
2024-04-24 17:00:00,6.4
2024-04-24 17:15:00,6.6
2024-04-24 17:30:00,6.6
2024-04-24 17:45:00,6.6
2024-04-24 18:00:00,6.6
2024-04-24 18:15:00,6.6
2024-04-24 18:30:00,6.5
2024-04-24 18:45:00,6.6
2024-04-24 19:00:00,6.7
2024-04-24 19:15:00,6.8
2024-04-24 19:30:00,6.6
2024-04-24 19:45:00,6.4
2024-04-24 20:00:00,6.6
2024-04-24 20:15:00,6.7
2024-04-24 20:30:00,6.6
2024-04-24 20:45:00,6.6
2024-04-24 21:00:00,6.6
2024-04-24 21:15:00,6.6
2024-04-24 21:30:00,6.6
2024-04-24 21:45:00,6.6
2024-04-24 22:00:00,6.8
2024-04-24 22:15:00,6.4
2024-04-24 22:30:00,6.5
2024-04-24 22:45:00,6.5
2024-04-24 23:00:00,6.6
2024-04-24 23:15:00,6.4
2024-04-24 23:30:00,6.6
2024-04-24 23:45:00,6.5
2024-04-25 00:00:00,6.4
2024-04-25 00:15:00,6.4
2024-04-25 00:30:00,6.6
2024-04-25 00:45:00,6.5
2024-04-25 01:00:00,6.6
2024-04-25 01:15:00,6.6
2024-04-25 01:30:00,6.6
2024-04-25 01:45:00,6.5
2024-04-25 02:00:00,6.6
2024-04-25 02:15:00,6.6
2024-04-25 02:30:00,6.4
2024-04-25 02:45:00,6.6
2024-04-25 03:00:00,6.4
2024-04-25 03:15:00,6.4
2024-04-25 03:30:00,6.5
2024-04-25 03:45:00,6.5
2024-04-25 04:00:00,6.4
2024-04-25 04:15:00,6.5
2024-04-25 04:30:00,6.4
2024-04-25 04:45:00,6.4
2024-04-25 05:00:00,6.7
2024-04-25 05:15:00,6.5
2024-04-25 05:30:00,6.5
2024-04-25 05:45:00,6.6
2024-04-25 06:00:00,
2024-04-25 06:15:00,
2024-04-25 06:30:00,
2024-04-25 06:45:00,
2024-04-25 07:00:00,
2024-04-25 07:15:00,
2024-04-25 07:30:00,
2024-04-25 07:45:00,
2024-04-25 08:00:00,
2024-04-25 08:15:00,
2024-04-25 08:30:00,
2024-04-25 08:45:00,
2024-04-25 09:00:00,
2024-04-25 09:15:00,
2024-04-25 09:30:00,
2024-04-25 09:45:00,
2024-04-25 10:00:00,
2024-04-25 10:15:00,
2024-04-25 10:30:00,
2024-04-25 10:45:00,
2024-04-25 11:00:00,
2024-04-25 11:15:00,6.3
2024-04-25 11:30:00,6.4
2024-04-25 11:45:00,6.4
2024-04-25 12:00:00,6.4
2024-04-25 12:15:00,6.3
2024-04-25 12:30:00,6.4
2024-04-25 12:45:00,6.5
2024-04-25 13:00:00,6.3
2024-04-25 13:15:00,6.2
2024-04-25 13:30:00,6.4
2024-04-25 13:45:00,6.3
2024-04-25 14:00:00,6.3
2024-04-25 14:15:00,6.3
2024-04-25 14:30:00,6.2
2024-04-25 14:45:00,6.4
2024-04-25 15:00:00,6.2
2024-04-25 15:15:00,6.1
2024-04-25 15:30:00,6.1
2024-04-25 15:45:00,6.2
2024-04-25 16:00:00,6.2
2024-04-25 16:15:00,6.1
2024-04-25 16:30:00,6.2
2024-04-25 16:45:00,6.1
2024-04-25 17:00:00,6.1
2024-04-25 17:15:00,6.1
2024-04-25 17:30:00,6.0
2024-04-25 17:45:00,6.1
2024-04-25 18:00:00,6.1
2024-04-25 18:15:00,6.1
2024-04-25 18:30:00,6.1
2024-04-25 18:45:00,6.1
2024-04-25 19:00:00,6.1
2024-04-25 19:15:00,6.1
2024-04-25 19:30:00,6.1
2024-04-25 19:45:00,6.0
2024-04-25 20:00:00,6.1
2024-04-25 20:15:00,6.0
2024-04-25 20:30:00,6.1
2024-04-25 20:45:00,6.0
2024-04-25 21:00:00,6.0
2024-04-25 21:15:00,6.0
2024-04-25 21:30:00,5.9
2024-04-25 21:45:00,6.0
2024-04-25 22:00:00,5.9
2024-04-25 22:15:00,6.0
2024-04-25 22:30:00,6.0
2024-04-25 22:45:00,5.9
2024-04-25 23:00:00,6.0
2024-04-25 23:15:00,6.0
2024-04-25 23:30:00,5.9
2024-04-25 23:45:00,6.0
2024-04-26 00:00:00,6.1
2024-04-26 00:15:00,6.1
2024-04-26 00:30:00,6.1
2024-04-26 00:45:00,6.0
2024-04-26 01:00:00,5.9
2024-04-26 01:15:00,6.0
2024-04-26 01:30:00,5.9
2024-04-26 01:45:00,6.0
2024-04-26 02:00:00,6.0
2024-04-26 02:15:00,6.0
2024-04-26 02:30:00,6.1
2024-04-26 02:45:00,6.0
2024-04-26 03:00:00,6.1
2024-04-26 03:15:00,5.9
2024-04-26 03:30:00,5.9
2024-04-26 03:45:00,6.1
2024-04-26 04:00:00,5.9
2024-04-26 04:15:00,6.1
2024-04-26 04:30:00,6.0
2024-04-26 04:45:00,6.0
2024-04-26 05:00:00,6.0
2024-04-26 05:15:00,6.0
2024-04-26 05:30:00,6.0
2024-04-26 05:45:00,6.2
2024-04-26 06:00:00,5.9
2024-04-26 06:15:00,5.9
2024-04-26 06:30:00,6.0
2024-04-26 06:45:00,6.0
2024-04-26 07:00:00,6.0
2024-04-26 07:15:00,6.0
2024-04-26 07:30:00,6.1
2024-04-26 07:45:00,5.9
2024-04-26 08:00:00,5.9
2024-04-26 08:15:00,6.2
2024-04-26 08:30:00,5.9
2024-04-26 08:45:00,6.0
2024-04-26 09:00:00,6.0
2024-04-26 09:15:00,6.0
2024-04-26 09:30:00,6.0
2024-04-26 09:45:00,5.9
2024-04-26 10:00:00,
2024-04-26 10:15:00,
2024-04-26 10:30:00,
2024-04-26 10:45:00,
2024-04-26 11:00:00,
2024-04-26 11:15:00,
2024-04-26 11:30:00,
2024-04-26 11:45:00,5.8
2024-04-26 12:00:00,5.8
2024-04-26 12:15:00,5.9
2024-04-26 12:30:00,6.0
2024-04-26 12:45:00,6.0
2024-04-26 13:00:00,5.9
2024-04-26 13:15:00,6.0
2024-04-26 13:30:00,5.9
2024-04-26 13:45:00,5.9
2024-04-26 14:00:00,5.9
2024-04-26 14:15:00,5.9
2024-04-26 14:30:00,5.8
2024-04-26 14:45:00,5.9
2024-04-26 15:00:00,5.9
2024-04-26 15:15:00,5.9
2024-04-26 15:30:00,5.8
2024-04-26 15:45:00,5.7
2024-04-26 16:00:00,5.8
2024-04-26 16:15:00,5.9
2024-04-26 16:30:00,5.8
2024-04-26 16:45:00,5.8
2024-04-26 17:00:00,5.8
2024-04-26 17:15:00,5.8
2024-04-26 17:30:00,5.8
2024-04-26 17:45:00,5.6
2024-04-26 18:00:00,5.8
2024-04-26 18:15:00,5.8
2024-04-26 18:30:00,5.9
2024-04-26 18:45:00,5.7
2024-04-26 19:00:00,5.7
2024-04-26 19:15:00,5.7
2024-04-26 19:30:00,5.9
2024-04-26 19:45:00,5.9
2024-04-26 20:00:00,5.6
2024-04-26 20:15:00,5.7
2024-04-26 20:30:00,5.7
2024-04-26 20:45:00,5.7
2024-04-26 21:00:00,7.528775590118903
2024-04-26 21:15:00,7.428775590118901
2024-04-26 21:30:00,7.428775590118901
2024-04-26 21:45:00,5.7
2024-04-26 22:00:00,5.7
2024-04-26 22:15:00,5.8
2024-04-26 22:30:00,5.8
2024-04-26 22:45:00,5.8
2024-04-26 23:00:00,5.7
2024-04-26 23:15:00,5.8
2024-04-26 23:30:00,5.7
2024-04-26 23:45:00,5.9
2024-04-27 00:00:00,5.7
2024-04-27 00:15:00,5.6
2024-04-27 00:30:00,5.7
2024-04-27 00:45:00,5.7
2024-04-27 01:00:00,5.7
2024-04-27 01:15:00,5.8
2024-04-27 01:30:00,5.8
2024-04-27 01:45:00,5.7
2024-04-27 02:00:00,5.8
2024-04-27 02:15:00,5.6
2024-04-27 02:30:00,5.8
2024-04-27 02:45:00,5.8
2024-04-27 03:00:00,5.6
2024-04-27 03:15:00,5.8
2024-04-27 03:30:00,5.8
2024-04-27 03:45:00,5.8
2024-04-27 04:00:00,5.8
2024-04-27 04:15:00,5.8
2024-04-27 04:30:00,5.9
2024-04-27 04:45:00,5.9
2024-04-27 05:00:00,5.7
2024-04-27 05:15:00,5.7
2024-04-27 05:30:00,5.8
2024-04-27 05:45:00,5.9
2024-04-27 06:00:00,5.8
2024-04-27 06:15:00,5.7
2024-04-27 06:30:00,5.8
2024-04-27 06:45:00,5.9
2024-04-27 07:00:00,5.8
2024-04-27 07:15:00,5.8
2024-04-27 07:30:00,5.8
2024-04-27 07:45:00,5.7
2024-04-27 08:00:00,5.7
2024-04-27 08:15:00,5.8
2024-04-27 08:30:00,5.8
2024-04-27 08:45:00,5.7
2024-04-27 09:00:00,5.8
2024-04-27 09:15:00,5.8
2024-04-27 09:30:00,5.7
2024-04-27 09:45:00,5.7
2024-04-27 10:00:00,5.8
2024-04-27 10:15:00,5.8
2024-04-27 10:30:00,5.7
2024-04-27 10:45:00,5.7
2024-04-27 11:00:00,5.8
2024-04-27 11:15:00,5.7
2024-04-27 11:30:00,5.7
2024-04-27 11:45:00,5.7
2024-04-27 12:00:00,5.8
2024-04-27 12:15:00,5.8
2024-04-27 12:30:00,5.9
2024-04-27 12:45:00,5.6
2024-04-27 13:00:00,5.8
2024-04-27 13:15:00,5.7
2024-04-27 13:30:00,5.9
2024-04-27 13:45:00,5.8
2024-04-27 14:00:00,5.6
2024-04-27 14:15:00,4.739860538966441
2024-04-27 14:30:00,4.739860538966441
2024-04-27 14:45:00,5.6
2024-04-27 15:00:00,5.8
2024-04-27 15:15:00,5.7
2024-04-27 15:30:00,5.6
2024-04-27 15:45:00,5.6
2024-04-27 16:00:00,5.8
2024-04-27 16:15:00,5.7
2024-04-27 16:30:00,5.8
2024-04-27 16:45:00,5.8
2024-04-27 17:00:00,5.8
2024-04-27 17:15:00,5.7
2024-04-27 17:30:00,5.7
2024-04-27 17:45:00,5.6
2024-04-27 18:00:00,5.8
2024-04-27 18:15:00,5.7
2024-04-27 18:30:00,5.7
2024-04-27 18:45:00,5.6
2024-04-27 19:00:00,5.5
2024-04-27 19:15:00,5.8
2024-04-27 19:30:00,5.6
2024-04-27 19:45:00,5.6
2024-04-27 20:00:00,5.7
2024-04-27 20:15:00,5.6
2024-04-27 20:30:00,5.5
2024-04-27 20:45:00,5.6
2024-04-27 21:00:00,5.6
2024-04-27 21:15:00,5.6
2024-04-27 21:30:00,5.7
2024-04-27 21:45:00,5.8
2024-04-27 22:00:00,6.930305836564294
2024-04-27 22:15:00,6.930305836564294
2024-04-27 22:30:00,7.130305836564293
2024-04-27 22:45:00,5.4
2024-04-27 23:00:00,5.8
2024-04-27 23:15:00,5.6
2024-04-27 23:30:00,5.6
2024-04-27 23:45:00,5.6
2024-04-28 00:00:00,5.7
2024-04-28 00:15:00,5.7
2024-04-28 00:30:00,5.7
2024-04-28 00:45:00,5.6
2024-04-28 01:00:00,5.7
2024-04-28 01:15:00,5.5
2024-04-28 01:30:00,5.7
2024-04-28 01:45:00,5.6
2024-04-28 02:00:00,5.5
2024-04-28 02:15:00,5.6
2024-04-28 02:30:00,5.5
2024-04-28 02:45:00,5.6
2024-04-28 03:00:00,5.5
2024-04-28 03:15:00,5.6
2024-04-28 03:30:00,5.6
2024-04-28 03:45:00,5.7
2024-04-28 04:00:00,5.7
2024-04-28 04:15:00,5.6
2024-04-28 04:30:00,5.7
2024-04-28 04:45:00,5.7
2024-04-28 05:00:00,5.6
2024-04-28 05:15:00,5.7
2024-04-28 05:30:00,5.6
2024-04-28 05:45:00,5.7
2024-04-28 06:00:00,5.6
2024-04-28 06:15:00,5.6
2024-04-28 06:30:00,5.6
2024-04-28 06:45:00,5.6
2024-04-28 07:00:00,5.6
2024-04-28 07:15:00,5.7
2024-04-28 07:30:00,5.6
2024-04-28 07:45:00,5.6
2024-04-28 08:00:00,5.5
2024-04-28 08:15:00,5.6
2024-04-28 08:30:00,5.6
2024-04-28 08:45:00,5.6
2024-04-28 09:00:00,5.6
2024-04-28 09:15:00,5.5
2024-04-28 09:30:00,5.5
2024-04-28 09:45:00,5.8
2024-04-28 10:00:00,5.5
2024-04-28 10:15:00,5.7
2024-04-28 10:30:00,5.5
2024-04-28 10:45:00,5.6
2024-04-28 11:00:00,5.5
2024-04-28 11:15:00,5.5
2024-04-28 11:30:00,5.5
2024-04-28 11:45:00,5.5
2024-04-28 12:00:00,5.6
2024-04-28 12:15:00,5.5
2024-04-28 12:30:00,
2024-04-28 12:45:00,
2024-04-28 13:00:00,
2024-04-28 13:15:00,
2024-04-28 13:30:00,
2024-04-28 13:45:00,
2024-04-28 14:00:00,
2024-04-28 14:15:00,
2024-04-28 14:30:00,
2024-04-28 14:45:00,
2024-04-28 15:00:00,
2024-04-28 15:15:00,
2024-04-28 15:30:00,
2024-04-28 15:45:00,
2024-04-28 16:00:00,
2024-04-28 16:15:00,5.4
2024-04-28 16:30:00,5.4
2024-04-28 16:45:00,5.4
2024-04-28 17:00:00,5.4
2024-04-28 17:15:00,5.4
2024-04-28 17:30:00,5.4
2024-04-28 17:45:00,5.5
2024-04-28 18:00:00,5.3
2024-04-28 18:15:00,5.6
2024-04-28 18:30:00,5.4
2024-04-28 18:45:00,5.3
2024-04-28 19:00:00,5.3
2024-04-28 19:15:00,5.4
2024-04-28 19:30:00,5.4
2024-04-28 19:45:00,5.4
2024-04-28 20:00:00,5.3
2024-04-28 20:15:00,5.4
2024-04-28 20:30:00,5.5
2024-04-28 20:45:00,5.3
2024-04-28 21:00:00,5.4
2024-04-28 21:15:00,5.4
2024-04-28 21:30:00,5.4
2024-04-28 21:45:00,5.4
2024-04-28 22:00:00,5.4
2024-04-28 22:15:00,5.5
2024-04-28 22:30:00,5.3
2024-04-28 22:45:00,5.4
2024-04-28 23:00:00,5.2
2024-04-28 23:15:00,5.3
2024-04-28 23:30:00,5.3
2024-04-28 23:45:00,5.3
2024-04-29 00:00:00,5.4
2024-04-29 00:15:00,3.796678344045903
2024-04-29 00:30:00,5.3
2024-04-29 00:45:00,5.4
2024-04-29 01:00:00,5.3
2024-04-29 01:15:00,5.4
2024-04-29 01:30:00,5.5
2024-04-29 01:45:00,5.3
2024-04-29 02:00:00,6.202679314764293
2024-04-29 02:15:00,5.4
2024-04-29 02:30:00,5.4
2024-04-29 02:45:00,5.4
2024-04-29 03:00:00,5.3
2024-04-29 03:15:00,5.3
2024-04-29 03:30:00,5.3
2024-04-29 03:45:00,5.3
2024-04-29 04:00:00,5.4
2024-04-29 04:15:00,5.4
2024-04-29 04:30:00,5.3
2024-04-29 04:45:00,5.3
2024-04-29 05:00:00,5.4
2024-04-29 05:15:00,5.4
2024-04-29 05:30:00,5.3
2024-04-29 05:45:00,5.4
2024-04-29 06:00:00,5.4
2024-04-29 06:15:00,5.3
2024-04-29 06:30:00,5.2
2024-04-29 06:45:00,5.2
2024-04-29 07:00:00,5.2
2024-04-29 07:15:00,5.3
2024-04-29 07:30:00,5.4
2024-04-29 07:45:00,5.3
2024-04-29 08:00:00,5.4
2024-04-29 08:15:00,5.3
2024-04-29 08:30:00,5.3
2024-04-29 08:45:00,5.2
2024-04-29 09:00:00,5.2
2024-04-29 09:15:00,5.4
2024-04-29 09:30:00,5.3
2024-04-29 09:45:00,5.2
2024-04-29 10:00:00,5.2
2024-04-29 10:15:00,5.2
2024-04-29 10:30:00,5.3
2024-04-29 10:45:00,5.4
2024-04-29 11:00:00,5.2
2024-04-29 11:15:00,5.1
2024-04-29 11:30:00,5.2
2024-04-29 11:45:00,5.2
2024-04-29 12:00:00,5.2
2024-04-29 12:15:00,5.2
2024-04-29 12:30:00,5.3
2024-04-29 12:45:00,5.2
2024-04-29 13:00:00,5.2
2024-04-29 13:15:00,5.2
2024-04-29 13:30:00,5.2
2024-04-29 13:45:00,5.1
2024-04-29 14:00:00,5.1
2024-04-29 14:15:00,5.2
2024-04-29 14:30:00,5.1
2024-04-29 14:45:00,5.1
2024-04-29 15:00:00,5.1
2024-04-29 15:15:00,5.2
2024-04-29 15:30:00,5.1
2024-04-29 15:45:00,5.0
2024-04-29 16:00:00,5.1
2024-04-29 16:15:00,5.1
2024-04-29 16:30:00,5.0
2024-04-29 16:45:00,5.0
2024-04-29 17:00:00,5.1
2024-04-29 17:15:00,5.0
2024-04-29 17:30:00,5.0
2024-04-29 17:45:00,5.1
2024-04-29 18:00:00,5.1
2024-04-29 18:15:00,5.0
2024-04-29 18:30:00,4.9
2024-04-29 18:45:00,5.2
2024-04-29 19:00:00,4.9
2024-04-29 19:15:00,5.0
2024-04-29 19:30:00,5.0
2024-04-29 19:45:00,5.0
2024-04-29 20:00:00,4.9
2024-04-29 20:15:00,4.8
2024-04-29 20:30:00,4.9
2024-04-29 20:45:00,4.9
2024-04-29 21:00:00,5.1
2024-04-29 21:15:00,5.2
2024-04-29 21:30:00,5.0
2024-04-29 21:45:00,5.0
2024-04-29 22:00:00,4.9
2024-04-29 22:15:00,5.1
2024-04-29 22:30:00,5.0
2024-04-29 22:45:00,5.1
2024-04-29 23:00:00,4.9
2024-04-29 23:15:00,4.9
2024-04-29 23:30:00,5.0
2024-04-29 23:45:00,5.1
2024-04-30 00:00:00,5.0
2024-04-30 00:15:00,5.0
2024-04-30 00:30:00,5.0
2024-04-30 00:45:00,5.0
2024-04-30 01:00:00,5.1
2024-04-30 01:15:00,5.0
2024-04-30 01:30:00,5.1
2024-04-30 01:45:00,4.9
2024-04-30 02:00:00,5.0
2024-04-30 02:15:00,5.0
2024-04-30 02:30:00,4.9
2024-04-30 02:45:00,5.1
2024-04-30 03:00:00,5.0
2024-04-30 03:15:00,5.1
2024-04-30 03:30:00,5.1
2024-04-30 03:45:00,5.1
2024-04-30 04:00:00,5.1
2024-04-30 04:15:00,5.2
2024-04-30 04:30:00,5.1
2024-04-30 04:45:00,5.1
2024-04-30 05:00:00,5.2
2024-04-30 05:15:00,5.1
2024-04-30 05:30:00,4.9
2024-04-30 05:45:00,5.2
2024-04-30 06:00:00,5.0
2024-04-30 06:15:00,5.1
2024-04-30 06:30:00,5.0
2024-04-30 06:45:00,5.0
2024-04-30 07:00:00,5.1
2024-04-30 07:15:00,5.1
2024-04-30 07:30:00,5.1
2024-04-30 07:45:00,4.9
2024-04-30 08:00:00,4.9
2024-04-30 08:15:00,5.0
2024-04-30 08:30:00,5.1
2024-04-30 08:45:00,5.1
2024-04-30 09:00:00,4.9
2024-04-30 09:15:00,5.0
2024-04-30 09:30:00,5.1
2024-04-30 09:45:00,5.0
2024-04-30 10:00:00,5.0
2024-04-30 10:15:00,4.9
2024-04-30 10:30:00,5.0
2024-04-30 10:45:00,5.0
2024-04-30 11:00:00,4.9
2024-04-30 11:15:00,4.9
2024-04-30 11:30:00,4.9
2024-04-30 11:45:00,5.0
2024-04-30 12:00:00,4.8
2024-04-30 12:15:00,5.0
2024-04-30 12:30:00,4.8
2024-04-30 12:45:00,4.9
2024-04-30 13:00:00,5.0
2024-04-30 13:15:00,4.9
2024-04-30 13:30:00,4.9
2024-04-30 13:45:00,4.9
2024-04-30 14:00:00,4.9
2024-04-30 14:15:00,4.9
2024-04-30 14:30:00,4.9
2024-04-30 14:45:00,4.8
2024-04-30 15:00:00,4.8
2024-04-30 15:15:00,4.9
2024-04-30 15:30:00,4.8
2024-04-30 15:45:00,4.7
2024-04-30 16:00:00,4.9
2024-04-30 16:15:00,4.7
2024-04-30 16:30:00,4.8
2024-04-30 16:45:00,4.8
2024-04-30 17:00:00,4.8
2024-04-30 17:15:00,4.7
2024-04-30 17:30:00,4.8
2024-04-30 17:45:00,4.8
2024-04-30 18:00:00,4.7
2024-04-30 18:15:00,4.7
2024-04-30 18:30:00,4.7
2024-04-30 18:45:00,4.7
2024-04-30 19:00:00,4.7
2024-04-30 19:15:00,4.8
2024-04-30 19:30:00,4.7
2024-04-30 19:45:00,4.7
2024-04-30 20:00:00,4.7
2024-04-30 20:15:00,4.8
2024-04-30 20:30:00,4.8
2024-04-30 20:45:00,4.7
2024-04-30 21:00:00,4.6
2024-04-30 21:15:00,4.8
2024-04-30 21:30:00,4.7
2024-04-30 21:45:00,4.7
2024-04-30 22:00:00,4.8
2024-04-30 22:15:00,4.7
2024-04-30 22:30:00,4.7
2024-04-30 22:45:00,4.7
2024-04-30 23:00:00,4.6
2024-04-30 23:15:00,4.7
2024-04-30 23:30:00,4.7
2024-04-30 23:45:00,4.6
2024-05-01 00:00:00,4.7
2024-05-01 00:15:00,4.6
2024-05-01 00:30:00,4.6
2024-05-01 00:45:00,4.7
2024-05-01 01:00:00,4.7
2024-05-01 01:15:00,4.8
2024-05-01 01:30:00,4.8
2024-05-01 01:45:00,4.7
2024-05-01 02:00:00,4.7
2024-05-01 02:15:00,4.8
2024-05-01 02:30:00,4.7
2024-05-01 02:45:00,4.9
2024-05-01 03:00:00,5.604160360520188
2024-05-01 03:15:00,5.604160360520188
2024-05-01 03:30:00,4.7
2024-05-01 03:45:00,4.9
2024-05-01 04:00:00,4.7
2024-05-01 04:15:00,4.8
2024-05-01 04:30:00,4.7
2024-05-01 04:45:00,4.8
2024-05-01 05:00:00,4.7
2024-05-01 05:15:00,
2024-05-01 05:30:00,
2024-05-01 05:45:00,
2024-05-01 06:00:00,
2024-05-01 06:15:00,
2024-05-01 06:30:00,
2024-05-01 06:45:00,
2024-05-01 07:00:00,
2024-05-01 07:15:00,
2024-05-01 07:30:00,
2024-05-01 07:45:00,
2024-05-01 08:00:00,
2024-05-01 08:15:00,4.7
2024-05-01 08:30:00,4.6
2024-05-01 08:45:00,4.7
2024-05-01 09:00:00,4.7
2024-05-01 09:15:00,4.7
2024-05-01 09:30:00,4.7
2024-05-01 09:45:00,4.8
2024-05-01 10:00:00,4.5
2024-05-01 10:15:00,4.6
2024-05-01 10:30:00,4.6
2024-05-01 10:45:00,4.5
2024-05-01 11:00:00,4.6
2024-05-01 11:15:00,4.7
2024-05-01 11:30:00,4.6
2024-05-01 11:45:00,4.6
2024-05-01 12:00:00,4.6
2024-05-01 12:15:00,4.4
2024-05-01 12:30:00,4.5
2024-05-01 12:45:00,4.5
2024-05-01 13:00:00,4.6
2024-05-01 13:15:00,4.6
2024-05-01 13:30:00,4.5
2024-05-01 13:45:00,4.5
2024-05-01 14:00:00,4.5
2024-05-01 14:15:00,4.6
2024-05-01 14:30:00,4.6
2024-05-01 14:45:00,4.5
2024-05-01 15:00:00,4.4
2024-05-01 15:15:00,4.5
2024-05-01 15:30:00,4.5
2024-05-01 15:45:00,4.5
2024-05-01 16:00:00,4.4
2024-05-01 16:15:00,4.6
2024-05-01 16:30:00,4.4
2024-05-01 16:45:00,4.5
2024-05-01 17:00:00,4.4
2024-05-01 17:15:00,4.5
2024-05-01 17:30:00,4.5
2024-05-01 17:45:00,4.4
2024-05-01 18:00:00,4.4
2024-05-01 18:15:00,4.4
2024-05-01 18:30:00,4.4
2024-05-01 18:45:00,4.4
2024-05-01 19:00:00,4.4
2024-05-01 19:15:00,4.4
2024-05-01 19:30:00,4.4
2024-05-01 19:45:00,4.4
2024-05-01 20:00:00,4.4
2024-05-01 20:15:00,4.4
2024-05-01 20:30:00,4.4
2024-05-01 20:45:00,4.4
2024-05-01 21:00:00,4.4
2024-05-01 21:15:00,4.4
2024-05-01 21:30:00,4.4
2024-05-01 21:45:00,4.4
2024-05-01 22:00:00,4.4
2024-05-01 22:15:00,4.4
2024-05-01 22:30:00,4.4
2024-05-01 22:45:00,4.4
2024-05-01 23:00:00,4.4
2024-05-01 23:15:00,4.4
2024-05-01 23:30:00,4.4
2024-05-01 23:45:00,4.4
2024-05-02 00:00:00,4.4
2024-05-02 00:15:00,4.4
2024-05-02 00:30:00,4.4
2024-05-02 00:45:00,4.4
2024-05-02 01:00:00,4.4
2024-05-02 01:15:00,4.4
2024-05-02 01:30:00,4.4
2024-05-02 01:45:00,4.4
2024-05-02 02:00:00,4.4
2024-05-02 02:15:00,4.4
2024-05-02 02:30:00,4.4
2024-05-02 02:45:00,4.4
2024-05-02 03:00:00,4.4
2024-05-02 03:15:00,4.4
2024-05-02 03:30:00,4.4
2024-05-02 03:45:00,4.4
2024-05-02 04:00:00,4.4
2024-05-02 04:15:00,4.4
2024-05-02 04:30:00,4.3
2024-05-02 04:45:00,4.4
2024-05-02 05:00:00,4.4
2024-05-02 05:15:00,4.3
2024-05-02 05:30:00,4.4
2024-05-02 05:45:00,4.4
2024-05-02 06:00:00,4.4
2024-05-02 06:15:00,4.3
2024-05-02 06:30:00,4.3
2024-05-02 06:45:00,4.5
2024-05-02 07:00:00,4.3
2024-05-02 07:15:00,4.4
2024-05-02 07:30:00,4.4
2024-05-02 07:45:00,4.4
2024-05-02 08:00:00,4.5
2024-05-02 08:15:00,4.4
2024-05-02 08:30:00,4.3
2024-05-02 08:45:00,4.4
2024-05-02 09:00:00,4.4
2024-05-02 09:15:00,4.3
2024-05-02 09:30:00,4.4
2024-05-02 09:45:00,4.4
2024-05-02 10:00:00,4.4
2024-05-02 10:15:00,4.4
2024-05-02 10:30:00,4.3
2024-05-02 10:45:00,4.4
2024-05-02 11:00:00,4.3
2024-05-02 11:15:00,4.2
2024-05-02 11:30:00,4.2
2024-05-02 11:45:00,4.3
2024-05-02 12:00:00,4.2
2024-05-02 12:15:00,4.3
2024-05-02 12:30:00,4.2
2024-05-02 12:45:00,4.2
2024-05-02 13:00:00,4.4
2024-05-02 13:15:00,4.3
2024-05-02 13:30:00,4.3
2024-05-02 13:45:00,4.2
2024-05-02 14:00:00,4.2
2024-05-02 14:15:00,4.2
2024-05-02 14:30:00,4.1
2024-05-02 14:45:00,4.2
2024-05-02 15:00:00,4.4
2024-05-02 15:15:00,4.2
2024-05-02 15:30:00,4.3
2024-05-02 15:45:00,4.2
2024-05-02 16:00:00,4.2
2024-05-02 16:15:00,4.2
2024-05-02 16:30:00,4.2
2024-05-02 16:45:00,4.2
2024-05-02 17:00:00,4.2
2024-05-02 17:15:00,4.2
2024-05-02 17:30:00,4.2
2024-05-02 17:45:00,4.1
2024-05-02 18:00:00,4.2
2024-05-02 18:15:00,4.1
2024-05-02 18:30:00,4.0
2024-05-02 18:45:00,4.2
2024-05-02 19:00:00,4.1
2024-05-02 19:15:00,4.2
2024-05-02 19:30:00,4.0
2024-05-02 19:45:00,4.1
2024-05-02 20:00:00,4.1
2024-05-02 20:15:00,4.1
2024-05-02 20:30:00,4.1
2024-05-02 20:45:00,4.1
2024-05-02 21:00:00,4.1
2024-05-02 21:15:00,4.1
2024-05-02 21:30:00,4.1
2024-05-02 21:45:00,4.1
2024-05-02 22:00:00,4.0
2024-05-02 22:15:00,4.0
2024-05-02 22:30:00,4.0
2024-05-02 22:45:00,4.2
2024-05-02 23:00:00,4.0
2024-05-02 23:15:00,4.2
2024-05-02 23:30:00,4.1
2024-05-02 23:45:00,4.0
2024-05-03 00:00:00,4.1
2024-05-03 00:15:00,4.1
2024-05-03 00:30:00,4.1
2024-05-03 00:45:00,4.2
2024-05-03 01:00:00,4.1
2024-05-03 01:15:00,4.1
2024-05-03 01:30:00,4.1
2024-05-03 01:45:00,4.1
2024-05-03 02:00:00,4.0
2024-05-03 02:15:00,4.1
2024-05-03 02:30:00,4.2
2024-05-03 02:45:00,4.1
2024-05-03 03:00:00,4.2
2024-05-03 03:15:00,4.2
2024-05-03 03:30:00,4.1
2024-05-03 03:45:00,4.2
2024-05-03 04:00:00,4.1
2024-05-03 04:15:00,4.1
2024-05-03 04:30:00,4.0
2024-05-03 04:45:00,4.1
2024-05-03 05:00:00,4.1
2024-05-03 05:15:00,4.1
2024-05-03 05:30:00,4.0
2024-05-03 05:45:00,4.3
2024-05-03 06:00:00,4.0
2024-05-03 06:15:00,4.0
2024-05-03 06:30:00,4.0
2024-05-03 06:45:00,4.1
2024-05-03 07:00:00,4.2
2024-05-03 07:15:00,4.1
2024-05-03 07:30:00,4.2
2024-05-03 07:45:00,4.0
2024-05-03 08:00:00,4.1
2024-05-03 08:15:00,4.1
2024-05-03 08:30:00,4.2
2024-05-03 08:45:00,4.1
2024-05-03 09:00:00,4.0
2024-05-03 09:15:00,4.0
2024-05-03 09:30:00,4.0
2024-05-03 09:45:00,4.0
2024-05-03 10:00:00,4.0
2024-05-03 10:15:00,4.0
2024-05-03 10:30:00,4.1
2024-05-03 10:45:00,4.0
2024-05-03 11:00:00,4.1
2024-05-03 11:15:00,3.9
2024-05-03 11:30:00,4.1
2024-05-03 11:45:00,4.0
2024-05-03 12:00:00,4.0
2024-05-03 12:15:00,4.1
2024-05-03 12:30:00,4.0
2024-05-03 12:45:00,4.0
2024-05-03 13:00:00,4.0
2024-05-03 13:15:00,4.0
2024-05-03 13:30:00,4.0
2024-05-03 13:45:00,4.0
2024-05-03 14:00:00,4.0
2024-05-03 14:15:00,4.0
2024-05-03 14:30:00,4.0
2024-05-03 14:45:00,4.0
2024-05-03 15:00:00,3.9
2024-05-03 15:15:00,4.0
2024-05-03 15:30:00,4.94426375039532
2024-05-03 15:45:00,4.94426375039532
2024-05-03 16:00:00,3.9
2024-05-03 16:15:00,4.1
2024-05-03 16:30:00,3.9
2024-05-03 16:45:00,4.0
2024-05-03 17:00:00,4.0
2024-05-03 17:15:00,3.9
2024-05-03 17:30:00,3.8
2024-05-03 17:45:00,3.9
2024-05-03 18:00:00,3.9
2024-05-03 18:15:00,3.9
2024-05-03 18:30:00,3.9
2024-05-03 18:45:00,3.9
2024-05-03 19:00:00,3.9
2024-05-03 19:15:00,3.9
2024-05-03 19:30:00,3.9
2024-05-03 19:45:00,3.9
2024-05-03 20:00:00,3.9
2024-05-03 20:15:00,3.9
2024-05-03 20:30:00,3.9
2024-05-03 20:45:00,3.9
2024-05-03 21:00:00,3.9
2024-05-03 21:15:00,3.9
2024-05-03 21:30:00,3.9
2024-05-03 21:45:00,3.9
2024-05-03 22:00:00,3.9
2024-05-03 22:15:00,3.9
2024-05-03 22:30:00,3.9
2024-05-03 22:45:00,3.9
2024-05-03 23:00:00,3.9
2024-05-03 23:15:00,3.9
2024-05-03 23:30:00,3.9
2024-05-03 23:45:00,3.9
2024-05-04 00:00:00,3.9
2024-05-04 00:15:00,3.9
2024-05-04 00:30:00,3.9
2024-05-04 00:45:00,3.9
2024-05-04 01:00:00,3.9
2024-05-04 01:15:00,3.9
2024-05-04 01:30:00,3.9
2024-05-04 01:45:00,3.9
2024-05-04 02:00:00,3.9
2024-05-04 02:15:00,3.9
2024-05-04 02:30:00,3.9
2024-05-04 02:45:00,3.9
2024-05-04 03:00:00,3.9
2024-05-04 03:15:00,3.9
2024-05-04 03:30:00,3.9
2024-05-04 03:45:00,4.0
2024-05-04 04:00:00,4.0
2024-05-04 04:15:00,4.0
2024-05-04 04:30:00,3.9
2024-05-04 04:45:00,3.9
2024-05-04 05:00:00,4.0
2024-05-04 05:15:00,3.9
2024-05-04 05:30:00,4.0
2024-05-04 05:45:00,3.9
2024-05-04 06:00:00,3.9
2024-05-04 06:15:00,4.0
2024-05-04 06:30:00,4.0
2024-05-04 06:45:00,4.0
2024-05-04 07:00:00,3.8
2024-05-04 07:15:00,3.9
2024-05-04 07:30:00,4.0
2024-05-04 07:45:00,4.0
2024-05-04 08:00:00,4.0
2024-05-04 08:15:00,3.8
2024-05-04 08:30:00,3.8
2024-05-04 08:45:00,3.9
2024-05-04 09:00:00,3.9
2024-05-04 09:15:00,3.8
2024-05-04 09:30:00,3.8
2024-05-04 09:45:00,3.8
2024-05-04 10:00:00,3.9
2024-05-04 10:15:00,3.9
2024-05-04 10:30:00,3.8
2024-05-04 10:45:00,3.8
2024-05-04 11:00:00,3.8
2024-05-04 11:15:00,3.9
2024-05-04 11:30:00,3.9
2024-05-04 11:45:00,3.8
2024-05-04 12:00:00,3.8
2024-05-04 12:15:00,3.8
2024-05-04 12:30:00,3.8
2024-05-04 12:45:00,3.8
2024-05-04 13:00:00,3.8
2024-05-04 13:15:00,3.8
2024-05-04 13:30:00,3.8
2024-05-04 13:45:00,3.8
2024-05-04 14:00:00,3.8
2024-05-04 14:15:00,3.8
2024-05-04 14:30:00,5.431228489038906
2024-05-04 14:45:00,3.9
2024-05-04 15:00:00,3.6
2024-05-04 15:15:00,3.6
2024-05-04 15:30:00,3.6
2024-05-04 15:45:00,3.8
2024-05-04 16:00:00,3.7
2024-05-04 16:15:00,3.6
2024-05-04 16:30:00,3.7
2024-05-04 16:45:00,3.7
2024-05-04 17:00:00,3.6
2024-05-04 17:15:00,3.8
2024-05-04 17:30:00,3.6
2024-05-04 17:45:00,3.7
2024-05-04 18:00:00,3.7
2024-05-04 18:15:00,3.7
2024-05-04 18:30:00,3.7
2024-05-04 18:45:00,3.6
2024-05-04 19:00:00,3.7
2024-05-04 19:15:00,3.7
2024-05-04 19:30:00,3.7
2024-05-04 19:45:00,3.5
2024-05-04 20:00:00,3.6
2024-05-04 20:15:00,3.6
2024-05-04 20:30:00,3.6
2024-05-04 20:45:00,3.6
2024-05-04 21:00:00,3.6
2024-05-04 21:15:00,3.6
2024-05-04 21:30:00,3.5
2024-05-04 21:45:00,3.5
2024-05-04 22:00:00,3.6
2024-05-04 22:15:00,3.7
2024-05-04 22:30:00,3.7
2024-05-04 22:45:00,3.6
2024-05-04 23:00:00,3.6
2024-05-04 23:15:00,3.6
2024-05-04 23:30:00,3.6
2024-05-04 23:45:00,3.7
2024-05-05 00:00:00,3.6
2024-05-05 00:15:00,3.5
2024-05-05 00:30:00,3.7
2024-05-05 00:45:00,3.6
2024-05-05 01:00:00,3.7
2024-05-05 01:15:00,3.6
2024-05-05 01:30:00,3.6
2024-05-05 01:45:00,3.6
2024-05-05 02:00:00,3.6
2024-05-05 02:15:00,3.7
2024-05-05 02:30:00,3.7
2024-05-05 02:45:00,3.7
2024-05-05 03:00:00,3.7
2024-05-05 03:15:00,3.7
2024-05-05 03:30:00,3.8
2024-05-05 03:45:00,3.7
2024-05-05 04:00:00,3.6
2024-05-05 04:15:00,3.8
2024-05-05 04:30:00,3.7
2024-05-05 04:45:00,3.9
2024-05-05 05:00:00,3.6
2024-05-05 05:15:00,3.6
2024-05-05 05:30:00,3.6
2024-05-05 05:45:00,3.8
2024-05-05 06:00:00,3.8
2024-05-05 06:15:00,3.8
2024-05-05 06:30:00,3.6
2024-05-05 06:45:00,3.7
2024-05-05 07:00:00,3.7
2024-05-05 07:15:00,3.7
2024-05-05 07:30:00,3.6
2024-05-05 07:45:00,3.7
2024-05-05 08:00:00,3.6
2024-05-05 08:15:00,3.6
2024-05-05 08:30:00,3.6
2024-05-05 08:45:00,3.7
2024-05-05 09:00:00,3.7
2024-05-05 09:15:00,3.7
2024-05-05 09:30:00,3.7
2024-05-05 09:45:00,3.8
2024-05-05 10:00:00,3.7
2024-05-05 10:15:00,3.7
2024-05-05 10:30:00,3.6
2024-05-05 10:45:00,3.7
2024-05-05 11:00:00,3.6
2024-05-05 11:15:00,3.6
2024-05-05 11:30:00,3.6
2024-05-05 11:45:00,3.7
2024-05-05 12:00:00,3.6
2024-05-05 12:15:00,3.7
2024-05-05 12:30:00,5.265303959974705
2024-05-05 12:45:00,5.265303959974705
2024-05-05 13:00:00,3.8
2024-05-05 13:15:00,3.7
2024-05-05 13:30:00,3.7
2024-05-05 13:45:00,3.8
2024-05-05 14:00:00,3.7
2024-05-05 14:15:00,3.8
2024-05-05 14:30:00,3.6
2024-05-05 14:45:00,3.6
2024-05-05 15:00:00,3.6
2024-05-05 15:15:00,3.5
2024-05-05 15:30:00,3.5
2024-05-05 15:45:00,3.5
2024-05-05 16:00:00,3.6
2024-05-05 16:15:00,3.5
2024-05-05 16:30:00,3.6
2024-05-05 16:45:00,3.5
2024-05-05 17:00:00,3.6
2024-05-05 17:15:00,3.5
2024-05-05 17:30:00,3.6
2024-05-05 17:45:00,3.6
2024-05-05 18:00:00,3.6
2024-05-05 18:15:00,3.5
2024-05-05 18:30:00,3.6
2024-05-05 18:45:00,3.5
2024-05-05 19:00:00,3.5
2024-05-05 19:15:00,3.5
2024-05-05 19:30:00,3.5
2024-05-05 19:45:00,3.5
2024-05-05 20:00:00,3.5
2024-05-05 20:15:00,3.6
2024-05-05 20:30:00,3.5
2024-05-05 20:45:00,3.5
2024-05-05 21:00:00,3.5
2024-05-05 21:15:00,3.5
2024-05-05 21:30:00,3.5
2024-05-05 21:45:00,3.5
2024-05-05 22:00:00,3.5
2024-05-05 22:15:00,3.5
2024-05-05 22:30:00,3.5
2024-05-05 22:45:00,3.5
2024-05-05 23:00:00,3.6
2024-05-05 23:15:00,3.5
2024-05-05 23:30:00,3.5
2024-05-05 23:45:00,3.6
2024-05-06 00:00:00,3.5
2024-05-06 00:15:00,3.6
2024-05-06 00:30:00,3.6
2024-05-06 00:45:00,3.6
2024-05-06 01:00:00,3.6
2024-05-06 01:15:00,3.6
2024-05-06 01:30:00,3.6
2024-05-06 01:45:00,3.6
2024-05-06 02:00:00,3.6
2024-05-06 02:15:00,3.6
2024-05-06 02:30:00,3.6
2024-05-06 02:45:00,3.6
2024-05-06 03:00:00,3.6
2024-05-06 03:15:00,3.6
2024-05-06 03:30:00,3.6
2024-05-06 03:45:00,3.6
2024-05-06 04:00:00,3.6
2024-05-06 04:15:00,3.6
2024-05-06 04:30:00,3.6
2024-05-06 04:45:00,3.6
2024-05-06 05:00:00,3.6
2024-05-06 05:15:00,3.6
2024-05-06 05:30:00,3.6
2024-05-06 05:45:00,3.6
2024-05-06 06:00:00,3.6
2024-05-06 06:15:00,3.6
2024-05-06 06:30:00,3.6
2024-05-06 06:45:00,3.6
2024-05-06 07:00:00,3.6
2024-05-06 07:15:00,3.6
2024-05-06 07:30:00,3.6
2024-05-06 07:45:00,3.6
2024-05-06 08:00:00,3.6
2024-05-06 08:15:00,3.6
2024-05-06 08:30:00,3.6
2024-05-06 08:45:00,3.6
2024-05-06 09:00:00,3.6
2024-05-06 09:15:00,3.6
2024-05-06 09:30:00,3.6
2024-05-06 09:45:00,3.8
2024-05-06 10:00:00,3.8
2024-05-06 10:15:00,3.7
2024-05-06 10:30:00,3.6
2024-05-06 10:45:00,3.6
2024-05-06 11:00:00,3.6
2024-05-06 11:15:00,3.7
2024-05-06 11:30:00,3.7
2024-05-06 11:45:00,3.7
2024-05-06 12:00:00,3.6
2024-05-06 12:15:00,3.6
2024-05-06 12:30:00,3.6
2024-05-06 12:45:00,3.6
2024-05-06 13:00:00,3.7
2024-05-06 13:15:00,3.7
2024-05-06 13:30:00,3.8
2024-05-06 13:45:00,3.5
2024-05-06 14:00:00,3.6
2024-05-06 14:15:00,3.6
2024-05-06 14:30:00,3.7
2024-05-06 14:45:00,3.6
2024-05-06 15:00:00,3.6
2024-05-06 15:15:00,5.458781888907804
2024-05-06 15:30:00,5.358781888907805
2024-05-06 15:45:00,5.358781888907805
2024-05-06 16:00:00,3.5
2024-05-06 16:15:00,3.6
2024-05-06 16:30:00,3.4
2024-05-06 16:45:00,3.5
2024-05-06 17:00:00,3.5
2024-05-06 17:15:00,3.4
2024-05-06 17:30:00,3.5
2024-05-06 17:45:00,3.6
2024-05-06 18:00:00,3.6
2024-05-06 18:15:00,3.5
2024-05-06 18:30:00,3.5
2024-05-06 18:45:00,3.5
2024-05-06 19:00:00,3.5
2024-05-06 19:15:00,3.5
2024-05-06 19:30:00,3.5
2024-05-06 19:45:00,3.5
2024-05-06 20:00:00,3.5
2024-05-06 20:15:00,3.5
2024-05-06 20:30:00,
2024-05-06 20:45:00,
2024-05-06 21:00:00,
2024-05-06 21:15:00,
2024-05-06 21:30:00,
2024-05-06 21:45:00,
2024-05-06 22:00:00,
2024-05-06 22:15:00,
2024-05-06 22:30:00,3.5
2024-05-06 22:45:00,3.4
2024-05-06 23:00:00,3.5
2024-05-06 23:15:00,3.5
2024-05-06 23:30:00,3.4
2024-05-06 23:45:00,3.6
2024-05-07 00:00:00,3.5
2024-05-07 00:15:00,3.5
2024-05-07 00:30:00,3.5
2024-05-07 00:45:00,3.5
2024-05-07 01:00:00,3.5
2024-05-07 01:15:00,3.5
2024-05-07 01:30:00,3.5
2024-05-07 01:45:00,3.6
2024-05-07 02:00:00,3.5
2024-05-07 02:15:00,3.6
2024-05-07 02:30:00,3.5
2024-05-07 02:45:00,3.5
2024-05-07 03:00:00,3.5
2024-05-07 03:15:00,3.5
2024-05-07 03:30:00,3.5
2024-05-07 03:45:00,3.5
2024-05-07 04:00:00,3.5
2024-05-07 04:15:00,3.5
2024-05-07 04:30:00,3.4
2024-05-07 04:45:00,3.5
2024-05-07 05:00:00,3.6
2024-05-07 05:15:00,3.5
2024-05-07 05:30:00,3.5
2024-05-07 05:45:00,3.5
2024-05-07 06:00:00,3.5
2024-05-07 06:15:00,3.6
2024-05-07 06:30:00,3.6
2024-05-07 06:45:00,3.6
2024-05-07 07:00:00,3.5
2024-05-07 07:15:00,3.6
2024-05-07 07:30:00,3.6
2024-05-07 07:45:00,3.6
2024-05-07 08:00:00,
2024-05-07 08:15:00,3.5
2024-05-07 08:30:00,3.5
2024-05-07 08:45:00,3.4
2024-05-07 09:00:00,3.7
2024-05-07 09:15:00,3.5
2024-05-07 09:30:00,3.5
2024-05-07 09:45:00,3.6
2024-05-07 10:00:00,3.6
2024-05-07 10:15:00,3.6
2024-05-07 10:30:00,3.5
2024-05-07 10:45:00,3.5
2024-05-07 11:00:00,3.5
2024-05-07 11:15:00,3.5
2024-05-07 11:30:00,3.5
2024-05-07 11:45:00,3.6
2024-05-07 12:00:00,3.6
2024-05-07 12:15:00,3.6
2024-05-07 12:30:00,3.6
2024-05-07 12:45:00,3.6
2024-05-07 13:00:00,3.6
2024-05-07 13:15:00,3.6
2024-05-07 13:30:00,3.6
2024-05-07 13:45:00,3.4
2024-05-07 14:00:00,3.6
2024-05-07 14:15:00,3.6
2024-05-07 14:30:00,3.6
2024-05-07 14:45:00,3.5
2024-05-07 15:00:00,3.5
2024-05-07 15:15:00,3.5
2024-05-07 15:30:00,3.5
2024-05-07 15:45:00,3.5
2024-05-07 16:00:00,3.5
2024-05-07 16:15:00,3.5
2024-05-07 16:30:00,3.4
2024-05-07 16:45:00,3.4
2024-05-07 17:00:00,3.5
2024-05-07 17:15:00,3.5
2024-05-07 17:30:00,3.4
2024-05-07 17:45:00,3.4
2024-05-07 18:00:00,3.4
2024-05-07 18:15:00,3.4
2024-05-07 18:30:00,3.4
2024-05-07 18:45:00,3.3
2024-05-07 19:00:00,3.4
2024-05-07 19:15:00,3.4
2024-05-07 19:30:00,3.3
2024-05-07 19:45:00,3.3
2024-05-07 20:00:00,3.4
2024-05-07 20:15:00,
2024-05-07 20:30:00,
2024-05-07 20:45:00,
2024-05-07 21:00:00,
2024-05-07 21:15:00,
2024-05-07 21:30:00,
2024-05-07 21:45:00,
2024-05-07 22:00:00,
2024-05-07 22:15:00,
2024-05-07 22:30:00,
2024-05-07 22:45:00,
2024-05-07 23:00:00,3.3
2024-05-07 23:15:00,3.3
2024-05-07 23:30:00,3.3
2024-05-07 23:45:00,3.3
2024-05-08 00:00:00,3.3
2024-05-08 00:15:00,3.3
2024-05-08 00:30:00,3.3
2024-05-08 00:45:00,3.3
2024-05-08 01:00:00,3.3
2024-05-08 01:15:00,3.3
2024-05-08 01:30:00,3.4
2024-05-08 01:45:00,3.3
2024-05-08 02:00:00,3.4
2024-05-08 02:15:00,3.4
2024-05-08 02:30:00,3.4
2024-05-08 02:45:00,4.382377838437385
2024-05-08 03:00:00,4.282377838437385
2024-05-08 03:15:00,4.482377838437385
2024-05-08 03:30:00,3.6
2024-05-08 03:45:00,3.5
2024-05-08 04:00:00,3.4
2024-05-08 04:15:00,3.4
2024-05-08 04:30:00,3.5
2024-05-08 04:45:00,3.4
2024-05-08 05:00:00,3.5
2024-05-08 05:15:00,3.6
2024-05-08 05:30:00,3.5
2024-05-08 05:45:00,3.5
2024-05-08 06:00:00,3.5
2024-05-08 06:15:00,3.5
2024-05-08 06:30:00,3.5
2024-05-08 06:45:00,3.5
2024-05-08 07:00:00,3.5
2024-05-08 07:15:00,7.248562607356115
2024-05-08 07:30:00,7.248562607356115
2024-05-08 07:45:00,3.6
2024-05-08 08:00:00,3.6
2024-05-08 08:15:00,3.5
2024-05-08 08:30:00,3.5
2024-05-08 08:45:00,3.6
2024-05-08 09:00:00,3.6
2024-05-08 09:15:00,5.534953020856667
2024-05-08 09:30:00,5.634953020856668
2024-05-08 09:45:00,5.634953020856668
2024-05-08 10:00:00,3.6
2024-05-08 10:15:00,3.7
2024-05-08 10:30:00,3.7
2024-05-08 10:45:00,3.6
2024-05-08 11:00:00,3.6
2024-05-08 11:15:00,3.6
2024-05-08 11:30:00,3.7
2024-05-08 11:45:00,3.6
2024-05-08 12:00:00,3.7
2024-05-08 12:15:00,3.6
2024-05-08 12:30:00,3.6
2024-05-08 12:45:00,3.8
2024-05-08 13:00:00,3.7
2024-05-08 13:15:00,3.6
2024-05-08 13:30:00,3.7
2024-05-08 13:45:00,3.7
2024-05-08 14:00:00,3.6
2024-05-08 14:15:00,3.7
2024-05-08 14:30:00,3.6
2024-05-08 14:45:00,3.6
2024-05-08 15:00:00,3.6
2024-05-08 15:15:00,3.7
2024-05-08 15:30:00,
2024-05-08 15:45:00,
2024-05-08 16:00:00,
2024-05-08 16:15:00,
2024-05-08 16:30:00,
2024-05-08 16:45:00,
2024-05-08 17:00:00,3.6
2024-05-08 17:15:00,3.8
2024-05-08 17:30:00,3.6
2024-05-08 17:45:00,3.6
2024-05-08 18:00:00,3.7
2024-05-08 18:15:00,3.7
2024-05-08 18:30:00,3.6
2024-05-08 18:45:00,3.8
2024-05-08 19:00:00,3.7
2024-05-08 19:15:00,3.7
2024-05-08 19:30:00,3.6
2024-05-08 19:45:00,3.6
2024-05-08 20:00:00,3.7
2024-05-08 20:15:00,3.6
2024-05-08 20:30:00,3.7
2024-05-08 20:45:00,3.7
2024-05-08 21:00:00,3.6
2024-05-08 21:15:00,3.6
2024-05-08 21:30:00,3.8
2024-05-08 21:45:00,3.6
2024-05-08 22:00:00,3.6
2024-05-08 22:15:00,3.7
2024-05-08 22:30:00,3.7
2024-05-08 22:45:00,3.7
2024-05-08 23:00:00,3.8
2024-05-08 23:15:00,3.7
2024-05-08 23:30:00,3.7
2024-05-08 23:45:00,3.7
2024-05-09 00:00:00,3.7
2024-05-09 00:15:00,3.8
2024-05-09 00:30:00,3.7
2024-05-09 00:45:00,3.7
2024-05-09 01:00:00,4.528005529920064
2024-05-09 01:15:00,4.528005529920064
2024-05-09 01:30:00,3.7
2024-05-09 01:45:00,3.7
2024-05-09 02:00:00,3.8
2024-05-09 02:15:00,3.7
2024-05-09 02:30:00,3.7
2024-05-09 02:45:00,3.6
2024-05-09 03:00:00,3.7
2024-05-09 03:15:00,3.8
2024-05-09 03:30:00,3.8
2024-05-09 03:45:00,3.7
2024-05-09 04:00:00,3.8
2024-05-09 04:15:00,3.8
2024-05-09 04:30:00,3.8
2024-05-09 04:45:00,7.498700996923949
2024-05-09 05:00:00,3.8
2024-05-09 05:15:00,3.7
2024-05-09 05:30:00,3.8
2024-05-09 05:45:00,3.8
2024-05-09 06:00:00,3.8
2024-05-09 06:15:00,3.8
2024-05-09 06:30:00,3.8
2024-05-09 06:45:00,3.8
2024-05-09 07:00:00,3.8
2024-05-09 07:15:00,3.8
2024-05-09 07:30:00,3.8
2024-05-09 07:45:00,3.7
2024-05-09 08:00:00,3.7
2024-05-09 08:15:00,3.7
2024-05-09 08:30:00,3.7
2024-05-09 08:45:00,3.6
2024-05-09 09:00:00,3.8
2024-05-09 09:15:00,3.7
2024-05-09 09:30:00,3.8
2024-05-09 09:45:00,3.7
2024-05-09 10:00:00,3.7
2024-05-09 10:15:00,3.8
2024-05-09 10:30:00,3.7
2024-05-09 10:45:00,3.7
2024-05-09 11:00:00,3.7
2024-05-09 11:15:00,3.7
2024-05-09 11:30:00,3.7
2024-05-09 11:45:00,3.7
2024-05-09 12:00:00,3.6
2024-05-09 12:15:00,3.6
2024-05-09 12:30:00,3.6
2024-05-09 12:45:00,3.8
2024-05-09 13:00:00,3.6
2024-05-09 13:15:00,3.7
2024-05-09 13:30:00,3.6
2024-05-09 13:45:00,3.6
2024-05-09 14:00:00,3.6
2024-05-09 14:15:00,3.6
2024-05-09 14:30:00,3.6
2024-05-09 14:45:00,3.6
2024-05-09 15:00:00,3.6
2024-05-09 15:15:00,3.6
2024-05-09 15:30:00,3.5
2024-05-09 15:45:00,3.7
2024-05-09 16:00:00,3.6
2024-05-09 16:15:00,3.6
2024-05-09 16:30:00,3.5
2024-05-09 16:45:00,3.6
2024-05-09 17:00:00,3.4
2024-05-09 17:15:00,3.6
2024-05-09 17:30:00,3.4
2024-05-09 17:45:00,3.5
2024-05-09 18:00:00,3.5
2024-05-09 18:15:00,3.5
2024-05-09 18:30:00,3.4
2024-05-09 18:45:00,3.5
2024-05-09 19:00:00,8.21956806097838
2024-05-09 19:15:00,3.5
2024-05-09 19:30:00,3.4
2024-05-09 19:45:00,3.5
2024-05-09 20:00:00,3.5
2024-05-09 20:15:00,3.5
2024-05-09 20:30:00,3.6
2024-05-09 20:45:00,3.5
2024-05-09 21:00:00,3.5
2024-05-09 21:15:00,3.5
2024-05-09 21:30:00,3.5
2024-05-09 21:45:00,3.5
2024-05-09 22:00:00,3.5
2024-05-09 22:15:00,3.5
2024-05-09 22:30:00,3.5
2024-05-09 22:45:00,3.5
2024-05-09 23:00:00,
2024-05-09 23:15:00,
2024-05-09 23:30:00,
2024-05-09 23:45:00,
2024-05-10 00:00:00,
2024-05-10 00:15:00,
2024-05-10 00:30:00,
2024-05-10 00:45:00,
2024-05-10 01:00:00,
2024-05-10 01:15:00,
2024-05-10 01:30:00,
2024-05-10 01:45:00,3.6
2024-05-10 02:00:00,3.5
2024-05-10 02:15:00,3.4
2024-05-10 02:30:00,3.5
2024-05-10 02:45:00,3.5
2024-05-10 03:00:00,3.8
2024-05-10 03:15:00,3.6
2024-05-10 03:30:00,3.5
2024-05-10 03:45:00,3.5
2024-05-10 04:00:00,3.6
2024-05-10 04:15:00,3.5
2024-05-10 04:30:00,3.5
2024-05-10 04:45:00,3.6
2024-05-10 05:00:00,3.6
2024-05-10 05:15:00,3.6
2024-05-10 05:30:00,3.7
2024-05-10 05:45:00,3.6
2024-05-10 06:00:00,3.6
2024-05-10 06:15:00,3.6
2024-05-10 06:30:00,3.6
2024-05-10 06:45:00,3.6
2024-05-10 07:00:00,3.6
2024-05-10 07:15:00,3.6
2024-05-10 07:30:00,3.8
2024-05-10 07:45:00,3.7
2024-05-10 08:00:00,3.8
2024-05-10 08:15:00,3.8
2024-05-10 08:30:00,3.7
2024-05-10 08:45:00,
2024-05-10 09:00:00,3.8
2024-05-10 09:15:00,3.8
2024-05-10 09:30:00,3.7
2024-05-10 09:45:00,3.8
2024-05-10 10:00:00,3.8
2024-05-10 10:15:00,3.7
2024-05-10 10:30:00,3.6
2024-05-10 10:45:00,3.8
2024-05-10 11:00:00,3.8
2024-05-10 11:15:00,3.8
2024-05-10 11:30:00,3.7
2024-05-10 11:45:00,3.7
2024-05-10 12:00:00,3.8
2024-05-10 12:15:00,3.8
2024-05-10 12:30:00,3.8
2024-05-10 12:45:00,3.7
2024-05-10 13:00:00,3.7
2024-05-10 13:15:00,3.7
2024-05-10 13:30:00,3.8
2024-05-10 13:45:00,3.6
2024-05-10 14:00:00,3.7
2024-05-10 14:15:00,3.8
2024-05-10 14:30:00,3.8
2024-05-10 14:45:00,3.6
2024-05-10 15:00:00,3.6
2024-05-10 15:15:00,3.7
2024-05-10 15:30:00,3.7
2024-05-10 15:45:00,3.7
2024-05-10 16:00:00,3.6
2024-05-10 16:15:00,3.6
2024-05-10 16:30:00,3.7
2024-05-10 16:45:00,3.7
2024-05-10 17:00:00,3.6
2024-05-10 17:15:00,3.6
2024-05-10 17:30:00,3.6
2024-05-10 17:45:00,3.7
2024-05-10 18:00:00,3.6
2024-05-10 18:15:00,3.6
2024-05-10 18:30:00,3.6
2024-05-10 18:45:00,3.6
2024-05-10 19:00:00,0.0
2024-05-10 19:15:00,3.6
2024-05-10 19:30:00,3.6
2024-05-10 19:45:00,3.6
2024-05-10 20:00:00,3.8
2024-05-10 20:15:00,3.6
2024-05-10 20:30:00,3.6
2024-05-10 20:45:00,3.7
2024-05-10 21:00:00,3.6
2024-05-10 21:15:00,3.7
2024-05-10 21:30:00,3.5
2024-05-10 21:45:00,3.6
2024-05-10 22:00:00,3.6
2024-05-10 22:15:00,3.6
2024-05-10 22:30:00,3.6
2024-05-10 22:45:00,3.6
2024-05-10 23:00:00,3.6
2024-05-10 23:15:00,3.7
2024-05-10 23:30:00,3.6
2024-05-10 23:45:00,3.6
2024-05-11 00:00:00,3.6
2024-05-11 00:15:00,3.7
2024-05-11 00:30:00,3.5
2024-05-11 00:45:00,3.7
2024-05-11 01:00:00,3.6
2024-05-11 01:15:00,3.6
2024-05-11 01:30:00,3.6
2024-05-11 01:45:00,3.7
2024-05-11 02:00:00,3.6
2024-05-11 02:15:00,3.8
2024-05-11 02:30:00,3.5
2024-05-11 02:45:00,3.7
2024-05-11 03:00:00,3.7
2024-05-11 03:15:00,3.5
2024-05-11 03:30:00,3.6
2024-05-11 03:45:00,3.6
2024-05-11 04:00:00,3.6
2024-05-11 04:15:00,3.5
2024-05-11 04:30:00,3.7
2024-05-11 04:45:00,3.6
2024-05-11 05:00:00,3.6
2024-05-11 05:15:00,3.6
2024-05-11 05:30:00,3.6
2024-05-11 05:45:00,3.5
2024-05-11 06:00:00,3.6
2024-05-11 06:15:00,3.5
2024-05-11 06:30:00,3.6
2024-05-11 06:45:00,3.6
2024-05-11 07:00:00,3.6
2024-05-11 07:15:00,3.6
2024-05-11 07:30:00,3.6
2024-05-11 07:45:00,3.8
2024-05-11 08:00:00,3.7
2024-05-11 08:15:00,3.6
2024-05-11 08:30:00,3.7
2024-05-11 08:45:00,3.7
2024-05-11 09:00:00,3.6
2024-05-11 09:15:00,3.6
2024-05-11 09:30:00,3.5
2024-05-11 09:45:00,3.6
2024-05-11 10:00:00,3.6
2024-05-11 10:15:00,3.7
2024-05-11 10:30:00,3.6
2024-05-11 10:45:00,3.6
2024-05-11 11:00:00,3.5
2024-05-11 11:15:00,3.8
2024-05-11 11:30:00,3.6
2024-05-11 11:45:00,3.7
2024-05-11 12:00:00,3.7
2024-05-11 12:15:00,3.6
2024-05-11 12:30:00,3.6
2024-05-11 12:45:00,3.6
2024-05-11 13:00:00,3.7
2024-05-11 13:15:00,3.6
2024-05-11 13:30:00,6.166746075074528
2024-05-11 13:45:00,6.066746075074528
2024-05-11 14:00:00,6.166746075074528
2024-05-11 14:15:00,3.6
2024-05-11 14:30:00,3.5
2024-05-11 14:45:00,3.5
2024-05-11 15:00:00,3.5
2024-05-11 15:15:00,3.6
2024-05-11 15:30:00,3.5
2024-05-11 15:45:00,3.5
2024-05-11 16:00:00,3.5
2024-05-11 16:15:00,3.4
2024-05-11 16:30:00,3.6
2024-05-11 16:45:00,3.4
2024-05-11 17:00:00,3.5
2024-05-11 17:15:00,3.4
2024-05-11 17:30:00,3.4
2024-05-11 17:45:00,3.4
2024-05-11 18:00:00,3.4
2024-05-11 18:15:00,3.4
2024-05-11 18:30:00,3.4
2024-05-11 18:45:00,3.4
2024-05-11 19:00:00,3.5
2024-05-11 19:15:00,3.4
2024-05-11 19:30:00,3.5
2024-05-11 19:45:00,3.4
2024-05-11 20:00:00,3.4
2024-05-11 20:15:00,3.5
2024-05-11 20:30:00,3.4
2024-05-11 20:45:00,3.4
2024-05-11 21:00:00,3.4
2024-05-11 21:15:00,3.3
2024-05-11 21:30:00,3.4
2024-05-11 21:45:00,3.3
2024-05-11 22:00:00,3.4
2024-05-11 22:15:00,3.3
2024-05-11 22:30:00,3.5
2024-05-11 22:45:00,3.3
2024-05-11 23:00:00,3.4
2024-05-11 23:15:00,3.3
2024-05-11 23:30:00,3.3
2024-05-11 23:45:00,3.3
2024-05-12 00:00:00,3.4
2024-05-12 00:15:00,3.4
2024-05-12 00:30:00,3.3
2024-05-12 00:45:00,3.3
2024-05-12 01:00:00,3.5
2024-05-12 01:15:00,3.3
2024-05-12 01:30:00,3.3
2024-05-12 01:45:00,3.2
2024-05-12 02:00:00,3.3
2024-05-12 02:15:00,3.4
2024-05-12 02:30:00,3.4
2024-05-12 02:45:00,3.4
2024-05-12 03:00:00,3.3
2024-05-12 03:15:00,3.3
2024-05-12 03:30:00,3.3
2024-05-12 03:45:00,3.5
2024-05-12 04:00:00,3.4
2024-05-12 04:15:00,3.4
2024-05-12 04:30:00,3.5
2024-05-12 04:45:00,3.4
2024-05-12 05:00:00,3.5
2024-05-12 05:15:00,3.4
2024-05-12 05:30:00,3.5
2024-05-12 05:45:00,3.5
2024-05-12 06:00:00,3.3
2024-05-12 06:15:00,3.5
2024-05-12 06:30:00,3.4
2024-05-12 06:45:00,3.4
2024-05-12 07:00:00,3.5
2024-05-12 07:15:00,3.4
2024-05-12 07:30:00,3.3
2024-05-12 07:45:00,3.4
2024-05-12 08:00:00,3.5
2024-05-12 08:15:00,3.2
2024-05-12 08:30:00,3.4
2024-05-12 08:45:00,3.3
2024-05-12 09:00:00,3.4
2024-05-12 09:15:00,3.4
2024-05-12 09:30:00,6.052566691809027
2024-05-12 09:45:00,6.052566691809027
2024-05-12 10:00:00,6.052566691809027
2024-05-12 10:15:00,3.5
2024-05-12 10:30:00,3.6
2024-05-12 10:45:00,3.5
2024-05-12 11:00:00,3.4
2024-05-12 11:15:00,3.5
2024-05-12 11:30:00,7.983195192240961
2024-05-12 11:45:00,7.8831951922409615
2024-05-12 12:00:00,3.5
2024-05-12 12:15:00,3.3
2024-05-12 12:30:00,3.5
2024-05-12 12:45:00,3.4
2024-05-12 13:00:00,3.6
2024-05-12 13:15:00,3.5
2024-05-12 13:30:00,3.4
2024-05-12 13:45:00,3.4
2024-05-12 14:00:00,3.3
2024-05-12 14:15:00,3.4
2024-05-12 14:30:00,3.3
2024-05-12 14:45:00,3.4
2024-05-12 15:00:00,3.3
2024-05-12 15:15:00,6.645631500356734
2024-05-12 15:30:00,6.545631500356734
2024-05-12 15:45:00,6.745631500356734
2024-05-12 16:00:00,3.2
2024-05-12 16:15:00,3.3
2024-05-12 16:30:00,3.3
2024-05-12 16:45:00,3.4
2024-05-12 17:00:00,3.3
2024-05-12 17:15:00,3.4
2024-05-12 17:30:00,3.2
2024-05-12 17:45:00,3.4
2024-05-12 18:00:00,3.3
2024-05-12 18:15:00,3.3
2024-05-12 18:30:00,3.3
2024-05-12 18:45:00,3.3
2024-05-12 19:00:00,3.1
2024-05-12 19:15:00,3.3
2024-05-12 19:30:00,3.1
2024-05-12 19:45:00,3.3
2024-05-12 20:00:00,3.2
2024-05-12 20:15:00,3.3
2024-05-12 20:30:00,3.1
2024-05-12 20:45:00,4.712193075224377
2024-05-12 21:00:00,3.1
2024-05-12 21:15:00,3.2
2024-05-12 21:30:00,3.2
2024-05-12 21:45:00,3.1
2024-05-12 22:00:00,3.2
2024-05-12 22:15:00,3.1
2024-05-12 22:30:00,3.2
2024-05-12 22:45:00,3.0
2024-05-12 23:00:00,3.2
2024-05-12 23:15:00,3.2
2024-05-12 23:30:00,3.3
2024-05-12 23:45:00,3.2
2024-05-13 00:00:00,3.3
2024-05-13 00:15:00,3.2
2024-05-13 00:30:00,3.3
2024-05-13 00:45:00,3.3
2024-05-13 01:00:00,
2024-05-13 01:15:00,
2024-05-13 01:30:00,
2024-05-13 01:45:00,
2024-05-13 02:00:00,
2024-05-13 02:15:00,
2024-05-13 02:30:00,
2024-05-13 02:45:00,
2024-05-13 03:00:00,
2024-05-13 03:15:00,
2024-05-13 03:30:00,3.2
2024-05-13 03:45:00,3.4
2024-05-13 04:00:00,3.3
2024-05-13 04:15:00,
2024-05-13 04:30:00,3.2
2024-05-13 04:45:00,3.4
2024-05-13 05:00:00,3.2
2024-05-13 05:15:00,3.3
2024-05-13 05:30:00,3.1
2024-05-13 05:45:00,3.3
2024-05-13 06:00:00,3.2
2024-05-13 06:15:00,3.2
2024-05-13 06:30:00,3.2
2024-05-13 06:45:00,3.2
2024-05-13 07:00:00,3.2
2024-05-13 07:15:00,3.2
2024-05-13 07:30:00,3.3
2024-05-13 07:45:00,3.3
2024-05-13 08:00:00,3.1
2024-05-13 08:15:00,3.2
2024-05-13 08:30:00,3.2
2024-05-13 08:45:00,3.3
2024-05-13 09:00:00,3.1
2024-05-13 09:15:00,3.2
2024-05-13 09:30:00,3.2
2024-05-13 09:45:00,3.2
2024-05-13 10:00:00,3.2
2024-05-13 10:15:00,3.2
2024-05-13 10:30:00,3.2
2024-05-13 10:45:00,3.2
2024-05-13 11:00:00,3.2
2024-05-13 11:15:00,3.0
2024-05-13 11:30:00,3.2
2024-05-13 11:45:00,3.2
2024-05-13 12:00:00,3.2
2024-05-13 12:15:00,3.2
2024-05-13 12:30:00,3.3
2024-05-13 12:45:00,3.2
2024-05-13 13:00:00,3.2
2024-05-13 13:15:00,3.1
2024-05-13 13:30:00,3.2
2024-05-13 13:45:00,3.0
2024-05-13 14:00:00,3.1
2024-05-13 14:15:00,3.0
2024-05-13 14:30:00,3.1
2024-05-13 14:45:00,3.0
2024-05-13 15:00:00,3.1
2024-05-13 15:15:00,3.0
2024-05-13 15:30:00,3.0
2024-05-13 15:45:00,3.0
2024-05-13 16:00:00,3.0
2024-05-13 16:15:00,3.0
2024-05-13 16:30:00,3.1
2024-05-13 16:45:00,3.0
2024-05-13 17:00:00,3.0
2024-05-13 17:15:00,3.0
2024-05-13 17:30:00,3.1
2024-05-13 17:45:00,2.9
2024-05-13 18:00:00,3.1
2024-05-13 18:15:00,3.0
2024-05-13 18:30:00,3.0
2024-05-13 18:45:00,2.9
2024-05-13 19:00:00,3.1
2024-05-13 19:15:00,3.0
2024-05-13 19:30:00,
2024-05-13 19:45:00,
2024-05-13 20:00:00,
2024-05-13 20:15:00,
2024-05-13 20:30:00,
2024-05-13 20:45:00,
2024-05-13 21:00:00,
2024-05-13 21:15:00,
2024-05-13 21:30:00,
2024-05-13 21:45:00,
2024-05-13 22:00:00,
2024-05-13 22:15:00,
2024-05-13 22:30:00,
2024-05-13 22:45:00,
2024-05-13 23:00:00,
2024-05-13 23:15:00,
2024-05-13 23:30:00,
2024-05-13 23:45:00,
2024-05-14 00:00:00,
2024-05-14 00:15:00,
2024-05-14 00:30:00,
2024-05-14 00:45:00,
2024-05-14 01:00:00,
2024-05-14 01:15:00,
2024-05-14 01:30:00,2.9
2024-05-14 01:45:00,3.1
2024-05-14 02:00:00,3.1
2024-05-14 02:15:00,
2024-05-14 02:30:00,
2024-05-14 02:45:00,2.9
2024-05-14 03:00:00,3.0
2024-05-14 03:15:00,3.0
2024-05-14 03:30:00,3.0
2024-05-14 03:45:00,3.0
2024-05-14 04:00:00,3.0
2024-05-14 04:15:00,2.9
2024-05-14 04:30:00,3.0
2024-05-14 04:45:00,3.0
2024-05-14 05:00:00,2.9
2024-05-14 05:15:00,3.0
2024-05-14 05:30:00,3.0
2024-05-14 05:45:00,3.0
2024-05-14 06:00:00,3.0
2024-05-14 06:15:00,3.1
2024-05-14 06:30:00,3.0
2024-05-14 06:45:00,3.0
2024-05-14 07:00:00,3.0
2024-05-14 07:15:00,2.9
2024-05-14 07:30:00,2.9
2024-05-14 07:45:00,3.1
2024-05-14 08:00:00,3.0
2024-05-14 08:15:00,3.0
2024-05-14 08:30:00,2.9
2024-05-14 08:45:00,2.9
2024-05-14 09:00:00,2.9
2024-05-14 09:15:00,3.0
2024-05-14 09:30:00,2.9
2024-05-14 09:45:00,3.0
2024-05-14 10:00:00,3.0
2024-05-14 10:15:00,3.1
2024-05-14 10:30:00,3.0
2024-05-14 10:45:00,3.0
2024-05-14 11:00:00,3.0
2024-05-14 11:15:00,3.0
2024-05-14 11:30:00,2.9
2024-05-14 11:45:00,3.0
2024-05-14 12:00:00,3.0
2024-05-14 12:15:00,3.0
2024-05-14 12:30:00,3.0
2024-05-14 12:45:00,3.0
2024-05-14 13:00:00,3.0
2024-05-14 13:15:00,3.0
2024-05-14 13:30:00,2.9
2024-05-14 13:45:00,2.8
2024-05-14 14:00:00,2.9
2024-05-14 14:15:00,2.8
2024-05-14 14:30:00,2.8
2024-05-14 14:45:00,2.8
2024-05-14 15:00:00,2.8
2024-05-14 15:15:00,2.8
2024-05-14 15:30:00,2.8
2024-05-14 15:45:00,2.8
2024-05-14 16:00:00,2.9
2024-05-14 16:15:00,5.770841576934522
2024-05-14 16:30:00,5.770841576934522
2024-05-14 16:45:00,5.770841576934522
2024-05-14 17:00:00,2.8
2024-05-14 17:15:00,2.7
2024-05-14 17:30:00,2.8
2024-05-14 17:45:00,2.9
2024-05-14 18:00:00,6.687594689724082
2024-05-14 18:15:00,6.687594689724082
2024-05-14 18:30:00,2.8
2024-05-14 18:45:00,2.8
2024-05-14 19:00:00,2.8
2024-05-14 19:15:00,2.9
2024-05-14 19:30:00,2.7
2024-05-14 19:45:00,2.8
2024-05-14 20:00:00,2.8
2024-05-14 20:15:00,2.7
2024-05-14 20:30:00,2.8
2024-05-14 20:45:00,2.7
2024-05-14 21:00:00,2.8
2024-05-14 21:15:00,2.7
2024-05-14 21:30:00,0.0
2024-05-14 21:45:00,0.0
2024-05-14 22:00:00,0.0
2024-05-14 22:15:00,2.7
2024-05-14 22:30:00,2.7
2024-05-14 22:45:00,2.8
2024-05-14 23:00:00,2.7
2024-05-14 23:15:00,2.8
2024-05-14 23:30:00,2.7
2024-05-14 23:45:00,2.7
2024-05-15 00:00:00,2.8
2024-05-15 00:15:00,2.7
2024-05-15 00:30:00,2.7
2024-05-15 00:45:00,2.7
2024-05-15 01:00:00,2.7
2024-05-15 01:15:00,1.0648912255079965
2024-05-15 01:30:00,2.8
2024-05-15 01:45:00,2.6
2024-05-15 02:00:00,2.7
2024-05-15 02:15:00,2.7
2024-05-15 02:30:00,2.7
2024-05-15 02:45:00,2.7
2024-05-15 03:00:00,2.7
2024-05-15 03:15:00,2.8
2024-05-15 03:30:00,2.8
2024-05-15 03:45:00,2.8
2024-05-15 04:00:00,2.8
2024-05-15 04:15:00,2.8
2024-05-15 04:30:00,2.8
2024-05-15 04:45:00,2.8
2024-05-15 05:00:00,2.8
2024-05-15 05:15:00,2.8
2024-05-15 05:30:00,2.8
2024-05-15 05:45:00,2.8
2024-05-15 06:00:00,2.8
2024-05-15 06:15:00,2.8
2024-05-15 06:30:00,2.8
2024-05-15 06:45:00,2.8
2024-05-15 07:00:00,2.8
2024-05-15 07:15:00,2.8
2024-05-15 07:30:00,2.8
2024-05-15 07:45:00,2.8
2024-05-15 08:00:00,2.8
2024-05-15 08:15:00,2.8
2024-05-15 08:30:00,2.8
2024-05-15 08:45:00,2.8
2024-05-15 09:00:00,2.8
2024-05-15 09:15:00,2.8
2024-05-15 09:30:00,2.8
2024-05-15 09:45:00,2.8
2024-05-15 10:00:00,2.8
2024-05-15 10:15:00,2.8
2024-05-15 10:30:00,2.8
2024-05-15 10:45:00,2.8
2024-05-15 11:00:00,2.8
2024-05-15 11:15:00,2.8
2024-05-15 11:30:00,2.8
2024-05-15 11:45:00,2.8
2024-05-15 12:00:00,2.8
2024-05-15 12:15:00,2.8
2024-05-15 12:30:00,2.8
2024-05-15 12:45:00,2.8
2024-05-15 13:00:00,2.8
2024-05-15 13:15:00,2.8
2024-05-15 13:30:00,2.7
2024-05-15 13:45:00,2.7
2024-05-15 14:00:00,2.7
2024-05-15 14:15:00,2.7
2024-05-15 14:30:00,2.6
2024-05-15 14:45:00,2.6
2024-05-15 15:00:00,2.7
2024-05-15 15:15:00,2.5
2024-05-15 15:30:00,2.6
2024-05-15 15:45:00,2.6
2024-05-15 16:00:00,2.6
2024-05-15 16:15:00,2.5
2024-05-15 16:30:00,2.7
2024-05-15 16:45:00,2.6
2024-05-15 17:00:00,2.6
2024-05-15 17:15:00,2.6
2024-05-15 17:30:00,2.7
2024-05-15 17:45:00,2.6
2024-05-15 18:00:00,2.6
2024-05-15 18:15:00,2.5
2024-05-15 18:30:00,2.6
2024-05-15 18:45:00,2.6
2024-05-15 19:00:00,2.6
2024-05-15 19:15:00,2.6
2024-05-15 19:30:00,2.5
2024-05-15 19:45:00,2.6
2024-05-15 20:00:00,2.5
2024-05-15 20:15:00,2.5
2024-05-15 20:30:00,2.6
2024-05-15 20:45:00,2.6
2024-05-15 21:00:00,2.6
2024-05-15 21:15:00,2.4
2024-05-15 21:30:00,2.6
2024-05-15 21:45:00,2.5
2024-05-15 22:00:00,2.5
2024-05-15 22:15:00,2.5
2024-05-15 22:30:00,2.5
2024-05-15 22:45:00,2.5
2024-05-15 23:00:00,2.5
2024-05-15 23:15:00,2.5
2024-05-15 23:30:00,2.5
2024-05-15 23:45:00,2.5
2024-05-16 00:00:00,2.5
2024-05-16 00:15:00,2.5
2024-05-16 00:30:00,2.5
2024-05-16 00:45:00,2.5
2024-05-16 01:00:00,2.5
2024-05-16 01:15:00,2.5
2024-05-16 01:30:00,2.4
2024-05-16 01:45:00,2.6
2024-05-16 02:00:00,2.5
2024-05-16 02:15:00,2.5
2024-05-16 02:30:00,2.6
2024-05-16 02:45:00,5.037333886109577
2024-05-16 03:00:00,2.5
2024-05-16 03:15:00,2.5
2024-05-16 03:30:00,2.6
2024-05-16 03:45:00,2.5
2024-05-16 04:00:00,2.6
2024-05-16 04:15:00,2.6
2024-05-16 04:30:00,2.6
2024-05-16 04:45:00,2.5
2024-05-16 05:00:00,2.6
2024-05-16 05:15:00,2.6
2024-05-16 05:30:00,2.7
2024-05-16 05:45:00,
2024-05-16 06:00:00,
2024-05-16 06:15:00,2.5
2024-05-16 06:30:00,2.7
2024-05-16 06:45:00,2.6
2024-05-16 07:00:00,2.6
2024-05-16 07:15:00,2.6
2024-05-16 07:30:00,2.6
2024-05-16 07:45:00,2.6
2024-05-16 08:00:00,2.6
2024-05-16 08:15:00,2.6
2024-05-16 08:30:00,2.7
2024-05-16 08:45:00,2.6
2024-05-16 09:00:00,2.6
2024-05-16 09:15:00,2.5
2024-05-16 09:30:00,2.6
2024-05-16 09:45:00,2.5
2024-05-16 10:00:00,2.6
2024-05-16 10:15:00,2.6
2024-05-16 10:30:00,2.6
2024-05-16 10:45:00,6.545770286266985
2024-05-16 11:00:00,2.6
2024-05-16 11:15:00,2.6
2024-05-16 11:30:00,2.6
2024-05-16 11:45:00,2.5
2024-05-16 12:00:00,2.6
2024-05-16 12:15:00,2.6
2024-05-16 12:30:00,2.5
2024-05-16 12:45:00,2.5
2024-05-16 13:00:00,
2024-05-16 13:15:00,2.6
2024-05-16 13:30:00,2.5
2024-05-16 13:45:00,2.5
2024-05-16 14:00:00,2.5
2024-05-16 14:15:00,2.5
2024-05-16 14:30:00,2.5
2024-05-16 14:45:00,2.6
2024-05-16 15:00:00,2.5
2024-05-16 15:15:00,2.5
2024-05-16 15:30:00,2.5
2024-05-16 15:45:00,2.5
2024-05-16 16:00:00,2.4
2024-05-16 16:15:00,1.0170873483467182
2024-05-16 16:30:00,2.4
2024-05-16 16:45:00,2.5
2024-05-16 17:00:00,2.4
2024-05-16 17:15:00,2.4
2024-05-16 17:30:00,2.4
2024-05-16 17:45:00,2.4
2024-05-16 18:00:00,2.5
2024-05-16 18:15:00,2.4
2024-05-16 18:30:00,2.5
2024-05-16 18:45:00,2.4
2024-05-16 19:00:00,2.3
2024-05-16 19:15:00,2.4
2024-05-16 19:30:00,2.4
2024-05-16 19:45:00,2.4
2024-05-16 20:00:00,2.4
2024-05-16 20:15:00,2.4
2024-05-16 20:30:00,2.3
2024-05-16 20:45:00,2.3
2024-05-16 21:00:00,2.3
2024-05-16 21:15:00,2.3
2024-05-16 21:30:00,2.3
2024-05-16 21:45:00,2.4
2024-05-16 22:00:00,2.2
2024-05-16 22:15:00,2.4
2024-05-16 22:30:00,2.3
2024-05-16 22:45:00,2.2
2024-05-16 23:00:00,2.4
2024-05-16 23:15:00,2.2
2024-05-16 23:30:00,2.2
2024-05-16 23:45:00,2.2
2024-05-17 00:00:00,2.3
2024-05-17 00:15:00,2.3
2024-05-17 00:30:00,2.2
2024-05-17 00:45:00,2.3
2024-05-17 01:00:00,2.3
2024-05-17 01:15:00,3.249691502520451
2024-05-17 01:30:00,2.2
2024-05-17 01:45:00,2.3
2024-05-17 02:00:00,2.3
2024-05-17 02:15:00,2.4
2024-05-17 02:30:00,2.3
2024-05-17 02:45:00,2.4
2024-05-17 03:00:00,2.3
2024-05-17 03:15:00,2.4
2024-05-17 03:30:00,2.2
2024-05-17 03:45:00,0.0
2024-05-17 04:00:00,0.0
2024-05-17 04:15:00,0.0
2024-05-17 04:30:00,2.4
2024-05-17 04:45:00,2.4
2024-05-17 05:00:00,2.2
2024-05-17 05:15:00,2.4
2024-05-17 05:30:00,2.4
2024-05-17 05:45:00,2.3
2024-05-17 06:00:00,2.4
2024-05-17 06:15:00,2.4
2024-05-17 06:30:00,2.4
2024-05-17 06:45:00,2.5
2024-05-17 07:00:00,2.4
2024-05-17 07:15:00,2.4
2024-05-17 07:30:00,
2024-05-17 07:45:00,2.5
2024-05-17 08:00:00,2.5
2024-05-17 08:15:00,2.4
2024-05-17 08:30:00,2.5
2024-05-17 08:45:00,2.4
2024-05-17 09:00:00,2.5
2024-05-17 09:15:00,2.4
2024-05-17 09:30:00,2.4
2024-05-17 09:45:00,2.4
2024-05-17 10:00:00,2.4
2024-05-17 10:15:00,2.4
2024-05-17 10:30:00,2.4
2024-05-17 10:45:00,2.5
2024-05-17 11:00:00,2.4
2024-05-17 11:15:00,2.5
2024-05-17 11:30:00,2.3
2024-05-17 11:45:00,2.5
2024-05-17 12:00:00,2.4
2024-05-17 12:15:00,2.5
2024-05-17 12:30:00,2.4
2024-05-17 12:45:00,2.4
2024-05-17 13:00:00,2.4
2024-05-17 13:15:00,2.4
2024-05-17 13:30:00,2.4
2024-05-17 13:45:00,2.3
2024-05-17 14:00:00,2.3
2024-05-17 14:15:00,2.4
2024-05-17 14:30:00,2.3
2024-05-17 14:45:00,2.3
2024-05-17 15:00:00,3.763211778540281
2024-05-17 15:15:00,2.3
2024-05-17 15:30:00,2.3
2024-05-17 15:45:00,2.2
2024-05-17 16:00:00,2.2
2024-05-17 16:15:00,2.2
2024-05-17 16:30:00,2.2
2024-05-17 16:45:00,2.2
2024-05-17 17:00:00,2.2
2024-05-17 17:15:00,2.2
2024-05-17 17:30:00,2.1
2024-05-17 17:45:00,2.2
2024-05-17 18:00:00,2.2
2024-05-17 18:15:00,2.3
2024-05-17 18:30:00,2.2
2024-05-17 18:45:00,2.2
2024-05-17 19:00:00,2.2
2024-05-17 19:15:00,2.2
2024-05-17 19:30:00,2.1
2024-05-17 19:45:00,2.1
2024-05-17 20:00:00,2.1
2024-05-17 20:15:00,2.1
2024-05-17 20:30:00,2.2
2024-05-17 20:45:00,2.2
2024-05-17 21:00:00,2.1
2024-05-17 21:15:00,2.1
2024-05-17 21:30:00,2.1
2024-05-17 21:45:00,2.1
2024-05-17 22:00:00,2.1
2024-05-17 22:15:00,2.1
2024-05-17 22:30:00,2.1
2024-05-17 22:45:00,2.1
2024-05-17 23:00:00,3.1276476374451656
2024-05-17 23:15:00,2.2
2024-05-17 23:30:00,2.1
2024-05-17 23:45:00,2.1
2024-05-18 00:00:00,2.1
2024-05-18 00:15:00,2.1
2024-05-18 00:30:00,2.0
2024-05-18 00:45:00,2.2
2024-05-18 01:00:00,2.1
2024-05-18 01:15:00,2.1
2024-05-18 01:30:00,2.1
2024-05-18 01:45:00,2.2
2024-05-18 02:00:00,2.2
2024-05-18 02:15:00,2.2
2024-05-18 02:30:00,2.1
2024-05-18 02:45:00,2.1
2024-05-18 03:00:00,2.2
2024-05-18 03:15:00,2.1
2024-05-18 03:30:00,2.2
2024-05-18 03:45:00,2.2
2024-05-18 04:00:00,2.3
2024-05-18 04:15:00,2.4
2024-05-18 04:30:00,2.3
2024-05-18 04:45:00,2.2
2024-05-18 05:00:00,2.2
2024-05-18 05:15:00,2.2
2024-05-18 05:30:00,2.3
2024-05-18 05:45:00,2.2
2024-05-18 06:00:00,2.3
2024-05-18 06:15:00,2.2
2024-05-18 06:30:00,2.3
2024-05-18 06:45:00,2.3
2024-05-18 07:00:00,2.3
2024-05-18 07:15:00,2.3
2024-05-18 07:30:00,2.3
2024-05-18 07:45:00,2.3
2024-05-18 08:00:00,2.2
2024-05-18 08:15:00,
2024-05-18 08:30:00,
2024-05-18 08:45:00,2.3
2024-05-18 09:00:00,2.4
2024-05-18 09:15:00,2.3
2024-05-18 09:30:00,2.3
2024-05-18 09:45:00,2.2
2024-05-18 10:00:00,2.3
2024-05-18 10:15:00,2.2
2024-05-18 10:30:00,2.3
2024-05-18 10:45:00,2.3
2024-05-18 11:00:00,2.3
2024-05-18 11:15:00,2.2
2024-05-18 11:30:00,2.2
2024-05-18 11:45:00,2.3
2024-05-18 12:00:00,2.2
2024-05-18 12:15:00,2.3
2024-05-18 12:30:00,2.2
2024-05-18 12:45:00,2.3
2024-05-18 13:00:00,2.2
2024-05-18 13:15:00,2.2
2024-05-18 13:30:00,2.1
2024-05-18 13:45:00,2.2
2024-05-18 14:00:00,2.2
2024-05-18 14:15:00,2.1
2024-05-18 14:30:00,2.2
2024-05-18 14:45:00,2.1
2024-05-18 15:00:00,2.2
2024-05-18 15:15:00,2.2
2024-05-18 15:30:00,2.1
2024-05-18 15:45:00,2.2
2024-05-18 16:00:00,2.1
2024-05-18 16:15:00,2.1
2024-05-18 16:30:00,2.1
2024-05-18 16:45:00,2.1
2024-05-18 17:00:00,2.1
2024-05-18 17:15:00,2.1
2024-05-18 17:30:00,2.1
2024-05-18 17:45:00,2.2
2024-05-18 18:00:00,2.1
2024-05-18 18:15:00,2.1
2024-05-18 18:30:00,2.1
2024-05-18 18:45:00,2.1
2024-05-18 19:00:00,2.0
2024-05-18 19:15:00,2.1
2024-05-18 19:30:00,2.1
2024-05-18 19:45:00,2.1
2024-05-18 20:00:00,2.0
2024-05-18 20:15:00,2.1
2024-05-18 20:30:00,2.1
2024-05-18 20:45:00,2.1
2024-05-18 21:00:00,2.1
2024-05-18 21:15:00,2.1
2024-05-18 21:30:00,2.1
2024-05-18 21:45:00,2.1
2024-05-18 22:00:00,2.2
2024-05-18 22:15:00,2.1
2024-05-18 22:30:00,2.1
2024-05-18 22:45:00,2.1
2024-05-18 23:00:00,2.0
2024-05-18 23:15:00,2.1
2024-05-18 23:30:00,2.2
2024-05-18 23:45:00,2.1
2024-05-19 00:00:00,2.1
2024-05-19 00:15:00,2.0
2024-05-19 00:30:00,2.1
2024-05-19 00:45:00,2.0
2024-05-19 01:00:00,2.0
2024-05-19 01:15:00,2.0
2024-05-19 01:30:00,2.1
2024-05-19 01:45:00,2.0
2024-05-19 02:00:00,2.2
2024-05-19 02:15:00,2.1
2024-05-19 02:30:00,
2024-05-19 02:45:00,2.2
2024-05-19 03:00:00,2.1
2024-05-19 03:15:00,2.1
2024-05-19 03:30:00,2.1
2024-05-19 03:45:00,2.1
2024-05-19 04:00:00,2.2
2024-05-19 04:15:00,2.1
2024-05-19 04:30:00,2.2
2024-05-19 04:45:00,2.1
2024-05-19 05:00:00,2.2
2024-05-19 05:15:00,2.2
2024-05-19 05:30:00,2.1
2024-05-19 05:45:00,2.2
2024-05-19 06:00:00,2.2
2024-05-19 06:15:00,2.2
2024-05-19 06:30:00,2.1
2024-05-19 06:45:00,2.2
2024-05-19 07:00:00,2.2
2024-05-19 07:15:00,2.2
2024-05-19 07:30:00,2.1
2024-05-19 07:45:00,2.1
2024-05-19 08:00:00,2.2
2024-05-19 08:15:00,2.3
2024-05-19 08:30:00,2.2
2024-05-19 08:45:00,2.1
2024-05-19 09:00:00,2.2
2024-05-19 09:15:00,2.2
2024-05-19 09:30:00,2.3
2024-05-19 09:45:00,2.2
2024-05-19 10:00:00,2.2
2024-05-19 10:15:00,2.2
2024-05-19 10:30:00,2.2
2024-05-19 10:45:00,2.3
2024-05-19 11:00:00,2.2
2024-05-19 11:15:00,2.2
2024-05-19 11:30:00,2.4
2024-05-19 11:45:00,2.3
2024-05-19 12:00:00,2.2
2024-05-19 12:15:00,2.2
2024-05-19 12:30:00,2.2
2024-05-19 12:45:00,
2024-05-19 13:00:00,2.3
2024-05-19 13:15:00,2.3
2024-05-19 13:30:00,2.3
2024-05-19 13:45:00,2.1
2024-05-19 14:00:00,2.2
2024-05-19 14:15:00,2.2
2024-05-19 14:30:00,2.1
2024-05-19 14:45:00,2.1
2024-05-19 15:00:00,2.1
2024-05-19 15:15:00,2.2
2024-05-19 15:30:00,2.1
2024-05-19 15:45:00,2.1
2024-05-19 16:00:00,2.1
2024-05-19 16:15:00,2.2
2024-05-19 16:30:00,2.0
2024-05-19 16:45:00,2.1
2024-05-19 17:00:00,2.0
2024-05-19 17:15:00,2.1
2024-05-19 17:30:00,2.0
2024-05-19 17:45:00,2.1
2024-05-19 18:00:00,2.1
2024-05-19 18:15:00,2.1
2024-05-19 18:30:00,2.1
2024-05-19 18:45:00,2.1
2024-05-19 19:00:00,2.0
2024-05-19 19:15:00,2.1
2024-05-19 19:30:00,2.1
2024-05-19 19:45:00,2.1
2024-05-19 20:00:00,2.0
2024-05-19 20:15:00,2.1
2024-05-19 20:30:00,2.0
2024-05-19 20:45:00,2.1
2024-05-19 21:00:00,2.0
2024-05-19 21:15:00,2.1
2024-05-19 21:30:00,2.1
2024-05-19 21:45:00,2.0
2024-05-19 22:00:00,2.0
2024-05-19 22:15:00,2.0
2024-05-19 22:30:00,2.0
2024-05-19 22:45:00,2.0
2024-05-19 23:00:00,2.0
2024-05-19 23:15:00,2.0
2024-05-19 23:30:00,5.363248265904772
2024-05-19 23:45:00,5.363248265904772
2024-05-20 00:00:00,1.9
2024-05-20 00:15:00,2.0
2024-05-20 00:30:00,1.9
2024-05-20 00:45:00,2.2
2024-05-20 01:00:00,2.1
2024-05-20 01:15:00,2.1
2024-05-20 01:30:00,2.1
2024-05-20 01:45:00,2.1
2024-05-20 02:00:00,2.0
2024-05-20 02:15:00,1.9
2024-05-20 02:30:00,2.0
2024-05-20 02:45:00,2.0
2024-05-20 03:00:00,2.1
2024-05-20 03:15:00,2.1
2024-05-20 03:30:00,2.2
2024-05-20 03:45:00,2.2
2024-05-20 04:00:00,2.2
2024-05-20 04:15:00,2.1
2024-05-20 04:30:00,2.2
2024-05-20 04:45:00,2.2
2024-05-20 05:00:00,2.2
2024-05-20 05:15:00,2.1
2024-05-20 05:30:00,2.2
2024-05-20 05:45:00,2.2
2024-05-20 06:00:00,2.2
2024-05-20 06:15:00,
2024-05-20 06:30:00,2.1
2024-05-20 06:45:00,2.1
2024-05-20 07:00:00,2.2
2024-05-20 07:15:00,2.3
2024-05-20 07:30:00,2.2
2024-05-20 07:45:00,2.0
2024-05-20 08:00:00,2.2
2024-05-20 08:15:00,2.2
2024-05-20 08:30:00,2.2
2024-05-20 08:45:00,2.3
2024-05-20 09:00:00,2.1
2024-05-20 09:15:00,2.3
2024-05-20 09:30:00,2.2
2024-05-20 09:45:00,2.2
2024-05-20 10:00:00,2.2
2024-05-20 10:15:00,2.3
2024-05-20 10:30:00,2.3
2024-05-20 10:45:00,2.2
2024-05-20 11:00:00,2.1
2024-05-20 11:15:00,2.1
2024-05-20 11:30:00,2.3
2024-05-20 11:45:00,2.4
2024-05-20 12:00:00,2.2
2024-05-20 12:15:00,2.1
2024-05-20 12:30:00,2.2
2024-05-20 12:45:00,2.2
2024-05-20 13:00:00,2.2
2024-05-20 13:15:00,2.3
2024-05-20 13:30:00,2.2
2024-05-20 13:45:00,2.2
2024-05-20 14:00:00,2.2
2024-05-20 14:15:00,2.3
2024-05-20 14:30:00,2.1
2024-05-20 14:45:00,2.3
2024-05-20 15:00:00,2.2
2024-05-20 15:15:00,2.2
2024-05-20 15:30:00,2.2
2024-05-20 15:45:00,2.2
2024-05-20 16:00:00,2.2
2024-05-20 16:15:00,2.1
2024-05-20 16:30:00,2.2
2024-05-20 16:45:00,2.1
2024-05-20 17:00:00,2.2
2024-05-20 17:15:00,2.2
2024-05-20 17:30:00,2.2
2024-05-20 17:45:00,2.2
2024-05-20 18:00:00,2.2
2024-05-20 18:15:00,2.2
2024-05-20 18:30:00,2.2
2024-05-20 18:45:00,2.2
2024-05-20 19:00:00,2.2
2024-05-20 19:15:00,2.2
2024-05-20 19:30:00,2.2
2024-05-20 19:45:00,2.2
2024-05-20 20:00:00,2.2
2024-05-20 20:15:00,2.2
2024-05-20 20:30:00,2.2
2024-05-20 20:45:00,2.2
2024-05-20 21:00:00,2.2
2024-05-20 21:15:00,2.2
2024-05-20 21:30:00,2.2
2024-05-20 21:45:00,2.2
2024-05-20 22:00:00,2.2
2024-05-20 22:15:00,2.2
2024-05-20 22:30:00,2.2
2024-05-20 22:45:00,2.2
2024-05-20 23:00:00,2.2
2024-05-20 23:15:00,2.2
2024-05-20 23:30:00,2.2
2024-05-20 23:45:00,2.2
2024-05-21 00:00:00,2.2
2024-05-21 00:15:00,2.2
2024-05-21 00:30:00,2.2
2024-05-21 00:45:00,2.2
2024-05-21 01:00:00,2.2
2024-05-21 01:15:00,2.2
2024-05-21 01:30:00,2.2
2024-05-21 01:45:00,2.0
2024-05-21 02:00:00,2.1
2024-05-21 02:15:00,2.1
2024-05-21 02:30:00,2.1
2024-05-21 02:45:00,2.1
2024-05-21 03:00:00,2.1
2024-05-21 03:15:00,2.1
2024-05-21 03:30:00,2.1
2024-05-21 03:45:00,2.1
2024-05-21 04:00:00,2.2
2024-05-21 04:15:00,2.2
2024-05-21 04:30:00,2.2
2024-05-21 04:45:00,2.2
2024-05-21 05:00:00,2.1
2024-05-21 05:15:00,2.2
2024-05-21 05:30:00,2.2
2024-05-21 05:45:00,2.3
2024-05-21 06:00:00,2.2
2024-05-21 06:15:00,2.2
2024-05-21 06:30:00,2.2
2024-05-21 06:45:00,2.2
2024-05-21 07:00:00,2.3
2024-05-21 07:15:00,2.2
2024-05-21 07:30:00,2.2
2024-05-21 07:45:00,2.2
2024-05-21 08:00:00,2.3
2024-05-21 08:15:00,2.2
2024-05-21 08:30:00,2.2
2024-05-21 08:45:00,2.2
2024-05-21 09:00:00,2.2
2024-05-21 09:15:00,2.3
2024-05-21 09:30:00,2.3
2024-05-21 09:45:00,2.3
2024-05-21 10:00:00,2.3
2024-05-21 10:15:00,2.3
2024-05-21 10:30:00,2.3
2024-05-21 10:45:00,2.3
2024-05-21 11:00:00,2.3
2024-05-21 11:15:00,2.3
2024-05-21 11:30:00,2.3
2024-05-21 11:45:00,2.2
2024-05-21 12:00:00,2.3
2024-05-21 12:15:00,2.3
2024-05-21 12:30:00,2.3
2024-05-21 12:45:00,2.3
2024-05-21 13:00:00,2.3
2024-05-21 13:15:00,2.3
2024-05-21 13:30:00,2.3
2024-05-21 13:45:00,8.204516759097945
2024-05-21 14:00:00,8.304516759097943
2024-05-21 14:15:00,2.3
2024-05-21 14:30:00,2.2
2024-05-21 14:45:00,2.3
2024-05-21 15:00:00,2.3
2024-05-21 15:15:00,2.2
2024-05-21 15:30:00,2.2
2024-05-21 15:45:00,2.2
2024-05-21 16:00:00,2.2
2024-05-21 16:15:00,2.3
2024-05-21 16:30:00,2.2
2024-05-21 16:45:00,2.2
2024-05-21 17:00:00,2.2
2024-05-21 17:15:00,2.2
2024-05-21 17:30:00,2.2
2024-05-21 17:45:00,2.3
2024-05-21 18:00:00,2.2
2024-05-21 18:15:00,2.3
2024-05-21 18:30:00,3.001357192919631
2024-05-21 18:45:00,2.3
2024-05-21 19:00:00,2.2
2024-05-21 19:15:00,2.2
2024-05-21 19:30:00,2.2
2024-05-21 19:45:00,2.2
2024-05-21 20:00:00,2.1
2024-05-21 20:15:00,2.2
2024-05-21 20:30:00,2.2
2024-05-21 20:45:00,2.2
2024-05-21 21:00:00,2.2
2024-05-21 21:15:00,2.2
2024-05-21 21:30:00,2.1
2024-05-21 21:45:00,2.2
2024-05-21 22:00:00,2.2
2024-05-21 22:15:00,2.2
2024-05-21 22:30:00,2.1
2024-05-21 22:45:00,2.2
2024-05-21 23:00:00,2.1
2024-05-21 23:15:00,2.2
2024-05-21 23:30:00,2.1
2024-05-21 23:45:00,2.2
2024-05-22 00:00:00,2.2
2024-05-22 00:15:00,2.2
2024-05-22 00:30:00,2.1
2024-05-22 00:45:00,2.2
2024-05-22 01:00:00,2.2
2024-05-22 01:15:00,2.2
2024-05-22 01:30:00,2.2
2024-05-22 01:45:00,2.2
2024-05-22 02:00:00,2.2
2024-05-22 02:15:00,2.3
2024-05-22 02:30:00,2.2
2024-05-22 02:45:00,2.3
2024-05-22 03:00:00,2.2
2024-05-22 03:15:00,2.2
2024-05-22 03:30:00,2.4
2024-05-22 03:45:00,2.3
2024-05-22 04:00:00,2.2
2024-05-22 04:15:00,2.2
2024-05-22 04:30:00,2.2
2024-05-22 04:45:00,2.3
2024-05-22 05:00:00,2.3
2024-05-22 05:15:00,2.3
2024-05-22 05:30:00,2.3
2024-05-22 05:45:00,2.2
2024-05-22 06:00:00,2.3
2024-05-22 06:15:00,2.1
2024-05-22 06:30:00,2.2
2024-05-22 06:45:00,2.2
2024-05-22 07:00:00,2.3
2024-05-22 07:15:00,2.3
2024-05-22 07:30:00,2.2
2024-05-22 07:45:00,2.3
2024-05-22 08:00:00,2.3
2024-05-22 08:15:00,2.3
2024-05-22 08:30:00,2.3
2024-05-22 08:45:00,2.3
2024-05-22 09:00:00,2.3
2024-05-22 09:15:00,2.2
2024-05-22 09:30:00,2.3
2024-05-22 09:45:00,2.3
2024-05-22 10:00:00,2.4
2024-05-22 10:15:00,2.4
2024-05-22 10:30:00,2.3
2024-05-22 10:45:00,2.4
2024-05-22 11:00:00,2.3
2024-05-22 11:15:00,2.3
2024-05-22 11:30:00,2.3
2024-05-22 11:45:00,2.3
2024-05-22 12:00:00,2.3
2024-05-22 12:15:00,2.3
2024-05-22 12:30:00,2.3
2024-05-22 12:45:00,
2024-05-22 13:00:00,2.4
2024-05-22 13:15:00,2.2
2024-05-22 13:30:00,2.3
2024-05-22 13:45:00,2.3
2024-05-22 14:00:00,2.2
2024-05-22 14:15:00,2.3
2024-05-22 14:30:00,2.3
2024-05-22 14:45:00,2.3
2024-05-22 15:00:00,2.3
2024-05-22 15:15:00,2.3
2024-05-22 15:30:00,2.3
2024-05-22 15:45:00,2.3
2024-05-22 16:00:00,2.2
2024-05-22 16:15:00,2.2
2024-05-22 16:30:00,2.2
2024-05-22 16:45:00,2.3
2024-05-22 17:00:00,2.3
2024-05-22 17:15:00,2.2
2024-05-22 17:30:00,
2024-05-22 17:45:00,
2024-05-22 18:00:00,2.4
2024-05-22 18:15:00,2.3
2024-05-22 18:30:00,2.3
2024-05-22 18:45:00,2.3
2024-05-22 19:00:00,2.2
2024-05-22 19:15:00,2.3
2024-05-22 19:30:00,2.2
2024-05-22 19:45:00,2.3
2024-05-22 20:00:00,2.3
2024-05-22 20:15:00,2.2
2024-05-22 20:30:00,2.2
2024-05-22 20:45:00,2.3
2024-05-22 21:00:00,2.2
2024-05-22 21:15:00,2.2
2024-05-22 21:30:00,2.1
2024-05-22 21:45:00,2.3
2024-05-22 22:00:00,2.1
2024-05-22 22:15:00,3.112136396999258
2024-05-22 22:30:00,3.112136396999258
2024-05-22 22:45:00,3.112136396999258
2024-05-22 23:00:00,2.2
2024-05-22 23:15:00,2.3
2024-05-22 23:30:00,2.2
2024-05-22 23:45:00,2.3
2024-05-23 00:00:00,2.3
2024-05-23 00:15:00,2.3
2024-05-23 00:30:00,2.2
2024-05-23 00:45:00,2.3
2024-05-23 01:00:00,2.3
2024-05-23 01:15:00,2.4
2024-05-23 01:30:00,2.3
2024-05-23 01:45:00,2.3
2024-05-23 02:00:00,2.2
2024-05-23 02:15:00,2.3
2024-05-23 02:30:00,2.2
2024-05-23 02:45:00,2.3
2024-05-23 03:00:00,2.2
2024-05-23 03:15:00,2.3
2024-05-23 03:30:00,2.3
2024-05-23 03:45:00,2.2
2024-05-23 04:00:00,2.2
2024-05-23 04:15:00,2.3
2024-05-23 04:30:00,2.3
2024-05-23 04:45:00,2.3
2024-05-23 05:00:00,2.4
2024-05-23 05:15:00,2.3
2024-05-23 05:30:00,2.3
2024-05-23 05:45:00,2.4
2024-05-23 06:00:00,2.3
2024-05-23 06:15:00,
2024-05-23 06:30:00,2.3
2024-05-23 06:45:00,2.3
2024-05-23 07:00:00,2.3
2024-05-23 07:15:00,2.3
2024-05-23 07:30:00,2.3
2024-05-23 07:45:00,2.3
2024-05-23 08:00:00,2.3
2024-05-23 08:15:00,2.3
2024-05-23 08:30:00,2.3
2024-05-23 08:45:00,2.3
2024-05-23 09:00:00,2.3
2024-05-23 09:15:00,2.3
2024-05-23 09:30:00,2.3
2024-05-23 09:45:00,2.3
2024-05-23 10:00:00,2.3
2024-05-23 10:15:00,2.3
2024-05-23 10:30:00,2.3
2024-05-23 10:45:00,2.3
2024-05-23 11:00:00,2.3
2024-05-23 11:15:00,2.3
2024-05-23 11:30:00,2.3
2024-05-23 11:45:00,2.3
2024-05-23 12:00:00,2.3
2024-05-23 12:15:00,2.3
2024-05-23 12:30:00,2.3
2024-05-23 12:45:00,2.3
2024-05-23 13:00:00,2.3
2024-05-23 13:15:00,2.3
2024-05-23 13:30:00,2.3
2024-05-23 13:45:00,2.3
2024-05-23 14:00:00,2.3
2024-05-23 14:15:00,2.3
2024-05-23 14:30:00,2.3
2024-05-23 14:45:00,2.3
2024-05-23 15:00:00,2.3
2024-05-23 15:15:00,2.3
2024-05-23 15:30:00,2.3
2024-05-23 15:45:00,2.3
2024-05-23 16:00:00,2.3
2024-05-23 16:15:00,2.3
2024-05-23 16:30:00,2.3
2024-05-23 16:45:00,2.3
2024-05-23 17:00:00,2.3
2024-05-23 17:15:00,2.3
2024-05-23 17:30:00,2.3
2024-05-23 17:45:00,2.2
2024-05-23 18:00:00,2.3
2024-05-23 18:15:00,2.2
2024-05-23 18:30:00,5.424465321844644
2024-05-23 18:45:00,5.424465321844644
2024-05-23 19:00:00,2.2
2024-05-23 19:15:00,2.2
2024-05-23 19:30:00,2.3
2024-05-23 19:45:00,2.1
2024-05-23 20:00:00,2.3
2024-05-23 20:15:00,2.2
2024-05-23 20:30:00,2.2
2024-05-23 20:45:00,2.1
2024-05-23 21:00:00,2.2
2024-05-23 21:15:00,2.1
2024-05-23 21:30:00,2.2
2024-05-23 21:45:00,2.2
2024-05-23 22:00:00,2.2
2024-05-23 22:15:00,2.1
2024-05-23 22:30:00,2.2
2024-05-23 22:45:00,2.1
2024-05-23 23:00:00,2.2
2024-05-23 23:15:00,2.1
2024-05-23 23:30:00,2.2
2024-05-23 23:45:00,2.1
2024-05-24 00:00:00,2.2
2024-05-24 00:15:00,2.1
2024-05-24 00:30:00,2.2
2024-05-24 00:45:00,2.2
2024-05-24 01:00:00,2.1
2024-05-24 01:15:00,2.1
2024-05-24 01:30:00,2.2
2024-05-24 01:45:00,2.1
2024-05-24 02:00:00,2.2
2024-05-24 02:15:00,2.2
2024-05-24 02:30:00,2.2
2024-05-24 02:45:00,2.1
2024-05-24 03:00:00,2.2
2024-05-24 03:15:00,2.3
2024-05-24 03:30:00,2.3
2024-05-24 03:45:00,2.1
2024-05-24 04:00:00,2.2
2024-05-24 04:15:00,2.1
2024-05-24 04:30:00,2.2
2024-05-24 04:45:00,2.3
2024-05-24 05:00:00,2.2
2024-05-24 05:15:00,2.2
2024-05-24 05:30:00,2.2
2024-05-24 05:45:00,2.2
2024-05-24 06:00:00,2.2
2024-05-24 06:15:00,2.2
2024-05-24 06:30:00,2.1
2024-05-24 06:45:00,2.2
2024-05-24 07:00:00,2.1
2024-05-24 07:15:00,2.2
2024-05-24 07:30:00,2.2
2024-05-24 07:45:00,2.2
2024-05-24 08:00:00,2.5
2024-05-24 08:15:00,2.2
2024-05-24 08:30:00,2.2
2024-05-24 08:45:00,2.2
2024-05-24 09:00:00,2.3
2024-05-24 09:15:00,2.2
2024-05-24 09:30:00,2.2
2024-05-24 09:45:00,2.2
2024-05-24 10:00:00,2.2
2024-05-24 10:15:00,2.2
2024-05-24 10:30:00,2.3
2024-05-24 10:45:00,2.3
2024-05-24 11:00:00,2.3
2024-05-24 11:15:00,2.3
2024-05-24 11:30:00,2.2
2024-05-24 11:45:00,2.3
2024-05-24 12:00:00,2.2
2024-05-24 12:15:00,2.3
2024-05-24 12:30:00,2.3
2024-05-24 12:45:00,2.4
2024-05-24 13:00:00,2.2
2024-05-24 13:15:00,2.2
2024-05-24 13:30:00,2.2
2024-05-24 13:45:00,2.4
2024-05-24 14:00:00,2.3
2024-05-24 14:15:00,2.2
2024-05-24 14:30:00,2.2
2024-05-24 14:45:00,2.2
2024-05-24 15:00:00,2.1
2024-05-24 15:15:00,2.2
2024-05-24 15:30:00,2.1
2024-05-24 15:45:00,2.1
2024-05-24 16:00:00,2.1
2024-05-24 16:15:00,2.1
2024-05-24 16:30:00,2.1
2024-05-24 16:45:00,2.1
2024-05-24 17:00:00,2.2
2024-05-24 17:15:00,2.2
2024-05-24 17:30:00,2.2
2024-05-24 17:45:00,2.1
2024-05-24 18:00:00,2.2
2024-05-24 18:15:00,2.1
2024-05-24 18:30:00,2.1
2024-05-24 18:45:00,2.1
2024-05-24 19:00:00,2.1
2024-05-24 19:15:00,2.1
2024-05-24 19:30:00,2.2
2024-05-24 19:45:00,2.1
2024-05-24 20:00:00,2.1
2024-05-24 20:15:00,2.1
2024-05-24 20:30:00,2.2
2024-05-24 20:45:00,2.2
2024-05-24 21:00:00,2.1
2024-05-24 21:15:00,2.1
2024-05-24 21:30:00,2.1
2024-05-24 21:45:00,2.1
2024-05-24 22:00:00,2.0
2024-05-24 22:15:00,2.1
2024-05-24 22:30:00,2.3
2024-05-24 22:45:00,2.2
2024-05-24 23:00:00,2.1
2024-05-24 23:15:00,2.1
2024-05-24 23:30:00,2.1
2024-05-24 23:45:00,2.1
2024-05-25 00:00:00,
2024-05-25 00:15:00,
2024-05-25 00:30:00,
2024-05-25 00:45:00,
2024-05-25 01:00:00,
2024-05-25 01:15:00,
2024-05-25 01:30:00,2.1
2024-05-25 01:45:00,2.1
2024-05-25 02:00:00,2.1
2024-05-25 02:15:00,2.2
2024-05-25 02:30:00,2.2
2024-05-25 02:45:00,2.3
2024-05-25 03:00:00,2.1
2024-05-25 03:15:00,2.1
2024-05-25 03:30:00,2.2
2024-05-25 03:45:00,2.1
2024-05-25 04:00:00,2.2
2024-05-25 04:15:00,2.2
2024-05-25 04:30:00,2.2
2024-05-25 04:45:00,2.1
2024-05-25 05:00:00,2.2
2024-05-25 05:15:00,2.1
2024-05-25 05:30:00,2.1
2024-05-25 05:45:00,2.2
2024-05-25 06:00:00,2.2
2024-05-25 06:15:00,2.1
2024-05-25 06:30:00,2.2
2024-05-25 06:45:00,2.2
2024-05-25 07:00:00,2.2
2024-05-25 07:15:00,2.2
2024-05-25 07:30:00,6.337315645630558
2024-05-25 07:45:00,2.2
2024-05-25 08:00:00,2.3
2024-05-25 08:15:00,2.3
2024-05-25 08:30:00,2.2
2024-05-25 08:45:00,2.3
2024-05-25 09:00:00,2.2
2024-05-25 09:15:00,2.3
2024-05-25 09:30:00,2.2
2024-05-25 09:45:00,2.3
2024-05-25 10:00:00,2.2
2024-05-25 10:15:00,2.2
2024-05-25 10:30:00,2.3
2024-05-25 10:45:00,2.3
2024-05-25 11:00:00,2.3
2024-05-25 11:15:00,2.1
2024-05-25 11:30:00,2.2
2024-05-25 11:45:00,2.3
2024-05-25 12:00:00,2.3
2024-05-25 12:15:00,2.2
2024-05-25 12:30:00,2.2
2024-05-25 12:45:00,2.1
2024-05-25 13:00:00,2.2
2024-05-25 13:15:00,2.2
2024-05-25 13:30:00,
2024-05-25 13:45:00,2.2
2024-05-25 14:00:00,2.2
2024-05-25 14:15:00,2.3
2024-05-25 14:30:00,2.2
2024-05-25 14:45:00,2.1
2024-05-25 15:00:00,2.2
2024-05-25 15:15:00,2.1
2024-05-25 15:30:00,2.2
2024-05-25 15:45:00,2.1
2024-05-25 16:00:00,2.2
2024-05-25 16:15:00,6.87082033641558
2024-05-25 16:30:00,2.2
2024-05-25 16:45:00,2.3
2024-05-25 17:00:00,2.2
2024-05-25 17:15:00,2.2
2024-05-25 17:30:00,2.1
2024-05-25 17:45:00,2.2
2024-05-25 18:00:00,2.1
2024-05-25 18:15:00,2.2
2024-05-25 18:30:00,2.0
2024-05-25 18:45:00,2.2
2024-05-25 19:00:00,2.1
2024-05-25 19:15:00,2.1
2024-05-25 19:30:00,2.1
2024-05-25 19:45:00,
2024-05-25 20:00:00,2.2
2024-05-25 20:15:00,2.1
2024-05-25 20:30:00,2.1
2024-05-25 20:45:00,2.1
2024-05-25 21:00:00,2.1
2024-05-25 21:15:00,2.1
2024-05-25 21:30:00,2.1
2024-05-25 21:45:00,2.1
2024-05-25 22:00:00,2.2
2024-05-25 22:15:00,3.351642070674769
2024-05-25 22:30:00,3.451642070674769
2024-05-25 22:45:00,2.1
2024-05-25 23:00:00,2.1
2024-05-25 23:15:00,2.1
2024-05-25 23:30:00,2.1
2024-05-25 23:45:00,2.1
2024-05-26 00:00:00,2.1
2024-05-26 00:15:00,2.1
2024-05-26 00:30:00,2.1
2024-05-26 00:45:00,2.1
2024-05-26 01:00:00,2.1
2024-05-26 01:15:00,2.1
2024-05-26 01:30:00,2.1
2024-05-26 01:45:00,0.0
2024-05-26 02:00:00,0.0
2024-05-26 02:15:00,0.0
2024-05-26 02:30:00,2.1
2024-05-26 02:45:00,2.1
2024-05-26 03:00:00,2.1
2024-05-26 03:15:00,2.1
2024-05-26 03:30:00,2.3
2024-05-26 03:45:00,2.1
2024-05-26 04:00:00,2.2
2024-05-26 04:15:00,2.3
2024-05-26 04:30:00,2.1
2024-05-26 04:45:00,4.15854871444156
2024-05-26 05:00:00,2.2
2024-05-26 05:15:00,2.1
2024-05-26 05:30:00,2.1
2024-05-26 05:45:00,2.1
2024-05-26 06:00:00,2.1
2024-05-26 06:15:00,2.1
2024-05-26 06:30:00,2.1
2024-05-26 06:45:00,2.2
2024-05-26 07:00:00,2.2
2024-05-26 07:15:00,2.1
2024-05-26 07:30:00,2.0
2024-05-26 07:45:00,2.2
2024-05-26 08:00:00,2.1
2024-05-26 08:15:00,2.1
2024-05-26 08:30:00,2.1
2024-05-26 08:45:00,2.2
2024-05-26 09:00:00,2.1
2024-05-26 09:15:00,2.1
2024-05-26 09:30:00,2.2
2024-05-26 09:45:00,2.1
2024-05-26 10:00:00,2.1
2024-05-26 10:15:00,3.9151102156546695
2024-05-26 10:30:00,2.2
2024-05-26 10:45:00,2.2
2024-05-26 11:00:00,2.2
2024-05-26 11:15:00,2.3
2024-05-26 11:30:00,2.2
2024-05-26 11:45:00,2.3
2024-05-26 12:00:00,2.2
2024-05-26 12:15:00,2.3
2024-05-26 12:30:00,2.1
2024-05-26 12:45:00,2.2
2024-05-26 13:00:00,2.1
2024-05-26 13:15:00,
2024-05-26 13:30:00,2.3
2024-05-26 13:45:00,2.3
2024-05-26 14:00:00,2.2
2024-05-26 14:15:00,2.2
2024-05-26 14:30:00,2.0
2024-05-26 14:45:00,2.1
2024-05-26 15:00:00,2.0
2024-05-26 15:15:00,2.1
2024-05-26 15:30:00,2.0
2024-05-26 15:45:00,2.1
2024-05-26 16:00:00,2.0
2024-05-26 16:15:00,2.1
2024-05-26 16:30:00,2.1
2024-05-26 16:45:00,2.1
2024-05-26 17:00:00,2.1
2024-05-26 17:15:00,2.0
2024-05-26 17:30:00,2.1
2024-05-26 17:45:00,2.0
2024-05-26 18:00:00,2.1
2024-05-26 18:15:00,2.0
2024-05-26 18:30:00,2.1
2024-05-26 18:45:00,2.0
2024-05-26 19:00:00,2.1
2024-05-26 19:15:00,2.1
2024-05-26 19:30:00,2.1
2024-05-26 19:45:00,2.0
2024-05-26 20:00:00,2.1
2024-05-26 20:15:00,2.1
2024-05-26 20:30:00,2.0
2024-05-26 20:45:00,2.0
2024-05-26 21:00:00,2.0
2024-05-26 21:15:00,2.0
2024-05-26 21:30:00,2.0
2024-05-26 21:45:00,2.0
2024-05-26 22:00:00,2.0
2024-05-26 22:15:00,2.0
2024-05-26 22:30:00,2.0
2024-05-26 22:45:00,2.0
2024-05-26 23:00:00,2.0
2024-05-26 23:15:00,2.0
2024-05-26 23:30:00,2.0
2024-05-26 23:45:00,2.1
2024-05-27 00:00:00,2.1
2024-05-27 00:15:00,2.1
2024-05-27 00:30:00,2.1
2024-05-27 00:45:00,2.1
2024-05-27 01:00:00,2.1
2024-05-27 01:15:00,2.0
2024-05-27 01:30:00,2.2
2024-05-27 01:45:00,2.0
2024-05-27 02:00:00,2.1
2024-05-27 02:15:00,2.0
2024-05-27 02:30:00,2.3
2024-05-27 02:45:00,2.1
2024-05-27 03:00:00,2.1
2024-05-27 03:15:00,2.0
2024-05-27 03:30:00,2.1
2024-05-27 03:45:00,2.1
2024-05-27 04:00:00,2.0
2024-05-27 04:15:00,2.1
2024-05-27 04:30:00,2.2
2024-05-27 04:45:00,2.1
2024-05-27 05:00:00,2.1
2024-05-27 05:15:00,2.1
2024-05-27 05:30:00,2.1
2024-05-27 05:45:00,2.1
2024-05-27 06:00:00,2.0
2024-05-27 06:15:00,2.1
2024-05-27 06:30:00,2.1
2024-05-27 06:45:00,2.1
2024-05-27 07:00:00,2.1
2024-05-27 07:15:00,2.0
2024-05-27 07:30:00,2.1
2024-05-27 07:45:00,2.1
2024-05-27 08:00:00,2.1
2024-05-27 08:15:00,2.2
2024-05-27 08:30:00,2.1
2024-05-27 08:45:00,2.1
2024-05-27 09:00:00,2.2
2024-05-27 09:15:00,2.2
2024-05-27 09:30:00,2.2
2024-05-27 09:45:00,2.3
2024-05-27 10:00:00,2.2
2024-05-27 10:15:00,2.2
2024-05-27 10:30:00,2.1
2024-05-27 10:45:00,2.1
2024-05-27 11:00:00,2.2
2024-05-27 11:15:00,2.2
2024-05-27 11:30:00,2.2
2024-05-27 11:45:00,2.0
2024-05-27 12:00:00,2.2
2024-05-27 12:15:00,2.2
2024-05-27 12:30:00,2.1
2024-05-27 12:45:00,2.2
2024-05-27 13:00:00,2.3
2024-05-27 13:15:00,2.2
2024-05-27 13:30:00,2.2
2024-05-27 13:45:00,2.1
2024-05-27 14:00:00,2.1
2024-05-27 14:15:00,2.2
2024-05-27 14:30:00,2.1
2024-05-27 14:45:00,2.1
2024-05-27 15:00:00,2.1
2024-05-27 15:15:00,2.1
2024-05-27 15:30:00,2.2
2024-05-27 15:45:00,2.1
2024-05-27 16:00:00,2.1
2024-05-27 16:15:00,2.1
2024-05-27 16:30:00,2.3
2024-05-27 16:45:00,2.2
2024-05-27 17:00:00,2.1
2024-05-27 17:15:00,2.1
2024-05-27 17:30:00,2.0
2024-05-27 17:45:00,2.0
2024-05-27 18:00:00,2.0
2024-05-27 18:15:00,2.0
2024-05-27 18:30:00,2.1
2024-05-27 18:45:00,2.3
2024-05-27 19:00:00,2.2
2024-05-27 19:15:00,2.2
2024-05-27 19:30:00,2.0
2024-05-27 19:45:00,2.1
2024-05-27 20:00:00,2.0
2024-05-27 20:15:00,2.1
2024-05-27 20:30:00,2.0
2024-05-27 20:45:00,2.1
2024-05-27 21:00:00,2.1
2024-05-27 21:15:00,2.0
2024-05-27 21:30:00,2.0
2024-05-27 21:45:00,2.0
2024-05-27 22:00:00,2.0
2024-05-27 22:15:00,2.0
2024-05-27 22:30:00,2.0
2024-05-27 22:45:00,2.1
2024-05-27 23:00:00,2.1
2024-05-27 23:15:00,2.0
2024-05-27 23:30:00,2.0
2024-05-27 23:45:00,2.2
2024-05-28 00:00:00,2.1
2024-05-28 00:15:00,2.0
2024-05-28 00:30:00,2.0
2024-05-28 00:45:00,2.0
2024-05-28 01:00:00,2.1
2024-05-28 01:15:00,2.1
2024-05-28 01:30:00,
2024-05-28 01:45:00,3.213511686040602
2024-05-28 02:00:00,2.1
2024-05-28 02:15:00,2.0
2024-05-28 02:30:00,2.0
2024-05-28 02:45:00,2.1
2024-05-28 03:00:00,2.0
2024-05-28 03:15:00,2.1
2024-05-28 03:30:00,2.0
2024-05-28 03:45:00,2.2
2024-05-28 04:00:00,2.1
2024-05-28 04:15:00,2.2
2024-05-28 04:30:00,2.2
2024-05-28 04:45:00,2.1
2024-05-28 05:00:00,
2024-05-28 05:15:00,2.2
2024-05-28 05:30:00,2.1
2024-05-28 05:45:00,2.1
2024-05-28 06:00:00,2.0
2024-05-28 06:15:00,2.0
2024-05-28 06:30:00,2.0
2024-05-28 06:45:00,2.1
2024-05-28 07:00:00,0.0
2024-05-28 07:15:00,2.1
2024-05-28 07:30:00,2.1
2024-05-28 07:45:00,2.1
2024-05-28 08:00:00,2.2
2024-05-28 08:15:00,2.2
2024-05-28 08:30:00,2.0
2024-05-28 08:45:00,2.2
2024-05-28 09:00:00,2.1
2024-05-28 09:15:00,2.2
2024-05-28 09:30:00,2.0
2024-05-28 09:45:00,2.1
2024-05-28 10:00:00,2.2
2024-05-28 10:15:00,2.1
2024-05-28 10:30:00,2.1
2024-05-28 10:45:00,2.1
2024-05-28 11:00:00,2.1
2024-05-28 11:15:00,2.1
2024-05-28 11:30:00,2.1
2024-05-28 11:45:00,6.18337665015415
2024-05-28 12:00:00,6.18337665015415
2024-05-28 12:15:00,2.1
2024-05-28 12:30:00,2.1
2024-05-28 12:45:00,2.1
2024-05-28 13:00:00,2.1
2024-05-28 13:15:00,2.1
2024-05-28 13:30:00,2.0
2024-05-28 13:45:00,2.1
2024-05-28 14:00:00,2.1
2024-05-28 14:15:00,2.0
2024-05-28 14:30:00,2.0
2024-05-28 14:45:00,2.1
2024-05-28 15:00:00,2.1
2024-05-28 15:15:00,2.1
2024-05-28 15:30:00,2.0
2024-05-28 15:45:00,2.0
2024-05-28 16:00:00,2.0
2024-05-28 16:15:00,2.0
2024-05-28 16:30:00,2.1
2024-05-28 16:45:00,2.0
2024-05-28 17:00:00,2.0
2024-05-28 17:15:00,2.0
2024-05-28 17:30:00,
2024-05-28 17:45:00,2.0
2024-05-28 18:00:00,2.1
2024-05-28 18:15:00,2.1
2024-05-28 18:30:00,2.0
2024-05-28 18:45:00,2.0
2024-05-28 19:00:00,2.0
2024-05-28 19:15:00,2.0
2024-05-28 19:30:00,2.0
2024-05-28 19:45:00,2.2
2024-05-28 20:00:00,2.3
2024-05-28 20:15:00,2.0
2024-05-28 20:30:00,2.0
2024-05-28 20:45:00,2.0
2024-05-28 21:00:00,1.9
2024-05-28 21:15:00,2.0
2024-05-28 21:30:00,2.0
2024-05-28 21:45:00,1.9
2024-05-28 22:00:00,1.9
2024-05-28 22:15:00,1.9
2024-05-28 22:30:00,1.9
2024-05-28 22:45:00,1.9
2024-05-28 23:00:00,7.493921094688804
2024-05-28 23:15:00,1.9
2024-05-28 23:30:00,1.9
2024-05-28 23:45:00,1.8
2024-05-29 00:00:00,1.8
2024-05-29 00:15:00,1.8
2024-05-29 00:30:00,1.7
2024-05-29 00:45:00,1.8
2024-05-29 01:00:00,1.8
2024-05-29 01:15:00,1.8
2024-05-29 01:30:00,1.8
2024-05-29 01:45:00,1.9
2024-05-29 02:00:00,1.9
2024-05-29 02:15:00,1.8
2024-05-29 02:30:00,4.484853955466203
2024-05-29 02:45:00,4.584853955466203
2024-05-29 03:00:00,4.584853955466203
2024-05-29 03:15:00,1.9
2024-05-29 03:30:00,1.8
2024-05-29 03:45:00,2.0
2024-05-29 04:00:00,2.0
2024-05-29 04:15:00,1.9
2024-05-29 04:30:00,1.9
2024-05-29 04:45:00,2.0
2024-05-29 05:00:00,1.9
2024-05-29 05:15:00,1.8
2024-05-29 05:30:00,
2024-05-29 05:45:00,
2024-05-29 06:00:00,
2024-05-29 06:15:00,
2024-05-29 06:30:00,
2024-05-29 06:45:00,
2024-05-29 07:00:00,
2024-05-29 07:15:00,
2024-05-29 07:30:00,
2024-05-29 07:45:00,
2024-05-29 08:00:00,
2024-05-29 08:15:00,
2024-05-29 08:30:00,
2024-05-29 08:45:00,
2024-05-29 09:00:00,
2024-05-29 09:15:00,
2024-05-29 09:30:00,
2024-05-29 09:45:00,
2024-05-29 10:00:00,
2024-05-29 10:15:00,
2024-05-29 10:30:00,
2024-05-29 10:45:00,
2024-05-29 11:00:00,
2024-05-29 11:15:00,1.9
2024-05-29 11:30:00,
2024-05-29 11:45:00,2.0
2024-05-29 12:00:00,2.0
2024-05-29 12:15:00,1.9
2024-05-29 12:30:00,2.0
2024-05-29 12:45:00,1.9
2024-05-29 13:00:00,2.0
2024-05-29 13:15:00,1.9
2024-05-29 13:30:00,2.0
2024-05-29 13:45:00,1.9
2024-05-29 14:00:00,1.9
2024-05-29 14:15:00,1.9
2024-05-29 14:30:00,1.9
2024-05-29 14:45:00,1.8
2024-05-29 15:00:00,1.9
2024-05-29 15:15:00,1.9
2024-05-29 15:30:00,1.9
2024-05-29 15:45:00,1.8
2024-05-29 16:00:00,1.9
2024-05-29 16:15:00,1.9
2024-05-29 16:30:00,1.8
2024-05-29 16:45:00,1.8
2024-05-29 17:00:00,1.9
2024-05-29 17:15:00,1.8
2024-05-29 17:30:00,1.8
2024-05-29 17:45:00,1.9
2024-05-29 18:00:00,1.7
2024-05-29 18:15:00,1.8
2024-05-29 18:30:00,1.8
2024-05-29 18:45:00,
2024-05-29 19:00:00,
2024-05-29 19:15:00,
2024-05-29 19:30:00,
2024-05-29 19:45:00,
2024-05-29 20:00:00,
2024-05-29 20:15:00,
2024-05-29 20:30:00,
2024-05-29 20:45:00,
2024-05-29 21:00:00,
2024-05-29 21:15:00,
2024-05-29 21:30:00,
2024-05-29 21:45:00,
2024-05-29 22:00:00,
2024-05-29 22:15:00,
2024-05-29 22:30:00,
2024-05-29 22:45:00,
2024-05-29 23:00:00,
2024-05-29 23:15:00,
2024-05-29 23:30:00,
2024-05-29 23:45:00,
2024-05-30 00:00:00,1.7
2024-05-30 00:15:00,1.8
2024-05-30 00:30:00,1.7
2024-05-30 00:45:00,1.8
2024-05-30 01:00:00,1.7
2024-05-30 01:15:00,1.7
2024-05-30 01:30:00,1.7
2024-05-30 01:45:00,1.7
2024-05-30 02:00:00,1.7
2024-05-30 02:15:00,1.7
2024-05-30 02:30:00,1.7
2024-05-30 02:45:00,1.7
2024-05-30 03:00:00,1.7
2024-05-30 03:15:00,1.8
2024-05-30 03:30:00,1.7
2024-05-30 03:45:00,1.7
2024-05-30 04:00:00,1.7
2024-05-30 04:15:00,1.7
2024-05-30 04:30:00,1.8
2024-05-30 04:45:00,1.7
2024-05-30 05:00:00,1.7
2024-05-30 05:15:00,1.7
2024-05-30 05:30:00,1.8
2024-05-30 05:45:00,1.7
2024-05-30 06:00:00,1.7
2024-05-30 06:15:00,
2024-05-30 06:30:00,1.7
2024-05-30 06:45:00,1.7
2024-05-30 07:00:00,1.8
2024-05-30 07:15:00,1.7
2024-05-30 07:30:00,1.7
2024-05-30 07:45:00,1.7
2024-05-30 08:00:00,1.8
2024-05-30 08:15:00,1.9
2024-05-30 08:30:00,1.8
2024-05-30 08:45:00,1.8
2024-05-30 09:00:00,1.8
2024-05-30 09:15:00,1.8
2024-05-30 09:30:00,1.8
2024-05-30 09:45:00,1.8
2024-05-30 10:00:00,2.903474877038386
2024-05-30 10:15:00,3.0034748770383857
2024-05-30 10:30:00,3.0034748770383857
2024-05-30 10:45:00,
2024-05-30 11:00:00,1.8
2024-05-30 11:15:00,1.8
2024-05-30 11:30:00,
2024-05-30 11:45:00,1.9
2024-05-30 12:00:00,1.8
2024-05-30 12:15:00,1.7
2024-05-30 12:30:00,1.8
2024-05-30 12:45:00,
2024-05-30 13:00:00,
2024-05-30 13:15:00,1.8
2024-05-30 13:30:00,1.8
2024-05-30 13:45:00,1.7
2024-05-30 14:00:00,1.7
2024-05-30 14:15:00,1.7
2024-05-30 14:30:00,1.7
2024-05-30 14:45:00,1.9
2024-05-30 15:00:00,1.6
2024-05-30 15:15:00,1.7
2024-05-30 15:30:00,1.7
2024-05-30 15:45:00,1.7
2024-05-30 16:00:00,1.7
2024-05-30 16:15:00,1.6
2024-05-30 16:30:00,1.6
2024-05-30 16:45:00,1.6
2024-05-30 17:00:00,1.7
2024-05-30 17:15:00,1.7
2024-05-30 17:30:00,1.6
2024-05-30 17:45:00,1.6
2024-05-30 18:00:00,1.7
2024-05-30 18:15:00,1.7
2024-05-30 18:30:00,1.7
2024-05-30 18:45:00,1.6
2024-05-30 19:00:00,1.6
2024-05-30 19:15:00,1.6
2024-05-30 19:30:00,1.6
2024-05-30 19:45:00,1.6
2024-05-30 20:00:00,1.6
2024-05-30 20:15:00,1.6
2024-05-30 20:30:00,1.6
2024-05-30 20:45:00,1.6
2024-05-30 21:00:00,1.5
2024-05-30 21:15:00,1.6
2024-05-30 21:30:00,1.6
2024-05-30 21:45:00,1.6
2024-05-30 22:00:00,1.6
2024-05-30 22:15:00,1.6
2024-05-30 22:30:00,1.6
2024-05-30 22:45:00,1.6
2024-05-30 23:00:00,1.6
2024-05-30 23:15:00,1.5
2024-05-30 23:30:00,1.5
2024-05-30 23:45:00,1.6
2024-05-31 00:00:00,1.6
2024-05-31 00:15:00,1.6
2024-05-31 00:30:00,1.5
2024-05-31 00:45:00,1.5
2024-05-31 01:00:00,1.5
2024-05-31 01:15:00,1.6
2024-05-31 01:30:00,1.5
2024-05-31 01:45:00,1.6
2024-05-31 02:00:00,1.7
2024-05-31 02:15:00,1.5
2024-05-31 02:30:00,1.5
2024-05-31 02:45:00,3.147767141781147
2024-05-31 03:00:00,3.2477671417811473
2024-05-31 03:15:00,1.5
2024-05-31 03:30:00,1.5
2024-05-31 03:45:00,1.6
2024-05-31 04:00:00,1.6
2024-05-31 04:15:00,1.6
2024-05-31 04:30:00,1.6
2024-05-31 04:45:00,1.6
2024-05-31 05:00:00,1.6
2024-05-31 05:15:00,1.6
2024-05-31 05:30:00,1.7
2024-05-31 05:45:00,1.6
2024-05-31 06:00:00,1.7
2024-05-31 06:15:00,1.6
2024-05-31 06:30:00,1.6
2024-05-31 06:45:00,1.7
2024-05-31 07:00:00,1.7
2024-05-31 07:15:00,1.6
2024-05-31 07:30:00,
2024-05-31 07:45:00,1.7
2024-05-31 08:00:00,
2024-05-31 08:15:00,
2024-05-31 08:30:00,1.7
2024-05-31 08:45:00,1.6
2024-05-31 09:00:00,1.7
2024-05-31 09:15:00,1.7
2024-05-31 09:30:00,1.7
2024-05-31 09:45:00,1.7
2024-05-31 10:00:00,1.7
2024-05-31 10:15:00,1.8
2024-05-31 10:30:00,1.7
2024-05-31 10:45:00,1.7
2024-05-31 11:00:00,1.7
2024-05-31 11:15:00,1.6
2024-05-31 11:30:00,1.6
2024-05-31 11:45:00,1.6
2024-05-31 12:00:00,1.7
2024-05-31 12:15:00,1.6
2024-05-31 12:30:00,1.6
2024-05-31 12:45:00,
2024-05-31 13:00:00,1.7
2024-05-31 13:15:00,1.7
2024-05-31 13:30:00,1.7
2024-05-31 13:45:00,1.6
2024-05-31 14:00:00,1.7
2024-05-31 14:15:00,1.7
2024-05-31 14:30:00,1.6
2024-05-31 14:45:00,1.6
2024-05-31 15:00:00,1.6
2024-05-31 15:15:00,1.5
2024-05-31 15:30:00,1.6
2024-05-31 15:45:00,1.6
2024-05-31 16:00:00,1.6
2024-05-31 16:15:00,1.6
2024-05-31 16:30:00,1.6
2024-05-31 16:45:00,1.7
2024-05-31 17:00:00,1.6
2024-05-31 17:15:00,1.7
2024-05-31 17:30:00,1.6
2024-05-31 17:45:00,1.6
2024-05-31 18:00:00,1.6
2024-05-31 18:15:00,1.6
2024-05-31 18:30:00,1.6
2024-05-31 18:45:00,1.6
2024-05-31 19:00:00,1.5
2024-05-31 19:15:00,1.6
2024-05-31 19:30:00,1.6
2024-05-31 19:45:00,1.7
2024-05-31 20:00:00,1.6
2024-05-31 20:15:00,1.6
2024-05-31 20:30:00,1.7
2024-05-31 20:45:00,1.6
2024-05-31 21:00:00,1.6
2024-05-31 21:15:00,1.6
2024-05-31 21:30:00,1.6
2024-05-31 21:45:00,1.6
2024-05-31 22:00:00,1.5
2024-05-31 22:15:00,1.5
2024-05-31 22:30:00,1.6
2024-05-31 22:45:00,1.6
2024-05-31 23:00:00,1.6
2024-05-31 23:15:00,1.5
2024-05-31 23:30:00,1.5
2024-05-31 23:45:00,1.6
2024-06-01 00:00:00,1.5
2024-06-01 00:15:00,1.5
2024-06-01 00:30:00,1.6
2024-06-01 00:45:00,1.6
2024-06-01 01:00:00,1.5
2024-06-01 01:15:00,1.5
2024-06-01 01:30:00,1.5
2024-06-01 01:45:00,6.233100106205522
2024-06-01 02:00:00,1.4
2024-06-01 02:15:00,1.5
2024-06-01 02:30:00,1.5
2024-06-01 02:45:00,1.6
2024-06-01 03:00:00,1.6
2024-06-01 03:15:00,
2024-06-01 03:30:00,
2024-06-01 03:45:00,1.7
2024-06-01 04:00:00,1.5
2024-06-01 04:15:00,1.6
2024-06-01 04:30:00,1.6
2024-06-01 04:45:00,1.7
2024-06-01 05:00:00,1.6
2024-06-01 05:15:00,1.6
2024-06-01 05:30:00,1.5
2024-06-01 05:45:00,1.7
2024-06-01 06:00:00,1.5
2024-06-01 06:15:00,1.5
2024-06-01 06:30:00,1.6
2024-06-01 06:45:00,1.5
2024-06-01 07:00:00,1.5
2024-06-01 07:15:00,1.6
2024-06-01 07:30:00,1.5
2024-06-01 07:45:00,1.6
2024-06-01 08:00:00,1.5
2024-06-01 08:15:00,1.5
2024-06-01 08:30:00,1.6
2024-06-01 08:45:00,1.5
2024-06-01 09:00:00,1.5
2024-06-01 09:15:00,
2024-06-01 09:30:00,1.6
2024-06-01 09:45:00,
2024-06-01 10:00:00,
2024-06-01 10:15:00,1.6
2024-06-01 10:30:00,
2024-06-01 10:45:00,1.5
2024-06-01 11:00:00,1.6
2024-06-01 11:15:00,1.6
2024-06-01 11:30:00,1.5
2024-06-01 11:45:00,1.5
2024-06-01 12:00:00,1.5
2024-06-01 12:15:00,1.5
2024-06-01 12:30:00,1.5
2024-06-01 12:45:00,1.5
2024-06-01 13:00:00,1.6
2024-06-01 13:15:00,1.6
2024-06-01 13:30:00,1.6
2024-06-01 13:45:00,
2024-06-01 14:00:00,
2024-06-01 14:15:00,1.5
2024-06-01 14:30:00,1.5
2024-06-01 14:45:00,1.6
2024-06-01 15:00:00,1.6
2024-06-01 15:15:00,1.5
2024-06-01 15:30:00,1.5
2024-06-01 15:45:00,1.5
2024-06-01 16:00:00,1.5
2024-06-01 16:15:00,1.5
2024-06-01 16:30:00,1.5
2024-06-01 16:45:00,1.5
2024-06-01 17:00:00,1.5
2024-06-01 17:15:00,1.5
2024-06-01 17:30:00,1.6
2024-06-01 17:45:00,1.5
2024-06-01 18:00:00,1.6
2024-06-01 18:15:00,1.5
2024-06-01 18:30:00,1.5
2024-06-01 18:45:00,1.5
2024-06-01 19:00:00,1.5
2024-06-01 19:15:00,1.5
2024-06-01 19:30:00,1.5
2024-06-01 19:45:00,1.5
2024-06-01 20:00:00,1.5
2024-06-01 20:15:00,1.5
2024-06-01 20:30:00,1.5
2024-06-01 20:45:00,1.5
2024-06-01 21:00:00,1.5
2024-06-01 21:15:00,1.5
2024-06-01 21:30:00,1.5
2024-06-01 21:45:00,1.5
2024-06-01 22:00:00,1.5
2024-06-01 22:15:00,1.5
2024-06-01 22:30:00,1.5
2024-06-01 22:45:00,1.6
2024-06-01 23:00:00,1.5
2024-06-01 23:15:00,1.5
2024-06-01 23:30:00,1.4
2024-06-01 23:45:00,1.5
2024-06-02 00:00:00,1.5
2024-06-02 00:15:00,1.5
2024-06-02 00:30:00,1.4
2024-06-02 00:45:00,1.5
2024-06-02 01:00:00,1.4
2024-06-02 01:15:00,1.4
2024-06-02 01:30:00,1.4
2024-06-02 01:45:00,1.5
2024-06-02 02:00:00,1.4
2024-06-02 02:15:00,1.4
2024-06-02 02:30:00,1.5
2024-06-02 02:45:00,1.5
2024-06-02 03:00:00,1.4
2024-06-02 03:15:00,
2024-06-02 03:30:00,1.5
2024-06-02 03:45:00,
2024-06-02 04:00:00,
2024-06-02 04:15:00,
2024-06-02 04:30:00,1.6
2024-06-02 04:45:00,1.5
2024-06-02 05:00:00,1.5
2024-06-02 05:15:00,1.4
2024-06-02 05:30:00,1.5
2024-06-02 05:45:00,1.4
2024-06-02 06:00:00,1.5
2024-06-02 06:15:00,1.5
2024-06-02 06:30:00,1.5
2024-06-02 06:45:00,1.5
2024-06-02 07:00:00,
2024-06-02 07:15:00,
2024-06-02 07:30:00,1.5
2024-06-02 07:45:00,1.5
2024-06-02 08:00:00,1.6
2024-06-02 08:15:00,1.5
2024-06-02 08:30:00,1.6
2024-06-02 08:45:00,1.5
2024-06-02 09:00:00,1.5
2024-06-02 09:15:00,1.5
2024-06-02 09:30:00,1.5
2024-06-02 09:45:00,1.5
2024-06-02 10:00:00,1.5
2024-06-02 10:15:00,2.9199483067042165
2024-06-02 10:30:00,2.9199483067042165
2024-06-02 10:45:00,1.5
2024-06-02 11:00:00,
2024-06-02 11:15:00,1.6
2024-06-02 11:30:00,
2024-06-02 11:45:00,1.5
2024-06-02 12:00:00,1.6
2024-06-02 12:15:00,
2024-06-02 12:30:00,1.6
2024-06-02 12:45:00,1.6
2024-06-02 13:00:00,1.5
2024-06-02 13:15:00,
2024-06-02 13:30:00,
2024-06-02 13:45:00,1.6
2024-06-02 14:00:00,1.5
2024-06-02 14:15:00,1.5
2024-06-02 14:30:00,1.4
2024-06-02 14:45:00,1.5
2024-06-02 15:00:00,1.5
2024-06-02 15:15:00,1.5
2024-06-02 15:30:00,1.5
2024-06-02 15:45:00,1.4
2024-06-02 16:00:00,1.4
2024-06-02 16:15:00,1.5
2024-06-02 16:30:00,1.4
2024-06-02 16:45:00,1.4
2024-06-02 17:00:00,1.4
2024-06-02 17:15:00,1.4
2024-06-02 17:30:00,1.5
2024-06-02 17:45:00,1.4
2024-06-02 18:00:00,1.5
2024-06-02 18:15:00,1.5
2024-06-02 18:30:00,1.5
2024-06-02 18:45:00,1.5
2024-06-02 19:00:00,1.4
2024-06-02 19:15:00,1.5
2024-06-02 19:30:00,1.4
2024-06-02 19:45:00,1.4
2024-06-02 20:00:00,1.4
2024-06-02 20:15:00,1.4
2024-06-02 20:30:00,1.4
2024-06-02 20:45:00,1.4
2024-06-02 21:00:00,1.4
2024-06-02 21:15:00,1.4
2024-06-02 21:30:00,1.5
2024-06-02 21:45:00,
2024-06-02 22:00:00,
2024-06-02 22:15:00,
2024-06-02 22:30:00,
2024-06-02 22:45:00,1.6
2024-06-02 23:00:00,1.5
2024-06-02 23:15:00,1.5
2024-06-02 23:30:00,1.4
2024-06-02 23:45:00,1.6
2024-06-03 00:00:00,1.4
2024-06-03 00:15:00,1.4
2024-06-03 00:30:00,1.4
2024-06-03 00:45:00,1.3
2024-06-03 01:00:00,1.3
2024-06-03 01:15:00,1.4
2024-06-03 01:30:00,1.5
2024-06-03 01:45:00,1.4
2024-06-03 02:00:00,
2024-06-03 02:15:00,
2024-06-03 02:30:00,
2024-06-03 02:45:00,
2024-06-03 03:00:00,1.6
2024-06-03 03:15:00,1.5
2024-06-03 03:30:00,1.4
2024-06-03 03:45:00,1.5
2024-06-03 04:00:00,1.5
2024-06-03 04:15:00,
2024-06-03 04:30:00,1.5
2024-06-03 04:45:00,1.5
2024-06-03 05:00:00,1.4
2024-06-03 05:15:00,1.4
2024-06-03 05:30:00,1.4
2024-06-03 05:45:00,1.5
2024-06-03 06:00:00,1.5
2024-06-03 06:15:00,1.4
2024-06-03 06:30:00,1.5
2024-06-03 06:45:00,1.4
2024-06-03 07:00:00,1.5
2024-06-03 07:15:00,1.4
2024-06-03 07:30:00,1.4
2024-06-03 07:45:00,1.4
2024-06-03 08:00:00,1.4
2024-06-03 08:15:00,2.3308560982812234
2024-06-03 08:30:00,2.2308560982812233
2024-06-03 08:45:00,1.5
2024-06-03 09:00:00,1.5
2024-06-03 09:15:00,1.4
2024-06-03 09:30:00,1.4
2024-06-03 09:45:00,1.4
2024-06-03 10:00:00,1.4
2024-06-03 10:15:00,1.5
2024-06-03 10:30:00,1.4
2024-06-03 10:45:00,1.4
2024-06-03 11:00:00,1.4
2024-06-03 11:15:00,1.5
2024-06-03 11:30:00,1.5
2024-06-03 11:45:00,1.5
2024-06-03 12:00:00,1.5
2024-06-03 12:15:00,1.5
2024-06-03 12:30:00,
2024-06-03 12:45:00,1.6
2024-06-03 13:00:00,1.6
2024-06-03 13:15:00,1.4
2024-06-03 13:30:00,1.5
2024-06-03 13:45:00,1.4
2024-06-03 14:00:00,6.0543485806866535
2024-06-03 14:15:00,1.4
2024-06-03 14:30:00,1.5
2024-06-03 14:45:00,1.4
2024-06-03 15:00:00,1.5
2024-06-03 15:15:00,1.4
2024-06-03 15:30:00,1.4
2024-06-03 15:45:00,1.4
2024-06-03 16:00:00,1.4
2024-06-03 16:15:00,1.4
2024-06-03 16:30:00,1.4
2024-06-03 16:45:00,1.5
2024-06-03 17:00:00,1.5
2024-06-03 17:15:00,1.4
2024-06-03 17:30:00,1.5
2024-06-03 17:45:00,1.4
2024-06-03 18:00:00,1.5
2024-06-03 18:15:00,1.4
2024-06-03 18:30:00,1.5
2024-06-03 18:45:00,1.4
2024-06-03 19:00:00,1.5
2024-06-03 19:15:00,1.4
2024-06-03 19:30:00,1.5
2024-06-03 19:45:00,1.4
2024-06-03 20:00:00,1.4
2024-06-03 20:15:00,1.4
2024-06-03 20:30:00,1.4
2024-06-03 20:45:00,1.4
2024-06-03 21:00:00,1.4
2024-06-03 21:15:00,1.4
2024-06-03 21:30:00,1.4
2024-06-03 21:45:00,1.3
2024-06-03 22:00:00,1.4
2024-06-03 22:15:00,1.4
2024-06-03 22:30:00,1.4
2024-06-03 22:45:00,1.3
2024-06-03 23:00:00,1.4
2024-06-03 23:15:00,1.4
2024-06-03 23:30:00,1.4
2024-06-03 23:45:00,1.4
2024-06-04 00:00:00,1.5
2024-06-04 00:15:00,1.4
2024-06-04 00:30:00,1.3
2024-06-04 00:45:00,1.4
2024-06-04 01:00:00,1.3
2024-06-04 01:15:00,1.3
2024-06-04 01:30:00,1.3
2024-06-04 01:45:00,1.3
2024-06-04 02:00:00,1.3
2024-06-04 02:15:00,1.3
2024-06-04 02:30:00,1.3
2024-06-04 02:45:00,1.4
2024-06-04 03:00:00,1.4
2024-06-04 03:15:00,1.4
2024-06-04 03:30:00,1.3
2024-06-04 03:45:00,1.4
2024-06-04 04:00:00,1.4
2024-06-04 04:15:00,1.3
2024-06-04 04:30:00,1.4
2024-06-04 04:45:00,
2024-06-04 05:00:00,1.4
2024-06-04 05:15:00,1.4
2024-06-04 05:30:00,1.3
2024-06-04 05:45:00,1.3
2024-06-04 06:00:00,1.3
2024-06-04 06:15:00,1.3
2024-06-04 06:30:00,1.3
2024-06-04 06:45:00,1.4
2024-06-04 07:00:00,1.4
2024-06-04 07:15:00,1.3
2024-06-04 07:30:00,1.4
2024-06-04 07:45:00,1.3
2024-06-04 08:00:00,1.4
2024-06-04 08:15:00,1.4
2024-06-04 08:30:00,
2024-06-04 08:45:00,1.4
2024-06-04 09:00:00,1.3
2024-06-04 09:15:00,1.5
2024-06-04 09:30:00,1.4
2024-06-04 09:45:00,1.4
2024-06-04 10:00:00,1.4
2024-06-04 10:15:00,1.4
2024-06-04 10:30:00,1.5
2024-06-04 10:45:00,1.4
2024-06-04 11:00:00,1.4
2024-06-04 11:15:00,1.4
2024-06-04 11:30:00,1.4
2024-06-04 11:45:00,1.4
2024-06-04 12:00:00,1.4
2024-06-04 12:15:00,1.4
2024-06-04 12:30:00,1.5
2024-06-04 12:45:00,6.02755650087976
2024-06-04 13:00:00,5.92755650087976
2024-06-04 13:15:00,5.92755650087976
2024-06-04 13:30:00,1.3
2024-06-04 13:45:00,1.3
2024-06-04 14:00:00,1.4
2024-06-04 14:15:00,1.4
2024-06-04 14:30:00,1.3
2024-06-04 14:45:00,1.3
2024-06-04 15:00:00,1.4
2024-06-04 15:15:00,1.3
2024-06-04 15:30:00,1.3
2024-06-04 15:45:00,1.4
2024-06-04 16:00:00,1.3
2024-06-04 16:15:00,1.4
2024-06-04 16:30:00,1.3
2024-06-04 16:45:00,1.3
2024-06-04 17:00:00,1.3
2024-06-04 17:15:00,1.3
2024-06-04 17:30:00,1.2
2024-06-04 17:45:00,1.3
2024-06-04 18:00:00,1.2
2024-06-04 18:15:00,1.3
2024-06-04 18:30:00,1.3
2024-06-04 18:45:00,1.3
2024-06-04 19:00:00,1.2
2024-06-04 19:15:00,1.3
2024-06-04 19:30:00,1.3
2024-06-04 19:45:00,1.3
2024-06-04 20:00:00,1.3
2024-06-04 20:15:00,1.3
2024-06-04 20:30:00,1.3
2024-06-04 20:45:00,1.3
2024-06-04 21:00:00,1.3
2024-06-04 21:15:00,1.3
2024-06-04 21:30:00,1.3
2024-06-04 21:45:00,1.3
2024-06-04 22:00:00,1.3
2024-06-04 22:15:00,
2024-06-04 22:30:00,1.3
2024-06-04 22:45:00,1.3
2024-06-04 23:00:00,1.3
2024-06-04 23:15:00,1.3
2024-06-04 23:30:00,1.3
2024-06-04 23:45:00,1.3
2024-06-05 00:00:00,1.3
2024-06-05 00:15:00,1.3
2024-06-05 00:30:00,1.3
2024-06-05 00:45:00,1.3
2024-06-05 01:00:00,1.3
2024-06-05 01:15:00,1.3
2024-06-05 01:30:00,1.3
2024-06-05 01:45:00,1.3
2024-06-05 02:00:00,1.3
2024-06-05 02:15:00,1.3
2024-06-05 02:30:00,1.3
2024-06-05 02:45:00,1.3
2024-06-05 03:00:00,1.3
2024-06-05 03:15:00,1.3
2024-06-05 03:30:00,1.3
2024-06-05 03:45:00,1.3
2024-06-05 04:00:00,1.3
2024-06-05 04:15:00,1.3
2024-06-05 04:30:00,1.3
2024-06-05 04:45:00,1.3
2024-06-05 05:00:00,1.3
2024-06-05 05:15:00,1.3
2024-06-05 05:30:00,1.3
2024-06-05 05:45:00,1.3
2024-06-05 06:00:00,1.3
2024-06-05 06:15:00,1.3
2024-06-05 06:30:00,1.3
2024-06-05 06:45:00,1.3
2024-06-05 07:00:00,1.3
2024-06-05 07:15:00,1.3
2024-06-05 07:30:00,1.3
2024-06-05 07:45:00,1.2
2024-06-05 08:00:00,1.2
2024-06-05 08:15:00,1.3
2024-06-05 08:30:00,1.3
2024-06-05 08:45:00,1.3
2024-06-05 09:00:00,1.3
2024-06-05 09:15:00,1.4
2024-06-05 09:30:00,1.3
2024-06-05 09:45:00,1.4
2024-06-05 10:00:00,1.3
2024-06-05 10:15:00,1.3
2024-06-05 10:30:00,1.3
2024-06-05 10:45:00,1.5
2024-06-05 11:00:00,1.5
2024-06-05 11:15:00,1.5
2024-06-05 11:30:00,1.4
2024-06-05 11:45:00,1.4
2024-06-05 12:00:00,1.3
2024-06-05 12:15:00,1.4
2024-06-05 12:30:00,1.4
2024-06-05 12:45:00,1.4
2024-06-05 13:00:00,1.4
2024-06-05 13:15:00,1.3
2024-06-05 13:30:00,1.3
2024-06-05 13:45:00,0.0
2024-06-05 14:00:00,0.0
2024-06-05 14:15:00,0.0
2024-06-05 14:30:00,1.3
2024-06-05 14:45:00,1.3
2024-06-05 15:00:00,1.3
2024-06-05 15:15:00,1.3
2024-06-05 15:30:00,1.3
2024-06-05 15:45:00,1.3
2024-06-05 16:00:00,1.3
2024-06-05 16:15:00,1.3
2024-06-05 16:30:00,1.3
2024-06-05 16:45:00,1.3
2024-06-05 17:00:00,1.2
2024-06-05 17:15:00,
2024-06-05 17:30:00,
2024-06-05 17:45:00,
2024-06-05 18:00:00,
2024-06-05 18:15:00,
2024-06-05 18:30:00,
2024-06-05 18:45:00,
2024-06-05 19:00:00,1.4
2024-06-05 19:15:00,1.2
2024-06-05 19:30:00,1.3
2024-06-05 19:45:00,1.2
2024-06-05 20:00:00,1.2
2024-06-05 20:15:00,1.2
2024-06-05 20:30:00,1.2
2024-06-05 20:45:00,1.2
2024-06-05 21:00:00,1.3
2024-06-05 21:15:00,1.3
2024-06-05 21:30:00,1.2
2024-06-05 21:45:00,1.3
2024-06-05 22:00:00,1.3
2024-06-05 22:15:00,1.2
2024-06-05 22:30:00,
2024-06-05 22:45:00,1.2
2024-06-05 23:00:00,1.2
2024-06-05 23:15:00,1.2
2024-06-05 23:30:00,1.2
2024-06-05 23:45:00,1.2
2024-06-06 00:00:00,1.2
2024-06-06 00:15:00,1.3
2024-06-06 00:30:00,1.2
2024-06-06 00:45:00,1.1
2024-06-06 01:00:00,1.2
2024-06-06 01:15:00,1.2
2024-06-06 01:30:00,3.036272807442277
2024-06-06 01:45:00,3.036272807442277
2024-06-06 02:00:00,3.036272807442277
2024-06-06 02:15:00,1.2
2024-06-06 02:30:00,1.2
2024-06-06 02:45:00,1.2
2024-06-06 03:00:00,1.2
2024-06-06 03:15:00,1.4
2024-06-06 03:30:00,1.3
2024-06-06 03:45:00,1.3
2024-06-06 04:00:00,1.3
2024-06-06 04:15:00,1.3
2024-06-06 04:30:00,1.3
2024-06-06 04:45:00,1.4
2024-06-06 05:00:00,1.4
2024-06-06 05:15:00,1.3
2024-06-06 05:30:00,1.4
2024-06-06 05:45:00,1.3
2024-06-06 06:00:00,1.2
2024-06-06 06:15:00,1.2
2024-06-06 06:30:00,1.3
2024-06-06 06:45:00,1.3
2024-06-06 07:00:00,1.3
2024-06-06 07:15:00,1.3
2024-06-06 07:30:00,1.3
2024-06-06 07:45:00,1.3
2024-06-06 08:00:00,1.3
2024-06-06 08:15:00,1.3
2024-06-06 08:30:00,3.704871411086091
2024-06-06 08:45:00,1.2
2024-06-06 09:00:00,
2024-06-06 09:15:00,
2024-06-06 09:30:00,1.4
2024-06-06 09:45:00,1.3
2024-06-06 10:00:00,1.4
2024-06-06 10:15:00,1.3
2024-06-06 10:30:00,1.3
2024-06-06 10:45:00,1.2
2024-06-06 11:00:00,1.3
2024-06-06 11:15:00,1.4
2024-06-06 11:30:00,1.3
2024-06-06 11:45:00,1.2
2024-06-06 12:00:00,1.3
2024-06-06 12:15:00,1.3
2024-06-06 12:30:00,1.3
2024-06-06 12:45:00,1.3
2024-06-06 13:00:00,1.3
2024-06-06 13:15:00,1.3
2024-06-06 13:30:00,1.4
2024-06-06 13:45:00,1.2
2024-06-06 14:00:00,1.2
2024-06-06 14:15:00,1.3
2024-06-06 14:30:00,1.4
2024-06-06 14:45:00,1.3
2024-06-06 15:00:00,1.3
2024-06-06 15:15:00,1.3
2024-06-06 15:30:00,1.2
2024-06-06 15:45:00,2.9383703960255994
2024-06-06 16:00:00,3.0383703960255994
2024-06-06 16:15:00,3.0383703960255994
2024-06-06 16:30:00,1.3
2024-06-06 16:45:00,1.2
2024-06-06 17:00:00,1.2
2024-06-06 17:15:00,1.3
2024-06-06 17:30:00,1.2
2024-06-06 17:45:00,5.115687649394946
2024-06-06 18:00:00,5.115687649394946
2024-06-06 18:15:00,5.115687649394946
2024-06-06 18:30:00,1.4
2024-06-06 18:45:00,1.2
2024-06-06 19:00:00,1.2
2024-06-06 19:15:00,1.2
2024-06-06 19:30:00,1.3
2024-06-06 19:45:00,1.2
2024-06-06 20:00:00,1.2
2024-06-06 20:15:00,1.3
2024-06-06 20:30:00,1.3
2024-06-06 20:45:00,2.3441161482323976
2024-06-06 21:00:00,2.3441161482323976
2024-06-06 21:15:00,2.244116148232398
2024-06-06 21:30:00,1.2
2024-06-06 21:45:00,1.1
2024-06-06 22:00:00,1.2
2024-06-06 22:15:00,1.2
2024-06-06 22:30:00,1.3
2024-06-06 22:45:00,1.2
2024-06-06 23:00:00,1.1
2024-06-06 23:15:00,1.1
2024-06-06 23:30:00,1.2
2024-06-06 23:45:00,1.3
2024-06-07 00:00:00,4.614064350461266
2024-06-07 00:15:00,4.714064350461266
2024-06-07 00:30:00,1.1
2024-06-07 00:45:00,1.1
2024-06-07 01:00:00,1.1
2024-06-07 01:15:00,1.1
2024-06-07 01:30:00,1.1
2024-06-07 01:45:00,1.2
2024-06-07 02:00:00,1.2
2024-06-07 02:15:00,1.2
2024-06-07 02:30:00,1.2
2024-06-07 02:45:00,1.2
2024-06-07 03:00:00,
2024-06-07 03:15:00,
2024-06-07 03:30:00,
2024-06-07 03:45:00,1.4
2024-06-07 04:00:00,1.2
2024-06-07 04:15:00,1.2
2024-06-07 04:30:00,1.2
2024-06-07 04:45:00,1.2
2024-06-07 05:00:00,1.2
2024-06-07 05:15:00,1.3
2024-06-07 05:30:00,1.2
2024-06-07 05:45:00,1.2
2024-06-07 06:00:00,1.2
2024-06-07 06:15:00,1.2
2024-06-07 06:30:00,1.3
2024-06-07 06:45:00,1.2
2024-06-07 07:00:00,1.2
2024-06-07 07:15:00,1.2
2024-06-07 07:30:00,1.1
2024-06-07 07:45:00,1.3
2024-06-07 08:00:00,1.3
2024-06-07 08:15:00,1.2
2024-06-07 08:30:00,1.2
2024-06-07 08:45:00,1.1
2024-06-07 09:00:00,1.2
2024-06-07 09:15:00,1.2
2024-06-07 09:30:00,1.2
2024-06-07 09:45:00,1.2
2024-06-07 10:00:00,1.2
2024-06-07 10:15:00,2.499530409427145
2024-06-07 10:30:00,1.2
2024-06-07 10:45:00,1.3
2024-06-07 11:00:00,1.3
2024-06-07 11:15:00,1.2
2024-06-07 11:30:00,1.3
2024-06-07 11:45:00,1.2
2024-06-07 12:00:00,1.2
2024-06-07 12:15:00,1.3
2024-06-07 12:30:00,1.2
2024-06-07 12:45:00,1.3
2024-06-07 13:00:00,1.3
2024-06-07 13:15:00,1.2
2024-06-07 13:30:00,1.2
2024-06-07 13:45:00,1.2
2024-06-07 14:00:00,1.2
2024-06-07 14:15:00,1.2
2024-06-07 14:30:00,1.2
2024-06-07 14:45:00,1.2
2024-06-07 15:00:00,1.2
2024-06-07 15:15:00,1.2
2024-06-07 15:30:00,1.2
2024-06-07 15:45:00,1.2
2024-06-07 16:00:00,1.2
2024-06-07 16:15:00,1.2
2024-06-07 16:30:00,1.1
2024-06-07 16:45:00,1.1
2024-06-07 17:00:00,1.2
2024-06-07 17:15:00,1.2
2024-06-07 17:30:00,1.1
2024-06-07 17:45:00,1.1
2024-06-07 18:00:00,1.2
2024-06-07 18:15:00,1.2
2024-06-07 18:30:00,1.1
2024-06-07 18:45:00,1.2
2024-06-07 19:00:00,1.1
2024-06-07 19:15:00,1.2
2024-06-07 19:30:00,1.1
2024-06-07 19:45:00,1.1
2024-06-07 20:00:00,1.1
2024-06-07 20:15:00,1.1
2024-06-07 20:30:00,1.3
2024-06-07 20:45:00,1.1
2024-06-07 21:00:00,1.2
2024-06-07 21:15:00,1.0
2024-06-07 21:30:00,1.2
2024-06-07 21:45:00,1.1
2024-06-07 22:00:00,1.1
2024-06-07 22:15:00,1.0
2024-06-07 22:30:00,1.1
2024-06-07 22:45:00,1.1
2024-06-07 23:00:00,1.0
2024-06-07 23:15:00,1.1
2024-06-07 23:30:00,1.0
2024-06-07 23:45:00,1.0
2024-06-08 00:00:00,1.0
2024-06-08 00:15:00,1.1
2024-06-08 00:30:00,1.0
2024-06-08 00:45:00,1.0
2024-06-08 01:00:00,1.0
2024-06-08 01:15:00,1.0
2024-06-08 01:30:00,
2024-06-08 01:45:00,
2024-06-08 02:00:00,
2024-06-08 02:15:00,
2024-06-08 02:30:00,
2024-06-08 02:45:00,
2024-06-08 03:00:00,
2024-06-08 03:15:00,1.1
2024-06-08 03:30:00,1.1
2024-06-08 03:45:00,1.1
2024-06-08 04:00:00,1.1
2024-06-08 04:15:00,1.1
2024-06-08 04:30:00,1.1
2024-06-08 04:45:00,1.2
2024-06-08 05:00:00,1.2
2024-06-08 05:15:00,1.1
2024-06-08 05:30:00,1.1
2024-06-08 05:45:00,1.1
2024-06-08 06:00:00,1.1
2024-06-08 06:15:00,1.1
2024-06-08 06:30:00,1.1
2024-06-08 06:45:00,1.1
2024-06-08 07:00:00,1.1
2024-06-08 07:15:00,1.2
2024-06-08 07:30:00,1.2
2024-06-08 07:45:00,1.1
2024-06-08 08:00:00,1.1
2024-06-08 08:15:00,1.1
2024-06-08 08:30:00,
2024-06-08 08:45:00,1.3
2024-06-08 09:00:00,1.2
2024-06-08 09:15:00,1.2
2024-06-08 09:30:00,1.1
2024-06-08 09:45:00,1.2
2024-06-08 10:00:00,1.2
2024-06-08 10:15:00,1.2
2024-06-08 10:30:00,1.2
2024-06-08 10:45:00,1.1
2024-06-08 11:00:00,1.1
2024-06-08 11:15:00,1.0
2024-06-08 11:30:00,1.1
2024-06-08 11:45:00,1.1
2024-06-08 12:00:00,1.1
2024-06-08 12:15:00,1.2
2024-06-08 12:30:00,
2024-06-08 12:45:00,1.3
2024-06-08 13:00:00,1.3
2024-06-08 13:15:00,1.2
2024-06-08 13:30:00,1.2
2024-06-08 13:45:00,1.2
2024-06-08 14:00:00,1.2
2024-06-08 14:15:00,1.2
2024-06-08 14:30:00,2.903368753097449
2024-06-08 14:45:00,2.903368753097449
2024-06-08 15:00:00,2.903368753097449
2024-06-08 15:15:00,1.1
2024-06-08 15:30:00,1.1
2024-06-08 15:45:00,1.3
2024-06-08 16:00:00,1.1
2024-06-08 16:15:00,1.0
2024-06-08 16:30:00,1.2
2024-06-08 16:45:00,1.2
2024-06-08 17:00:00,1.2
2024-06-08 17:15:00,1.1
2024-06-08 17:30:00,
2024-06-08 17:45:00,
2024-06-08 18:00:00,1.1
2024-06-08 18:15:00,1.2
2024-06-08 18:30:00,1.1
2024-06-08 18:45:00,1.2
2024-06-08 19:00:00,1.2
2024-06-08 19:15:00,1.1
2024-06-08 19:30:00,1.1
2024-06-08 19:45:00,1.1
2024-06-08 20:00:00,1.1
2024-06-08 20:15:00,1.1
2024-06-08 20:30:00,1.1
2024-06-08 20:45:00,1.1
2024-06-08 21:00:00,1.1
2024-06-08 21:15:00,1.1
2024-06-08 21:30:00,1.0
2024-06-08 21:45:00,1.1
2024-06-08 22:00:00,0.9
2024-06-08 22:15:00,1.1
2024-06-08 22:30:00,1.0
2024-06-08 22:45:00,1.1
2024-06-08 23:00:00,1.1
2024-06-08 23:15:00,1.0
2024-06-08 23:30:00,1.1
2024-06-08 23:45:00,1.1
2024-06-09 00:00:00,1.0
2024-06-09 00:15:00,1.0
2024-06-09 00:30:00,1.0
2024-06-09 00:45:00,1.0
2024-06-09 01:00:00,1.0
2024-06-09 01:15:00,1.1
2024-06-09 01:30:00,0.9
2024-06-09 01:45:00,1.0
2024-06-09 02:00:00,0.9
2024-06-09 02:15:00,1.0
2024-06-09 02:30:00,1.0
2024-06-09 02:45:00,1.0
2024-06-09 03:00:00,1.0
2024-06-09 03:15:00,0.9
2024-06-09 03:30:00,0.9
2024-06-09 03:45:00,1.0
2024-06-09 04:00:00,1.1
2024-06-09 04:15:00,1.0
2024-06-09 04:30:00,1.1
2024-06-09 04:45:00,1.0
2024-06-09 05:00:00,1.1
2024-06-09 05:15:00,1.0
2024-06-09 05:30:00,1.0
2024-06-09 05:45:00,1.1
2024-06-09 06:00:00,1.0
2024-06-09 06:15:00,1.1
2024-06-09 06:30:00,1.1
2024-06-09 06:45:00,1.0
2024-06-09 07:00:00,1.0
2024-06-09 07:15:00,1.0
2024-06-09 07:30:00,1.1
2024-06-09 07:45:00,1.1
2024-06-09 08:00:00,1.0
2024-06-09 08:15:00,1.1
2024-06-09 08:30:00,1.0
2024-06-09 08:45:00,1.0
2024-06-09 09:00:00,1.0
2024-06-09 09:15:00,1.0
2024-06-09 09:30:00,1.1
2024-06-09 09:45:00,1.1
2024-06-09 10:00:00,1.1
2024-06-09 10:15:00,1.0
2024-06-09 10:30:00,1.0
2024-06-09 10:45:00,1.0
2024-06-09 11:00:00,1.1
2024-06-09 11:15:00,1.1
2024-06-09 11:30:00,1.1
2024-06-09 11:45:00,1.2
2024-06-09 12:00:00,1.1
2024-06-09 12:15:00,1.1
2024-06-09 12:30:00,0.9
2024-06-09 12:45:00,1.1
2024-06-09 13:00:00,1.0
2024-06-09 13:15:00,1.0
2024-06-09 13:30:00,1.0
2024-06-09 13:45:00,1.1
2024-06-09 14:00:00,1.0
2024-06-09 14:15:00,1.0
2024-06-09 14:30:00,1.0
2024-06-09 14:45:00,1.0
2024-06-09 15:00:00,1.0
2024-06-09 15:15:00,1.0
2024-06-09 15:30:00,1.1
2024-06-09 15:45:00,1.1
2024-06-09 16:00:00,1.1
2024-06-09 16:15:00,1.0
2024-06-09 16:30:00,1.0
2024-06-09 16:45:00,1.0
2024-06-09 17:00:00,1.0
2024-06-09 17:15:00,0.9
2024-06-09 17:30:00,0.9
2024-06-09 17:45:00,0.9
2024-06-09 18:00:00,1.1
2024-06-09 18:15:00,1.0
2024-06-09 18:30:00,1.1
2024-06-09 18:45:00,1.0
2024-06-09 19:00:00,1.0
2024-06-09 19:15:00,1.0
2024-06-09 19:30:00,1.0
2024-06-09 19:45:00,1.0
2024-06-09 20:00:00,0.9
2024-06-09 20:15:00,1.0
2024-06-09 20:30:00,1.0
2024-06-09 20:45:00,1.0
2024-06-09 21:00:00,0.0
2024-06-09 21:15:00,1.0
2024-06-09 21:30:00,0.9
2024-06-09 21:45:00,1.1
2024-06-09 22:00:00,1.0
2024-06-09 22:15:00,0.9
2024-06-09 22:30:00,0.9
2024-06-09 22:45:00,1.0
2024-06-09 23:00:00,
2024-06-09 23:15:00,1.1
2024-06-09 23:30:00,1.0
2024-06-09 23:45:00,
2024-06-10 00:00:00,1.0
2024-06-10 00:15:00,1.1
2024-06-10 00:30:00,1.0
2024-06-10 00:45:00,1.0
2024-06-10 01:00:00,0.8
2024-06-10 01:15:00,1.0
2024-06-10 01:30:00,1.0
2024-06-10 01:45:00,1.0
2024-06-10 02:00:00,0.9
2024-06-10 02:15:00,0.9
2024-06-10 02:30:00,0.9
2024-06-10 02:45:00,0.9
2024-06-10 03:00:00,0.9
2024-06-10 03:15:00,1.0
2024-06-10 03:30:00,0.9
2024-06-10 03:45:00,0.9
2024-06-10 04:00:00,1.1
2024-06-10 04:15:00,1.0
2024-06-10 04:30:00,1.0
2024-06-10 04:45:00,1.0
2024-06-10 05:00:00,1.0
2024-06-10 05:15:00,0.9
2024-06-10 05:30:00,1.0
2024-06-10 05:45:00,1.1
2024-06-10 06:00:00,1.0
2024-06-10 06:15:00,1.1
2024-06-10 06:30:00,1.0
2024-06-10 06:45:00,
2024-06-10 07:00:00,
2024-06-10 07:15:00,
2024-06-10 07:30:00,
2024-06-10 07:45:00,
2024-06-10 08:00:00,
2024-06-10 08:15:00,
2024-06-10 08:30:00,
2024-06-10 08:45:00,
2024-06-10 09:00:00,
2024-06-10 09:15:00,
2024-06-10 09:30:00,
2024-06-10 09:45:00,
2024-06-10 10:00:00,
2024-06-10 10:15:00,
2024-06-10 10:30:00,
2024-06-10 10:45:00,
2024-06-10 11:00:00,
2024-06-10 11:15:00,
2024-06-10 11:30:00,
2024-06-10 11:45:00,1.1
2024-06-10 12:00:00,1.0
2024-06-10 12:15:00,1.0
2024-06-10 12:30:00,1.1
2024-06-10 12:45:00,1.2
2024-06-10 13:00:00,1.1
2024-06-10 13:15:00,1.1
2024-06-10 13:30:00,1.0
2024-06-10 13:45:00,1.0
2024-06-10 14:00:00,1.1
2024-06-10 14:15:00,1.0
2024-06-10 14:30:00,1.0
2024-06-10 14:45:00,1.1
2024-06-10 15:00:00,1.1
2024-06-10 15:15:00,1.1
2024-06-10 15:30:00,1.1
2024-06-10 15:45:00,1.1
2024-06-10 16:00:00,1.1
2024-06-10 16:15:00,1.1
2024-06-10 16:30:00,1.1
2024-06-10 16:45:00,1.0
2024-06-10 17:00:00,1.1
2024-06-10 17:15:00,1.1
2024-06-10 17:30:00,1.1
2024-06-10 17:45:00,1.0
2024-06-10 18:00:00,1.1
2024-06-10 18:15:00,1.1
2024-06-10 18:30:00,1.1
2024-06-10 18:45:00,1.1
2024-06-10 19:00:00,1.1
2024-06-10 19:15:00,1.1
2024-06-10 19:30:00,1.0
2024-06-10 19:45:00,1.0
2024-06-10 20:00:00,1.0
2024-06-10 20:15:00,0.9
2024-06-10 20:30:00,1.0
2024-06-10 20:45:00,0.9
2024-06-10 21:00:00,1.0
2024-06-10 21:15:00,1.0
2024-06-10 21:30:00,0.9
2024-06-10 21:45:00,1.0
2024-06-10 22:00:00,1.0
2024-06-10 22:15:00,1.0
2024-06-10 22:30:00,0.9
2024-06-10 22:45:00,1.0
2024-06-10 23:00:00,0.9
2024-06-10 23:15:00,0.9
2024-06-10 23:30:00,0.9
2024-06-10 23:45:00,1.0
2024-06-11 00:00:00,1.0
2024-06-11 00:15:00,1.0
2024-06-11 00:30:00,1.0
2024-06-11 00:45:00,0.9
2024-06-11 01:00:00,0.9
2024-06-11 01:15:00,0.9
2024-06-11 01:30:00,0.9
2024-06-11 01:45:00,0.9
2024-06-11 02:00:00,0.9
2024-06-11 02:15:00,0.9
2024-06-11 02:30:00,0.9
2024-06-11 02:45:00,0.9
2024-06-11 03:00:00,1.0
2024-06-11 03:15:00,1.0
2024-06-11 03:30:00,0.9
2024-06-11 03:45:00,1.0
2024-06-11 04:00:00,1.0
2024-06-11 04:15:00,1.0
2024-06-11 04:30:00,1.0
2024-06-11 04:45:00,1.0
2024-06-11 05:00:00,0.9
2024-06-11 05:15:00,1.0
2024-06-11 05:30:00,0.9
2024-06-11 05:45:00,0.9
2024-06-11 06:00:00,1.0
2024-06-11 06:15:00,1.0
2024-06-11 06:30:00,1.0
2024-06-11 06:45:00,1.0
2024-06-11 07:00:00,0.9
2024-06-11 07:15:00,1.0
2024-06-11 07:30:00,1.0
2024-06-11 07:45:00,0.9
2024-06-11 08:00:00,0.9
2024-06-11 08:15:00,1.0
2024-06-11 08:30:00,0.9
2024-06-11 08:45:00,1.0
2024-06-11 09:00:00,1.0
2024-06-11 09:15:00,1.0
2024-06-11 09:30:00,1.0
2024-06-11 09:45:00,1.0
2024-06-11 10:00:00,1.0
2024-06-11 10:15:00,1.0
2024-06-11 10:30:00,1.0
2024-06-11 10:45:00,1.0
2024-06-11 11:00:00,1.0
2024-06-11 11:15:00,1.0
2024-06-11 11:30:00,1.0
2024-06-11 11:45:00,1.1
2024-06-11 12:00:00,1.0
2024-06-11 12:15:00,1.0
2024-06-11 12:30:00,1.1
2024-06-11 12:45:00,0.9
2024-06-11 13:00:00,1.0
2024-06-11 13:15:00,0.9
2024-06-11 13:30:00,1.1
2024-06-11 13:45:00,
2024-06-11 14:00:00,0.9
2024-06-11 14:15:00,0.9
2024-06-11 14:30:00,1.0
2024-06-11 14:45:00,1.0
2024-06-11 15:00:00,0.9
2024-06-11 15:15:00,1.0
2024-06-11 15:30:00,1.0
2024-06-11 15:45:00,1.0
2024-06-11 16:00:00,1.1
2024-06-11 16:15:00,1.0
2024-06-11 16:30:00,0.9
2024-06-11 16:45:00,1.0
2024-06-11 17:00:00,1.0
2024-06-11 17:15:00,1.0
2024-06-11 17:30:00,0.9
2024-06-11 17:45:00,1.1
2024-06-11 18:00:00,1.1
2024-06-11 18:15:00,4.323372881557278
2024-06-11 18:30:00,0.9
2024-06-11 18:45:00,1.0
2024-06-11 19:00:00,1.0
2024-06-11 19:15:00,1.0
2024-06-11 19:30:00,1.0
2024-06-11 19:45:00,1.0
2024-06-11 20:00:00,1.0
2024-06-11 20:15:00,1.0
2024-06-11 20:30:00,0.9
2024-06-11 20:45:00,1.0
2024-06-11 21:00:00,0.9
2024-06-11 21:15:00,0.9
2024-06-11 21:30:00,0.9
2024-06-11 21:45:00,0.8
2024-06-11 22:00:00,0.9
2024-06-11 22:15:00,0.9
2024-06-11 22:30:00,0.9
2024-06-11 22:45:00,0.8
2024-06-11 23:00:00,0.9
2024-06-11 23:15:00,0.8
2024-06-11 23:30:00,0.9
2024-06-11 23:45:00,0.9
2024-06-12 00:00:00,1.0
2024-06-12 00:15:00,1.1
2024-06-12 00:30:00,0.9
2024-06-12 00:45:00,0.9
2024-06-12 01:00:00,1.0
2024-06-12 01:15:00,0.9
2024-06-12 01:30:00,0.9
2024-06-12 01:45:00,0.8
2024-06-12 02:00:00,0.8
2024-06-12 02:15:00,0.9
2024-06-12 02:30:00,0.9
2024-06-12 02:45:00,0.9
2024-06-12 03:00:00,0.9
2024-06-12 03:15:00,1.0
2024-06-12 03:30:00,1.0
2024-06-12 03:45:00,0.9
2024-06-12 04:00:00,0.9
2024-06-12 04:15:00,1.0
2024-06-12 04:30:00,1.0
2024-06-12 04:45:00,1.0
2024-06-12 05:00:00,1.0
2024-06-12 05:15:00,0.9
2024-06-12 05:30:00,0.9
2024-06-12 05:45:00,3.2390978536563915
2024-06-12 06:00:00,3.1390978536563914
2024-06-12 06:15:00,0.9
2024-06-12 06:30:00,1.0
2024-06-12 06:45:00,1.0
2024-06-12 07:00:00,0.9
2024-06-12 07:15:00,1.0
2024-06-12 07:30:00,0.9
2024-06-12 07:45:00,0.9
2024-06-12 08:00:00,0.9
2024-06-12 08:15:00,1.0
2024-06-12 08:30:00,0.9
2024-06-12 08:45:00,1.1
2024-06-12 09:00:00,0.9
2024-06-12 09:15:00,1.1
2024-06-12 09:30:00,1.0
2024-06-12 09:45:00,1.1
2024-06-12 10:00:00,1.0
2024-06-12 10:15:00,1.0
2024-06-12 10:30:00,1.1
2024-06-12 10:45:00,1.0
2024-06-12 11:00:00,0.9
2024-06-12 11:15:00,1.0
2024-06-12 11:30:00,0.9
2024-06-12 11:45:00,1.1
2024-06-12 12:00:00,1.0
2024-06-12 12:15:00,1.1
2024-06-12 12:30:00,1.0
2024-06-12 12:45:00,1.0
2024-06-12 13:00:00,1.0
2024-06-12 13:15:00,1.0
2024-06-12 13:30:00,1.0
2024-06-12 13:45:00,1.0
2024-06-12 14:00:00,1.0
2024-06-12 14:15:00,1.0
2024-06-12 14:30:00,1.1
2024-06-12 14:45:00,1.0
2024-06-12 15:00:00,1.0
2024-06-12 15:15:00,1.1
2024-06-12 15:30:00,1.1
2024-06-12 15:45:00,1.1
2024-06-12 16:00:00,1.0
2024-06-12 16:15:00,1.1
2024-06-12 16:30:00,1.0
2024-06-12 16:45:00,1.0
2024-06-12 17:00:00,1.0
2024-06-12 17:15:00,1.0
2024-06-12 17:30:00,1.0
2024-06-12 17:45:00,1.1
2024-06-12 18:00:00,1.0
2024-06-12 18:15:00,1.0
2024-06-12 18:30:00,
2024-06-12 18:45:00,
2024-06-12 19:00:00,
2024-06-12 19:15:00,
2024-06-12 19:30:00,
2024-06-12 19:45:00,
2024-06-12 20:00:00,
2024-06-12 20:15:00,1.0
2024-06-12 20:30:00,1.0
2024-06-12 20:45:00,1.1
2024-06-12 21:00:00,1.0
2024-06-12 21:15:00,1.0
2024-06-12 21:30:00,1.0
2024-06-12 21:45:00,1.0
2024-06-12 22:00:00,1.0
2024-06-12 22:15:00,1.0
2024-06-12 22:30:00,1.0
2024-06-12 22:45:00,1.0
2024-06-12 23:00:00,0.9
2024-06-12 23:15:00,1.2
2024-06-12 23:30:00,1.1
2024-06-12 23:45:00,1.1
2024-06-13 00:00:00,1.0
2024-06-13 00:15:00,0.9
2024-06-13 00:30:00,0.9
2024-06-13 00:45:00,1.0
2024-06-13 01:00:00,0.9
2024-06-13 01:15:00,1.0
2024-06-13 01:30:00,1.0
2024-06-13 01:45:00,0.9
2024-06-13 02:00:00,0.8
2024-06-13 02:15:00,0.9
2024-06-13 02:30:00,0.9
2024-06-13 02:45:00,1.0
2024-06-13 03:00:00,0.9
2024-06-13 03:15:00,0.9
2024-06-13 03:30:00,0.9
2024-06-13 03:45:00,0.9
2024-06-13 04:00:00,1.0
2024-06-13 04:15:00,1.1
2024-06-13 04:30:00,1.0
2024-06-13 04:45:00,1.0
2024-06-13 05:00:00,1.0
2024-06-13 05:15:00,1.0
2024-06-13 05:30:00,1.0
2024-06-13 05:45:00,0.9
2024-06-13 06:00:00,0.9
2024-06-13 06:15:00,1.0
2024-06-13 06:30:00,1.0
2024-06-13 06:45:00,1.0
2024-06-13 07:00:00,1.0
2024-06-13 07:15:00,0.9
2024-06-13 07:30:00,0.9
2024-06-13 07:45:00,2.899744012521536
2024-06-13 08:00:00,1.0
2024-06-13 08:15:00,1.0
2024-06-13 08:30:00,0.9
2024-06-13 08:45:00,1.0
2024-06-13 09:00:00,0.9
2024-06-13 09:15:00,1.0
2024-06-13 09:30:00,0.9
2024-06-13 09:45:00,1.0
2024-06-13 10:00:00,1.0
2024-06-13 10:15:00,0.9
2024-06-13 10:30:00,1.0
2024-06-13 10:45:00,1.0
2024-06-13 11:00:00,1.0
2024-06-13 11:15:00,1.0
2024-06-13 11:30:00,1.0
2024-06-13 11:45:00,1.1
2024-06-13 12:00:00,1.2
2024-06-13 12:15:00,1.0
2024-06-13 12:30:00,1.0
2024-06-13 12:45:00,1.0
2024-06-13 13:00:00,1.0
2024-06-13 13:15:00,1.0
2024-06-13 13:30:00,1.0
2024-06-13 13:45:00,1.0
2024-06-13 14:00:00,1.0
2024-06-13 14:15:00,1.0
2024-06-13 14:30:00,1.0
2024-06-13 14:45:00,1.0
2024-06-13 15:00:00,1.0
2024-06-13 15:15:00,1.0
2024-06-13 15:30:00,1.1
2024-06-13 15:45:00,1.0
2024-06-13 16:00:00,1.0
2024-06-13 16:15:00,1.0
2024-06-13 16:30:00,1.1
2024-06-13 16:45:00,1.0
2024-06-13 17:00:00,1.0
2024-06-13 17:15:00,1.0
2024-06-13 17:30:00,1.0
2024-06-13 17:45:00,1.0
2024-06-13 18:00:00,1.0
2024-06-13 18:15:00,1.1
2024-06-13 18:30:00,1.1
2024-06-13 18:45:00,1.1
2024-06-13 19:00:00,1.0
2024-06-13 19:15:00,2.997953514534461
2024-06-13 19:30:00,2.997953514534461
2024-06-13 19:45:00,2.8979535145344606
2024-06-13 20:00:00,1.1
2024-06-13 20:15:00,1.0
2024-06-13 20:30:00,1.0
2024-06-13 20:45:00,1.0
2024-06-13 21:00:00,1.0
2024-06-13 21:15:00,0.8
2024-06-13 21:30:00,1.0
2024-06-13 21:45:00,1.0
2024-06-13 22:00:00,1.0
2024-06-13 22:15:00,1.0
2024-06-13 22:30:00,1.1
2024-06-13 22:45:00,1.1
2024-06-13 23:00:00,1.1
2024-06-13 23:15:00,1.0
2024-06-13 23:30:00,1.1
2024-06-13 23:45:00,1.0
2024-06-14 00:00:00,1.0
2024-06-14 00:15:00,1.0
2024-06-14 00:30:00,1.0
2024-06-14 00:45:00,1.0
2024-06-14 01:00:00,1.0
2024-06-14 01:15:00,1.0
2024-06-14 01:30:00,1.0
2024-06-14 01:45:00,1.0
2024-06-14 02:00:00,1.0
2024-06-14 02:15:00,1.0
2024-06-14 02:30:00,1.0
2024-06-14 02:45:00,1.0
2024-06-14 03:00:00,1.0
2024-06-14 03:15:00,1.0
2024-06-14 03:30:00,1.0
2024-06-14 03:45:00,1.0
2024-06-14 04:00:00,1.0
2024-06-14 04:15:00,1.0
2024-06-14 04:30:00,1.0
2024-06-14 04:45:00,1.0
2024-06-14 05:00:00,1.1
2024-06-14 05:15:00,1.0
2024-06-14 05:30:00,1.2
2024-06-14 05:45:00,1.0
2024-06-14 06:00:00,1.0
2024-06-14 06:15:00,1.0
2024-06-14 06:30:00,1.0
2024-06-14 06:45:00,1.0
2024-06-14 07:00:00,1.0
2024-06-14 07:15:00,1.1
2024-06-14 07:30:00,1.0
2024-06-14 07:45:00,1.0
2024-06-14 08:00:00,1.0
2024-06-14 08:15:00,0.9
2024-06-14 08:30:00,1.0
2024-06-14 08:45:00,0.9
2024-06-14 09:00:00,1.0
2024-06-14 09:15:00,1.0
2024-06-14 09:30:00,1.0
2024-06-14 09:45:00,1.0
2024-06-14 10:00:00,1.0
2024-06-14 10:15:00,1.0
2024-06-14 10:30:00,1.1
2024-06-14 10:45:00,1.1
2024-06-14 11:00:00,1.0
2024-06-14 11:15:00,1.0
2024-06-14 11:30:00,1.0
2024-06-14 11:45:00,1.1
2024-06-14 12:00:00,1.1
2024-06-14 12:15:00,1.1
2024-06-14 12:30:00,
2024-06-14 12:45:00,
2024-06-14 13:00:00,
2024-06-14 13:15:00,1.1
2024-06-14 13:30:00,1.1
2024-06-14 13:45:00,1.1
2024-06-14 14:00:00,1.0
2024-06-14 14:15:00,1.1
2024-06-14 14:30:00,1.0
2024-06-14 14:45:00,1.0
2024-06-14 15:00:00,1.0
2024-06-14 15:15:00,1.0
2024-06-14 15:30:00,1.1
2024-06-14 15:45:00,1.1
2024-06-14 16:00:00,1.1
2024-06-14 16:15:00,1.1
2024-06-14 16:30:00,1.1
2024-06-14 16:45:00,1.0
2024-06-14 17:00:00,1.1
2024-06-14 17:15:00,1.0
2024-06-14 17:30:00,1.1
2024-06-14 17:45:00,1.1
2024-06-14 18:00:00,1.1
2024-06-14 18:15:00,1.0
2024-06-14 18:30:00,1.0
2024-06-14 18:45:00,1.1
2024-06-14 19:00:00,1.1
2024-06-14 19:15:00,1.1
2024-06-14 19:30:00,1.0
2024-06-14 19:45:00,1.1
2024-06-14 20:00:00,1.1
2024-06-14 20:15:00,1.1
2024-06-14 20:30:00,1.0
2024-06-14 20:45:00,1.1
2024-06-14 21:00:00,1.0
2024-06-14 21:15:00,
2024-06-14 21:30:00,
2024-06-14 21:45:00,
2024-06-14 22:00:00,
2024-06-14 22:15:00,
2024-06-14 22:30:00,1.0
2024-06-14 22:45:00,1.1
2024-06-14 23:00:00,1.1
2024-06-14 23:15:00,1.1
2024-06-14 23:30:00,1.1
2024-06-14 23:45:00,1.1
2024-06-15 00:00:00,1.0
2024-06-15 00:15:00,1.0
2024-06-15 00:30:00,1.2
2024-06-15 00:45:00,1.2
2024-06-15 01:00:00,1.1
2024-06-15 01:15:00,1.1
2024-06-15 01:30:00,1.1
2024-06-15 01:45:00,1.0
2024-06-15 02:00:00,1.0
2024-06-15 02:15:00,1.0
2024-06-15 02:30:00,1.0
2024-06-15 02:45:00,1.0
2024-06-15 03:00:00,1.1
2024-06-15 03:15:00,2.8636069370290205
2024-06-15 03:30:00,2.763606937029021
2024-06-15 03:45:00,1.0
2024-06-15 04:00:00,1.1
2024-06-15 04:15:00,1.0
2024-06-15 04:30:00,1.0
2024-06-15 04:45:00,1.1
2024-06-15 05:00:00,1.2
2024-06-15 05:15:00,1.1
2024-06-15 05:30:00,1.0
2024-06-15 05:45:00,1.0
2024-06-15 06:00:00,1.1
2024-06-15 06:15:00,
2024-06-15 06:30:00,1.1
2024-06-15 06:45:00,1.1
2024-06-15 07:00:00,1.1
2024-06-15 07:15:00,1.0
2024-06-15 07:30:00,1.0
2024-06-15 07:45:00,1.1
2024-06-15 08:00:00,1.1
2024-06-15 08:15:00,1.1
2024-06-15 08:30:00,1.0
2024-06-15 08:45:00,1.1
2024-06-15 09:00:00,1.1
2024-06-15 09:15:00,1.1
2024-06-15 09:30:00,1.0
2024-06-15 09:45:00,1.0
2024-06-15 10:00:00,1.0
2024-06-15 10:15:00,1.1
2024-06-15 10:30:00,1.0
2024-06-15 10:45:00,1.1
2024-06-15 11:00:00,1.1
2024-06-15 11:15:00,1.0
2024-06-15 11:30:00,1.1
2024-06-15 11:45:00,1.1
2024-06-15 12:00:00,1.1
2024-06-15 12:15:00,1.1
2024-06-15 12:30:00,1.1
2024-06-15 12:45:00,1.2
2024-06-15 13:00:00,1.1
2024-06-15 13:15:00,1.1
2024-06-15 13:30:00,1.1
2024-06-15 13:45:00,1.0
2024-06-15 14:00:00,1.0
2024-06-15 14:15:00,1.1
2024-06-15 14:30:00,1.0
2024-06-15 14:45:00,1.1
2024-06-15 15:00:00,2.569015364517896
2024-06-15 15:15:00,1.1
2024-06-15 15:30:00,1.1
2024-06-15 15:45:00,1.1
2024-06-15 16:00:00,1.1
2024-06-15 16:15:00,1.0
2024-06-15 16:30:00,1.1
2024-06-15 16:45:00,1.1
2024-06-15 17:00:00,1.1
2024-06-15 17:15:00,1.0
2024-06-15 17:30:00,1.1
2024-06-15 17:45:00,1.1
2024-06-15 18:00:00,1.1
2024-06-15 18:15:00,1.0
2024-06-15 18:30:00,1.1
2024-06-15 18:45:00,1.1
2024-06-15 19:00:00,1.0
2024-06-15 19:15:00,2.8133828762096504
2024-06-15 19:30:00,2.91338287620965
2024-06-15 19:45:00,1.1
2024-06-15 20:00:00,1.1
2024-06-15 20:15:00,1.1
2024-06-15 20:30:00,1.0
2024-06-15 20:45:00,1.1
2024-06-15 21:00:00,1.1
2024-06-15 21:15:00,1.0
2024-06-15 21:30:00,1.1
2024-06-15 21:45:00,1.1
2024-06-15 22:00:00,1.0
2024-06-15 22:15:00,1.1
2024-06-15 22:30:00,1.0
2024-06-15 22:45:00,1.1
2024-06-15 23:00:00,1.1
2024-06-15 23:15:00,1.1
2024-06-15 23:30:00,1.2
2024-06-15 23:45:00,1.1
2024-06-16 00:00:00,1.0
2024-06-16 00:15:00,1.1
2024-06-16 00:30:00,1.1
2024-06-16 00:45:00,1.0
2024-06-16 01:00:00,1.1
2024-06-16 01:15:00,
2024-06-16 01:30:00,1.1
2024-06-16 01:45:00,1.0
2024-06-16 02:00:00,1.0
2024-06-16 02:15:00,1.0
2024-06-16 02:30:00,1.0
2024-06-16 02:45:00,1.0
2024-06-16 03:00:00,1.0
2024-06-16 03:15:00,1.0
2024-06-16 03:30:00,1.1
2024-06-16 03:45:00,1.0
2024-06-16 04:00:00,1.1
2024-06-16 04:15:00,1.1
2024-06-16 04:30:00,1.1
2024-06-16 04:45:00,1.0
2024-06-16 05:00:00,1.1
2024-06-16 05:15:00,1.0
2024-06-16 05:30:00,1.1
2024-06-16 05:45:00,1.1
2024-06-16 06:00:00,1.1
2024-06-16 06:15:00,1.1
2024-06-16 06:30:00,1.1
2024-06-16 06:45:00,1.1
2024-06-16 07:00:00,1.0
2024-06-16 07:15:00,1.1
2024-06-16 07:30:00,1.1
2024-06-16 07:45:00,1.1
2024-06-16 08:00:00,1.1
2024-06-16 08:15:00,1.1
2024-06-16 08:30:00,1.1
2024-06-16 08:45:00,1.1
2024-06-16 09:00:00,1.1
2024-06-16 09:15:00,1.1
2024-06-16 09:30:00,1.1
2024-06-16 09:45:00,1.1
2024-06-16 10:00:00,1.1
2024-06-16 10:15:00,1.1
2024-06-16 10:30:00,1.1
2024-06-16 10:45:00,1.0
2024-06-16 11:00:00,1.0
2024-06-16 11:15:00,1.0
2024-06-16 11:30:00,1.1
2024-06-16 11:45:00,1.1
2024-06-16 12:00:00,1.1
2024-06-16 12:15:00,1.1
2024-06-16 12:30:00,1.1
2024-06-16 12:45:00,1.0
2024-06-16 13:00:00,1.1
2024-06-16 13:15:00,1.1
2024-06-16 13:30:00,1.0
2024-06-16 13:45:00,1.1
2024-06-16 14:00:00,1.1
2024-06-16 14:15:00,1.1
2024-06-16 14:30:00,1.1
2024-06-16 14:45:00,1.0
2024-06-16 15:00:00,1.1
2024-06-16 15:15:00,1.1
2024-06-16 15:30:00,1.1
2024-06-16 15:45:00,1.0
2024-06-16 16:00:00,1.1
2024-06-16 16:15:00,1.2
2024-06-16 16:30:00,1.1
2024-06-16 16:45:00,1.1
2024-06-16 17:00:00,1.0
2024-06-16 17:15:00,1.1
2024-06-16 17:30:00,1.1
2024-06-16 17:45:00,1.1
2024-06-16 18:00:00,1.0
2024-06-16 18:15:00,1.1
2024-06-16 18:30:00,1.1
2024-06-16 18:45:00,1.1
2024-06-16 19:00:00,1.0
2024-06-16 19:15:00,1.0
2024-06-16 19:30:00,1.0
2024-06-16 19:45:00,1.1
2024-06-16 20:00:00,1.0
2024-06-16 20:15:00,1.1
2024-06-16 20:30:00,1.1
2024-06-16 20:45:00,1.1
2024-06-16 21:00:00,1.0
2024-06-16 21:15:00,1.0
2024-06-16 21:30:00,1.0
2024-06-16 21:45:00,1.1
2024-06-16 22:00:00,1.0
2024-06-16 22:15:00,1.1
2024-06-16 22:30:00,1.0
2024-06-16 22:45:00,1.1
2024-06-16 23:00:00,1.0
2024-06-16 23:15:00,1.0
2024-06-16 23:30:00,1.0
2024-06-16 23:45:00,0.9
2024-06-17 00:00:00,1.0
2024-06-17 00:15:00,1.0
2024-06-17 00:30:00,1.0
2024-06-17 00:45:00,1.0
2024-06-17 01:00:00,1.0
2024-06-17 01:15:00,1.0
2024-06-17 01:30:00,1.0
2024-06-17 01:45:00,1.0
2024-06-17 02:00:00,1.0
2024-06-17 02:15:00,1.0
2024-06-17 02:30:00,1.0
2024-06-17 02:45:00,1.0
2024-06-17 03:00:00,0.9
2024-06-17 03:15:00,1.0
2024-06-17 03:30:00,1.0
2024-06-17 03:45:00,1.0
2024-06-17 04:00:00,1.0
2024-06-17 04:15:00,0.9
2024-06-17 04:30:00,1.0
2024-06-17 04:45:00,1.1
2024-06-17 05:00:00,1.1
2024-06-17 05:15:00,1.0
2024-06-17 05:30:00,1.0
2024-06-17 05:45:00,1.0
2024-06-17 06:00:00,1.0
2024-06-17 06:15:00,1.0
2024-06-17 06:30:00,1.0
2024-06-17 06:45:00,1.0
2024-06-17 07:00:00,1.1
2024-06-17 07:15:00,1.0
2024-06-17 07:30:00,1.0
2024-06-17 07:45:00,5.1937236845606485
2024-06-17 08:00:00,1.0
2024-06-17 08:15:00,1.0
2024-06-17 08:30:00,1.0
2024-06-17 08:45:00,1.0
2024-06-17 09:00:00,1.0
2024-06-17 09:15:00,1.0
2024-06-17 09:30:00,1.0
2024-06-17 09:45:00,1.0
2024-06-17 10:00:00,1.0
2024-06-17 10:15:00,1.1
2024-06-17 10:30:00,1.1
2024-06-17 10:45:00,1.1
2024-06-17 11:00:00,1.1
2024-06-17 11:15:00,1.0
2024-06-17 11:30:00,1.0
2024-06-17 11:45:00,1.0
2024-06-17 12:00:00,1.1
2024-06-17 12:15:00,1.1
2024-06-17 12:30:00,1.1
2024-06-17 12:45:00,1.1
2024-06-17 13:00:00,1.0
2024-06-17 13:15:00,1.0
2024-06-17 13:30:00,1.1
2024-06-17 13:45:00,1.1
2024-06-17 14:00:00,1.1
2024-06-17 14:15:00,1.0
2024-06-17 14:30:00,1.1
2024-06-17 14:45:00,1.0
2024-06-17 15:00:00,1.1
2024-06-17 15:15:00,1.1
2024-06-17 15:30:00,1.1
2024-06-17 15:45:00,1.2
2024-06-17 16:00:00,1.1
2024-06-17 16:15:00,1.1
2024-06-17 16:30:00,1.1
2024-06-17 16:45:00,1.1
2024-06-17 17:00:00,1.0
2024-06-17 17:15:00,1.1
2024-06-17 17:30:00,1.1
2024-06-17 17:45:00,1.1
2024-06-17 18:00:00,1.1
2024-06-17 18:15:00,1.1
2024-06-17 18:30:00,1.1
2024-06-17 18:45:00,1.2
2024-06-17 19:00:00,1.2
2024-06-17 19:15:00,1.1
2024-06-17 19:30:00,2.5283036172362197
2024-06-17 19:45:00,2.42830361723622
2024-06-17 20:00:00,2.5283036172362197
2024-06-17 20:15:00,1.1
2024-06-17 20:30:00,1.2
2024-06-17 20:45:00,1.2
2024-06-17 21:00:00,1.2
2024-06-17 21:15:00,1.2
2024-06-17 21:30:00,1.2
2024-06-17 21:45:00,1.2
2024-06-17 22:00:00,1.2
2024-06-17 22:15:00,1.2
2024-06-17 22:30:00,1.2
2024-06-17 22:45:00,1.2
2024-06-17 23:00:00,1.2
2024-06-17 23:15:00,1.2
2024-06-17 23:30:00,1.2
2024-06-17 23:45:00,1.3
2024-06-18 00:00:00,1.2
2024-06-18 00:15:00,1.3
2024-06-18 00:30:00,1.2
2024-06-18 00:45:00,1.2
2024-06-18 01:00:00,1.2
2024-06-18 01:15:00,1.2
2024-06-18 01:30:00,1.1
2024-06-18 01:45:00,1.2
2024-06-18 02:00:00,1.2
2024-06-18 02:15:00,1.2
2024-06-18 02:30:00,1.2
2024-06-18 02:45:00,1.2
2024-06-18 03:00:00,1.2
2024-06-18 03:15:00,1.2
2024-06-18 03:30:00,1.2
2024-06-18 03:45:00,1.2
2024-06-18 04:00:00,1.2
2024-06-18 04:15:00,1.2
2024-06-18 04:30:00,1.2
2024-06-18 04:45:00,1.2
2024-06-18 05:00:00,1.3
2024-06-18 05:15:00,1.2
2024-06-18 05:30:00,1.3
2024-06-18 05:45:00,1.2
2024-06-18 06:00:00,1.2
2024-06-18 06:15:00,1.2
2024-06-18 06:30:00,1.3
2024-06-18 06:45:00,1.2
2024-06-18 07:00:00,1.3
2024-06-18 07:15:00,1.2
2024-06-18 07:30:00,1.3
2024-06-18 07:45:00,1.3
2024-06-18 08:00:00,1.2
2024-06-18 08:15:00,1.2
2024-06-18 08:30:00,1.2
2024-06-18 08:45:00,1.2
2024-06-18 09:00:00,1.2
2024-06-18 09:15:00,1.2
2024-06-18 09:30:00,1.2
2024-06-18 09:45:00,1.2
2024-06-18 10:00:00,1.2
2024-06-18 10:15:00,1.2
2024-06-18 10:30:00,1.2
2024-06-18 10:45:00,1.2
2024-06-18 11:00:00,1.2
2024-06-18 11:15:00,1.2
2024-06-18 11:30:00,1.2
2024-06-18 11:45:00,1.2
2024-06-18 12:00:00,1.2
2024-06-18 12:15:00,1.2
2024-06-18 12:30:00,1.2
2024-06-18 12:45:00,1.2
2024-06-18 13:00:00,1.2
2024-06-18 13:15:00,1.1
2024-06-18 13:30:00,1.2
2024-06-18 13:45:00,1.2
2024-06-18 14:00:00,1.2
2024-06-18 14:15:00,1.2
2024-06-18 14:30:00,1.2
2024-06-18 14:45:00,1.2
2024-06-18 15:00:00,1.2
2024-06-18 15:15:00,1.2
2024-06-18 15:30:00,1.2
2024-06-18 15:45:00,1.2
2024-06-18 16:00:00,1.2
2024-06-18 16:15:00,1.2
2024-06-18 16:30:00,1.2
2024-06-18 16:45:00,1.2
2024-06-18 17:00:00,1.2
2024-06-18 17:15:00,1.2
2024-06-18 17:30:00,1.2
2024-06-18 17:45:00,1.2
2024-06-18 18:00:00,1.2
2024-06-18 18:15:00,1.2
2024-06-18 18:30:00,1.2
2024-06-18 18:45:00,1.2
2024-06-18 19:00:00,1.3
2024-06-18 19:15:00,1.2
2024-06-18 19:30:00,1.2
2024-06-18 19:45:00,1.2
2024-06-18 20:00:00,1.2
2024-06-18 20:15:00,1.2
2024-06-18 20:30:00,1.3
2024-06-18 20:45:00,1.3
2024-06-18 21:00:00,1.2
2024-06-18 21:15:00,1.2
2024-06-18 21:30:00,1.2
2024-06-18 21:45:00,1.2
2024-06-18 22:00:00,1.3
2024-06-18 22:15:00,1.3
2024-06-18 22:30:00,1.2
2024-06-18 22:45:00,1.2
2024-06-18 23:00:00,1.2
2024-06-18 23:15:00,1.3
2024-06-18 23:30:00,1.4
2024-06-18 23:45:00,1.2
2024-06-19 00:00:00,1.2
2024-06-19 00:15:00,1.3
2024-06-19 00:30:00,1.3
2024-06-19 00:45:00,1.3
2024-06-19 01:00:00,1.3
2024-06-19 01:15:00,1.3
2024-06-19 01:30:00,1.2
2024-06-19 01:45:00,1.3
2024-06-19 02:00:00,1.2
2024-06-19 02:15:00,1.3
2024-06-19 02:30:00,1.2
2024-06-19 02:45:00,1.3
2024-06-19 03:00:00,1.2
2024-06-19 03:15:00,1.3
2024-06-19 03:30:00,1.2
2024-06-19 03:45:00,1.3
2024-06-19 04:00:00,1.2
2024-06-19 04:15:00,1.3
2024-06-19 04:30:00,1.4
2024-06-19 04:45:00,1.3
2024-06-19 05:00:00,1.4
2024-06-19 05:15:00,1.4
2024-06-19 05:30:00,1.4
2024-06-19 05:45:00,1.4
2024-06-19 06:00:00,1.3
2024-06-19 06:15:00,1.3
2024-06-19 06:30:00,1.4
2024-06-19 06:45:00,1.4
2024-06-19 07:00:00,1.3
2024-06-19 07:15:00,1.2
2024-06-19 07:30:00,1.3
2024-06-19 07:45:00,1.3
2024-06-19 08:00:00,1.3
2024-06-19 08:15:00,1.3
2024-06-19 08:30:00,1.2
2024-06-19 08:45:00,1.3
2024-06-19 09:00:00,1.4
2024-06-19 09:15:00,1.3
2024-06-19 09:30:00,1.4
2024-06-19 09:45:00,1.3
2024-06-19 10:00:00,1.3
2024-06-19 10:15:00,1.3
2024-06-19 10:30:00,1.3
2024-06-19 10:45:00,1.3
2024-06-19 11:00:00,1.3
2024-06-19 11:15:00,1.2
2024-06-19 11:30:00,1.2
2024-06-19 11:45:00,1.3
2024-06-19 12:00:00,1.4
2024-06-19 12:15:00,2.2962866366164905
2024-06-19 12:30:00,2.0962866366164903
2024-06-19 12:45:00,1.2
2024-06-19 13:00:00,1.3
2024-06-19 13:15:00,1.2
2024-06-19 13:30:00,1.3
2024-06-19 13:45:00,1.3
2024-06-19 14:00:00,1.2
2024-06-19 14:15:00,1.2
2024-06-19 14:30:00,1.3
2024-06-19 14:45:00,1.2
2024-06-19 15:00:00,1.3
2024-06-19 15:15:00,1.2
2024-06-19 15:30:00,1.3
2024-06-19 15:45:00,1.3
2024-06-19 16:00:00,1.3
2024-06-19 16:15:00,1.3
2024-06-19 16:30:00,1.3
2024-06-19 16:45:00,1.3
2024-06-19 17:00:00,1.3
2024-06-19 17:15:00,1.3
2024-06-19 17:30:00,1.4
2024-06-19 17:45:00,1.3
2024-06-19 18:00:00,1.3
2024-06-19 18:15:00,1.4
2024-06-19 18:30:00,1.3
2024-06-19 18:45:00,1.3
2024-06-19 19:00:00,1.4
2024-06-19 19:15:00,1.4
2024-06-19 19:30:00,1.3
2024-06-19 19:45:00,1.4
2024-06-19 20:00:00,1.4
2024-06-19 20:15:00,5.757852965872567
2024-06-19 20:30:00,5.857852965872567
2024-06-19 20:45:00,1.4
2024-06-19 21:00:00,1.2
2024-06-19 21:15:00,1.4
2024-06-19 21:30:00,1.3
2024-06-19 21:45:00,1.3
2024-06-19 22:00:00,1.4
2024-06-19 22:15:00,1.4
2024-06-19 22:30:00,1.3
2024-06-19 22:45:00,1.3
2024-06-19 23:00:00,1.2
2024-06-19 23:15:00,1.2
2024-06-19 23:30:00,1.4
2024-06-19 23:45:00,1.3
2024-06-20 00:00:00,1.4
2024-06-20 00:15:00,1.4
2024-06-20 00:30:00,1.3
2024-06-20 00:45:00,1.4
2024-06-20 01:00:00,1.4
2024-06-20 01:15:00,1.3
2024-06-20 01:30:00,1.3
2024-06-20 01:45:00,1.2
2024-06-20 02:00:00,1.4
2024-06-20 02:15:00,1.3
2024-06-20 02:30:00,1.3
2024-06-20 02:45:00,1.4
2024-06-20 03:00:00,1.3
2024-06-20 03:15:00,1.3
2024-06-20 03:30:00,1.3
2024-06-20 03:45:00,1.4
2024-06-20 04:00:00,1.4
2024-06-20 04:15:00,1.4
2024-06-20 04:30:00,1.4
2024-06-20 04:45:00,1.4
2024-06-20 05:00:00,1.4
2024-06-20 05:15:00,1.4
2024-06-20 05:30:00,1.4
2024-06-20 05:45:00,1.4
2024-06-20 06:00:00,0.0
2024-06-20 06:15:00,0.0
2024-06-20 06:30:00,0.0
2024-06-20 06:45:00,1.3
2024-06-20 07:00:00,1.4
2024-06-20 07:15:00,1.4
2024-06-20 07:30:00,1.4
2024-06-20 07:45:00,2.3532021436158805
2024-06-20 08:00:00,1.4
2024-06-20 08:15:00,1.3
2024-06-20 08:30:00,1.4
2024-06-20 08:45:00,1.3
2024-06-20 09:00:00,1.4
2024-06-20 09:15:00,1.4
2024-06-20 09:30:00,1.2
2024-06-20 09:45:00,1.3
2024-06-20 10:00:00,1.3
2024-06-20 10:15:00,5.292783147626182
2024-06-20 10:30:00,1.3
2024-06-20 10:45:00,1.4
2024-06-20 11:00:00,1.4
2024-06-20 11:15:00,1.3
2024-06-20 11:30:00,1.3
2024-06-20 11:45:00,1.3
2024-06-20 12:00:00,1.3
2024-06-20 12:15:00,1.4
2024-06-20 12:30:00,1.4
2024-06-20 12:45:00,1.4
2024-06-20 13:00:00,1.3
2024-06-20 13:15:00,1.3
2024-06-20 13:30:00,1.4
2024-06-20 13:45:00,1.3
2024-06-20 14:00:00,1.4
2024-06-20 14:15:00,1.3
2024-06-20 14:30:00,1.4
2024-06-20 14:45:00,1.4
2024-06-20 15:00:00,1.4
2024-06-20 15:15:00,1.4
2024-06-20 15:30:00,1.4
2024-06-20 15:45:00,1.4
2024-06-20 16:00:00,1.4
2024-06-20 16:15:00,1.4
2024-06-20 16:30:00,1.4
2024-06-20 16:45:00,1.4
2024-06-20 17:00:00,1.4
2024-06-20 17:15:00,1.4
2024-06-20 17:30:00,1.4
2024-06-20 17:45:00,1.4
2024-06-20 18:00:00,1.4
2024-06-20 18:15:00,1.4
2024-06-20 18:30:00,1.4
2024-06-20 18:45:00,1.4
2024-06-20 19:00:00,1.4
2024-06-20 19:15:00,1.4
2024-06-20 19:30:00,1.4
2024-06-20 19:45:00,
2024-06-20 20:00:00,1.4
2024-06-20 20:15:00,1.4
2024-06-20 20:30:00,1.4
2024-06-20 20:45:00,1.4
2024-06-20 21:00:00,1.4
2024-06-20 21:15:00,1.4
2024-06-20 21:30:00,1.4
2024-06-20 21:45:00,1.4
2024-06-20 22:00:00,1.4
2024-06-20 22:15:00,1.4
2024-06-20 22:30:00,1.4
2024-06-20 22:45:00,1.4
2024-06-20 23:00:00,1.4
2024-06-20 23:15:00,1.4
2024-06-20 23:30:00,1.4
2024-06-20 23:45:00,1.4
2024-06-21 00:00:00,1.4
2024-06-21 00:15:00,1.4
2024-06-21 00:30:00,1.4
2024-06-21 00:45:00,1.4
2024-06-21 01:00:00,1.4
2024-06-21 01:15:00,1.4
2024-06-21 01:30:00,1.4
2024-06-21 01:45:00,1.4
2024-06-21 02:00:00,1.4
2024-06-21 02:15:00,1.4
2024-06-21 02:30:00,1.4
2024-06-21 02:45:00,1.4
2024-06-21 03:00:00,1.3
2024-06-21 03:15:00,1.4
2024-06-21 03:30:00,1.3
2024-06-21 03:45:00,1.4
2024-06-21 04:00:00,1.4
2024-06-21 04:15:00,
2024-06-21 04:30:00,
2024-06-21 04:45:00,
2024-06-21 05:00:00,1.4
2024-06-21 05:15:00,1.4
2024-06-21 05:30:00,1.4
2024-06-21 05:45:00,1.4
2024-06-21 06:00:00,1.4
2024-06-21 06:15:00,1.4
2024-06-21 06:30:00,1.4
2024-06-21 06:45:00,1.4
2024-06-21 07:00:00,1.4
2024-06-21 07:15:00,1.4
2024-06-21 07:30:00,1.4
2024-06-21 07:45:00,1.3
2024-06-21 08:00:00,1.4
2024-06-21 08:15:00,1.4
2024-06-21 08:30:00,1.4
2024-06-21 08:45:00,1.3
2024-06-21 09:00:00,1.4
2024-06-21 09:15:00,1.4
2024-06-21 09:30:00,1.4
2024-06-21 09:45:00,1.4
2024-06-21 10:00:00,1.4
2024-06-21 10:15:00,1.4
2024-06-21 10:30:00,1.4
2024-06-21 10:45:00,1.4
2024-06-21 11:00:00,1.3
2024-06-21 11:15:00,1.4
2024-06-21 11:30:00,1.3
2024-06-21 11:45:00,1.3
2024-06-21 12:00:00,1.4
2024-06-21 12:15:00,1.4
2024-06-21 12:30:00,
2024-06-21 12:45:00,1.4
2024-06-21 13:00:00,1.3
2024-06-21 13:15:00,1.3
2024-06-21 13:30:00,1.3
2024-06-21 13:45:00,1.3
2024-06-21 14:00:00,1.3
2024-06-21 14:15:00,1.3
2024-06-21 14:30:00,1.4
2024-06-21 14:45:00,1.3
2024-06-21 15:00:00,1.4
2024-06-21 15:15:00,
2024-06-21 15:30:00,1.4
2024-06-21 15:45:00,1.4
2024-06-21 16:00:00,1.4
2024-06-21 16:15:00,1.4
2024-06-21 16:30:00,1.4
2024-06-21 16:45:00,1.5
2024-06-21 17:00:00,1.4
2024-06-21 17:15:00,1.4
2024-06-21 17:30:00,1.5
2024-06-21 17:45:00,1.4
2024-06-21 18:00:00,1.3
2024-06-21 18:15:00,1.4
2024-06-21 18:30:00,1.4
2024-06-21 18:45:00,1.4
2024-06-21 19:00:00,1.4
2024-06-21 19:15:00,1.4
2024-06-21 19:30:00,1.4
2024-06-21 19:45:00,1.4
2024-06-21 20:00:00,1.4
2024-06-21 20:15:00,
2024-06-21 20:30:00,1.4
2024-06-21 20:45:00,1.4
2024-06-21 21:00:00,1.4
2024-06-21 21:15:00,1.4
2024-06-21 21:30:00,1.4
2024-06-21 21:45:00,1.4
2024-06-21 22:00:00,1.4
2024-06-21 22:15:00,1.4
2024-06-21 22:30:00,1.4
2024-06-21 22:45:00,1.4
2024-06-21 23:00:00,1.4
2024-06-21 23:15:00,1.3
2024-06-21 23:30:00,1.3
2024-06-21 23:45:00,1.4
2024-06-22 00:00:00,1.4
2024-06-22 00:15:00,1.4
2024-06-22 00:30:00,1.4
2024-06-22 00:45:00,
2024-06-22 01:00:00,
2024-06-22 01:15:00,
2024-06-22 01:30:00,
2024-06-22 01:45:00,
2024-06-22 02:00:00,
2024-06-22 02:15:00,
2024-06-22 02:30:00,
2024-06-22 02:45:00,1.3
2024-06-22 03:00:00,1.4
2024-06-22 03:15:00,1.4
2024-06-22 03:30:00,1.3
2024-06-22 03:45:00,1.3
2024-06-22 04:00:00,
2024-06-22 04:15:00,1.4
2024-06-22 04:30:00,1.4
2024-06-22 04:45:00,1.4
2024-06-22 05:00:00,
2024-06-22 05:15:00,1.4
2024-06-22 05:30:00,1.3
2024-06-22 05:45:00,1.3
2024-06-22 06:00:00,1.4
2024-06-22 06:15:00,1.4
2024-06-22 06:30:00,1.4
2024-06-22 06:45:00,1.4
2024-06-22 07:00:00,1.4
2024-06-22 07:15:00,1.4
2024-06-22 07:30:00,1.4
2024-06-22 07:45:00,1.4
2024-06-22 08:00:00,1.4
2024-06-22 08:15:00,1.4
2024-06-22 08:30:00,1.4
2024-06-22 08:45:00,1.4
2024-06-22 09:00:00,1.4
2024-06-22 09:15:00,1.4
2024-06-22 09:30:00,1.4
2024-06-22 09:45:00,1.4
2024-06-22 10:00:00,1.4
2024-06-22 10:15:00,1.4
2024-06-22 10:30:00,1.4
2024-06-22 10:45:00,1.4
2024-06-22 11:00:00,1.4
2024-06-22 11:15:00,1.4
2024-06-22 11:30:00,1.4
2024-06-22 11:45:00,1.4
2024-06-22 12:00:00,1.4
2024-06-22 12:15:00,1.4
2024-06-22 12:30:00,1.4
2024-06-22 12:45:00,1.4
2024-06-22 13:00:00,1.4
2024-06-22 13:15:00,
2024-06-22 13:30:00,1.4
2024-06-22 13:45:00,1.4
2024-06-22 14:00:00,1.4
2024-06-22 14:15:00,1.4
2024-06-22 14:30:00,1.4
2024-06-22 14:45:00,1.4
2024-06-22 15:00:00,1.4
2024-06-22 15:15:00,1.4
2024-06-22 15:30:00,1.4
2024-06-22 15:45:00,1.4
2024-06-22 16:00:00,1.4
2024-06-22 16:15:00,1.4
2024-06-22 16:30:00,1.4
2024-06-22 16:45:00,1.4
2024-06-22 17:00:00,1.4
2024-06-22 17:15:00,1.4
2024-06-22 17:30:00,1.2
2024-06-22 17:45:00,1.2
2024-06-22 18:00:00,1.3
2024-06-22 18:15:00,1.2
2024-06-22 18:30:00,
2024-06-22 18:45:00,
2024-06-22 19:00:00,
2024-06-22 19:15:00,
2024-06-22 19:30:00,
2024-06-22 19:45:00,
2024-06-22 20:00:00,
2024-06-22 20:15:00,
2024-06-22 20:30:00,
2024-06-22 20:45:00,
2024-06-22 21:00:00,
2024-06-22 21:15:00,
2024-06-22 21:30:00,
2024-06-22 21:45:00,
2024-06-22 22:00:00,
2024-06-22 22:15:00,
2024-06-22 22:30:00,
2024-06-22 22:45:00,
2024-06-22 23:00:00,
2024-06-22 23:15:00,
2024-06-22 23:30:00,
2024-06-22 23:45:00,1.2
2024-06-23 00:00:00,1.2
2024-06-23 00:15:00,1.2
2024-06-23 00:30:00,1.2
2024-06-23 00:45:00,1.3
2024-06-23 01:00:00,1.3
2024-06-23 01:15:00,1.2
2024-06-23 01:30:00,1.2
2024-06-23 01:45:00,1.2
2024-06-23 02:00:00,1.2
2024-06-23 02:15:00,1.2
2024-06-23 02:30:00,1.2
2024-06-23 02:45:00,1.2
2024-06-23 03:00:00,1.2
2024-06-23 03:15:00,1.2
2024-06-23 03:30:00,
2024-06-23 03:45:00,1.4
2024-06-23 04:00:00,1.3
2024-06-23 04:15:00,1.2
2024-06-23 04:30:00,
2024-06-23 04:45:00,1.4
2024-06-23 05:00:00,1.4
2024-06-23 05:15:00,1.2
2024-06-23 05:30:00,1.2
2024-06-23 05:45:00,1.2
2024-06-23 06:00:00,1.2
2024-06-23 06:15:00,1.3
2024-06-23 06:30:00,1.2
2024-06-23 06:45:00,1.2
2024-06-23 07:00:00,1.3
2024-06-23 07:15:00,1.2
2024-06-23 07:30:00,1.2
2024-06-23 07:45:00,1.2
2024-06-23 08:00:00,1.2
2024-06-23 08:15:00,1.2
2024-06-23 08:30:00,1.3
2024-06-23 08:45:00,1.2
2024-06-23 09:00:00,1.2
2024-06-23 09:15:00,1.3
2024-06-23 09:30:00,1.2
2024-06-23 09:45:00,1.2
2024-06-23 10:00:00,1.2
2024-06-23 10:15:00,1.3
2024-06-23 10:30:00,1.2
2024-06-23 10:45:00,1.2
2024-06-23 11:00:00,1.3
2024-06-23 11:15:00,1.3
2024-06-23 11:30:00,
2024-06-23 11:45:00,1.4
2024-06-23 12:00:00,
2024-06-23 12:15:00,
2024-06-23 12:30:00,1.4
2024-06-23 12:45:00,1.3
2024-06-23 13:00:00,1.2
2024-06-23 13:15:00,1.3
2024-06-23 13:30:00,
2024-06-23 13:45:00,
2024-06-23 14:00:00,
2024-06-23 14:15:00,
2024-06-23 14:30:00,
2024-06-23 14:45:00,1.4
2024-06-23 15:00:00,1.3
2024-06-23 15:15:00,1.2
2024-06-23 15:30:00,1.3
2024-06-23 15:45:00,1.3
2024-06-23 16:00:00,7.066608858688052
2024-06-23 16:15:00,7.066608858688052
2024-06-23 16:30:00,7.066608858688052
2024-06-23 16:45:00,1.2
2024-06-23 17:00:00,1.2
2024-06-23 17:15:00,1.2
2024-06-23 17:30:00,1.2
2024-06-23 17:45:00,1.2
2024-06-23 18:00:00,1.2
2024-06-23 18:15:00,1.2
2024-06-23 18:30:00,1.1
2024-06-23 18:45:00,1.3
2024-06-23 19:00:00,
2024-06-23 19:15:00,1.3
2024-06-23 19:30:00,
2024-06-23 19:45:00,1.5
2024-06-23 20:00:00,1.4
2024-06-23 20:15:00,1.2
2024-06-23 20:30:00,1.2
2024-06-23 20:45:00,1.3
2024-06-23 21:00:00,1.4
2024-06-23 21:15:00,1.2
2024-06-23 21:30:00,1.2
2024-06-23 21:45:00,1.3
2024-06-23 22:00:00,1.2
2024-06-23 22:15:00,1.2
2024-06-23 22:30:00,1.0
2024-06-23 22:45:00,1.2
2024-06-23 23:00:00,1.1
2024-06-23 23:15:00,1.3
2024-06-23 23:30:00,1.3
2024-06-23 23:45:00,
2024-06-24 00:00:00,
2024-06-24 00:15:00,
2024-06-24 00:30:00,
2024-06-24 00:45:00,
2024-06-24 01:00:00,
2024-06-24 01:15:00,
2024-06-24 01:30:00,
2024-06-24 01:45:00,
2024-06-24 02:00:00,
2024-06-24 02:15:00,
2024-06-24 02:30:00,
2024-06-24 02:45:00,
2024-06-24 03:00:00,
2024-06-24 03:15:00,
2024-06-24 03:30:00,
2024-06-24 03:45:00,
2024-06-24 04:00:00,
2024-06-24 04:15:00,
2024-06-24 04:30:00,
2024-06-24 04:45:00,
2024-06-24 05:00:00,1.2
2024-06-24 05:15:00,1.2
2024-06-24 05:30:00,1.3
2024-06-24 05:45:00,1.2
2024-06-24 06:00:00,1.2
2024-06-24 06:15:00,1.2
2024-06-24 06:30:00,1.2
2024-06-24 06:45:00,1.3
2024-06-24 07:00:00,1.2
2024-06-24 07:15:00,1.3
2024-06-24 07:30:00,1.3
2024-06-24 07:45:00,1.2
2024-06-24 08:00:00,1.2
2024-06-24 08:15:00,1.2
2024-06-24 08:30:00,1.2
2024-06-24 08:45:00,2.2580136099790744
2024-06-24 09:00:00,1.2
2024-06-24 09:15:00,1.2
2024-06-24 09:30:00,1.3
2024-06-24 09:45:00,1.2
2024-06-24 10:00:00,1.2
2024-06-24 10:15:00,1.2
2024-06-24 10:30:00,1.3
2024-06-24 10:45:00,1.2
2024-06-24 11:00:00,1.3
2024-06-24 11:15:00,
2024-06-24 11:30:00,
2024-06-24 11:45:00,
2024-06-24 12:00:00,1.4
2024-06-24 12:15:00,1.5
2024-06-24 12:30:00,1.3
2024-06-24 12:45:00,1.3
2024-06-24 13:00:00,1.2
2024-06-24 13:15:00,1.2
2024-06-24 13:30:00,1.2
2024-06-24 13:45:00,1.3
2024-06-24 14:00:00,1.4
2024-06-24 14:15:00,
2024-06-24 14:30:00,
2024-06-24 14:45:00,
2024-06-24 15:00:00,
2024-06-24 15:15:00,
2024-06-24 15:30:00,
2024-06-24 15:45:00,
2024-06-24 16:00:00,
2024-06-24 16:15:00,
2024-06-24 16:30:00,1.4
2024-06-24 16:45:00,1.2
2024-06-24 17:00:00,1.2
2024-06-24 17:15:00,1.3
2024-06-24 17:30:00,
2024-06-24 17:45:00,1.2
2024-06-24 18:00:00,1.1
2024-06-24 18:15:00,1.1
2024-06-24 18:30:00,1.2
2024-06-24 18:45:00,1.2
2024-06-24 19:00:00,1.2
2024-06-24 19:15:00,1.2
2024-06-24 19:30:00,1.1
2024-06-24 19:45:00,1.2
2024-06-24 20:00:00,1.1
2024-06-24 20:15:00,1.2
2024-06-24 20:30:00,1.2
2024-06-24 20:45:00,1.0
2024-06-24 21:00:00,
2024-06-24 21:15:00,
2024-06-24 21:30:00,
2024-06-24 21:45:00,
2024-06-24 22:00:00,
2024-06-24 22:15:00,
2024-06-24 22:30:00,
2024-06-24 22:45:00,
2024-06-24 23:00:00,
2024-06-24 23:15:00,
2024-06-24 23:30:00,
2024-06-24 23:45:00,
2024-06-25 00:00:00,
2024-06-25 00:15:00,
2024-06-25 00:30:00,
2024-06-25 00:45:00,
2024-06-25 01:00:00,
2024-06-25 01:15:00,1.2
2024-06-25 01:30:00,1.2
2024-06-25 01:45:00,1.2
2024-06-25 02:00:00,1.2
2024-06-25 02:15:00,1.1
2024-06-25 02:30:00,1.2
2024-06-25 02:45:00,1.1
2024-06-25 03:00:00,1.2
2024-06-25 03:15:00,1.2
2024-06-25 03:30:00,1.2
2024-06-25 03:45:00,1.2
2024-06-25 04:00:00,
2024-06-25 04:15:00,
2024-06-25 04:30:00,
2024-06-25 04:45:00,1.5
2024-06-25 05:00:00,1.3
2024-06-25 05:15:00,1.2
2024-06-25 05:30:00,1.2
2024-06-25 05:45:00,1.2
2024-06-25 06:00:00,1.2
2024-06-25 06:15:00,1.2
2024-06-25 06:30:00,1.2
2024-06-25 06:45:00,1.2
2024-06-25 07:00:00,1.2
2024-06-25 07:15:00,1.2
2024-06-25 07:30:00,1.2
2024-06-25 07:45:00,1.4
2024-06-25 08:00:00,
2024-06-25 08:15:00,1.3
2024-06-25 08:30:00,1.2
2024-06-25 08:45:00,1.2
2024-06-25 09:00:00,1.2
2024-06-25 09:15:00,1.2
2024-06-25 09:30:00,1.3
2024-06-25 09:45:00,5.646407496052734
2024-06-25 10:00:00,5.646407496052734
2024-06-25 10:15:00,1.2
2024-06-25 10:30:00,1.2
2024-06-25 10:45:00,1.2
2024-06-25 11:00:00,1.3
2024-06-25 11:15:00,1.2
2024-06-25 11:30:00,1.2
2024-06-25 11:45:00,1.2
2024-06-25 12:00:00,1.2
2024-06-25 12:15:00,1.2
2024-06-25 12:30:00,1.2
2024-06-25 12:45:00,1.2
2024-06-25 13:00:00,1.2
2024-06-25 13:15:00,1.2
2024-06-25 13:30:00,1.2
2024-06-25 13:45:00,1.2
2024-06-25 14:00:00,1.2
2024-06-25 14:15:00,1.2
2024-06-25 14:30:00,1.1
2024-06-25 14:45:00,1.2
2024-06-25 15:00:00,1.2
2024-06-25 15:15:00,1.2
2024-06-25 15:30:00,1.2
2024-06-25 15:45:00,1.2
2024-06-25 16:00:00,1.2
2024-06-25 16:15:00,1.2
2024-06-25 16:30:00,1.2
2024-06-25 16:45:00,1.1
2024-06-25 17:00:00,1.1
2024-06-25 17:15:00,1.1
2024-06-25 17:30:00,1.2
2024-06-25 17:45:00,1.2
2024-06-25 18:00:00,1.0
2024-06-25 18:15:00,1.1
2024-06-25 18:30:00,1.0
2024-06-25 18:45:00,1.2
2024-06-25 19:00:00,1.2
2024-06-25 19:15:00,1.2
2024-06-25 19:30:00,1.2
2024-06-25 19:45:00,1.4
2024-06-25 20:00:00,1.2
2024-06-25 20:15:00,1.0
2024-06-25 20:30:00,1.2
2024-06-25 20:45:00,1.1
2024-06-25 21:00:00,1.2
2024-06-25 21:15:00,1.1
2024-06-25 21:30:00,1.1
2024-06-25 21:45:00,1.0
2024-06-25 22:00:00,1.0
2024-06-25 22:15:00,1.1
2024-06-25 22:30:00,1.1
2024-06-25 22:45:00,1.1
2024-06-25 23:00:00,1.1
2024-06-25 23:15:00,1.1
2024-06-25 23:30:00,1.0
2024-06-25 23:45:00,1.2
2024-06-26 00:00:00,1.2
2024-06-26 00:15:00,1.1
2024-06-26 00:30:00,1.1
2024-06-26 00:45:00,1.2
2024-06-26 01:00:00,1.2
2024-06-26 01:15:00,1.1
2024-06-26 01:30:00,1.1
2024-06-26 01:45:00,1.1
2024-06-26 02:00:00,1.1
2024-06-26 02:15:00,1.2
2024-06-26 02:30:00,1.1
2024-06-26 02:45:00,1.1
2024-06-26 03:00:00,1.1
2024-06-26 03:15:00,1.2
2024-06-26 03:30:00,1.2
2024-06-26 03:45:00,1.1
2024-06-26 04:00:00,1.1
2024-06-26 04:15:00,1.2
2024-06-26 04:30:00,1.2
2024-06-26 04:45:00,1.3
2024-06-26 05:00:00,
2024-06-26 05:15:00,
2024-06-26 05:30:00,
2024-06-26 05:45:00,
2024-06-26 06:00:00,
2024-06-26 06:15:00,
2024-06-26 06:30:00,
2024-06-26 06:45:00,
2024-06-26 07:00:00,
2024-06-26 07:15:00,
2024-06-26 07:30:00,
2024-06-26 07:45:00,
2024-06-26 08:00:00,
2024-06-26 08:15:00,
2024-06-26 08:30:00,
2024-06-26 08:45:00,1.2
2024-06-26 09:00:00,1.2
2024-06-26 09:15:00,1.2
2024-06-26 09:30:00,1.2
2024-06-26 09:45:00,1.2
2024-06-26 10:00:00,1.3
2024-06-26 10:15:00,1.2
2024-06-26 10:30:00,1.2
2024-06-26 10:45:00,1.1
2024-06-26 11:00:00,1.2
2024-06-26 11:15:00,1.2
2024-06-26 11:30:00,1.3
2024-06-26 11:45:00,1.3
2024-06-26 12:00:00,1.2
2024-06-26 12:15:00,1.3
2024-06-26 12:30:00,1.2
2024-06-26 12:45:00,1.2
2024-06-26 13:00:00,1.2
2024-06-26 13:15:00,1.2
2024-06-26 13:30:00,1.2
2024-06-26 13:45:00,1.4
2024-06-26 14:00:00,1.2
2024-06-26 14:15:00,1.2
2024-06-26 14:30:00,1.2
2024-06-26 14:45:00,1.3
2024-06-26 15:00:00,1.2
2024-06-26 15:15:00,1.2
2024-06-26 15:30:00,
2024-06-26 15:45:00,1.2
2024-06-26 16:00:00,1.2
2024-06-26 16:15:00,1.2
2024-06-26 16:30:00,1.2
2024-06-26 16:45:00,1.1
2024-06-26 17:00:00,1.1
2024-06-26 17:15:00,1.1
2024-06-26 17:30:00,1.2
2024-06-26 17:45:00,1.1
2024-06-26 18:00:00,1.1
2024-06-26 18:15:00,1.1
2024-06-26 18:30:00,1.1
2024-06-26 18:45:00,1.1
2024-06-26 19:00:00,1.1
2024-06-26 19:15:00,1.1
2024-06-26 19:30:00,1.1
2024-06-26 19:45:00,1.1
2024-06-26 20:00:00,1.1
2024-06-26 20:15:00,1.1
2024-06-26 20:30:00,1.1
2024-06-26 20:45:00,1.1
2024-06-26 21:00:00,1.1
2024-06-26 21:15:00,1.1
2024-06-26 21:30:00,1.1
2024-06-26 21:45:00,1.1
2024-06-26 22:00:00,1.1
2024-06-26 22:15:00,1.1
2024-06-26 22:30:00,1.2
2024-06-26 22:45:00,1.2
2024-06-26 23:00:00,1.1
2024-06-26 23:15:00,1.1
2024-06-26 23:30:00,1.1
2024-06-26 23:45:00,1.1
2024-06-27 00:00:00,1.2
2024-06-27 00:15:00,1.0
2024-06-27 00:30:00,1.2
2024-06-27 00:45:00,1.1
2024-06-27 01:00:00,1.1
2024-06-27 01:15:00,1.1
2024-06-27 01:30:00,1.1
2024-06-27 01:45:00,1.1
2024-06-27 02:00:00,1.1
2024-06-27 02:15:00,1.1
2024-06-27 02:30:00,1.1
2024-06-27 02:45:00,1.1
2024-06-27 03:00:00,1.0
2024-06-27 03:15:00,1.1
2024-06-27 03:30:00,1.1
2024-06-27 03:45:00,1.2
2024-06-27 04:00:00,1.1
2024-06-27 04:15:00,1.2
2024-06-27 04:30:00,1.2
2024-06-27 04:45:00,1.3
2024-06-27 05:00:00,1.2
2024-06-27 05:15:00,1.2
2024-06-27 05:30:00,1.2
2024-06-27 05:45:00,1.2
2024-06-27 06:00:00,1.2
2024-06-27 06:15:00,1.2
2024-06-27 06:30:00,1.2
2024-06-27 06:45:00,1.2
2024-06-27 07:00:00,1.2
2024-06-27 07:15:00,1.2
2024-06-27 07:30:00,1.2
2024-06-27 07:45:00,1.2
2024-06-27 08:00:00,1.2
2024-06-27 08:15:00,1.1
2024-06-27 08:30:00,1.2
2024-06-27 08:45:00,1.2
2024-06-27 09:00:00,1.3
2024-06-27 09:15:00,1.2
2024-06-27 09:30:00,1.2
2024-06-27 09:45:00,1.2
2024-06-27 10:00:00,1.2
2024-06-27 10:15:00,1.2
2024-06-27 10:30:00,1.2
2024-06-27 10:45:00,1.4
2024-06-27 11:00:00,1.3
2024-06-27 11:15:00,1.2
2024-06-27 11:30:00,1.2
2024-06-27 11:45:00,1.2
2024-06-27 12:00:00,1.2
2024-06-27 12:15:00,1.2
2024-06-27 12:30:00,1.2
2024-06-27 12:45:00,1.2
2024-06-27 13:00:00,
2024-06-27 13:15:00,
2024-06-27 13:30:00,
2024-06-27 13:45:00,
2024-06-27 14:00:00,
2024-06-27 14:15:00,1.3
2024-06-27 14:30:00,1.3
2024-06-27 14:45:00,1.2
2024-06-27 15:00:00,1.2
2024-06-27 15:15:00,1.1
2024-06-27 15:30:00,1.1
2024-06-27 15:45:00,1.2
2024-06-27 16:00:00,1.2
2024-06-27 16:15:00,1.2
2024-06-27 16:30:00,1.2
2024-06-27 16:45:00,1.0
2024-06-27 17:00:00,1.2
2024-06-27 17:15:00,1.1
2024-06-27 17:30:00,1.2
2024-06-27 17:45:00,1.2
2024-06-27 18:00:00,1.2
2024-06-27 18:15:00,1.1
2024-06-27 18:30:00,1.2
2024-06-27 18:45:00,1.2
2024-06-27 19:00:00,1.2
2024-06-27 19:15:00,6.665436984910858
2024-06-27 19:30:00,6.665436984910858
2024-06-27 19:45:00,6.765436984910858
2024-06-27 20:00:00,1.2
2024-06-27 20:15:00,1.0
2024-06-27 20:30:00,1.1
2024-06-27 20:45:00,1.2
2024-06-27 21:00:00,1.0
2024-06-27 21:15:00,1.0
2024-06-27 21:30:00,1.1
2024-06-27 21:45:00,1.1
2024-06-27 22:00:00,1.0
2024-06-27 22:15:00,1.1
2024-06-27 22:30:00,1.1
2024-06-27 22:45:00,1.2
2024-06-27 23:00:00,1.1
2024-06-27 23:15:00,1.1
2024-06-27 23:30:00,1.2
2024-06-27 23:45:00,1.2
2024-06-28 00:00:00,1.1
2024-06-28 00:15:00,1.2
2024-06-28 00:30:00,1.1
2024-06-28 00:45:00,1.1
2024-06-28 01:00:00,1.2
2024-06-28 01:15:00,1.1
2024-06-28 01:30:00,1.2
2024-06-28 01:45:00,1.2
2024-06-28 02:00:00,1.1
2024-06-28 02:15:00,1.2
2024-06-28 02:30:00,
2024-06-28 02:45:00,
2024-06-28 03:00:00,
2024-06-28 03:15:00,
2024-06-28 03:30:00,
2024-06-28 03:45:00,1.4
2024-06-28 04:00:00,1.3
2024-06-28 04:15:00,1.2
2024-06-28 04:30:00,1.2
2024-06-28 04:45:00,1.2
2024-06-28 05:00:00,1.2
2024-06-28 05:15:00,1.2
2024-06-28 05:30:00,1.2
2024-06-28 05:45:00,1.2
2024-06-28 06:00:00,1.2
2024-06-28 06:15:00,1.2
2024-06-28 06:30:00,1.2
2024-06-28 06:45:00,1.2
2024-06-28 07:00:00,1.2
2024-06-28 07:15:00,1.2
2024-06-28 07:30:00,1.2
2024-06-28 07:45:00,
2024-06-28 08:00:00,1.4
2024-06-28 08:15:00,1.1
2024-06-28 08:30:00,1.1
2024-06-28 08:45:00,1.2
2024-06-28 09:00:00,1.1
2024-06-28 09:15:00,1.2
2024-06-28 09:30:00,1.2
2024-06-28 09:45:00,1.2
2024-06-28 10:00:00,1.2
2024-06-28 10:15:00,1.2
2024-06-28 10:30:00,1.2
2024-06-28 10:45:00,1.1
2024-06-28 11:00:00,1.2
2024-06-28 11:15:00,1.3
2024-06-28 11:30:00,1.2
2024-06-28 11:45:00,1.2
2024-06-28 12:00:00,1.2
2024-06-28 12:15:00,1.3
2024-06-28 12:30:00,1.2
2024-06-28 12:45:00,1.2
2024-06-28 13:00:00,1.1
2024-06-28 13:15:00,1.2
2024-06-28 13:30:00,1.1
2024-06-28 13:45:00,
2024-06-28 14:00:00,
2024-06-28 14:15:00,
2024-06-28 14:30:00,1.4
2024-06-28 14:45:00,1.2
2024-06-28 15:00:00,1.2
2024-06-28 15:15:00,1.0
2024-06-28 15:30:00,1.2
2024-06-28 15:45:00,1.1
2024-06-28 16:00:00,1.2
2024-06-28 16:15:00,1.2
2024-06-28 16:30:00,1.1
2024-06-28 16:45:00,1.2
2024-06-28 17:00:00,1.1
2024-06-28 17:15:00,1.1
2024-06-28 17:30:00,1.1
2024-06-28 17:45:00,1.2
2024-06-28 18:00:00,1.1
2024-06-28 18:15:00,1.2
2024-06-28 18:30:00,1.1
2024-06-28 18:45:00,1.0
2024-06-28 19:00:00,1.1
2024-06-28 19:15:00,1.0
2024-06-28 19:30:00,1.2
2024-06-28 19:45:00,1.0
2024-06-28 20:00:00,1.0
2024-06-28 20:15:00,1.0
2024-06-28 20:30:00,1.1
2024-06-28 20:45:00,1.0
2024-06-28 21:00:00,1.0
2024-06-28 21:15:00,1.1
2024-06-28 21:30:00,1.0
2024-06-28 21:45:00,1.1
2024-06-28 22:00:00,1.0
2024-06-28 22:15:00,1.1
2024-06-28 22:30:00,1.1
2024-06-28 22:45:00,1.1
2024-06-28 23:00:00,1.0
2024-06-28 23:15:00,1.1
2024-06-28 23:30:00,1.1
2024-06-28 23:45:00,1.0
2024-06-29 00:00:00,1.1
2024-06-29 00:15:00,1.1
2024-06-29 00:30:00,1.2
2024-06-29 00:45:00,1.1
2024-06-29 01:00:00,1.1
2024-06-29 01:15:00,1.1
2024-06-29 01:30:00,1.1
2024-06-29 01:45:00,1.0
2024-06-29 02:00:00,1.2
2024-06-29 02:15:00,1.1
2024-06-29 02:30:00,1.0
2024-06-29 02:45:00,1.2
2024-06-29 03:00:00,
2024-06-29 03:15:00,
2024-06-29 03:30:00,
2024-06-29 03:45:00,1.4
2024-06-29 04:00:00,1.2
2024-06-29 04:15:00,1.2
2024-06-29 04:30:00,1.2
2024-06-29 04:45:00,1.2
2024-06-29 05:00:00,1.1
2024-06-29 05:15:00,1.1
2024-06-29 05:30:00,
2024-06-29 05:45:00,
2024-06-29 06:00:00,1.1
2024-06-29 06:15:00,1.2
2024-06-29 06:30:00,1.1
2024-06-29 06:45:00,1.1
2024-06-29 07:00:00,1.2
2024-06-29 07:15:00,1.2
2024-06-29 07:30:00,1.2
2024-06-29 07:45:00,1.2
2024-06-29 08:00:00,1.1
2024-06-29 08:15:00,1.1
2024-06-29 08:30:00,1.1
2024-06-29 08:45:00,1.2
2024-06-29 09:00:00,1.2
2024-06-29 09:15:00,1.2
2024-06-29 09:30:00,1.2
2024-06-29 09:45:00,1.2
2024-06-29 10:00:00,1.2
2024-06-29 10:15:00,1.2
2024-06-29 10:30:00,1.3
2024-06-29 10:45:00,1.1
2024-06-29 11:00:00,1.2
2024-06-29 11:15:00,1.2
2024-06-29 11:30:00,1.2
2024-06-29 11:45:00,1.2
2024-06-29 12:00:00,1.2
2024-06-29 12:15:00,
2024-06-29 12:30:00,
2024-06-29 12:45:00,1.3
2024-06-29 13:00:00,1.4
2024-06-29 13:15:00,1.1
2024-06-29 13:30:00,1.2
2024-06-29 13:45:00,1.1
2024-06-29 14:00:00,1.1
2024-06-29 14:15:00,1.1
2024-06-29 14:30:00,1.1
2024-06-29 14:45:00,1.1
2024-06-29 15:00:00,1.1
2024-06-29 15:15:00,1.2
2024-06-29 15:30:00,1.1
2024-06-29 15:45:00,1.1
2024-06-29 16:00:00,1.1
2024-06-29 16:15:00,1.1
2024-06-29 16:30:00,1.1
2024-06-29 16:45:00,1.2
2024-06-29 17:00:00,1.2
2024-06-29 17:15:00,1.1
2024-06-29 17:30:00,1.1
2024-06-29 17:45:00,1.1
2024-06-29 18:00:00,1.3
2024-06-29 18:15:00,1.1
2024-06-29 18:30:00,1.1
2024-06-29 18:45:00,1.2
2024-06-29 19:00:00,1.0
2024-06-29 19:15:00,1.1
2024-06-29 19:30:00,1.0
2024-06-29 19:45:00,1.1
2024-06-29 20:00:00,1.0
2024-06-29 20:15:00,1.0
2024-06-29 20:30:00,1.1
2024-06-29 20:45:00,1.1
2024-06-29 21:00:00,1.0
2024-06-29 21:15:00,1.0
2024-06-29 21:30:00,1.1
2024-06-29 21:45:00,1.0
2024-06-29 22:00:00,1.2
2024-06-29 22:15:00,1.1
2024-06-29 22:30:00,1.0
2024-06-29 22:45:00,1.1
2024-06-29 23:00:00,1.0
2024-06-29 23:15:00,1.0
2024-06-29 23:30:00,1.0
2024-06-29 23:45:00,1.1
2024-06-30 00:00:00,4.388699756909196
2024-06-30 00:15:00,1.0
2024-06-30 00:30:00,1.1
2024-06-30 00:45:00,1.1
2024-06-30 01:00:00,1.1
2024-06-30 01:15:00,1.1
2024-06-30 01:30:00,1.1
2024-06-30 01:45:00,1.0
2024-06-30 02:00:00,1.1
2024-06-30 02:15:00,1.1
2024-06-30 02:30:00,1.1
2024-06-30 02:45:00,1.1
2024-06-30 03:00:00,1.0
2024-06-30 03:15:00,1.1
2024-06-30 03:30:00,1.1
2024-06-30 03:45:00,1.1
2024-06-30 04:00:00,1.2
2024-06-30 04:15:00,1.2
2024-06-30 04:30:00,1.2
2024-06-30 04:45:00,1.2
2024-06-30 05:00:00,0.0
2024-06-30 05:15:00,0.0
2024-06-30 05:30:00,0.0
2024-06-30 05:45:00,1.1
2024-06-30 06:00:00,1.2
2024-06-30 06:15:00,1.2
2024-06-30 06:30:00,1.1
2024-06-30 06:45:00,1.2
2024-06-30 07:00:00,1.2
2024-06-30 07:15:00,1.1
2024-06-30 07:30:00,1.2
2024-06-30 07:45:00,1.2
2024-06-30 08:00:00,1.2
2024-06-30 08:15:00,1.1
2024-06-30 08:30:00,1.1
2024-06-30 08:45:00,1.2
2024-06-30 09:00:00,1.1
2024-06-30 09:15:00,1.2
2024-06-30 09:30:00,1.2
2024-06-30 09:45:00,1.1
2024-06-30 10:00:00,1.2
2024-06-30 10:15:00,1.2
2024-06-30 10:30:00,1.2
2024-06-30 10:45:00,1.2
2024-06-30 11:00:00,1.2
2024-06-30 11:15:00,1.2
2024-06-30 11:30:00,
2024-06-30 11:45:00,
2024-06-30 12:00:00,1.3
2024-06-30 12:15:00,1.4
2024-06-30 12:30:00,1.2
2024-06-30 12:45:00,1.2
2024-06-30 13:00:00,1.2
2024-06-30 13:15:00,1.2
2024-06-30 13:30:00,
2024-06-30 13:45:00,
2024-06-30 14:00:00,
2024-06-30 14:15:00,
2024-06-30 14:30:00,
2024-06-30 14:45:00,
2024-06-30 15:00:00,
2024-06-30 15:15:00,
2024-06-30 15:30:00,
2024-06-30 15:45:00,1.2
2024-06-30 16:00:00,1.2
2024-06-30 16:15:00,1.2
2024-06-30 16:30:00,1.2
2024-06-30 16:45:00,1.2
2024-06-30 17:00:00,1.2
2024-06-30 17:15:00,1.2
2024-06-30 17:30:00,1.1
2024-06-30 17:45:00,1.2
2024-06-30 18:00:00,1.2
2024-06-30 18:15:00,1.2
2024-06-30 18:30:00,1.2
2024-06-30 18:45:00,1.2
2024-06-30 19:00:00,1.2
2024-06-30 19:15:00,1.1
2024-06-30 19:30:00,1.1
2024-06-30 19:45:00,1.1
2024-06-30 20:00:00,1.2
2024-06-30 20:15:00,1.1
2024-06-30 20:30:00,1.1
2024-06-30 20:45:00,1.2
2024-06-30 21:00:00,1.0
2024-06-30 21:15:00,1.1
2024-06-30 21:30:00,1.0
2024-06-30 21:45:00,1.0
2024-06-30 22:00:00,1.1
2024-06-30 22:15:00,1.0
2024-06-30 22:30:00,1.0
2024-06-30 22:45:00,1.1
2024-06-30 23:00:00,1.0
2024-06-30 23:15:00,1.2
2024-06-30 23:30:00,1.1
2024-06-30 23:45:00,1.0
2024-07-01 00:00:00,1.0
2024-07-01 00:15:00,1.2
2024-07-01 00:30:00,1.2
2024-07-01 00:45:00,1.2
2024-07-01 01:00:00,1.1
2024-07-01 01:15:00,1.1
2024-07-01 01:30:00,1.2
2024-07-01 01:45:00,1.1
2024-07-01 02:00:00,1.2
2024-07-01 02:15:00,1.2
2024-07-01 02:30:00,1.1
2024-07-01 02:45:00,1.1
2024-07-01 03:00:00,1.1
2024-07-01 03:15:00,1.2
2024-07-01 03:30:00,1.1
2024-07-01 03:45:00,1.2
2024-07-01 04:00:00,1.2
2024-07-01 04:15:00,1.3
2024-07-01 04:30:00,1.2
2024-07-01 04:45:00,1.2
2024-07-01 05:00:00,1.2
2024-07-01 05:15:00,1.2
2024-07-01 05:30:00,1.2
2024-07-01 05:45:00,1.2
2024-07-01 06:00:00,1.2
2024-07-01 06:15:00,1.2
2024-07-01 06:30:00,1.3
2024-07-01 06:45:00,1.1
2024-07-01 07:00:00,1.2
2024-07-01 07:15:00,1.2
2024-07-01 07:30:00,1.2
2024-07-01 07:45:00,6.132664883664299
2024-07-01 08:00:00,6.132664883664299
2024-07-01 08:15:00,6.0326648836642995
2024-07-01 08:30:00,1.1
2024-07-01 08:45:00,1.2
2024-07-01 09:00:00,1.2
2024-07-01 09:15:00,1.2
2024-07-01 09:30:00,1.2
2024-07-01 09:45:00,1.2
2024-07-01 10:00:00,1.2
2024-07-01 10:15:00,1.2
2024-07-01 10:30:00,1.1
2024-07-01 10:45:00,1.2
2024-07-01 11:00:00,1.2
2024-07-01 11:15:00,1.2
2024-07-01 11:30:00,1.2
2024-07-01 11:45:00,
2024-07-01 12:00:00,
2024-07-01 12:15:00,1.4
2024-07-01 12:30:00,1.2
2024-07-01 12:45:00,1.2
2024-07-01 13:00:00,1.2
2024-07-01 13:15:00,1.2
2024-07-01 13:30:00,1.2
2024-07-01 13:45:00,1.2
2024-07-01 14:00:00,1.1
2024-07-01 14:15:00,1.2
2024-07-01 14:30:00,
2024-07-01 14:45:00,
2024-07-01 15:00:00,
2024-07-01 15:15:00,1.3
2024-07-01 15:30:00,1.2
2024-07-01 15:45:00,1.2
2024-07-01 16:00:00,1.2
2024-07-01 16:15:00,1.2
2024-07-01 16:30:00,1.1
2024-07-01 16:45:00,1.2
2024-07-01 17:00:00,1.1
2024-07-01 17:15:00,1.2
2024-07-01 17:30:00,1.2
2024-07-01 17:45:00,1.1
2024-07-01 18:00:00,1.2
2024-07-01 18:15:00,1.2
2024-07-01 18:30:00,1.2
2024-07-01 18:45:00,1.2
2024-07-01 19:00:00,1.2
2024-07-01 19:15:00,1.2
2024-07-01 19:30:00,1.2
2024-07-01 19:45:00,1.2
2024-07-01 20:00:00,1.2
2024-07-01 20:15:00,1.1
2024-07-01 20:30:00,1.0
2024-07-01 20:45:00,1.0
2024-07-01 21:00:00,1.1
2024-07-01 21:15:00,1.1
2024-07-01 21:30:00,1.1
2024-07-01 21:45:00,1.1
2024-07-01 22:00:00,1.1
2024-07-01 22:15:00,1.2
2024-07-01 22:30:00,1.1
2024-07-01 22:45:00,1.1
2024-07-01 23:00:00,1.2
2024-07-01 23:15:00,1.1
2024-07-01 23:30:00,1.2
2024-07-01 23:45:00,1.2
2024-07-02 00:00:00,1.2
2024-07-02 00:15:00,1.2
2024-07-02 00:30:00,1.1
2024-07-02 00:45:00,1.2
2024-07-02 01:00:00,1.2
2024-07-02 01:15:00,1.2
2024-07-02 01:30:00,1.2
2024-07-02 01:45:00,1.2
2024-07-02 02:00:00,1.2
2024-07-02 02:15:00,1.1
2024-07-02 02:30:00,1.2
2024-07-02 02:45:00,1.1
2024-07-02 03:00:00,1.1
2024-07-02 03:15:00,1.2
2024-07-02 03:30:00,
2024-07-02 03:45:00,
2024-07-02 04:00:00,1.2
2024-07-02 04:15:00,
2024-07-02 04:30:00,1.2
2024-07-02 04:45:00,1.3
2024-07-02 05:00:00,1.2
2024-07-02 05:15:00,1.2
2024-07-02 05:30:00,1.2
2024-07-02 05:45:00,1.2
2024-07-02 06:00:00,1.2
2024-07-02 06:15:00,1.2
2024-07-02 06:30:00,1.2
2024-07-02 06:45:00,1.2
2024-07-02 07:00:00,1.2
2024-07-02 07:15:00,1.2
2024-07-02 07:30:00,1.2
2024-07-02 07:45:00,1.2
2024-07-02 08:00:00,1.2
2024-07-02 08:15:00,1.3
2024-07-02 08:30:00,1.2
2024-07-02 08:45:00,1.2
2024-07-02 09:00:00,1.2
2024-07-02 09:15:00,1.3
2024-07-02 09:30:00,1.2
2024-07-02 09:45:00,1.2
2024-07-02 10:00:00,1.2
2024-07-02 10:15:00,1.2
2024-07-02 10:30:00,1.4
2024-07-02 10:45:00,1.2
2024-07-02 11:00:00,1.2
2024-07-02 11:15:00,2.1420194157705374
2024-07-02 11:30:00,1.2
2024-07-02 11:45:00,1.2
2024-07-02 12:00:00,1.2
2024-07-02 12:15:00,1.3
2024-07-02 12:30:00,1.2
2024-07-02 12:45:00,1.4
2024-07-02 13:00:00,1.2
2024-07-02 13:15:00,1.3
2024-07-02 13:30:00,1.2
2024-07-02 13:45:00,1.2
2024-07-02 14:00:00,
2024-07-02 14:15:00,1.2
2024-07-02 14:30:00,1.2
2024-07-02 14:45:00,1.2
2024-07-02 15:00:00,1.2
2024-07-02 15:15:00,1.2
2024-07-02 15:30:00,1.2
2024-07-02 15:45:00,1.2
2024-07-02 16:00:00,
2024-07-02 16:15:00,1.2
2024-07-02 16:30:00,1.2
2024-07-02 16:45:00,1.2
2024-07-02 17:00:00,1.2
2024-07-02 17:15:00,1.2
2024-07-02 17:30:00,
2024-07-02 17:45:00,1.2
2024-07-02 18:00:00,
2024-07-02 18:15:00,
2024-07-02 18:30:00,
2024-07-02 18:45:00,
2024-07-02 19:00:00,
2024-07-02 19:15:00,
2024-07-02 19:30:00,
2024-07-02 19:45:00,
2024-07-02 20:00:00,
2024-07-02 20:15:00,
2024-07-02 20:30:00,
2024-07-02 20:45:00,
2024-07-02 21:00:00,
2024-07-02 21:15:00,
2024-07-02 21:30:00,
2024-07-02 21:45:00,
2024-07-02 22:00:00,
2024-07-02 22:15:00,1.0
2024-07-02 22:30:00,1.1
2024-07-02 22:45:00,1.0
2024-07-02 23:00:00,1.0
2024-07-02 23:15:00,1.0
2024-07-02 23:30:00,1.0
2024-07-02 23:45:00,1.0
2024-07-03 00:00:00,1.0
2024-07-03 00:15:00,1.0
2024-07-03 00:30:00,1.0
2024-07-03 00:45:00,1.0
2024-07-03 01:00:00,1.0
2024-07-03 01:15:00,1.0
2024-07-03 01:30:00,1.0
2024-07-03 01:45:00,1.1
2024-07-03 02:00:00,1.2
2024-07-03 02:15:00,1.0
2024-07-03 02:30:00,1.0
2024-07-03 02:45:00,1.0
2024-07-03 03:00:00,1.0
2024-07-03 03:15:00,1.0
2024-07-03 03:30:00,1.0
2024-07-03 03:45:00,1.0
2024-07-03 04:00:00,1.0
2024-07-03 04:15:00,1.0
2024-07-03 04:30:00,1.1
2024-07-03 04:45:00,1.2
2024-07-03 05:00:00,1.1
2024-07-03 05:15:00,1.1
2024-07-03 05:30:00,
2024-07-03 05:45:00,
2024-07-03 06:00:00,
2024-07-03 06:15:00,
2024-07-03 06:30:00,
2024-07-03 06:45:00,
2024-07-03 07:00:00,
2024-07-03 07:15:00,
2024-07-03 07:30:00,
2024-07-03 07:45:00,1.1
2024-07-03 08:00:00,1.0
2024-07-03 08:15:00,1.1
2024-07-03 08:30:00,1.1
2024-07-03 08:45:00,1.1
2024-07-03 09:00:00,1.2
2024-07-03 09:15:00,1.2
2024-07-03 09:30:00,1.0
2024-07-03 09:45:00,1.1
2024-07-03 10:00:00,1.1
2024-07-03 10:15:00,1.1
2024-07-03 10:30:00,1.1
2024-07-03 10:45:00,1.2
2024-07-03 11:00:00,1.1
2024-07-03 11:15:00,1.1
2024-07-03 11:30:00,1.1
2024-07-03 11:45:00,1.1
2024-07-03 12:00:00,1.0
2024-07-03 12:15:00,1.2
2024-07-03 12:30:00,1.2
2024-07-03 12:45:00,1.2
2024-07-03 13:00:00,
2024-07-03 13:15:00,
2024-07-03 13:30:00,
2024-07-03 13:45:00,
2024-07-03 14:00:00,
2024-07-03 14:15:00,
2024-07-03 14:30:00,1.2
2024-07-03 14:45:00,1.1
2024-07-03 15:00:00,1.1
2024-07-03 15:15:00,1.2
2024-07-03 15:30:00,1.0
2024-07-03 15:45:00,1.0
2024-07-03 16:00:00,1.1
2024-07-03 16:15:00,1.1
2024-07-03 16:30:00,1.0
2024-07-03 16:45:00,1.0
2024-07-03 17:00:00,1.1
2024-07-03 17:15:00,1.1
2024-07-03 17:30:00,1.0
2024-07-03 17:45:00,1.0
2024-07-03 18:00:00,1.1
2024-07-03 18:15:00,1.0
2024-07-03 18:30:00,1.1
2024-07-03 18:45:00,1.2
2024-07-03 19:00:00,1.2
2024-07-03 19:15:00,1.1
2024-07-03 19:30:00,1.0
2024-07-03 19:45:00,1.0
2024-07-03 20:00:00,1.0
2024-07-03 20:15:00,0.9
2024-07-03 20:30:00,1.0
2024-07-03 20:45:00,0.9
2024-07-03 21:00:00,1.0
2024-07-03 21:15:00,1.2
2024-07-03 21:30:00,1.0
2024-07-03 21:45:00,1.1
2024-07-03 22:00:00,1.0
2024-07-03 22:15:00,1.0
2024-07-03 22:30:00,1.0
2024-07-03 22:45:00,1.0
2024-07-03 23:00:00,1.0
2024-07-03 23:15:00,1.0
2024-07-03 23:30:00,1.0
2024-07-03 23:45:00,1.0
2024-07-04 00:00:00,1.2
2024-07-04 00:15:00,1.2
2024-07-04 00:30:00,1.1
2024-07-04 00:45:00,1.1
2024-07-04 01:00:00,1.3
2024-07-04 01:15:00,
2024-07-04 01:30:00,
2024-07-04 01:45:00,
2024-07-04 02:00:00,1.2
2024-07-04 02:15:00,1.0
2024-07-04 02:30:00,1.2
2024-07-04 02:45:00,1.2
2024-07-04 03:00:00,1.2
2024-07-04 03:15:00,
2024-07-04 03:30:00,
2024-07-04 03:45:00,1.3
2024-07-04 04:00:00,1.2
2024-07-04 04:15:00,1.1
2024-07-04 04:30:00,1.1
2024-07-04 04:45:00,1.1
2024-07-04 05:00:00,1.2
2024-07-04 05:15:00,1.1
2024-07-04 05:30:00,1.1
2024-07-04 05:45:00,1.1
2024-07-04 06:00:00,1.2
2024-07-04 06:15:00,1.2
2024-07-04 06:30:00,1.1
2024-07-04 06:45:00,1.2
2024-07-04 07:00:00,1.1
2024-07-04 07:15:00,1.1
2024-07-04 07:30:00,1.1
2024-07-04 07:45:00,1.1
2024-07-04 08:00:00,1.1
2024-07-04 08:15:00,1.1
2024-07-04 08:30:00,1.0
2024-07-04 08:45:00,1.0
2024-07-04 09:00:00,1.1
2024-07-04 09:15:00,1.1
2024-07-04 09:30:00,1.0
2024-07-04 09:45:00,1.2
2024-07-04 10:00:00,1.0
2024-07-04 10:15:00,1.1
2024-07-04 10:30:00,1.2
2024-07-04 10:45:00,1.1
2024-07-04 11:00:00,1.0
2024-07-04 11:15:00,1.1
2024-07-04 11:30:00,1.0
2024-07-04 11:45:00,1.1
2024-07-04 12:00:00,1.1
2024-07-04 12:15:00,1.2
2024-07-04 12:30:00,1.1
2024-07-04 12:45:00,1.2
2024-07-04 13:00:00,1.2
2024-07-04 13:15:00,1.1
2024-07-04 13:30:00,
2024-07-04 13:45:00,1.1
2024-07-04 14:00:00,1.0
2024-07-04 14:15:00,1.1
2024-07-04 14:30:00,1.0
2024-07-04 14:45:00,1.1
2024-07-04 15:00:00,1.1
2024-07-04 15:15:00,1.0
2024-07-04 15:30:00,1.0
2024-07-04 15:45:00,1.0
2024-07-04 16:00:00,1.0
2024-07-04 16:15:00,1.0
2024-07-04 16:30:00,1.0
2024-07-04 16:45:00,1.0
2024-07-04 17:00:00,1.0
2024-07-04 17:15:00,1.0
2024-07-04 17:30:00,1.1
2024-07-04 17:45:00,1.0
2024-07-04 18:00:00,1.0
2024-07-04 18:15:00,1.0
2024-07-04 18:30:00,1.0
2024-07-04 18:45:00,1.0
2024-07-04 19:00:00,1.0
2024-07-04 19:15:00,1.0
2024-07-04 19:30:00,1.0
2024-07-04 19:45:00,1.0
2024-07-04 20:00:00,1.0
2024-07-04 20:15:00,1.0
2024-07-04 20:30:00,1.0
2024-07-04 20:45:00,0.9
2024-07-04 21:00:00,1.0
2024-07-04 21:15:00,1.0
2024-07-04 21:30:00,0.9
2024-07-04 21:45:00,1.0
2024-07-04 22:00:00,1.0
2024-07-04 22:15:00,0.9
2024-07-04 22:30:00,1.0
2024-07-04 22:45:00,1.0
2024-07-04 23:00:00,0.9
2024-07-04 23:15:00,0.9
2024-07-04 23:30:00,1.0
2024-07-04 23:45:00,1.0
2024-07-05 00:00:00,1.0
2024-07-05 00:15:00,1.0
2024-07-05 00:30:00,1.0
2024-07-05 00:45:00,1.0
2024-07-05 01:00:00,1.0
2024-07-05 01:15:00,1.0
2024-07-05 01:30:00,1.0
2024-07-05 01:45:00,1.0
2024-07-05 02:00:00,1.0
2024-07-05 02:15:00,1.0
2024-07-05 02:30:00,3.60058129851569
2024-07-05 02:45:00,3.60058129851569
2024-07-05 03:00:00,3.60058129851569
2024-07-05 03:15:00,1.0
2024-07-05 03:30:00,1.0
2024-07-05 03:45:00,1.0
2024-07-05 04:00:00,1.0
2024-07-05 04:15:00,3.881731172537395
2024-07-05 04:30:00,3.981731172537395
2024-07-05 04:45:00,1.0
2024-07-05 05:00:00,1.2
2024-07-05 05:15:00,1.2
2024-07-05 05:30:00,1.0
2024-07-05 05:45:00,1.1
2024-07-05 06:00:00,1.0
2024-07-05 06:15:00,1.1
2024-07-05 06:30:00,1.1
2024-07-05 06:45:00,1.1
2024-07-05 07:00:00,1.1
2024-07-05 07:15:00,1.1
2024-07-05 07:30:00,1.0
2024-07-05 07:45:00,1.0
2024-07-05 08:00:00,1.1
2024-07-05 08:15:00,1.1
2024-07-05 08:30:00,1.1
2024-07-05 08:45:00,1.0
2024-07-05 09:00:00,1.0
2024-07-05 09:15:00,1.806947822275026
2024-07-05 09:30:00,1.0
2024-07-05 09:45:00,1.0
2024-07-05 10:00:00,1.0
2024-07-05 10:15:00,1.1
2024-07-05 10:30:00,1.2
2024-07-05 10:45:00,1.1
2024-07-05 11:00:00,1.1
2024-07-05 11:15:00,1.1
2024-07-05 11:30:00,1.1
2024-07-05 11:45:00,1.1
2024-07-05 12:00:00,1.2
2024-07-05 12:15:00,1.1
2024-07-05 12:30:00,1.1
2024-07-05 12:45:00,1.1
2024-07-05 13:00:00,
2024-07-05 13:15:00,
2024-07-05 13:30:00,
2024-07-05 13:45:00,
2024-07-05 14:00:00,
2024-07-05 14:15:00,
2024-07-05 14:30:00,
2024-07-05 14:45:00,
2024-07-05 15:00:00,
2024-07-05 15:15:00,1.2
2024-07-05 15:30:00,1.1
2024-07-05 15:45:00,1.1
2024-07-05 16:00:00,1.0
2024-07-05 16:15:00,1.0
2024-07-05 16:30:00,1.0
2024-07-05 16:45:00,1.0
2024-07-05 17:00:00,1.0
2024-07-05 17:15:00,1.0
2024-07-05 17:30:00,1.0
2024-07-05 17:45:00,1.0
2024-07-05 18:00:00,1.0
2024-07-05 18:15:00,1.0
2024-07-05 18:30:00,0.9
2024-07-05 18:45:00,1.0
2024-07-05 19:00:00,1.0
2024-07-05 19:15:00,1.0
2024-07-05 19:30:00,1.1
2024-07-05 19:45:00,1.3
2024-07-05 20:00:00,1.2
2024-07-05 20:15:00,1.1
2024-07-05 20:30:00,1.0
2024-07-05 20:45:00,1.0
2024-07-05 21:00:00,0.9
2024-07-05 21:15:00,0.9
2024-07-05 21:30:00,1.0
2024-07-05 21:45:00,1.0
2024-07-05 22:00:00,0.9
2024-07-05 22:15:00,1.0
2024-07-05 22:30:00,1.0
2024-07-05 22:45:00,1.0
2024-07-05 23:00:00,0.9
2024-07-05 23:15:00,0.9
2024-07-05 23:30:00,0.9
2024-07-05 23:45:00,1.0
2024-07-06 00:00:00,0.8
2024-07-06 00:15:00,0.8
2024-07-06 00:30:00,1.0
2024-07-06 00:45:00,0.9
2024-07-06 01:00:00,1.0
2024-07-06 01:15:00,1.0
2024-07-06 01:30:00,1.0
2024-07-06 01:45:00,1.1
2024-07-06 02:00:00,0.9
2024-07-06 02:15:00,1.0
2024-07-06 02:30:00,0.9
2024-07-06 02:45:00,1.0
2024-07-06 03:00:00,1.0
2024-07-06 03:15:00,1.2
2024-07-06 03:30:00,1.3
2024-07-06 03:45:00,
2024-07-06 04:00:00,
2024-07-06 04:15:00,1.2
2024-07-06 04:30:00,1.1
2024-07-06 04:45:00,1.1
2024-07-06 05:00:00,1.2
2024-07-06 05:15:00,1.1
2024-07-06 05:30:00,1.2
2024-07-06 05:45:00,1.1
2024-07-06 06:00:00,1.1
2024-07-06 06:15:00,1.2
2024-07-06 06:30:00,1.1
2024-07-06 06:45:00,1.0
2024-07-06 07:00:00,1.0
2024-07-06 07:15:00,1.0
2024-07-06 07:30:00,1.0
2024-07-06 07:45:00,1.0
2024-07-06 08:00:00,1.0
2024-07-06 08:15:00,1.1
2024-07-06 08:30:00,1.1
2024-07-06 08:45:00,1.0
2024-07-06 09:00:00,1.0
2024-07-06 09:15:00,1.1
2024-07-06 09:30:00,1.0
2024-07-06 09:45:00,1.3
2024-07-06 10:00:00,1.0
2024-07-06 10:15:00,1.0
2024-07-06 10:30:00,1.1
2024-07-06 10:45:00,1.0
2024-07-06 11:00:00,1.1
2024-07-06 11:15:00,1.0
2024-07-06 11:30:00,1.2
2024-07-06 11:45:00,1.2
2024-07-06 12:00:00,1.2
2024-07-06 12:15:00,1.1
2024-07-06 12:30:00,
2024-07-06 12:45:00,1.3
2024-07-06 13:00:00,1.2
2024-07-06 13:15:00,1.2
2024-07-06 13:30:00,1.0
2024-07-06 13:45:00,1.0
2024-07-06 14:00:00,1.1
2024-07-06 14:15:00,1.0
2024-07-06 14:30:00,1.0
2024-07-06 14:45:00,1.0
2024-07-06 15:00:00,1.0
2024-07-06 15:15:00,1.0
2024-07-06 15:30:00,1.0
2024-07-06 15:45:00,1.0
2024-07-06 16:00:00,1.0
2024-07-06 16:15:00,1.0
2024-07-06 16:30:00,1.0
2024-07-06 16:45:00,1.0
2024-07-06 17:00:00,0.9
2024-07-06 17:15:00,0.8
2024-07-06 17:30:00,1.0
2024-07-06 17:45:00,0.9
2024-07-06 18:00:00,1.0
2024-07-06 18:15:00,0.9
2024-07-06 18:30:00,1.0
2024-07-06 18:45:00,1.1
2024-07-06 19:00:00,1.0
2024-07-06 19:15:00,0.9
2024-07-06 19:30:00,1.0
2024-07-06 19:45:00,1.0
2024-07-06 20:00:00,1.0
2024-07-06 20:15:00,1.0
2024-07-06 20:30:00,0.9
2024-07-06 20:45:00,0.9
2024-07-06 21:00:00,0.9
2024-07-06 21:15:00,0.9
2024-07-06 21:30:00,0.9
2024-07-06 21:45:00,0.8
2024-07-06 22:00:00,0.8
2024-07-06 22:15:00,0.8
2024-07-06 22:30:00,0.8
2024-07-06 22:45:00,0.8
2024-07-06 23:00:00,0.9
2024-07-06 23:15:00,1.0
2024-07-06 23:30:00,0.9
2024-07-06 23:45:00,1.0
2024-07-07 00:00:00,0.8
2024-07-07 00:15:00,0.9
2024-07-07 00:30:00,0.9
2024-07-07 00:45:00,0.8
2024-07-07 01:00:00,0.9
2024-07-07 01:15:00,0.9
2024-07-07 01:30:00,1.0
2024-07-07 01:45:00,0.8
2024-07-07 02:00:00,0.8
2024-07-07 02:15:00,0.8
2024-07-07 02:30:00,0.8
2024-07-07 02:45:00,0.8
2024-07-07 03:00:00,0.8
2024-07-07 03:15:00,0.8
2024-07-07 03:30:00,0.8
2024-07-07 03:45:00,0.8
2024-07-07 04:00:00,0.8
2024-07-07 04:15:00,0.8
2024-07-07 04:30:00,0.8
2024-07-07 04:45:00,0.8
2024-07-07 05:00:00,0.8
2024-07-07 05:15:00,0.8
2024-07-07 05:30:00,0.8
2024-07-07 05:45:00,0.8
2024-07-07 06:00:00,0.8
2024-07-07 06:15:00,0.8
2024-07-07 06:30:00,0.8
2024-07-07 06:45:00,0.8
2024-07-07 07:00:00,0.8
2024-07-07 07:15:00,0.8
2024-07-07 07:30:00,0.8
2024-07-07 07:45:00,0.8
2024-07-07 08:00:00,0.8
2024-07-07 08:15:00,0.8
2024-07-07 08:30:00,0.8
2024-07-07 08:45:00,0.8
2024-07-07 09:00:00,0.8
2024-07-07 09:15:00,0.8
2024-07-07 09:30:00,0.8
2024-07-07 09:45:00,0.8
2024-07-07 10:00:00,0.8
2024-07-07 10:15:00,0.8
2024-07-07 10:30:00,0.8
2024-07-07 10:45:00,0.8
2024-07-07 11:00:00,0.8
2024-07-07 11:15:00,0.8
2024-07-07 11:30:00,1.0
2024-07-07 11:45:00,1.1
2024-07-07 12:00:00,1.0
2024-07-07 12:15:00,1.1
2024-07-07 12:30:00,1.0
2024-07-07 12:45:00,1.1
2024-07-07 13:00:00,1.0
2024-07-07 13:15:00,
2024-07-07 13:30:00,
2024-07-07 13:45:00,
2024-07-07 14:00:00,
2024-07-07 14:15:00,
2024-07-07 14:30:00,
2024-07-07 14:45:00,1.2
2024-07-07 15:00:00,1.2
2024-07-07 15:15:00,1.0
2024-07-07 15:30:00,1.0
2024-07-07 15:45:00,1.0
2024-07-07 16:00:00,1.1
2024-07-07 16:15:00,1.0
2024-07-07 16:30:00,1.0
2024-07-07 16:45:00,1.0
2024-07-07 17:00:00,1.1
2024-07-07 17:15:00,1.1
2024-07-07 17:30:00,1.1
2024-07-07 17:45:00,1.0
2024-07-07 18:00:00,0.9
2024-07-07 18:15:00,0.9
2024-07-07 18:30:00,1.0
2024-07-07 18:45:00,1.0
2024-07-07 19:00:00,1.0
2024-07-07 19:15:00,1.0
2024-07-07 19:30:00,1.0
2024-07-07 19:45:00,1.0
2024-07-07 20:00:00,1.0
2024-07-07 20:15:00,0.8
2024-07-07 20:30:00,0.9
2024-07-07 20:45:00,1.0
2024-07-07 21:00:00,1.0
2024-07-07 21:15:00,1.0
2024-07-07 21:30:00,0.9
2024-07-07 21:45:00,0.9
2024-07-07 22:00:00,0.9
2024-07-07 22:15:00,
2024-07-07 22:30:00,
2024-07-07 22:45:00,
2024-07-07 23:00:00,
2024-07-07 23:15:00,
2024-07-07 23:30:00,
2024-07-07 23:45:00,
2024-07-08 00:00:00,
2024-07-08 00:15:00,
2024-07-08 00:30:00,
2024-07-08 00:45:00,
2024-07-08 01:00:00,
2024-07-08 01:15:00,
2024-07-08 01:30:00,
2024-07-08 01:45:00,
2024-07-08 02:00:00,
2024-07-08 02:15:00,
2024-07-08 02:30:00,
2024-07-08 02:45:00,
2024-07-08 03:00:00,1.2
2024-07-08 03:15:00,1.0
2024-07-08 03:30:00,1.2
2024-07-08 03:45:00,0.9
2024-07-08 04:00:00,1.0
2024-07-08 04:15:00,0.9
2024-07-08 04:30:00,1.1
2024-07-08 04:45:00,1.0
2024-07-08 05:00:00,1.0
2024-07-08 05:15:00,1.0
2024-07-08 05:30:00,1.1
2024-07-08 05:45:00,1.0
2024-07-08 06:00:00,1.0
2024-07-08 06:15:00,1.0
2024-07-08 06:30:00,1.0
2024-07-08 06:45:00,1.0
2024-07-08 07:00:00,1.0
2024-07-08 07:15:00,1.0
2024-07-08 07:30:00,1.0
2024-07-08 07:45:00,1.0
2024-07-08 08:00:00,1.1
2024-07-08 08:15:00,1.0
2024-07-08 08:30:00,1.1
2024-07-08 08:45:00,1.1
2024-07-08 09:00:00,1.0
2024-07-08 09:15:00,1.1
2024-07-08 09:30:00,1.1
2024-07-08 09:45:00,1.0
2024-07-08 10:00:00,1.0
2024-07-08 10:15:00,1.0
2024-07-08 10:30:00,1.0
2024-07-08 10:45:00,1.0
2024-07-08 11:00:00,1.0
2024-07-08 11:15:00,1.0
2024-07-08 11:30:00,1.0
2024-07-08 11:45:00,1.0
2024-07-08 12:00:00,1.1
2024-07-08 12:15:00,1.1
2024-07-08 12:30:00,1.1
2024-07-08 12:45:00,1.1
2024-07-08 13:00:00,1.1
2024-07-08 13:15:00,1.0
2024-07-08 13:30:00,1.2
2024-07-08 13:45:00,
2024-07-08 14:00:00,
2024-07-08 14:15:00,
2024-07-08 14:30:00,
2024-07-08 14:45:00,
2024-07-08 15:00:00,
2024-07-08 15:15:00,
2024-07-08 15:30:00,1.0
2024-07-08 15:45:00,1.1
2024-07-08 16:00:00,1.0
2024-07-08 16:15:00,1.0
2024-07-08 16:30:00,1.0
2024-07-08 16:45:00,0.9
2024-07-08 17:00:00,1.1
2024-07-08 17:15:00,1.0
2024-07-08 17:30:00,2.091496570195451
2024-07-08 17:45:00,2.091496570195451
2024-07-08 18:00:00,0.9
2024-07-08 18:15:00,1.0
2024-07-08 18:30:00,1.0
2024-07-08 18:45:00,1.0
2024-07-08 19:00:00,1.0
2024-07-08 19:15:00,1.0
2024-07-08 19:30:00,0.9
2024-07-08 19:45:00,0.9
2024-07-08 20:00:00,0.9
2024-07-08 20:15:00,0.9
2024-07-08 20:30:00,
2024-07-08 20:45:00,
2024-07-08 21:00:00,
2024-07-08 21:15:00,
2024-07-08 21:30:00,
2024-07-08 21:45:00,
2024-07-08 22:00:00,
2024-07-08 22:15:00,
2024-07-08 22:30:00,
2024-07-08 22:45:00,
2024-07-08 23:00:00,
2024-07-08 23:15:00,
2024-07-08 23:30:00,
2024-07-08 23:45:00,
2024-07-09 00:00:00,0.8
2024-07-09 00:15:00,0.8
2024-07-09 00:30:00,1.0
2024-07-09 00:45:00,1.0
2024-07-09 01:00:00,0.9
2024-07-09 01:15:00,1.0
2024-07-09 01:30:00,1.0
2024-07-09 01:45:00,0.9
2024-07-09 02:00:00,0.8
2024-07-09 02:15:00,1.0
2024-07-09 02:30:00,1.1
2024-07-09 02:45:00,1.2
2024-07-09 03:00:00,4.568739907185575
2024-07-09 03:15:00,4.568739907185575
2024-07-09 03:30:00,4.568739907185575
2024-07-09 03:45:00,1.0
2024-07-09 04:00:00,1.0
2024-07-09 04:15:00,1.0
2024-07-09 04:30:00,1.1
2024-07-09 04:45:00,1.2
2024-07-09 05:00:00,1.2
2024-07-09 05:15:00,1.0
2024-07-09 05:30:00,1.0
2024-07-09 05:45:00,1.0
2024-07-09 06:00:00,1.0
2024-07-09 06:15:00,1.0
2024-07-09 06:30:00,1.0
2024-07-09 06:45:00,1.0
2024-07-09 07:00:00,1.0
2024-07-09 07:15:00,1.0
2024-07-09 07:30:00,1.0
2024-07-09 07:45:00,1.0
2024-07-09 08:00:00,1.0
2024-07-09 08:15:00,1.1
2024-07-09 08:30:00,1.0
2024-07-09 08:45:00,1.0
2024-07-09 09:00:00,1.0
2024-07-09 09:15:00,1.0
2024-07-09 09:30:00,1.1
2024-07-09 09:45:00,1.0
2024-07-09 10:00:00,1.1
2024-07-09 10:15:00,1.0
2024-07-09 10:30:00,1.0
2024-07-09 10:45:00,1.0
2024-07-09 11:00:00,1.0
2024-07-09 11:15:00,1.0
2024-07-09 11:30:00,1.1
2024-07-09 11:45:00,1.1
2024-07-09 12:00:00,1.1
2024-07-09 12:15:00,1.1
2024-07-09 12:30:00,1.0
2024-07-09 12:45:00,1.0
2024-07-09 13:00:00,1.0
2024-07-09 13:15:00,1.0
2024-07-09 13:30:00,1.2
2024-07-09 13:45:00,
2024-07-09 14:00:00,1.1
2024-07-09 14:15:00,
2024-07-09 14:30:00,1.2
2024-07-09 14:45:00,1.2
2024-07-09 15:00:00,1.2
2024-07-09 15:15:00,1.0
2024-07-09 15:30:00,1.0
2024-07-09 15:45:00,1.0
2024-07-09 16:00:00,1.0
2024-07-09 16:15:00,1.0
2024-07-09 16:30:00,1.0
2024-07-09 16:45:00,1.0
2024-07-09 17:00:00,1.0
2024-07-09 17:15:00,1.0
2024-07-09 17:30:00,1.0
2024-07-09 17:45:00,1.0
2024-07-09 18:00:00,1.0
2024-07-09 18:15:00,1.0
2024-07-09 18:30:00,1.0
2024-07-09 18:45:00,1.0
2024-07-09 19:00:00,1.0
2024-07-09 19:15:00,1.0
2024-07-09 19:30:00,1.0
2024-07-09 19:45:00,1.0
2024-07-09 20:00:00,1.0
2024-07-09 20:15:00,1.0
2024-07-09 20:30:00,1.0
2024-07-09 20:45:00,1.0
2024-07-09 21:00:00,1.0
2024-07-09 21:15:00,1.0
2024-07-09 21:30:00,1.0
2024-07-09 21:45:00,1.0
2024-07-09 22:00:00,1.0
2024-07-09 22:15:00,1.0
2024-07-09 22:30:00,1.0
2024-07-09 22:45:00,1.0
2024-07-09 23:00:00,1.0
2024-07-09 23:15:00,1.0
2024-07-09 23:30:00,1.0
2024-07-09 23:45:00,1.0
2024-07-10 00:00:00,1.0
2024-07-10 00:15:00,1.0
2024-07-10 00:30:00,1.0
2024-07-10 00:45:00,1.0
2024-07-10 01:00:00,0.8
2024-07-10 01:15:00,0.9
2024-07-10 01:30:00,0.9
2024-07-10 01:45:00,0.9
2024-07-10 02:00:00,0.8
2024-07-10 02:15:00,0.8
2024-07-10 02:30:00,1.0
2024-07-10 02:45:00,0.9
2024-07-10 03:00:00,0.9
2024-07-10 03:15:00,0.8
2024-07-10 03:30:00,0.9
2024-07-10 03:45:00,0.9
2024-07-10 04:00:00,0.9
2024-07-10 04:15:00,1.0
2024-07-10 04:30:00,1.0
2024-07-10 04:45:00,1.0
2024-07-10 05:00:00,1.0
2024-07-10 05:15:00,1.0
2024-07-10 05:30:00,1.0
2024-07-10 05:45:00,1.0
2024-07-10 06:00:00,1.0
2024-07-10 06:15:00,0.9
2024-07-10 06:30:00,1.0
2024-07-10 06:45:00,1.0
2024-07-10 07:00:00,1.0
2024-07-10 07:15:00,1.0
2024-07-10 07:30:00,1.0
2024-07-10 07:45:00,0.9
2024-07-10 08:00:00,1.0
2024-07-10 08:15:00,5.210992165209294
2024-07-10 08:30:00,5.210992165209294
2024-07-10 08:45:00,5.210992165209294
2024-07-10 09:00:00,1.0
2024-07-10 09:15:00,1.0
2024-07-10 09:30:00,0.9
2024-07-10 09:45:00,1.0
2024-07-10 10:00:00,1.0
2024-07-10 10:15:00,1.0
2024-07-10 10:30:00,1.0
2024-07-10 10:45:00,1.0
2024-07-10 11:00:00,1.0
2024-07-10 11:15:00,1.0
2024-07-10 11:30:00,1.0
2024-07-10 11:45:00,1.0
2024-07-10 12:00:00,1.1
2024-07-10 12:15:00,1.0
2024-07-10 12:30:00,1.2
2024-07-10 12:45:00,1.1
2024-07-10 13:00:00,1.2
2024-07-10 13:15:00,
2024-07-10 13:30:00,
2024-07-10 13:45:00,1.0
2024-07-10 14:00:00,
2024-07-10 14:15:00,
2024-07-10 14:30:00,
2024-07-10 14:45:00,1.2
2024-07-10 15:00:00,1.1
2024-07-10 15:15:00,1.0
2024-07-10 15:30:00,1.0
2024-07-10 15:45:00,0.9
2024-07-10 16:00:00,1.0
2024-07-10 16:15:00,1.0
2024-07-10 16:30:00,1.0
2024-07-10 16:45:00,0.9
2024-07-10 17:00:00,1.0
2024-07-10 17:15:00,0.9
2024-07-10 17:30:00,
2024-07-10 17:45:00,
2024-07-10 18:00:00,
2024-07-10 18:15:00,
2024-07-10 18:30:00,
2024-07-10 18:45:00,
2024-07-10 19:00:00,
2024-07-10 19:15:00,
2024-07-10 19:30:00,0.8
2024-07-10 19:45:00,0.8
2024-07-10 20:00:00,0.8
2024-07-10 20:15:00,1.0
2024-07-10 20:30:00,0.8
2024-07-10 20:45:00,0.8
2024-07-10 21:00:00,0.7
2024-07-10 21:15:00,0.8
2024-07-10 21:30:00,0.8
2024-07-10 21:45:00,0.8
2024-07-10 22:00:00,0.8
2024-07-10 22:15:00,0.8
2024-07-10 22:30:00,0.8
2024-07-10 22:45:00,0.8
2024-07-10 23:00:00,0.8
2024-07-10 23:15:00,0.8
2024-07-10 23:30:00,0.8
2024-07-10 23:45:00,0.8
2024-07-11 00:00:00,0.8
2024-07-11 00:15:00,0.8
2024-07-11 00:30:00,0.8
2024-07-11 00:45:00,0.8
2024-07-11 01:00:00,0.8
2024-07-11 01:15:00,0.8
2024-07-11 01:30:00,0.8
2024-07-11 01:45:00,0.8
2024-07-11 02:00:00,0.8
2024-07-11 02:15:00,0.8
2024-07-11 02:30:00,0.8
2024-07-11 02:45:00,0.9
2024-07-11 03:00:00,1.0
2024-07-11 03:15:00,1.0
2024-07-11 03:30:00,1.0
2024-07-11 03:45:00,1.2
2024-07-11 04:00:00,1.0
2024-07-11 04:15:00,1.1
2024-07-11 04:30:00,1.0
2024-07-11 04:45:00,1.1
2024-07-11 05:00:00,1.0
2024-07-11 05:15:00,1.0
2024-07-11 05:30:00,1.0
2024-07-11 05:45:00,1.0
2024-07-11 06:00:00,1.0
2024-07-11 06:15:00,1.0
2024-07-11 06:30:00,1.0
2024-07-11 06:45:00,
2024-07-11 07:00:00,
2024-07-11 07:15:00,1.0
2024-07-11 07:30:00,1.0
2024-07-11 07:45:00,1.1
2024-07-11 08:00:00,
2024-07-11 08:15:00,1.1
2024-07-11 08:30:00,1.1
2024-07-11 08:45:00,1.0
2024-07-11 09:00:00,1.0
2024-07-11 09:15:00,1.1
2024-07-11 09:30:00,1.0
2024-07-11 09:45:00,1.0
2024-07-11 10:00:00,1.0
2024-07-11 10:15:00,
2024-07-11 10:30:00,
2024-07-11 10:45:00,
2024-07-11 11:00:00,
2024-07-11 11:15:00,1.0
2024-07-11 11:30:00,1.0
2024-07-11 11:45:00,1.1
2024-07-11 12:00:00,1.0
2024-07-11 12:15:00,1.1
2024-07-11 12:30:00,1.1
2024-07-11 12:45:00,1.0
2024-07-11 13:00:00,1.1
2024-07-11 13:15:00,
2024-07-11 13:30:00,
2024-07-11 13:45:00,
2024-07-11 14:00:00,
2024-07-11 14:15:00,
2024-07-11 14:30:00,
2024-07-11 14:45:00,
2024-07-11 15:00:00,
2024-07-11 15:15:00,
2024-07-11 15:30:00,1.2
2024-07-11 15:45:00,1.1
2024-07-11 16:00:00,1.1
2024-07-11 16:15:00,1.0
2024-07-11 16:30:00,1.0
2024-07-11 16:45:00,1.0
2024-07-11 17:00:00,1.0
2024-07-11 17:15:00,1.0
2024-07-11 17:30:00,1.0
2024-07-11 17:45:00,1.0
2024-07-11 18:00:00,1.0
2024-07-11 18:15:00,1.0
2024-07-11 18:30:00,1.0
2024-07-11 18:45:00,0.9
2024-07-11 19:00:00,1.0
2024-07-11 19:15:00,1.0
2024-07-11 19:30:00,0.9
2024-07-11 19:45:00,0.8
2024-07-11 20:00:00,1.0
2024-07-11 20:15:00,1.0
2024-07-11 20:30:00,1.0
2024-07-11 20:45:00,0.9
2024-07-11 21:00:00,0.9
2024-07-11 21:15:00,0.8
2024-07-11 21:30:00,0.9
2024-07-11 21:45:00,1.0
2024-07-11 22:00:00,0.9
2024-07-11 22:15:00,0.8
2024-07-11 22:30:00,1.0
2024-07-11 22:45:00,0.9
2024-07-11 23:00:00,1.0
2024-07-11 23:15:00,0.8
2024-07-11 23:30:00,1.0
2024-07-11 23:45:00,
2024-07-12 00:00:00,1.1
2024-07-12 00:15:00,1.0
2024-07-12 00:30:00,0.9
2024-07-12 00:45:00,0.9
2024-07-12 01:00:00,0.9
2024-07-12 01:15:00,0.9
2024-07-12 01:30:00,0.9
2024-07-12 01:45:00,0.9
2024-07-12 02:00:00,1.0
2024-07-12 02:15:00,0.9
2024-07-12 02:30:00,1.0
2024-07-12 02:45:00,0.9
2024-07-12 03:00:00,0.9
2024-07-12 03:15:00,0.9
2024-07-12 03:30:00,1.0
2024-07-12 03:45:00,1.0
2024-07-12 04:00:00,
2024-07-12 04:15:00,
2024-07-12 04:30:00,1.2
2024-07-12 04:45:00,1.2
2024-07-12 05:00:00,5.859077788251145
2024-07-12 05:15:00,5.859077788251145
2024-07-12 05:30:00,5.859077788251145
2024-07-12 05:45:00,1.0
2024-07-12 06:00:00,1.1
2024-07-12 06:15:00,1.0
2024-07-12 06:30:00,1.0
2024-07-12 06:45:00,1.0
2024-07-12 07:00:00,1.2
2024-07-12 07:15:00,0.9
2024-07-12 07:30:00,1.0
2024-07-12 07:45:00,1.0
2024-07-12 08:00:00,1.0
2024-07-12 08:15:00,1.0
2024-07-12 08:30:00,1.1
2024-07-12 08:45:00,1.0
2024-07-12 09:00:00,1.0
2024-07-12 09:15:00,1.0
2024-07-12 09:30:00,1.0
2024-07-12 09:45:00,1.0
2024-07-12 10:00:00,1.0
2024-07-12 10:15:00,1.0
2024-07-12 10:30:00,0.9
2024-07-12 10:45:00,1.1
2024-07-12 11:00:00,1.1
2024-07-12 11:15:00,1.0
2024-07-12 11:30:00,1.0
2024-07-12 11:45:00,1.1
2024-07-12 12:00:00,1.0
2024-07-12 12:15:00,1.1
2024-07-12 12:30:00,1.1
2024-07-12 12:45:00,1.1
2024-07-12 13:00:00,1.0
2024-07-12 13:15:00,1.0
2024-07-12 13:30:00,
2024-07-12 13:45:00,
2024-07-12 14:00:00,
2024-07-12 14:15:00,
2024-07-12 14:30:00,
2024-07-12 14:45:00,
2024-07-12 15:00:00,1.1
2024-07-12 15:15:00,1.1
2024-07-12 15:30:00,1.1
2024-07-12 15:45:00,1.0
2024-07-12 16:00:00,1.0
2024-07-12 16:15:00,1.0
2024-07-12 16:30:00,1.0
2024-07-12 16:45:00,0.9
2024-07-12 17:00:00,1.0
2024-07-12 17:15:00,0.9
2024-07-12 17:30:00,0.9
2024-07-12 17:45:00,0.9
2024-07-12 18:00:00,0.9
2024-07-12 18:15:00,0.9
2024-07-12 18:30:00,0.9
2024-07-12 18:45:00,1.0
2024-07-12 19:00:00,0.9
2024-07-12 19:15:00,1.0
2024-07-12 19:30:00,1.0
2024-07-12 19:45:00,0.9
2024-07-12 20:00:00,0.9
2024-07-12 20:15:00,1.0
2024-07-12 20:30:00,1.0
2024-07-12 20:45:00,1.0
2024-07-12 21:00:00,0.8
2024-07-12 21:15:00,0.7
2024-07-12 21:30:00,4.996784971896283
2024-07-12 21:45:00,4.996784971896283
2024-07-12 22:00:00,0.9
2024-07-12 22:15:00,0.8
2024-07-12 22:30:00,0.8
2024-07-12 22:45:00,0.9
2024-07-12 23:00:00,0.8
2024-07-12 23:15:00,0.8
2024-07-12 23:30:00,0.8
2024-07-12 23:45:00,0.9
2024-07-13 00:00:00,0.8
2024-07-13 00:15:00,0.9
2024-07-13 00:30:00,6.205483679090675
2024-07-13 00:45:00,6.205483679090675
2024-07-13 01:00:00,6.205483679090675
2024-07-13 01:15:00,0.8
2024-07-13 01:30:00,0.9
2024-07-13 01:45:00,0.8
2024-07-13 02:00:00,0.9
2024-07-13 02:15:00,0.9
2024-07-13 02:30:00,0.8
2024-07-13 02:45:00,0.8
2024-07-13 03:00:00,0.8
2024-07-13 03:15:00,1.0
2024-07-13 03:30:00,1.0
2024-07-13 03:45:00,1.0
2024-07-13 04:00:00,1.0
2024-07-13 04:15:00,1.0
2024-07-13 04:30:00,1.0
2024-07-13 04:45:00,1.0
2024-07-13 05:00:00,1.0
2024-07-13 05:15:00,1.0
2024-07-13 05:30:00,1.0
2024-07-13 05:45:00,1.0
2024-07-13 06:00:00,
2024-07-13 06:15:00,1.2
2024-07-13 06:30:00,1.1
2024-07-13 06:45:00,1.0
2024-07-13 07:00:00,1.0
2024-07-13 07:15:00,1.0
2024-07-13 07:30:00,1.0
2024-07-13 07:45:00,1.0
2024-07-13 08:00:00,0.9
2024-07-13 08:15:00,1.0
2024-07-13 08:30:00,1.0
2024-07-13 08:45:00,1.0
2024-07-13 09:00:00,1.0
2024-07-13 09:15:00,1.0
2024-07-13 09:30:00,1.0
2024-07-13 09:45:00,1.0
2024-07-13 10:00:00,1.0
2024-07-13 10:15:00,1.0
2024-07-13 10:30:00,1.0
2024-07-13 10:45:00,1.0
2024-07-13 11:00:00,1.0
2024-07-13 11:15:00,1.0
2024-07-13 11:30:00,1.1
2024-07-13 11:45:00,1.0
2024-07-13 12:00:00,
2024-07-13 12:15:00,
2024-07-13 12:30:00,
2024-07-13 12:45:00,
2024-07-13 13:00:00,
2024-07-13 13:15:00,
2024-07-13 13:30:00,
2024-07-13 13:45:00,
2024-07-13 14:00:00,
2024-07-13 14:15:00,
2024-07-13 14:30:00,
2024-07-13 14:45:00,1.1
2024-07-13 15:00:00,1.1
2024-07-13 15:15:00,1.0
2024-07-13 15:30:00,1.0
2024-07-13 15:45:00,1.0
2024-07-13 16:00:00,1.0
2024-07-13 16:15:00,1.0
2024-07-13 16:30:00,1.0
2024-07-13 16:45:00,1.0
2024-07-13 17:00:00,1.0
2024-07-13 17:15:00,1.0
2024-07-13 17:30:00,1.0
2024-07-13 17:45:00,1.0
2024-07-13 18:00:00,1.0
2024-07-13 18:15:00,0.9
2024-07-13 18:30:00,1.0
2024-07-13 18:45:00,1.2
2024-07-13 19:00:00,1.0
2024-07-13 19:15:00,0.9
2024-07-13 19:30:00,1.0
2024-07-13 19:45:00,0.9
2024-07-13 20:00:00,0.9
2024-07-13 20:15:00,1.0
2024-07-13 20:30:00,0.7
2024-07-13 20:45:00,0.9
2024-07-13 21:00:00,1.0
2024-07-13 21:15:00,0.8
2024-07-13 21:30:00,0.9
2024-07-13 21:45:00,0.8
2024-07-13 22:00:00,0.9
2024-07-13 22:15:00,0.8
2024-07-13 22:30:00,0.9
2024-07-13 22:45:00,1.0
2024-07-13 23:00:00,0.9
2024-07-13 23:15:00,0.8
2024-07-13 23:30:00,0.8
2024-07-13 23:45:00,0.9
2024-07-14 00:00:00,0.8
2024-07-14 00:15:00,0.8
2024-07-14 00:30:00,0.9
2024-07-14 00:45:00,0.9
2024-07-14 01:00:00,0.9
2024-07-14 01:15:00,0.8
2024-07-14 01:30:00,0.9
2024-07-14 01:45:00,0.8
2024-07-14 02:00:00,0.9
2024-07-14 02:15:00,0.8
2024-07-14 02:30:00,1.0
2024-07-14 02:45:00,0.8
2024-07-14 03:00:00,0.9
2024-07-14 03:15:00,1.0
2024-07-14 03:30:00,1.0
2024-07-14 03:45:00,1.0
2024-07-14 04:00:00,1.0
2024-07-14 04:15:00,1.0
2024-07-14 04:30:00,1.0
2024-07-14 04:45:00,1.0
2024-07-14 05:00:00,0.9
2024-07-14 05:15:00,1.1
2024-07-14 05:30:00,0.9
2024-07-14 05:45:00,1.0
2024-07-14 06:00:00,1.0
2024-07-14 06:15:00,1.0
2024-07-14 06:30:00,1.1
2024-07-14 06:45:00,1.0
2024-07-14 07:00:00,1.0
2024-07-14 07:15:00,1.0
2024-07-14 07:30:00,1.0
2024-07-14 07:45:00,1.1
2024-07-14 08:00:00,1.0
2024-07-14 08:15:00,1.0
2024-07-14 08:30:00,1.1
2024-07-14 08:45:00,1.0
2024-07-14 09:00:00,1.0
2024-07-14 09:15:00,1.0
2024-07-14 09:30:00,1.1
2024-07-14 09:45:00,1.0
2024-07-14 10:00:00,
2024-07-14 10:15:00,1.2
2024-07-14 10:30:00,1.0
2024-07-14 10:45:00,1.1
2024-07-14 11:00:00,1.0
2024-07-14 11:15:00,1.0
2024-07-14 11:30:00,1.0
2024-07-14 11:45:00,1.0
2024-07-14 12:00:00,1.1
2024-07-14 12:15:00,1.1
2024-07-14 12:30:00,1.0
2024-07-14 12:45:00,1.0
2024-07-14 13:00:00,1.0
2024-07-14 13:15:00,1.0
2024-07-14 13:30:00,1.0
2024-07-14 13:45:00,1.1
2024-07-14 14:00:00,1.0
2024-07-14 14:15:00,1.2
2024-07-14 14:30:00,
2024-07-14 14:45:00,
2024-07-14 15:00:00,
2024-07-14 15:15:00,
2024-07-14 15:30:00,1.0
2024-07-14 15:45:00,1.0
2024-07-14 16:00:00,1.1
2024-07-14 16:15:00,1.0
2024-07-14 16:30:00,1.0
2024-07-14 16:45:00,1.0
2024-07-14 17:00:00,1.0
2024-07-14 17:15:00,0.9
2024-07-14 17:30:00,0.9
2024-07-14 17:45:00,0.9
2024-07-14 18:00:00,1.0
2024-07-14 18:15:00,1.0
2024-07-14 18:30:00,1.0
2024-07-14 18:45:00,0.9
2024-07-14 19:00:00,1.0
2024-07-14 19:15:00,1.0
2024-07-14 19:30:00,0.8
2024-07-14 19:45:00,0.9
2024-07-14 20:00:00,0.9
2024-07-14 20:15:00,0.9
2024-07-14 20:30:00,0.8
2024-07-14 20:45:00,
2024-07-14 21:00:00,
2024-07-14 21:15:00,
2024-07-14 21:30:00,
2024-07-14 21:45:00,
2024-07-14 22:00:00,
2024-07-14 22:15:00,
2024-07-14 22:30:00,
2024-07-14 22:45:00,
2024-07-14 23:00:00,
2024-07-14 23:15:00,
2024-07-14 23:30:00,
2024-07-14 23:45:00,
2024-07-15 00:00:00,
2024-07-15 00:15:00,
2024-07-15 00:30:00,
2024-07-15 00:45:00,
2024-07-15 01:00:00,
2024-07-15 01:15:00,
2024-07-15 01:30:00,
2024-07-15 01:45:00,
2024-07-15 02:00:00,1.0
2024-07-15 02:15:00,
2024-07-15 02:30:00,
2024-07-15 02:45:00,1.0
2024-07-15 03:00:00,
2024-07-15 03:15:00,1.2
2024-07-15 03:30:00,1.0
2024-07-15 03:45:00,
2024-07-15 04:00:00,
2024-07-15 04:15:00,
2024-07-15 04:30:00,
2024-07-15 04:45:00,
2024-07-15 05:00:00,
2024-07-15 05:15:00,
2024-07-15 05:30:00,
2024-07-15 05:45:00,
2024-07-15 06:00:00,
2024-07-15 06:15:00,
2024-07-15 06:30:00,
2024-07-15 06:45:00,
2024-07-15 07:00:00,
2024-07-15 07:15:00,
2024-07-15 07:30:00,
2024-07-15 07:45:00,
2024-07-15 08:00:00,
2024-07-15 08:15:00,
2024-07-15 08:30:00,
2024-07-15 08:45:00,
2024-07-15 09:00:00,
2024-07-15 09:15:00,1.1
2024-07-15 09:30:00,1.1
2024-07-15 09:45:00,1.1
2024-07-15 10:00:00,1.0
2024-07-15 10:15:00,1.0
2024-07-15 10:30:00,1.0
2024-07-15 10:45:00,1.1
2024-07-15 11:00:00,1.0
2024-07-15 11:15:00,1.0
2024-07-15 11:30:00,1.0
2024-07-15 11:45:00,1.0
2024-07-15 12:00:00,1.1
2024-07-15 12:15:00,1.1
2024-07-15 12:30:00,1.1
2024-07-15 12:45:00,1.0
2024-07-15 13:00:00,1.0
2024-07-15 13:15:00,
2024-07-15 13:30:00,1.0
2024-07-15 13:45:00,
2024-07-15 14:00:00,1.2
2024-07-15 14:15:00,
2024-07-15 14:30:00,
2024-07-15 14:45:00,
2024-07-15 15:00:00,
2024-07-15 15:15:00,
2024-07-15 15:30:00,
2024-07-15 15:45:00,
2024-07-15 16:00:00,1.2
2024-07-15 16:15:00,1.0
2024-07-15 16:30:00,1.0
2024-07-15 16:45:00,1.0
2024-07-15 17:00:00,1.2
2024-07-15 17:15:00,0.9
2024-07-15 17:30:00,1.0
2024-07-15 17:45:00,0.9
2024-07-15 18:00:00,0.9
2024-07-15 18:15:00,0.9
2024-07-15 18:30:00,0.9
2024-07-15 18:45:00,1.0
2024-07-15 19:00:00,1.0
2024-07-15 19:15:00,1.0
2024-07-15 19:30:00,0.9
2024-07-15 19:45:00,0.8
2024-07-15 20:00:00,0.7
2024-07-15 20:15:00,0.8
2024-07-15 20:30:00,0.9
2024-07-15 20:45:00,0.9
2024-07-15 21:00:00,0.8
2024-07-15 21:15:00,0.8
2024-07-15 21:30:00,0.8
2024-07-15 21:45:00,0.8
2024-07-15 22:00:00,0.9
2024-07-15 22:15:00,0.8
2024-07-15 22:30:00,0.8
2024-07-15 22:45:00,0.8
2024-07-15 23:00:00,0.8
2024-07-15 23:15:00,0.8
2024-07-15 23:30:00,0.9
2024-07-15 23:45:00,0.8
2024-07-16 00:00:00,0.9
2024-07-16 00:15:00,0.8
2024-07-16 00:30:00,0.8
2024-07-16 00:45:00,0.8
2024-07-16 01:00:00,0.9
2024-07-16 01:15:00,
2024-07-16 01:30:00,
2024-07-16 01:45:00,
2024-07-16 02:00:00,
2024-07-16 02:15:00,
2024-07-16 02:30:00,
2024-07-16 02:45:00,
2024-07-16 03:00:00,
2024-07-16 03:15:00,
2024-07-16 03:30:00,
2024-07-16 03:45:00,
2024-07-16 04:00:00,
2024-07-16 04:15:00,
2024-07-16 04:30:00,
2024-07-16 04:45:00,0.9
2024-07-16 05:00:00,1.0
2024-07-16 05:15:00,1.0
2024-07-16 05:30:00,0.9
2024-07-16 05:45:00,1.0
2024-07-16 06:00:00,1.0
2024-07-16 06:15:00,1.0
2024-07-16 06:30:00,1.0
2024-07-16 06:45:00,1.0
2024-07-16 07:00:00,1.0
2024-07-16 07:15:00,1.0
2024-07-16 07:30:00,1.0
2024-07-16 07:45:00,1.0
2024-07-16 08:00:00,1.0
2024-07-16 08:15:00,1.0
2024-07-16 08:30:00,
2024-07-16 08:45:00,1.2
2024-07-16 09:00:00,1.0
2024-07-16 09:15:00,1.0
2024-07-16 09:30:00,1.0
2024-07-16 09:45:00,1.0
2024-07-16 10:00:00,1.0
2024-07-16 10:15:00,0.9
2024-07-16 10:30:00,0.9
2024-07-16 10:45:00,1.2
2024-07-16 11:00:00,0.9
2024-07-16 11:15:00,0.9
2024-07-16 11:30:00,1.0
2024-07-16 11:45:00,1.0
2024-07-16 12:00:00,1.0
2024-07-16 12:15:00,1.1
2024-07-16 12:30:00,1.0
2024-07-16 12:45:00,1.0
2024-07-16 13:00:00,1.0
2024-07-16 13:15:00,0.9
2024-07-16 13:30:00,
2024-07-16 13:45:00,
2024-07-16 14:00:00,
2024-07-16 14:15:00,1.2
2024-07-16 14:30:00,1.0
2024-07-16 14:45:00,1.0
2024-07-16 15:00:00,1.0
2024-07-16 15:15:00,1.0
2024-07-16 15:30:00,0.9
2024-07-16 15:45:00,1.0
2024-07-16 16:00:00,0.9
2024-07-16 16:15:00,2.950174801791183
2024-07-16 16:30:00,2.950174801791183
2024-07-16 16:45:00,3.050174801791183
2024-07-16 17:00:00,1.0
2024-07-16 17:15:00,0.9
2024-07-16 17:30:00,0.8
2024-07-16 17:45:00,0.8
2024-07-16 18:00:00,0.8
2024-07-16 18:15:00,0.9
2024-07-16 18:30:00,0.9
2024-07-16 18:45:00,0.8
2024-07-16 19:00:00,1.0
2024-07-16 19:15:00,1.0
2024-07-16 19:30:00,0.9
2024-07-16 19:45:00,1.0
2024-07-16 20:00:00,0.9
2024-07-16 20:15:00,0.8
2024-07-16 20:30:00,
2024-07-16 20:45:00,
2024-07-16 21:00:00,
2024-07-16 21:15:00,
2024-07-16 21:30:00,0.8
2024-07-16 21:45:00,0.7
2024-07-16 22:00:00,0.8
2024-07-16 22:15:00,0.8
2024-07-16 22:30:00,0.8
2024-07-16 22:45:00,0.8
2024-07-16 23:00:00,0.8
2024-07-16 23:15:00,0.8
2024-07-16 23:30:00,0.8
2024-07-16 23:45:00,0.8
2024-07-17 00:00:00,0.8
2024-07-17 00:15:00,0.8
2024-07-17 00:30:00,0.8
2024-07-17 00:45:00,0.8
2024-07-17 01:00:00,0.9
2024-07-17 01:15:00,0.8
2024-07-17 01:30:00,0.9
2024-07-17 01:45:00,0.8
2024-07-17 02:00:00,0.8
2024-07-17 02:15:00,0.9
2024-07-17 02:30:00,0.8
2024-07-17 02:45:00,0.8
2024-07-17 03:00:00,0.8
2024-07-17 03:15:00,0.8
2024-07-17 03:30:00,0.8
2024-07-17 03:45:00,0.9
2024-07-17 04:00:00,1.0
2024-07-17 04:15:00,0.9
2024-07-17 04:30:00,1.0
2024-07-17 04:45:00,1.0
2024-07-17 05:00:00,0.9
2024-07-17 05:15:00,5.84350813060719
2024-07-17 05:30:00,5.84350813060719
2024-07-17 05:45:00,1.0
2024-07-17 06:00:00,1.0
2024-07-17 06:15:00,1.0
2024-07-17 06:30:00,0.9
2024-07-17 06:45:00,0.9
2024-07-17 07:00:00,1.0
2024-07-17 07:15:00,1.0
2024-07-17 07:30:00,0.9
2024-07-17 07:45:00,1.0
2024-07-17 08:00:00,1.0
2024-07-17 08:15:00,0.9
2024-07-17 08:30:00,0.9
2024-07-17 08:45:00,1.0
2024-07-17 09:00:00,0.9
2024-07-17 09:15:00,0.9
2024-07-17 09:30:00,0.9
2024-07-17 09:45:00,0.9
2024-07-17 10:00:00,1.0
2024-07-17 10:15:00,0.9
2024-07-17 10:30:00,0.9
2024-07-17 10:45:00,1.0
2024-07-17 11:00:00,
2024-07-17 11:15:00,1.2
2024-07-17 11:30:00,1.1
2024-07-17 11:45:00,
2024-07-17 12:00:00,
2024-07-17 12:15:00,
2024-07-17 12:30:00,
2024-07-17 12:45:00,
2024-07-17 13:00:00,
2024-07-17 13:15:00,
2024-07-17 13:30:00,
2024-07-17 13:45:00,
2024-07-17 14:00:00,
2024-07-17 14:15:00,1.1
2024-07-17 14:30:00,1.1
2024-07-17 14:45:00,1.0
2024-07-17 15:00:00,1.0
2024-07-17 15:15:00,1.0
2024-07-17 15:30:00,1.0
2024-07-17 15:45:00,1.1
2024-07-17 16:00:00,1.0
2024-07-17 16:15:00,1.0
2024-07-17 16:30:00,1.0
2024-07-17 16:45:00,1.0
2024-07-17 17:00:00,0.9
2024-07-17 17:15:00,1.0
2024-07-17 17:30:00,1.0
2024-07-17 17:45:00,1.0
2024-07-17 18:00:00,0.9
2024-07-17 18:15:00,0.9
2024-07-17 18:30:00,1.0
2024-07-17 18:45:00,0.8
2024-07-17 19:00:00,1.0
2024-07-17 19:15:00,
2024-07-17 19:30:00,1.0
2024-07-17 19:45:00,1.0
2024-07-17 20:00:00,1.0
2024-07-17 20:15:00,0.9
2024-07-17 20:30:00,0.8
2024-07-17 20:45:00,0.9
2024-07-17 21:00:00,0.9
2024-07-17 21:15:00,0.8
2024-07-17 21:30:00,0.9
2024-07-17 21:45:00,0.8
2024-07-17 22:00:00,0.9
2024-07-17 22:15:00,1.0
2024-07-17 22:30:00,0.9
2024-07-17 22:45:00,0.9
2024-07-17 23:00:00,0.8
2024-07-17 23:15:00,0.9
2024-07-17 23:30:00,0.9
2024-07-17 23:45:00,0.9
2024-07-18 00:00:00,0.9
2024-07-18 00:15:00,0.9
2024-07-18 00:30:00,1.0
2024-07-18 00:45:00,1.0
2024-07-18 01:00:00,1.0
2024-07-18 01:15:00,1.0
2024-07-18 01:30:00,1.0
2024-07-18 01:45:00,1.0
2024-07-18 02:00:00,1.0
2024-07-18 02:15:00,1.0
2024-07-18 02:30:00,1.0
2024-07-18 02:45:00,1.0
2024-07-18 03:00:00,1.0
2024-07-18 03:15:00,1.0
2024-07-18 03:30:00,
2024-07-18 03:45:00,1.1
2024-07-18 04:00:00,1.1
2024-07-18 04:15:00,1.1
2024-07-18 04:30:00,1.1
2024-07-18 04:45:00,1.0
2024-07-18 05:00:00,1.0
2024-07-18 05:15:00,
2024-07-18 05:30:00,
2024-07-18 05:45:00,1.0
2024-07-18 06:00:00,1.0
2024-07-18 06:15:00,1.2
2024-07-18 06:30:00,1.2
2024-07-18 06:45:00,1.2
2024-07-18 07:00:00,1.1
2024-07-18 07:15:00,1.0
2024-07-18 07:30:00,1.1
2024-07-18 07:45:00,1.0
2024-07-18 08:00:00,1.1
2024-07-18 08:15:00,1.0
2024-07-18 08:30:00,1.2
2024-07-18 08:45:00,1.1
2024-07-18 09:00:00,1.0
2024-07-18 09:15:00,1.0
2024-07-18 09:30:00,1.0
2024-07-18 09:45:00,1.0
2024-07-18 10:00:00,1.0
2024-07-18 10:15:00,1.1
2024-07-18 10:30:00,1.1
2024-07-18 10:45:00,1.1
2024-07-18 11:00:00,1.0
2024-07-18 11:15:00,1.1
2024-07-18 11:30:00,1.0
2024-07-18 11:45:00,1.1
2024-07-18 12:00:00,1.2
2024-07-18 12:15:00,1.2
2024-07-18 12:30:00,1.2
2024-07-18 12:45:00,
2024-07-18 13:00:00,
2024-07-18 13:15:00,
2024-07-18 13:30:00,
2024-07-18 13:45:00,
2024-07-18 14:00:00,
2024-07-18 14:15:00,
2024-07-18 14:30:00,
2024-07-18 14:45:00,
2024-07-18 15:00:00,1.2
2024-07-18 15:15:00,1.2
2024-07-18 15:30:00,
2024-07-18 15:45:00,
2024-07-18 16:00:00,1.0
2024-07-18 16:15:00,1.0
2024-07-18 16:30:00,1.0
2024-07-18 16:45:00,1.0
2024-07-18 17:00:00,0.9
2024-07-18 17:15:00,0.9
2024-07-18 17:30:00,0.9
2024-07-18 17:45:00,0.9
2024-07-18 18:00:00,0.8
2024-07-18 18:15:00,0.9
2024-07-18 18:30:00,0.8
2024-07-18 18:45:00,0.9
2024-07-18 19:00:00,1.0
2024-07-18 19:15:00,1.0
2024-07-18 19:30:00,0.9
2024-07-18 19:45:00,1.2
2024-07-18 20:00:00,
2024-07-18 20:15:00,
2024-07-18 20:30:00,
2024-07-18 20:45:00,
2024-07-18 21:00:00,
2024-07-18 21:15:00,1.1
2024-07-18 21:30:00,0.9
2024-07-18 21:45:00,0.8
2024-07-18 22:00:00,0.8
2024-07-18 22:15:00,0.7
2024-07-18 22:30:00,0.8
2024-07-18 22:45:00,0.8
2024-07-18 23:00:00,0.7
2024-07-18 23:15:00,0.7
2024-07-18 23:30:00,0.8
2024-07-18 23:45:00,0.7
2024-07-19 00:00:00,0.7
2024-07-19 00:15:00,0.8
2024-07-19 00:30:00,0.7
2024-07-19 00:45:00,0.8
2024-07-19 01:00:00,0.7
2024-07-19 01:15:00,0.8
2024-07-19 01:30:00,0.7
2024-07-19 01:45:00,0.8
2024-07-19 02:00:00,0.7
2024-07-19 02:15:00,0.7
2024-07-19 02:30:00,0.7
2024-07-19 02:45:00,0.7
2024-07-19 03:00:00,0.8
2024-07-19 03:15:00,0.9
2024-07-19 03:30:00,1.0
2024-07-19 03:45:00,1.1
2024-07-19 04:00:00,
2024-07-19 04:15:00,1.1
2024-07-19 04:30:00,1.0
2024-07-19 04:45:00,1.0
2024-07-19 05:00:00,0.9
2024-07-19 05:15:00,0.9
2024-07-19 05:30:00,0.8
2024-07-19 05:45:00,0.9
2024-07-19 06:00:00,0.8
2024-07-19 06:15:00,1.0
2024-07-19 06:30:00,0.9
2024-07-19 06:45:00,0.8
2024-07-19 07:00:00,0.8
2024-07-19 07:15:00,0.8
2024-07-19 07:30:00,0.8
2024-07-19 07:45:00,0.8
2024-07-19 08:00:00,0.8
2024-07-19 08:15:00,0.9
2024-07-19 08:30:00,0.8
2024-07-19 08:45:00,0.8
2024-07-19 09:00:00,0.9
2024-07-19 09:15:00,0.8
2024-07-19 09:30:00,0.9
2024-07-19 09:45:00,0.8
2024-07-19 10:00:00,0.8
2024-07-19 10:15:00,0.8
2024-07-19 10:30:00,0.9
2024-07-19 10:45:00,0.9
2024-07-19 11:00:00,0.9
2024-07-19 11:15:00,0.8
2024-07-19 11:30:00,1.0
2024-07-19 11:45:00,0.8
2024-07-19 12:00:00,1.0
2024-07-19 12:15:00,1.2
2024-07-19 12:30:00,1.0
2024-07-19 12:45:00,1.0
2024-07-19 13:00:00,
2024-07-19 13:15:00,
2024-07-19 13:30:00,
2024-07-19 13:45:00,
2024-07-19 14:00:00,
2024-07-19 14:15:00,
2024-07-19 14:30:00,
2024-07-19 14:45:00,
2024-07-19 15:00:00,
2024-07-19 15:15:00,
2024-07-19 15:30:00,1.0
2024-07-19 15:45:00,1.0
2024-07-19 16:00:00,0.9
2024-07-19 16:15:00,0.9
2024-07-19 16:30:00,0.9
2024-07-19 16:45:00,0.9
2024-07-19 17:00:00,0.9
2024-07-19 17:15:00,0.9
2024-07-19 17:30:00,0.9
2024-07-19 17:45:00,0.8
2024-07-19 18:00:00,0.9
2024-07-19 18:15:00,0.9
2024-07-19 18:30:00,0.8
2024-07-19 18:45:00,0.8
2024-07-19 19:00:00,0.8
2024-07-19 19:15:00,0.8
2024-07-19 19:30:00,0.8
2024-07-19 19:45:00,0.8
2024-07-19 20:00:00,0.8
2024-07-19 20:15:00,0.8
2024-07-19 20:30:00,0.8
2024-07-19 20:45:00,0.8
2024-07-19 21:00:00,0.8
2024-07-19 21:15:00,0.8
2024-07-19 21:30:00,0.8
2024-07-19 21:45:00,0.8
2024-07-19 22:00:00,0.8
2024-07-19 22:15:00,0.7
2024-07-19 22:30:00,0.8
2024-07-19 22:45:00,0.8
2024-07-19 23:00:00,0.8
2024-07-19 23:15:00,0.7
2024-07-19 23:30:00,0.8
2024-07-19 23:45:00,0.8
2024-07-20 00:00:00,0.8
2024-07-20 00:15:00,0.7
2024-07-20 00:30:00,0.7
2024-07-20 00:45:00,0.7
2024-07-20 01:00:00,0.8
2024-07-20 01:15:00,0.8
2024-07-20 01:30:00,0.8
2024-07-20 01:45:00,0.8
2024-07-20 02:00:00,0.8
2024-07-20 02:15:00,1.0
2024-07-20 02:30:00,0.8
2024-07-20 02:45:00,0.8
2024-07-20 03:00:00,0.8
2024-07-20 03:15:00,0.8
2024-07-20 03:30:00,1.0
2024-07-20 03:45:00,1.0
2024-07-20 04:00:00,
2024-07-20 04:15:00,
2024-07-20 04:30:00,
2024-07-20 04:45:00,1.1
2024-07-20 05:00:00,1.0
2024-07-20 05:15:00,1.0
2024-07-20 05:30:00,0.9
2024-07-20 05:45:00,1.0
2024-07-20 06:00:00,1.0
2024-07-20 06:15:00,0.9
2024-07-20 06:30:00,0.9
2024-07-20 06:45:00,0.9
2024-07-20 07:00:00,0.9
2024-07-20 07:15:00,0.9
2024-07-20 07:30:00,0.9
2024-07-20 07:45:00,0.8
2024-07-20 08:00:00,0.8
2024-07-20 08:15:00,0.8
2024-07-20 08:30:00,0.9
2024-07-20 08:45:00,1.0
2024-07-20 09:00:00,1.0
2024-07-20 09:15:00,1.2
2024-07-20 09:30:00,0.9
2024-07-20 09:45:00,0.8
2024-07-20 10:00:00,0.9
2024-07-20 10:15:00,1.0
2024-07-20 10:30:00,0.9
2024-07-20 10:45:00,0.9
2024-07-20 11:00:00,0.9
2024-07-20 11:15:00,0.8
2024-07-20 11:30:00,0.9
2024-07-20 11:45:00,0.9
2024-07-20 12:00:00,0.9
2024-07-20 12:15:00,1.0
2024-07-20 12:30:00,0.9
2024-07-20 12:45:00,1.0
2024-07-20 13:00:00,
2024-07-20 13:15:00,
2024-07-20 13:30:00,1.2
2024-07-20 13:45:00,1.0
2024-07-20 14:00:00,1.0
2024-07-20 14:15:00,1.0
2024-07-20 14:30:00,1.0
2024-07-20 14:45:00,1.0
2024-07-20 15:00:00,1.0
2024-07-20 15:15:00,0.9
2024-07-20 15:30:00,0.9
2024-07-20 15:45:00,0.9
2024-07-20 16:00:00,0.9
2024-07-20 16:15:00,0.9
2024-07-20 16:30:00,0.9
2024-07-20 16:45:00,0.9
2024-07-20 17:00:00,0.8
2024-07-20 17:15:00,0.8
2024-07-20 17:30:00,0.9
2024-07-20 17:45:00,0.8
2024-07-20 18:00:00,0.9
2024-07-20 18:15:00,0.9
2024-07-20 18:30:00,0.8
2024-07-20 18:45:00,0.8
2024-07-20 19:00:00,0.9
2024-07-20 19:15:00,0.9
2024-07-20 19:30:00,0.8
2024-07-20 19:45:00,0.8
2024-07-20 20:00:00,0.8
2024-07-20 20:15:00,0.8
2024-07-20 20:30:00,0.7
2024-07-20 20:45:00,0.8
2024-07-20 21:00:00,0.8
2024-07-20 21:15:00,0.8
2024-07-20 21:30:00,0.8
2024-07-20 21:45:00,0.8
2024-07-20 22:00:00,0.7
2024-07-20 22:15:00,0.8
2024-07-20 22:30:00,0.7
2024-07-20 22:45:00,0.8
2024-07-20 23:00:00,0.8
2024-07-20 23:15:00,0.7
2024-07-20 23:30:00,0.8
2024-07-20 23:45:00,0.7
2024-07-21 00:00:00,0.7
2024-07-21 00:15:00,0.6
2024-07-21 00:30:00,0.8
2024-07-21 00:45:00,0.8
2024-07-21 01:00:00,0.8
2024-07-21 01:15:00,0.8
2024-07-21 01:30:00,0.7
2024-07-21 01:45:00,0.8
2024-07-21 02:00:00,0.7
2024-07-21 02:15:00,0.8
2024-07-21 02:30:00,0.7
2024-07-21 02:45:00,0.8
2024-07-21 03:00:00,0.7
2024-07-21 03:15:00,0.8
2024-07-21 03:30:00,0.8
2024-07-21 03:45:00,0.8
2024-07-21 04:00:00,0.8
2024-07-21 04:15:00,0.8
2024-07-21 04:30:00,0.9
2024-07-21 04:45:00,1.0
2024-07-21 05:00:00,0.9
2024-07-21 05:15:00,0.9
2024-07-21 05:30:00,0.9
2024-07-21 05:45:00,0.9
2024-07-21 06:00:00,0.9
2024-07-21 06:15:00,1.0
2024-07-21 06:30:00,0.9
2024-07-21 06:45:00,1.1
2024-07-21 07:00:00,0.9
2024-07-21 07:15:00,0.9
2024-07-21 07:30:00,0.9
2024-07-21 07:45:00,0.9
2024-07-21 08:00:00,1.0
2024-07-21 08:15:00,0.8
2024-07-21 08:30:00,0.9
2024-07-21 08:45:00,0.8
2024-07-21 09:00:00,5.304857427681882
2024-07-21 09:15:00,5.304857427681882
2024-07-21 09:30:00,5.204857427681882
2024-07-21 09:45:00,0.9
2024-07-21 10:00:00,0.9
2024-07-21 10:15:00,0.9
2024-07-21 10:30:00,0.9
2024-07-21 10:45:00,1.0
2024-07-21 11:00:00,1.0
2024-07-21 11:15:00,1.0
2024-07-21 11:30:00,1.0
2024-07-21 11:45:00,1.0
2024-07-21 12:00:00,0.9
2024-07-21 12:15:00,1.0
2024-07-21 12:30:00,1.0
2024-07-21 12:45:00,0.9
2024-07-21 13:00:00,1.0
2024-07-21 13:15:00,0.9
2024-07-21 13:30:00,0.9
2024-07-21 13:45:00,1.0
2024-07-21 14:00:00,0.9
2024-07-21 14:15:00,0.8
2024-07-21 14:30:00,0.9
2024-07-21 14:45:00,0.9
2024-07-21 15:00:00,1.0
2024-07-21 15:15:00,0.9
2024-07-21 15:30:00,1.0
2024-07-21 15:45:00,0.9
2024-07-21 16:00:00,0.9
2024-07-21 16:15:00,1.0
2024-07-21 16:30:00,0.9
2024-07-21 16:45:00,0.9
2024-07-21 17:00:00,0.9
2024-07-21 17:15:00,1.0
2024-07-21 17:30:00,1.0
2024-07-21 17:45:00,0.9
2024-07-21 18:00:00,0.9
2024-07-21 18:15:00,0.8
2024-07-21 18:30:00,0.9
2024-07-21 18:45:00,0.9
2024-07-21 19:00:00,0.8
2024-07-21 19:15:00,0.7
2024-07-21 19:30:00,0.8
2024-07-21 19:45:00,0.8
2024-07-21 20:00:00,0.8
2024-07-21 20:15:00,0.5
2024-07-21 20:30:00,0.7
2024-07-21 20:45:00,0.8
2024-07-21 21:00:00,0.9
2024-07-21 21:15:00,0.8
2024-07-21 21:30:00,0.7
2024-07-21 21:45:00,0.9
2024-07-21 22:00:00,0.7
2024-07-21 22:15:00,0.7
2024-07-21 22:30:00,0.6
2024-07-21 22:45:00,0.8
2024-07-21 23:00:00,0.9
2024-07-21 23:15:00,0.8
2024-07-21 23:30:00,0.7
2024-07-21 23:45:00,0.7
2024-07-22 00:00:00,1.0
2024-07-22 00:15:00,0.7
2024-07-22 00:30:00,0.8
2024-07-22 00:45:00,0.7
2024-07-22 01:00:00,0.8
2024-07-22 01:15:00,0.8
2024-07-22 01:30:00,0.8
2024-07-22 01:45:00,0.7
2024-07-22 02:00:00,0.7
2024-07-22 02:15:00,0.8
2024-07-22 02:30:00,0.8
2024-07-22 02:45:00,0.8
2024-07-22 03:00:00,0.7
2024-07-22 03:15:00,0.8
2024-07-22 03:30:00,0.8
2024-07-22 03:45:00,0.8
2024-07-22 04:00:00,0.8
2024-07-22 04:15:00,0.9
2024-07-22 04:30:00,0.8
2024-07-22 04:45:00,1.0
2024-07-22 05:00:00,0.8
2024-07-22 05:15:00,0.9
2024-07-22 05:30:00,0.8
2024-07-22 05:45:00,0.9
2024-07-22 06:00:00,1.0
2024-07-22 06:15:00,0.9
2024-07-22 06:30:00,1.1
2024-07-22 06:45:00,0.9
2024-07-22 07:00:00,0.9
2024-07-22 07:15:00,0.9
2024-07-22 07:30:00,1.0
2024-07-22 07:45:00,0.9
2024-07-22 08:00:00,0.9
2024-07-22 08:15:00,0.9
2024-07-22 08:30:00,1.0
2024-07-22 08:45:00,1.0
2024-07-22 09:00:00,0.9
2024-07-22 09:15:00,0.9
2024-07-22 09:30:00,1.0
2024-07-22 09:45:00,1.0
2024-07-22 10:00:00,1.0
2024-07-22 10:15:00,3.992444721600801
2024-07-22 10:30:00,0.9
2024-07-22 10:45:00,0.9
2024-07-22 11:00:00,1.0
2024-07-22 11:15:00,1.0
2024-07-22 11:30:00,1.0
2024-07-22 11:45:00,1.0
2024-07-22 12:00:00,1.1
2024-07-22 12:15:00,0.9
2024-07-22 12:30:00,1.0
2024-07-22 12:45:00,1.0
2024-07-22 13:00:00,1.0
2024-07-22 13:15:00,1.0
2024-07-22 13:30:00,1.0
2024-07-22 13:45:00,1.0
2024-07-22 14:00:00,1.0
2024-07-22 14:15:00,0.9
2024-07-22 14:30:00,0.9
2024-07-22 14:45:00,1.0
2024-07-22 15:00:00,5.588215628979165
2024-07-22 15:15:00,5.688215628979164
2024-07-22 15:30:00,1.0
2024-07-22 15:45:00,1.0
2024-07-22 16:00:00,1.0
2024-07-22 16:15:00,1.0
2024-07-22 16:30:00,1.0
2024-07-22 16:45:00,1.0
2024-07-22 17:00:00,1.0
2024-07-22 17:15:00,1.0
2024-07-22 17:30:00,0.9
2024-07-22 17:45:00,0.9
2024-07-22 18:00:00,0.9
2024-07-22 18:15:00,0.9
2024-07-22 18:30:00,0.9
2024-07-22 18:45:00,0.8
2024-07-22 19:00:00,0.9
2024-07-22 19:15:00,0.8
2024-07-22 19:30:00,0.7
2024-07-22 19:45:00,0.8
2024-07-22 20:00:00,0.7
2024-07-22 20:15:00,0.8
2024-07-22 20:30:00,0.7
2024-07-22 20:45:00,0.7
2024-07-22 21:00:00,0.7
2024-07-22 21:15:00,0.8
2024-07-22 21:30:00,0.9
2024-07-22 21:45:00,0.7
2024-07-22 22:00:00,0.8
2024-07-22 22:15:00,0.7
2024-07-22 22:30:00,2.033883108553789
2024-07-22 22:45:00,2.333883108553789
2024-07-22 23:00:00,2.133883108553789
2024-07-22 23:15:00,0.8
2024-07-22 23:30:00,0.7
2024-07-22 23:45:00,0.6
2024-07-23 00:00:00,0.8
2024-07-23 00:15:00,0.6
2024-07-23 00:30:00,0.7
2024-07-23 00:45:00,0.7
2024-07-23 01:00:00,0.7
2024-07-23 01:15:00,0.7
2024-07-23 01:30:00,0.7
2024-07-23 01:45:00,0.7
2024-07-23 02:00:00,0.7
2024-07-23 02:15:00,0.8
2024-07-23 02:30:00,0.7
2024-07-23 02:45:00,0.8
2024-07-23 03:00:00,0.7
2024-07-23 03:15:00,0.8
2024-07-23 03:30:00,
2024-07-23 03:45:00,
2024-07-23 04:00:00,
2024-07-23 04:15:00,
2024-07-23 04:30:00,
2024-07-23 04:45:00,
2024-07-23 05:00:00,
2024-07-23 05:15:00,
2024-07-23 05:30:00,
2024-07-23 05:45:00,
2024-07-23 06:00:00,
2024-07-23 06:15:00,
2024-07-23 06:30:00,
2024-07-23 06:45:00,
2024-07-23 07:00:00,
2024-07-23 07:15:00,0.9
2024-07-23 07:30:00,0.9
2024-07-23 07:45:00,0.8
2024-07-23 08:00:00,0.9
2024-07-23 08:15:00,0.8
2024-07-23 08:30:00,0.8
2024-07-23 08:45:00,0.8
2024-07-23 09:00:00,0.8
2024-07-23 09:15:00,0.8
2024-07-23 09:30:00,0.9
2024-07-23 09:45:00,0.8
2024-07-23 10:00:00,0.9
2024-07-23 10:15:00,0.8
2024-07-23 10:30:00,0.8
2024-07-23 10:45:00,0.9
2024-07-23 11:00:00,0.9
2024-07-23 11:15:00,0.8
2024-07-23 11:30:00,0.8
2024-07-23 11:45:00,0.8
2024-07-23 12:00:00,0.9
2024-07-23 12:15:00,1.7833531559936215
2024-07-23 12:30:00,1.8833531559936216
2024-07-23 12:45:00,1.0
2024-07-23 13:00:00,0.7
2024-07-23 13:15:00,0.9
2024-07-23 13:30:00,0.8
2024-07-23 13:45:00,0.8
2024-07-23 14:00:00,1.0
2024-07-23 14:15:00,1.0
2024-07-23 14:30:00,0.9
2024-07-23 14:45:00,1.0
2024-07-23 15:00:00,2.0008041884671925
2024-07-23 15:15:00,2.0008041884671925
2024-07-23 15:30:00,2.0008041884671925
2024-07-23 15:45:00,1.0
2024-07-23 16:00:00,0.9
2024-07-23 16:15:00,0.8
2024-07-23 16:30:00,0.9
2024-07-23 16:45:00,0.8
2024-07-23 17:00:00,0.8
2024-07-23 17:15:00,1.0
2024-07-23 17:30:00,0.9
2024-07-23 17:45:00,0.9
2024-07-23 18:00:00,0.9
2024-07-23 18:15:00,0.8
2024-07-23 18:30:00,0.8
2024-07-23 18:45:00,0.9
2024-07-23 19:00:00,0.8
2024-07-23 19:15:00,0.8
2024-07-23 19:30:00,0.8
2024-07-23 19:45:00,0.9
2024-07-23 20:00:00,0.8
2024-07-23 20:15:00,0.8
2024-07-23 20:30:00,0.8
2024-07-23 20:45:00,0.8
2024-07-23 21:00:00,0.9
2024-07-23 21:15:00,0.7
2024-07-23 21:30:00,0.7
2024-07-23 21:45:00,4.224424978847497
2024-07-23 22:00:00,0.7
2024-07-23 22:15:00,0.8
2024-07-23 22:30:00,0.7
2024-07-23 22:45:00,0.8
2024-07-23 23:00:00,5.506701130869499
2024-07-23 23:15:00,5.406701130869498
2024-07-23 23:30:00,5.6067011308694985
2024-07-23 23:45:00,0.8
2024-07-24 00:00:00,0.7
2024-07-24 00:15:00,0.7
2024-07-24 00:30:00,0.7
2024-07-24 00:45:00,0.8
2024-07-24 01:00:00,0.6
2024-07-24 01:15:00,0.7
2024-07-24 01:30:00,0.6
2024-07-24 01:45:00,0.8
2024-07-24 02:00:00,0.8
2024-07-24 02:15:00,0.8
2024-07-24 02:30:00,0.8
2024-07-24 02:45:00,0.7
2024-07-24 03:00:00,0.7
2024-07-24 03:15:00,0.8
2024-07-24 03:30:00,0.7
2024-07-24 03:45:00,0.8
2024-07-24 04:00:00,0.8
2024-07-24 04:15:00,0.8
2024-07-24 04:30:00,0.8
2024-07-24 04:45:00,0.8
2024-07-24 05:00:00,0.8
2024-07-24 05:15:00,0.8
2024-07-24 05:30:00,0.8
2024-07-24 05:45:00,0.0
2024-07-24 06:00:00,0.0
2024-07-24 06:15:00,0.9
2024-07-24 06:30:00,0.9
2024-07-24 06:45:00,0.8
2024-07-24 07:00:00,0.8
2024-07-24 07:15:00,0.8
2024-07-24 07:30:00,0.8
2024-07-24 07:45:00,0.8
2024-07-24 08:00:00,0.8
2024-07-24 08:15:00,0.9
2024-07-24 08:30:00,0.8
2024-07-24 08:45:00,0.9
2024-07-24 09:00:00,0.8
2024-07-24 09:15:00,0.8
2024-07-24 09:30:00,0.0
2024-07-24 09:45:00,0.0
2024-07-24 10:00:00,0.9
2024-07-24 10:15:00,0.8
2024-07-24 10:30:00,0.8
2024-07-24 10:45:00,0.9
2024-07-24 11:00:00,0.8
2024-07-24 11:15:00,0.9
2024-07-24 11:30:00,0.9
2024-07-24 11:45:00,0.9
2024-07-24 12:00:00,0.9
2024-07-24 12:15:00,0.8
2024-07-24 12:30:00,0.9
2024-07-24 12:45:00,0.9
2024-07-24 13:00:00,0.9
2024-07-24 13:15:00,0.9
2024-07-24 13:30:00,0.9
2024-07-24 13:45:00,0.9
2024-07-24 14:00:00,1.0
2024-07-24 14:15:00,0.9
2024-07-24 14:30:00,1.0
2024-07-24 14:45:00,
2024-07-24 15:00:00,1.0
2024-07-24 15:15:00,1.1
2024-07-24 15:30:00,1.1
2024-07-24 15:45:00,
2024-07-24 16:00:00,1.0
2024-07-24 16:15:00,1.0
2024-07-24 16:30:00,0.9
2024-07-24 16:45:00,0.8
2024-07-24 17:00:00,0.9
2024-07-24 17:15:00,1.0
2024-07-24 17:30:00,0.9
2024-07-24 17:45:00,0.9
2024-07-24 18:00:00,0.8
2024-07-24 18:15:00,0.8
2024-07-24 18:30:00,0.7
2024-07-24 18:45:00,0.8
2024-07-24 19:00:00,0.8
2024-07-24 19:15:00,0.7
2024-07-24 19:30:00,0.8
2024-07-24 19:45:00,0.8
2024-07-24 20:00:00,0.8
2024-07-24 20:15:00,0.8
2024-07-24 20:30:00,0.7
2024-07-24 20:45:00,0.8
2024-07-24 21:00:00,0.7
2024-07-24 21:15:00,0.8
2024-07-24 21:30:00,0.7
2024-07-24 21:45:00,0.8
2024-07-24 22:00:00,0.8
2024-07-24 22:15:00,0.7
2024-07-24 22:30:00,0.7
2024-07-24 22:45:00,0.7
2024-07-24 23:00:00,0.7
2024-07-24 23:15:00,0.7
2024-07-24 23:30:00,0.7
2024-07-24 23:45:00,0.8
2024-07-25 00:00:00,0.7
2024-07-25 00:15:00,0.8
2024-07-25 00:30:00,0.8
2024-07-25 00:45:00,6.397731504680638
2024-07-25 01:00:00,6.297731504680638
2024-07-25 01:15:00,6.397731504680638
2024-07-25 01:30:00,0.7
2024-07-25 01:45:00,0.7
2024-07-25 02:00:00,0.7
2024-07-25 02:15:00,0.7
2024-07-25 02:30:00,0.7
2024-07-25 02:45:00,0.7
2024-07-25 03:00:00,0.7
2024-07-25 03:15:00,0.7
2024-07-25 03:30:00,0.8
2024-07-25 03:45:00,0.9
2024-07-25 04:00:00,0.8
2024-07-25 04:15:00,0.8
2024-07-25 04:30:00,0.9
2024-07-25 04:45:00,0.8
2024-07-25 05:00:00,0.9
2024-07-25 05:15:00,0.8
2024-07-25 05:30:00,0.8
2024-07-25 05:45:00,0.8
2024-07-25 06:00:00,0.8
2024-07-25 06:15:00,0.8
2024-07-25 06:30:00,0.8
2024-07-25 06:45:00,0.9
2024-07-25 07:00:00,0.8
2024-07-25 07:15:00,0.8
2024-07-25 07:30:00,0.8
2024-07-25 07:45:00,0.9
2024-07-25 08:00:00,0.9
2024-07-25 08:15:00,0.8
2024-07-25 08:30:00,0.8
2024-07-25 08:45:00,0.8
2024-07-25 09:00:00,0.9
2024-07-25 09:15:00,0.9
2024-07-25 09:30:00,0.9
2024-07-25 09:45:00,0.9
2024-07-25 10:00:00,0.9
2024-07-25 10:15:00,0.9
2024-07-25 10:30:00,0.9
2024-07-25 10:45:00,0.9
2024-07-25 11:00:00,0.9
2024-07-25 11:15:00,0.9
2024-07-25 11:30:00,0.9
2024-07-25 11:45:00,0.9
2024-07-25 12:00:00,0.9
2024-07-25 12:15:00,0.9
2024-07-25 12:30:00,0.9
2024-07-25 12:45:00,0.9
2024-07-25 13:00:00,0.9
2024-07-25 13:15:00,0.9
2024-07-25 13:30:00,0.9
2024-07-25 13:45:00,0.9
2024-07-25 14:00:00,0.9
2024-07-25 14:15:00,0.9
2024-07-25 14:30:00,0.9
2024-07-25 14:45:00,0.9
2024-07-25 15:00:00,0.9
2024-07-25 15:15:00,0.9
2024-07-25 15:30:00,0.9
2024-07-25 15:45:00,0.9
2024-07-25 16:00:00,0.9
2024-07-25 16:15:00,0.9
2024-07-25 16:30:00,0.9
2024-07-25 16:45:00,0.9
2024-07-25 17:00:00,0.9
2024-07-25 17:15:00,0.9
2024-07-25 17:30:00,0.9
2024-07-25 17:45:00,0.9
2024-07-25 18:00:00,0.7
2024-07-25 18:15:00,0.8
2024-07-25 18:30:00,0.9
2024-07-25 18:45:00,0.8
2024-07-25 19:00:00,0.8
2024-07-25 19:15:00,0.9
2024-07-25 19:30:00,0.8
2024-07-25 19:45:00,0.8
2024-07-25 20:00:00,0.7
2024-07-25 20:15:00,0.7
2024-07-25 20:30:00,0.8
2024-07-25 20:45:00,0.7
2024-07-25 21:00:00,0.7
2024-07-25 21:15:00,0.8
2024-07-25 21:30:00,0.8
2024-07-25 21:45:00,1.1
2024-07-25 22:00:00,0.7
2024-07-25 22:15:00,3.8868729561156465
2024-07-25 22:30:00,0.7
2024-07-25 22:45:00,0.8
2024-07-25 23:00:00,0.8
2024-07-25 23:15:00,0.7
2024-07-25 23:30:00,
2024-07-25 23:45:00,
2024-07-26 00:00:00,
2024-07-26 00:15:00,
2024-07-26 00:30:00,
2024-07-26 00:45:00,0.8
2024-07-26 01:00:00,0.8
2024-07-26 01:15:00,0.8
2024-07-26 01:30:00,0.8
2024-07-26 01:45:00,0.7
2024-07-26 02:00:00,0.7
2024-07-26 02:15:00,0.8
2024-07-26 02:30:00,0.8
2024-07-26 02:45:00,0.8
2024-07-26 03:00:00,0.7
2024-07-26 03:15:00,0.8
2024-07-26 03:30:00,0.8
2024-07-26 03:45:00,0.8
2024-07-26 04:00:00,0.8
2024-07-26 04:15:00,1.6021495565916186
2024-07-26 04:30:00,1.6021495565916186
2024-07-26 04:45:00,0.8
2024-07-26 05:00:00,0.8
2024-07-26 05:15:00,0.9
2024-07-26 05:30:00,0.9
2024-07-26 05:45:00,0.8
2024-07-26 06:00:00,0.9
2024-07-26 06:15:00,0.9
2024-07-26 06:30:00,0.8
2024-07-26 06:45:00,0.8
2024-07-26 07:00:00,0.9
2024-07-26 07:15:00,0.8
2024-07-26 07:30:00,0.8
2024-07-26 07:45:00,0.8
2024-07-26 08:00:00,0.8
2024-07-26 08:15:00,0.8
2024-07-26 08:30:00,0.8
2024-07-26 08:45:00,0.8
2024-07-26 09:00:00,0.9
2024-07-26 09:15:00,0.8
2024-07-26 09:30:00,0.9
2024-07-26 09:45:00,1.0
2024-07-26 10:00:00,0.9
2024-07-26 10:15:00,0.9
2024-07-26 10:30:00,0.9
2024-07-26 10:45:00,0.9
2024-07-26 11:00:00,0.9
2024-07-26 11:15:00,1.0
2024-07-26 11:30:00,0.9
2024-07-26 11:45:00,1.0
2024-07-26 12:00:00,0.9
2024-07-26 12:15:00,1.0
2024-07-26 12:30:00,
2024-07-26 12:45:00,
2024-07-26 13:00:00,
2024-07-26 13:15:00,1.0
2024-07-26 13:30:00,
2024-07-26 13:45:00,
2024-07-26 14:00:00,
2024-07-26 14:15:00,
2024-07-26 14:30:00,
2024-07-26 14:45:00,
2024-07-26 15:00:00,1.1
2024-07-26 15:15:00,1.0
2024-07-26 15:30:00,1.0
2024-07-26 15:45:00,0.9
2024-07-26 16:00:00,1.0
2024-07-26 16:15:00,1.0
2024-07-26 16:30:00,1.0
2024-07-26 16:45:00,1.0
2024-07-26 17:00:00,0.9
2024-07-26 17:15:00,1.0
2024-07-26 17:30:00,1.0
2024-07-26 17:45:00,0.9
2024-07-26 18:00:00,0.8
2024-07-26 18:15:00,0.9
2024-07-26 18:30:00,0.9
2024-07-26 18:45:00,0.9
2024-07-26 19:00:00,0.8
2024-07-26 19:15:00,0.8
2024-07-26 19:30:00,1.0
2024-07-26 19:45:00,0.9
2024-07-26 20:00:00,0.9
2024-07-26 20:15:00,0.8
2024-07-26 20:30:00,0.8
2024-07-26 20:45:00,0.8
2024-07-26 21:00:00,0.9
2024-07-26 21:15:00,0.8
2024-07-26 21:30:00,0.7
2024-07-26 21:45:00,0.9
2024-07-26 22:00:00,0.7
2024-07-26 22:15:00,0.7
2024-07-26 22:30:00,0.8
2024-07-26 22:45:00,0.8
2024-07-26 23:00:00,0.8
2024-07-26 23:15:00,0.7
2024-07-26 23:30:00,0.7
2024-07-26 23:45:00,0.8
2024-07-27 00:00:00,0.9
2024-07-27 00:15:00,0.7
2024-07-27 00:30:00,0.7
2024-07-27 00:45:00,0.8
2024-07-27 01:00:00,0.7
2024-07-27 01:15:00,0.8
2024-07-27 01:30:00,0.7
2024-07-27 01:45:00,0.8
2024-07-27 02:00:00,0.8
2024-07-27 02:15:00,0.8
2024-07-27 02:30:00,0.7
2024-07-27 02:45:00,0.7
2024-07-27 03:00:00,0.8
2024-07-27 03:15:00,0.8
2024-07-27 03:30:00,0.9
2024-07-27 03:45:00,0.8
2024-07-27 04:00:00,0.9
2024-07-27 04:15:00,1.0
2024-07-27 04:30:00,1.1
2024-07-27 04:45:00,1.0
2024-07-27 05:00:00,0.9
2024-07-27 05:15:00,0.9
2024-07-27 05:30:00,1.0
2024-07-27 05:45:00,1.9153759126506582
2024-07-27 06:00:00,1.0
2024-07-27 06:15:00,0.9
2024-07-27 06:30:00,0.9
2024-07-27 06:45:00,1.0
2024-07-27 07:00:00,1.2
2024-07-27 07:15:00,2.3841916660519757
2024-07-27 07:30:00,2.284191666051975
2024-07-27 07:45:00,2.284191666051975
2024-07-27 08:00:00,1.0
2024-07-27 08:15:00,0.9
2024-07-27 08:30:00,0.9
2024-07-27 08:45:00,0.9
2024-07-27 09:00:00,0.9
2024-07-27 09:15:00,0.9
2024-07-27 09:30:00,1.0
2024-07-27 09:45:00,0.9
2024-07-27 10:00:00,0.9
2024-07-27 10:15:00,0.9
2024-07-27 10:30:00,0.9
2024-07-27 10:45:00,0.9
2024-07-27 11:00:00,1.0
2024-07-27 11:15:00,1.1
2024-07-27 11:30:00,1.0
2024-07-27 11:45:00,0.9
2024-07-27 12:00:00,1.0
2024-07-27 12:15:00,1.0
2024-07-27 12:30:00,0.9
2024-07-27 12:45:00,0.9
2024-07-27 13:00:00,1.2
2024-07-27 13:15:00,1.0
2024-07-27 13:30:00,1.0
2024-07-27 13:45:00,1.0
2024-07-27 14:00:00,0.9
2024-07-27 14:15:00,0.9
2024-07-27 14:30:00,0.9
2024-07-27 14:45:00,0.9
2024-07-27 15:00:00,0.9
2024-07-27 15:15:00,3.674639621879697
2024-07-27 15:30:00,3.674639621879697
2024-07-27 15:45:00,0.9
2024-07-27 16:00:00,0.9
2024-07-27 16:15:00,0.9
2024-07-27 16:30:00,0.9
2024-07-27 16:45:00,1.0
2024-07-27 17:00:00,0.9
2024-07-27 17:15:00,0.9
2024-07-27 17:30:00,0.9
2024-07-27 17:45:00,0.8
2024-07-27 18:00:00,2.814338363035665
2024-07-27 18:15:00,3.0143383630356646
2024-07-27 18:30:00,0.8
2024-07-27 18:45:00,0.9
2024-07-27 19:00:00,0.9
2024-07-27 19:15:00,1.0
2024-07-27 19:30:00,0.8
2024-07-27 19:45:00,0.9
2024-07-27 20:00:00,0.8
2024-07-27 20:15:00,0.9
2024-07-27 20:30:00,0.9
2024-07-27 20:45:00,0.8
2024-07-27 21:00:00,0.8
2024-07-27 21:15:00,0.7
2024-07-27 21:30:00,0.8
2024-07-27 21:45:00,0.8
2024-07-27 22:00:00,0.8
2024-07-27 22:15:00,0.8
2024-07-27 22:30:00,0.9
2024-07-27 22:45:00,0.8
2024-07-27 23:00:00,0.8
2024-07-27 23:15:00,0.7
2024-07-27 23:30:00,0.8
2024-07-27 23:45:00,0.8
2024-07-28 00:00:00,0.8
2024-07-28 00:15:00,0.7
2024-07-28 00:30:00,0.8
2024-07-28 00:45:00,0.8
2024-07-28 01:00:00,0.8
2024-07-28 01:15:00,0.8
2024-07-28 01:30:00,0.8
2024-07-28 01:45:00,0.8
2024-07-28 02:00:00,0.8
2024-07-28 02:15:00,0.8
2024-07-28 02:30:00,0.8
2024-07-28 02:45:00,0.8
2024-07-28 03:00:00,0.8
2024-07-28 03:15:00,0.8
2024-07-28 03:30:00,1.0
2024-07-28 03:45:00,0.9
2024-07-28 04:00:00,
2024-07-28 04:15:00,
2024-07-28 04:30:00,
2024-07-28 04:45:00,
2024-07-28 05:00:00,
2024-07-28 05:15:00,0.9
2024-07-28 05:30:00,1.0
2024-07-28 05:45:00,1.0
2024-07-28 06:00:00,0.9
2024-07-28 06:15:00,0.9
2024-07-28 06:30:00,1.0
2024-07-28 06:45:00,0.9
2024-07-28 07:00:00,0.9
2024-07-28 07:15:00,0.8
2024-07-28 07:30:00,1.0
2024-07-28 07:45:00,0.8
2024-07-28 08:00:00,0.8
2024-07-28 08:15:00,0.9
2024-07-28 08:30:00,0.8
2024-07-28 08:45:00,0.8
2024-07-28 09:00:00,0.9
2024-07-28 09:15:00,0.9
2024-07-28 09:30:00,0.9
2024-07-28 09:45:00,0.9
2024-07-28 10:00:00,1.1
2024-07-28 10:15:00,0.9
2024-07-28 10:30:00,0.9
2024-07-28 10:45:00,0.9
2024-07-28 11:00:00,1.0
2024-07-28 11:15:00,1.2
2024-07-28 11:30:00,1.0
2024-07-28 11:45:00,1.0
2024-07-28 12:00:00,1.0
2024-07-28 12:15:00,1.0
2024-07-28 12:30:00,0.9
2024-07-28 12:45:00,1.0
2024-07-28 13:00:00,1.0
2024-07-28 13:15:00,0.9
2024-07-28 13:30:00,1.0
2024-07-28 13:45:00,0.9
2024-07-28 14:00:00,0.9
2024-07-28 14:15:00,0.9
2024-07-28 14:30:00,0.9
2024-07-28 14:45:00,1.0
2024-07-28 15:00:00,1.0
2024-07-28 15:15:00,0.8
2024-07-28 15:30:00,1.0
2024-07-28 15:45:00,0.9
2024-07-28 16:00:00,0.9
2024-07-28 16:15:00,0.9
2024-07-28 16:30:00,1.0
2024-07-28 16:45:00,0.9
2024-07-28 17:00:00,0.8
2024-07-28 17:15:00,0.8
2024-07-28 17:30:00,0.8
2024-07-28 17:45:00,0.8
2024-07-28 18:00:00,0.9
2024-07-28 18:15:00,1.0
2024-07-28 18:30:00,0.8
2024-07-28 18:45:00,1.915593383650184
2024-07-28 19:00:00,2.0155933836501836
2024-07-28 19:15:00,1.8155933836501839
2024-07-28 19:30:00,0.9
2024-07-28 19:45:00,0.9
2024-07-28 20:00:00,0.9
2024-07-28 20:15:00,0.8
2024-07-28 20:30:00,0.9
2024-07-28 20:45:00,1.0
2024-07-28 21:00:00,1.0
2024-07-28 21:15:00,0.8
2024-07-28 21:30:00,6.097025119287667
2024-07-28 21:45:00,0.8
2024-07-28 22:00:00,0.8
2024-07-28 22:15:00,0.8
2024-07-28 22:30:00,0.9
2024-07-28 22:45:00,0.8
2024-07-28 23:00:00,0.8
2024-07-28 23:15:00,0.8
2024-07-28 23:30:00,0.8
2024-07-28 23:45:00,0.8
2024-07-29 00:00:00,0.8
2024-07-29 00:15:00,0.8
2024-07-29 00:30:00,0.8
2024-07-29 00:45:00,0.9
2024-07-29 01:00:00,1.0
2024-07-29 01:15:00,0.9
2024-07-29 01:30:00,0.9
2024-07-29 01:45:00,0.8
2024-07-29 02:00:00,0.9
2024-07-29 02:15:00,0.8
2024-07-29 02:30:00,0.8
2024-07-29 02:45:00,1.0
2024-07-29 03:00:00,0.8
2024-07-29 03:15:00,0.8
2024-07-29 03:30:00,0.8
2024-07-29 03:45:00,0.8
2024-07-29 04:00:00,0.9
2024-07-29 04:15:00,0.9
2024-07-29 04:30:00,0.9
2024-07-29 04:45:00,0.9
2024-07-29 05:00:00,0.9
2024-07-29 05:15:00,3.376945208254913
2024-07-29 05:30:00,1.0
2024-07-29 05:45:00,1.0
2024-07-29 06:00:00,1.0
2024-07-29 06:15:00,1.0
2024-07-29 06:30:00,0.9
2024-07-29 06:45:00,1.0
2024-07-29 07:00:00,1.0
2024-07-29 07:15:00,0.9
2024-07-29 07:30:00,0.9
2024-07-29 07:45:00,0.9
2024-07-29 08:00:00,1.0
2024-07-29 08:15:00,1.0
2024-07-29 08:30:00,0.9
2024-07-29 08:45:00,0.9
2024-07-29 09:00:00,0.8
2024-07-29 09:15:00,0.8
2024-07-29 09:30:00,0.9
2024-07-29 09:45:00,0.9
2024-07-29 10:00:00,0.9
2024-07-29 10:15:00,0.9
2024-07-29 10:30:00,0.0
2024-07-29 10:45:00,0.8
2024-07-29 11:00:00,0.9
2024-07-29 11:15:00,1.0
2024-07-29 11:30:00,0.9
2024-07-29 11:45:00,0.9
2024-07-29 12:00:00,0.8
2024-07-29 12:15:00,1.0
2024-07-29 12:30:00,
2024-07-29 12:45:00,1.2
2024-07-29 13:00:00,1.1
2024-07-29 13:15:00,1.2
2024-07-29 13:30:00,1.1
2024-07-29 13:45:00,0.9
2024-07-29 14:00:00,1.0
2024-07-29 14:15:00,1.0
2024-07-29 14:30:00,1.0
2024-07-29 14:45:00,1.0
2024-07-29 15:00:00,0.8
2024-07-29 15:15:00,1.0
2024-07-29 15:30:00,1.0
2024-07-29 15:45:00,1.3
2024-07-29 16:00:00,1.2
2024-07-29 16:15:00,1.2
2024-07-29 16:30:00,1.0
2024-07-29 16:45:00,
2024-07-29 17:00:00,
2024-07-29 17:15:00,
2024-07-29 17:30:00,
2024-07-29 17:45:00,1.0
2024-07-29 18:00:00,0.9
2024-07-29 18:15:00,1.0
2024-07-29 18:30:00,1.0
2024-07-29 18:45:00,0.8
2024-07-29 19:00:00,0.8
2024-07-29 19:15:00,0.9
2024-07-29 19:30:00,0.9
2024-07-29 19:45:00,0.8
2024-07-29 20:00:00,0.9
2024-07-29 20:15:00,0.9
2024-07-29 20:30:00,0.8
2024-07-29 20:45:00,0.8
2024-07-29 21:00:00,0.9
2024-07-29 21:15:00,0.8
2024-07-29 21:30:00,0.8
2024-07-29 21:45:00,0.8
2024-07-29 22:00:00,0.8
2024-07-29 22:15:00,0.8
2024-07-29 22:30:00,0.8
2024-07-29 22:45:00,0.9
2024-07-29 23:00:00,0.8
2024-07-29 23:15:00,0.8
2024-07-29 23:30:00,0.8
2024-07-29 23:45:00,0.8
2024-07-30 00:00:00,0.8
2024-07-30 00:15:00,0.8
2024-07-30 00:30:00,0.8
2024-07-30 00:45:00,0.9
2024-07-30 01:00:00,0.8
2024-07-30 01:15:00,0.7
2024-07-30 01:30:00,0.8
2024-07-30 01:45:00,0.8
2024-07-30 02:00:00,0.8
2024-07-30 02:15:00,0.8
2024-07-30 02:30:00,0.8
2024-07-30 02:45:00,0.9
2024-07-30 03:00:00,0.9
2024-07-30 03:15:00,0.8
2024-07-30 03:30:00,0.8
2024-07-30 03:45:00,1.0
2024-07-30 04:00:00,1.0
2024-07-30 04:15:00,1.0
2024-07-30 04:30:00,1.0
2024-07-30 04:45:00,0.9
2024-07-30 05:00:00,1.0
2024-07-30 05:15:00,1.0
2024-07-30 05:30:00,1.0
2024-07-30 05:45:00,0.9
2024-07-30 06:00:00,1.0
2024-07-30 06:15:00,1.0
2024-07-30 06:30:00,1.0
2024-07-30 06:45:00,0.9
2024-07-30 07:00:00,0.9
2024-07-30 07:15:00,1.0
2024-07-30 07:30:00,0.9
2024-07-30 07:45:00,0.9
2024-07-30 08:00:00,0.9
2024-07-30 08:15:00,0.8
2024-07-30 08:30:00,0.9
2024-07-30 08:45:00,0.9
2024-07-30 09:00:00,0.9
2024-07-30 09:15:00,1.0
2024-07-30 09:30:00,0.8
2024-07-30 09:45:00,0.9
2024-07-30 10:00:00,0.8
2024-07-30 10:15:00,1.0
2024-07-30 10:30:00,1.0
2024-07-30 10:45:00,1.0
2024-07-30 11:00:00,1.0
2024-07-30 11:15:00,0.9
2024-07-30 11:30:00,0.9
2024-07-30 11:45:00,1.0
2024-07-30 12:00:00,1.0
2024-07-30 12:15:00,1.0
2024-07-30 12:30:00,1.2
2024-07-30 12:45:00,1.0
2024-07-30 13:00:00,1.0
2024-07-30 13:15:00,1.2
2024-07-30 13:30:00,1.4
2024-07-30 13:45:00,1.2
2024-07-30 14:00:00,1.1
2024-07-30 14:15:00,1.0
2024-07-30 14:30:00,1.0
2024-07-30 14:45:00,0.9
2024-07-30 15:00:00,0.9
2024-07-30 15:15:00,0.9
2024-07-30 15:30:00,1.0
2024-07-30 15:45:00,1.0
2024-07-30 16:00:00,1.0
2024-07-30 16:15:00,0.9
2024-07-30 16:30:00,1.0
2024-07-30 16:45:00,0.9
2024-07-30 17:00:00,2.2008513463161132
2024-07-30 17:15:00,2.2008513463161132
2024-07-30 17:30:00,1.0
2024-07-30 17:45:00,1.0
2024-07-30 18:00:00,0.9
2024-07-30 18:15:00,1.0
2024-07-30 18:30:00,0.9
2024-07-30 18:45:00,1.0
2024-07-30 19:00:00,0.9
2024-07-30 19:15:00,0.9
2024-07-30 19:30:00,0.9
2024-07-30 19:45:00,0.8
2024-07-30 20:00:00,0.9
2024-07-30 20:15:00,0.8
2024-07-30 20:30:00,
2024-07-30 20:45:00,
2024-07-30 21:00:00,
2024-07-30 21:15:00,
2024-07-30 21:30:00,
2024-07-30 21:45:00,
2024-07-30 22:00:00,
2024-07-30 22:15:00,
2024-07-30 22:30:00,
2024-07-30 22:45:00,
2024-07-30 23:00:00,
2024-07-30 23:15:00,
2024-07-30 23:30:00,
2024-07-30 23:45:00,
2024-07-31 00:00:00,
2024-07-31 00:15:00,
2024-07-31 00:30:00,
2024-07-31 00:45:00,
2024-07-31 01:00:00,
2024-07-31 01:15:00,
2024-07-31 01:30:00,
2024-07-31 01:45:00,
2024-07-31 02:00:00,
2024-07-31 02:15:00,1.1
2024-07-31 02:30:00,0.9
2024-07-31 02:45:00,1.0
2024-07-31 03:00:00,0.8
2024-07-31 03:15:00,0.8
2024-07-31 03:30:00,0.9
2024-07-31 03:45:00,0.9
2024-07-31 04:00:00,1.2
2024-07-31 04:15:00,1.0
2024-07-31 04:30:00,1.1
2024-07-31 04:45:00,1.0
2024-07-31 05:00:00,1.0
2024-07-31 05:15:00,1.2
2024-07-31 05:30:00,1.0
2024-07-31 05:45:00,1.0
2024-07-31 06:00:00,0.9
2024-07-31 06:15:00,0.9
2024-07-31 06:30:00,1.0
2024-07-31 06:45:00,0.9
2024-07-31 07:00:00,1.0
2024-07-31 07:15:00,1.1
2024-07-31 07:30:00,1.0
2024-07-31 07:45:00,0.9
2024-07-31 08:00:00,0.9
2024-07-31 08:15:00,0.9
2024-07-31 08:30:00,0.9
2024-07-31 08:45:00,1.0
2024-07-31 09:00:00,1.0
2024-07-31 09:15:00,1.1
2024-07-31 09:30:00,1.1
2024-07-31 09:45:00,1.0
2024-07-31 10:00:00,1.0
2024-07-31 10:15:00,1.0
2024-07-31 10:30:00,1.0
2024-07-31 10:45:00,1.0
2024-07-31 11:00:00,1.0
2024-07-31 11:15:00,1.1
2024-07-31 11:30:00,1.0
2024-07-31 11:45:00,0.9
2024-07-31 12:00:00,1.1
2024-07-31 12:15:00,1.2
2024-07-31 12:30:00,1.0
2024-07-31 12:45:00,1.1
2024-07-31 13:00:00,1.1
2024-07-31 13:15:00,1.0
2024-07-31 13:30:00,1.0
2024-07-31 13:45:00,0.9
2024-07-31 14:00:00,1.0
2024-07-31 14:15:00,1.0
2024-07-31 14:30:00,1.0
2024-07-31 14:45:00,1.0
2024-07-31 15:00:00,1.0
2024-07-31 15:15:00,1.0
2024-07-31 15:30:00,1.0
2024-07-31 15:45:00,0.9
2024-07-31 16:00:00,1.0
2024-07-31 16:15:00,1.0
2024-07-31 16:30:00,1.0
2024-07-31 16:45:00,1.0
2024-07-31 17:00:00,
2024-07-31 17:15:00,
2024-07-31 17:30:00,
2024-07-31 17:45:00,
2024-07-31 18:00:00,
2024-07-31 18:15:00,
2024-07-31 18:30:00,
2024-07-31 18:45:00,
2024-07-31 19:00:00,
2024-07-31 19:15:00,
2024-07-31 19:30:00,
2024-07-31 19:45:00,
2024-07-31 20:00:00,0.9
2024-07-31 20:15:00,0.9
2024-07-31 20:30:00,0.9
2024-07-31 20:45:00,0.9
2024-07-31 21:00:00,0.9
2024-07-31 21:15:00,0.9
2024-07-31 21:30:00,0.8
2024-07-31 21:45:00,0.9
2024-07-31 22:00:00,0.9
2024-07-31 22:15:00,0.9
2024-07-31 22:30:00,1.0
2024-07-31 22:45:00,1.0
2024-07-31 23:00:00,0.9
2024-07-31 23:15:00,0.9
2024-07-31 23:30:00,1.0
2024-07-31 23:45:00,1.0
2024-08-01 00:00:00,1.0
2024-08-01 00:15:00,1.0
2024-08-01 00:30:00,0.8
2024-08-01 00:45:00,1.0
2024-08-01 01:00:00,0.9
2024-08-01 01:15:00,0.9
2024-08-01 01:30:00,0.9
2024-08-01 01:45:00,0.9
2024-08-01 02:00:00,1.0
2024-08-01 02:15:00,0.9
2024-08-01 02:30:00,0.8
2024-08-01 02:45:00,0.9
2024-08-01 03:00:00,0.9
2024-08-01 03:15:00,0.9
2024-08-01 03:30:00,0.8
2024-08-01 03:45:00,1.0
2024-08-01 04:00:00,1.0
2024-08-01 04:15:00,1.0
2024-08-01 04:30:00,1.2
2024-08-01 04:45:00,1.1
2024-08-01 05:00:00,1.1
2024-08-01 05:15:00,1.0
2024-08-01 05:30:00,1.1
2024-08-01 05:45:00,1.2
2024-08-01 06:00:00,1.1
2024-08-01 06:15:00,1.0
2024-08-01 06:30:00,1.0
2024-08-01 06:45:00,1.0
2024-08-01 07:00:00,0.9
2024-08-01 07:15:00,1.0
2024-08-01 07:30:00,1.0
2024-08-01 07:45:00,1.2
2024-08-01 08:00:00,1.0
2024-08-01 08:15:00,1.1
2024-08-01 08:30:00,1.0
2024-08-01 08:45:00,1.0
2024-08-01 09:00:00,1.0
2024-08-01 09:15:00,1.0
2024-08-01 09:30:00,1.1
2024-08-01 09:45:00,1.0
2024-08-01 10:00:00,1.2
2024-08-01 10:15:00,1.1
2024-08-01 10:30:00,1.2
2024-08-01 10:45:00,1.1
2024-08-01 11:00:00,1.1
2024-08-01 11:15:00,1.0
2024-08-01 11:30:00,1.1
2024-08-01 11:45:00,1.0
2024-08-01 12:00:00,1.1
2024-08-01 12:15:00,1.0
2024-08-01 12:30:00,1.3
2024-08-01 12:45:00,
2024-08-01 13:00:00,1.2
2024-08-01 13:15:00,1.2
2024-08-01 13:30:00,
2024-08-01 13:45:00,
2024-08-01 14:00:00,
2024-08-01 14:15:00,
2024-08-01 14:30:00,1.3
2024-08-01 14:45:00,1.2
2024-08-01 15:00:00,1.2
2024-08-01 15:15:00,1.2
2024-08-01 15:30:00,1.1
2024-08-01 15:45:00,1.1
2024-08-01 16:00:00,1.1
2024-08-01 16:15:00,1.2
2024-08-01 16:30:00,1.1
2024-08-01 16:45:00,1.1
2024-08-01 17:00:00,1.0
2024-08-01 17:15:00,1.0
2024-08-01 17:30:00,1.0
2024-08-01 17:45:00,1.0
2024-08-01 18:00:00,1.1
2024-08-01 18:15:00,1.0
2024-08-01 18:30:00,2.661417177543047
2024-08-01 18:45:00,1.2
2024-08-01 19:00:00,1.0
2024-08-01 19:15:00,1.0
2024-08-01 19:30:00,0.9
2024-08-01 19:45:00,1.0
2024-08-01 20:00:00,1.0
2024-08-01 20:15:00,1.0
2024-08-01 20:30:00,1.0
2024-08-01 20:45:00,0.9
2024-08-01 21:00:00,1.0
2024-08-01 21:15:00,1.1
2024-08-01 21:30:00,1.1
2024-08-01 21:45:00,1.1
2024-08-01 22:00:00,1.0
2024-08-01 22:15:00,1.0
2024-08-01 22:30:00,0.9
2024-08-01 22:45:00,1.0
2024-08-01 23:00:00,1.0
2024-08-01 23:15:00,1.0
2024-08-01 23:30:00,1.0
2024-08-01 23:45:00,1.0
2024-08-02 00:00:00,1.0
2024-08-02 00:15:00,1.1
2024-08-02 00:30:00,1.0
2024-08-02 00:45:00,1.0
2024-08-02 01:00:00,1.0
2024-08-02 01:15:00,1.1
2024-08-02 01:30:00,1.0
2024-08-02 01:45:00,1.0
2024-08-02 02:00:00,1.0
2024-08-02 02:15:00,1.0
2024-08-02 02:30:00,1.0
2024-08-02 02:45:00,1.0
2024-08-02 03:00:00,1.0
2024-08-02 03:15:00,1.0
2024-08-02 03:30:00,1.0
2024-08-02 03:45:00,1.0
2024-08-02 04:00:00,1.1
2024-08-02 04:15:00,1.2
2024-08-02 04:30:00,1.1
2024-08-02 04:45:00,1.1
2024-08-02 05:00:00,4.901272189569944
2024-08-02 05:15:00,5.001272189569945
2024-08-02 05:30:00,1.2
2024-08-02 05:45:00,1.1
2024-08-02 06:00:00,1.0
2024-08-02 06:15:00,1.1
2024-08-02 06:30:00,1.0
2024-08-02 06:45:00,1.1
2024-08-02 07:00:00,1.1
2024-08-02 07:15:00,1.2
2024-08-02 07:30:00,1.1
2024-08-02 07:45:00,1.1
2024-08-02 08:00:00,1.1
2024-08-02 08:15:00,1.1
2024-08-02 08:30:00,1.2
2024-08-02 08:45:00,1.1
2024-08-02 09:00:00,1.2
2024-08-02 09:15:00,1.1
2024-08-02 09:30:00,1.2
2024-08-02 09:45:00,1.3
2024-08-02 10:00:00,1.2
2024-08-02 10:15:00,1.3
2024-08-02 10:30:00,1.2
2024-08-02 10:45:00,1.2
2024-08-02 11:00:00,1.3
2024-08-02 11:15:00,1.2
2024-08-02 11:30:00,1.2
2024-08-02 11:45:00,1.2
2024-08-02 12:00:00,1.2
2024-08-02 12:15:00,1.2
2024-08-02 12:30:00,1.3
2024-08-02 12:45:00,1.2
2024-08-02 13:00:00,1.1
2024-08-02 13:15:00,1.1
2024-08-02 13:30:00,1.4
2024-08-02 13:45:00,1.4
2024-08-02 14:00:00,
2024-08-02 14:15:00,
2024-08-02 14:30:00,
2024-08-02 14:45:00,
2024-08-02 15:00:00,1.2
2024-08-02 15:15:00,1.2
2024-08-02 15:30:00,1.2
2024-08-02 15:45:00,1.2
2024-08-02 16:00:00,1.2
2024-08-02 16:15:00,1.2
2024-08-02 16:30:00,1.2
2024-08-02 16:45:00,1.1
2024-08-02 17:00:00,1.2
2024-08-02 17:15:00,1.1
2024-08-02 17:30:00,1.0
2024-08-02 17:45:00,1.2
2024-08-02 18:00:00,1.1
2024-08-02 18:15:00,1.2
2024-08-02 18:30:00,1.2
2024-08-02 18:45:00,1.1
2024-08-02 19:00:00,1.1
2024-08-02 19:15:00,1.2
2024-08-02 19:30:00,1.1
2024-08-02 19:45:00,1.0
2024-08-02 20:00:00,1.2
2024-08-02 20:15:00,1.0
2024-08-02 20:30:00,1.2
2024-08-02 20:45:00,1.1
2024-08-02 21:00:00,1.1
2024-08-02 21:15:00,1.0
2024-08-02 21:30:00,1.1
2024-08-02 21:45:00,
2024-08-02 22:00:00,1.2
2024-08-02 22:15:00,1.0
2024-08-02 22:30:00,1.1
2024-08-02 22:45:00,1.1
2024-08-02 23:00:00,1.1
2024-08-02 23:15:00,1.2
2024-08-02 23:30:00,1.2
2024-08-02 23:45:00,1.2
2024-08-03 00:00:00,1.2
2024-08-03 00:15:00,1.2
2024-08-03 00:30:00,1.2
2024-08-03 00:45:00,1.1
2024-08-03 01:00:00,1.2
2024-08-03 01:15:00,1.1
2024-08-03 01:30:00,1.2
2024-08-03 01:45:00,1.1
2024-08-03 02:00:00,1.1
2024-08-03 02:15:00,1.1
2024-08-03 02:30:00,1.2
2024-08-03 02:45:00,1.1
2024-08-03 03:00:00,1.1
